# WaveFront *.obj file (generated by Autodesk ATF)

mtllib battery_4s.mtl

g Body1

v -0.874745 -7.300000 3.470000
v -0.874745 -7.300000 1.370000
v -0.874745 -9.300000 1.370000
v -0.874745 -9.300000 3.470000
v 1.225255 -7.300000 3.470000
v 1.225255 -9.300000 3.470000
v 1.225255 -7.300000 1.370000
v 1.225255 -9.300000 1.370000
v -0.894745 -7.300000 4.590000
v 1.245255 -7.300000 4.590000
v 1.245255 0.000000 4.590000
v 1.245255 7.300000 4.590000
v -0.894745 7.300000 4.590000
v -0.894745 0.000000 4.590000
v -1.994745 -7.300000 3.490000
v -1.957264 -7.300000 3.774701
v -1.847373 -7.300000 4.040000
v -1.672563 -7.300000 4.267817
v -1.444745 -7.300000 4.442628
v -1.179446 -7.300000 4.552518
v -1.179446 7.300000 4.552518
v -1.444745 7.300000 4.442628
v -1.672563 7.300000 4.267817
v -1.847373 7.300000 4.040000
v -1.957264 7.300000 3.774701
v -1.994745 7.300000 3.490000
v -1.994745 0.000000 3.490000
v -1.957264 -2.433333 3.774701
v -1.957264 2.433333 3.774701
v -1.847373 -2.433333 4.040000
v -1.847373 2.433333 4.040000
v -1.672563 -2.433333 4.267817
v -1.672563 2.433333 4.267817
v -1.444745 -2.433333 4.442628
v -1.444745 2.433333 4.442628
v -1.179446 -2.433333 4.552518
v -1.179446 2.433333 4.552518
v -1.994745 -7.300000 1.350000
v -1.994745 7.300000 1.350000
v -1.994745 0.000000 1.350000
v -0.894745 -7.300000 0.250000
v -1.179446 -7.300000 0.287482
v -1.444745 -7.300000 0.397372
v -1.672563 -7.300000 0.572183
v -1.847373 -7.300000 0.800000
v -1.957264 -7.300000 1.065299
v -1.957264 7.300000 1.065299
v -1.847373 7.300000 0.800000
v -1.672563 7.300000 0.572183
v -1.444745 7.300000 0.397372
v -1.179446 7.300000 0.287482
v -0.894745 7.300000 0.250000
v -0.894745 0.000000 0.250000
v -1.179446 -2.433333 0.287482
v -1.179446 2.433333 0.287482
v -1.444745 -2.433333 0.397372
v -1.444745 2.433333 0.397372
v -1.672563 -2.433333 0.572183
v -1.672563 2.433333 0.572183
v -1.847373 -2.433333 0.800000
v -1.847373 2.433333 0.800000
v -1.957264 -2.433333 1.065299
v -1.957264 2.433333 1.065299
v 1.245255 -7.300000 0.250000
v 1.245255 7.300000 0.250000
v 1.245255 0.000000 0.250000
v 2.345255 -7.300000 1.350000
v 2.307773 -7.300000 1.065299
v 2.197883 -7.300000 0.800000
v 2.023072 -7.300000 0.572183
v 1.795255 -7.300000 0.397372
v 1.529956 -7.300000 0.287482
v 1.529956 7.300000 0.287482
v 1.795255 7.300000 0.397372
v 2.023072 7.300000 0.572183
v 2.197883 7.300000 0.800000
v 2.307773 7.300000 1.065299
v 2.345255 7.300000 1.350000
v 2.345255 0.000000 1.350000
v 2.307773 -2.433333 1.065299
v 2.307773 2.433333 1.065299
v 2.197883 -2.433333 0.800000
v 2.197883 2.433333 0.800000
v 2.023072 -2.433333 0.572183
v 2.023072 2.433333 0.572183
v 1.795255 -2.433333 0.397372
v 1.795255 2.433333 0.397372
v 1.529956 -2.433333 0.287482
v 1.529956 2.433333 0.287482
v 2.345255 -7.300000 3.490000
v 2.345255 7.300000 3.490000
v 2.345255 0.000000 3.490000
v 1.529956 -7.300000 4.552518
v 1.795255 -7.300000 4.442628
v 2.023072 -7.300000 4.267817
v 2.197883 -7.300000 4.040000
v 2.307773 -7.300000 3.774701
v 2.307773 7.300000 3.774701
v 2.197883 7.300000 4.040000
v 2.023072 7.300000 4.267817
v 1.795255 7.300000 4.442628
v 1.529956 7.300000 4.552518
v 1.529956 -2.433333 4.552518
v 1.529956 2.433333 4.552518
v 1.795255 -2.433333 4.442628
v 1.795255 2.433333 4.442628
v 2.023072 -2.433333 4.267817
v 2.023072 2.433333 4.267817
v 2.197883 -2.433333 4.040000
v 2.197883 2.433333 4.040000
v 2.307773 -2.433333 3.774701
v 2.307773 2.433333 3.774701
vt -0.000000 0.000000 0.000000
vt 2.100000 0.000000 0.000000
vt 0.000000 2.000000 0.000000
vt 2.100000 2.000000 0.000000
vt -0.000000 0.000000 0.000000
vt 2.100000 0.000000 0.000000
vt 0.000000 2.000000 0.000000
vt 2.100000 2.000000 0.000000
vt 0.000000 0.000000 0.000000
vt 2.100000 0.000000 0.000000
vt 0.000000 2.000000 0.000000
vt 2.100000 2.000000 0.000000
vt -0.000000 0.000000 0.000000
vt 2.100000 0.000000 0.000000
vt 0.000000 2.000000 0.000000
vt 2.100000 2.000000 0.000000
vt 1.050000 1.050000 0.000000
vt -1.050000 1.050000 0.000000
vt 1.050000 -1.050000 0.000000
vt -1.050000 -1.050000 0.000000
vt 0.000000 0.000000 0.000000
vt 2.140000 0.000000 0.000000
vt 0.000000 7.300000 0.000000
vt 2.140000 7.300000 0.000000
vt 0.000000 14.600000 0.000000
vt 2.140000 14.600000 0.000000
vt -7.300000 0.000000 0.000000
vt -0.000000 0.000000 0.000000
vt -4.866667 0.287979 0.000000
vt -0.000000 0.287979 0.000000
vt -4.866667 0.575959 0.000000
vt -0.000000 0.575959 0.000000
vt -4.866667 0.863938 0.000000
vt -0.000000 0.863938 0.000000
vt -4.866667 1.151917 0.000000
vt -0.000000 1.151917 0.000000
vt -4.866667 1.439897 0.000000
vt -0.000000 1.439897 0.000000
vt -0.000000 1.727876 0.000000
vt -7.300000 1.727876 0.000000
vt -9.733333 1.439897 0.000000
vt -9.733333 1.151917 0.000000
vt -9.733333 0.863938 0.000000
vt -9.733333 0.575959 0.000000
vt -9.733333 0.287979 0.000000
vt -14.600000 0.000000 0.000000
vt -14.600000 0.287979 0.000000
vt -14.600000 0.575959 0.000000
vt -14.600000 0.863938 0.000000
vt -14.600000 1.151917 0.000000
vt -14.600000 1.439897 0.000000
vt -14.600000 1.727876 0.000000
vt 0.000000 0.000000 0.000000
vt 2.140000 0.000000 0.000000
vt 0.000000 7.300000 0.000000
vt 2.140000 7.300000 0.000000
vt 0.000000 14.600000 0.000000
vt 2.140000 14.600000 0.000000
vt -7.300000 0.000000 0.000000
vt -0.000000 0.000000 0.000000
vt -4.866667 0.287979 0.000000
vt -0.000000 0.287979 0.000000
vt -4.866667 0.575959 0.000000
vt -0.000000 0.575959 0.000000
vt -4.866667 0.863938 0.000000
vt -0.000000 0.863938 0.000000
vt -4.866667 1.151917 0.000000
vt -0.000000 1.151917 0.000000
vt -4.866667 1.439897 0.000000
vt -0.000000 1.439897 0.000000
vt -0.000000 1.727876 0.000000
vt -7.300000 1.727876 0.000000
vt -9.733333 1.439897 0.000000
vt -9.733333 1.151917 0.000000
vt -9.733333 0.863938 0.000000
vt -9.733333 0.575959 0.000000
vt -9.733333 0.287979 0.000000
vt -14.600000 0.000000 0.000000
vt -14.600000 0.287979 0.000000
vt -14.600000 0.575959 0.000000
vt -14.600000 0.863938 0.000000
vt -14.600000 1.151917 0.000000
vt -14.600000 1.439897 0.000000
vt -14.600000 1.727876 0.000000
vt -0.000000 0.000000 0.000000
vt 2.140000 0.000000 0.000000
vt -0.000000 7.300000 0.000000
vt 2.140000 7.300000 0.000000
vt -0.000000 14.600000 0.000000
vt 2.140000 14.600000 0.000000
vt -7.300000 0.000000 0.000000
vt -0.000000 0.000000 0.000000
vt -4.866667 0.287979 0.000000
vt -0.000000 0.287979 0.000000
vt -4.866667 0.575959 0.000000
vt -0.000000 0.575959 0.000000
vt -4.866667 0.863938 0.000000
vt -0.000000 0.863938 0.000000
vt -4.866667 1.151917 0.000000
vt -0.000000 1.151917 0.000000
vt -4.866667 1.439897 0.000000
vt -0.000000 1.439897 0.000000
vt -0.000000 1.727876 0.000000
vt -7.300000 1.727876 0.000000
vt -9.733333 1.439897 0.000000
vt -9.733333 1.151917 0.000000
vt -9.733333 0.863938 0.000000
vt -9.733333 0.575959 0.000000
vt -9.733333 0.287979 0.000000
vt -14.600000 0.000000 0.000000
vt -14.600000 0.287979 0.000000
vt -14.600000 0.575959 0.000000
vt -14.600000 0.863938 0.000000
vt -14.600000 1.151917 0.000000
vt -14.600000 1.439897 0.000000
vt -14.600000 1.727876 0.000000
vt -0.000000 0.000000 0.000000
vt 2.140000 0.000000 0.000000
vt -0.000000 7.300000 0.000000
vt 2.140000 7.300000 0.000000
vt -0.000000 14.600000 0.000000
vt 2.140000 14.600000 0.000000
vt -7.300000 0.000000 0.000000
vt -0.000000 0.000000 0.000000
vt -4.866667 0.287979 0.000000
vt -0.000000 0.287979 0.000000
vt -4.866667 0.575959 0.000000
vt -0.000000 0.575959 0.000000
vt -4.866667 0.863938 0.000000
vt -0.000000 0.863938 0.000000
vt -4.866667 1.151917 0.000000
vt -0.000000 1.151917 0.000000
vt -4.866667 1.439897 0.000000
vt -0.000000 1.439897 0.000000
vt -0.000000 1.727876 0.000000
vt -7.300000 1.727876 0.000000
vt -9.733333 1.439897 0.000000
vt -9.733333 1.151917 0.000000
vt -9.733333 0.863938 0.000000
vt -9.733333 0.575959 0.000000
vt -9.733333 0.287979 0.000000
vt -14.600000 0.000000 0.000000
vt -14.600000 0.287979 0.000000
vt -14.600000 0.575959 0.000000
vt -14.600000 0.863938 0.000000
vt -14.600000 1.151917 0.000000
vt -14.600000 1.439897 0.000000
vt -14.600000 1.727876 0.000000
vt 1.354701 -2.132518 0.000000
vt 2.170000 -1.070000 0.000000
vt 1.070000 -2.170000 0.000000
vt -2.170000 1.070000 0.000000
vt -2.170000 -1.070000 0.000000
vt 1.620000 -2.022628 0.000000
vt 1.847817 -1.847817 0.000000
vt 2.022628 -1.620000 0.000000
vt 2.132518 -1.354701 0.000000
vt -1.070000 2.170000 0.000000
vt 2.170000 1.070000 0.000000
vt 1.070000 2.170000 0.000000
vt 2.132518 1.354701 0.000000
vt 2.022628 1.620000 0.000000
vt 1.847817 1.847817 0.000000
vt 1.620000 2.022628 0.000000
vt 1.354701 2.132518 0.000000
vt -1.354701 2.132518 0.000000
vt -1.620000 2.022628 0.000000
vt -1.847817 1.847817 0.000000
vt -2.022628 1.620000 0.000000
vt -2.132518 1.354701 0.000000
vt -2.132518 -1.354701 0.000000
vt -2.022628 -1.620000 0.000000
vt -1.847817 -1.847817 0.000000
vt -1.620000 -2.022628 0.000000
vt -1.354701 -2.132518 0.000000
vt -1.070000 -2.170000 0.000000
vt 1.050000 -1.050000 0.000000
vt 2.170000 -1.070000 0.000000
vt 1.050000 1.050000 0.000000
vt 2.170000 1.070000 0.000000
vt 2.132518 1.354701 0.000000
vt -1.050000 -1.050000 0.000000
vt 1.070000 -2.170000 0.000000
vt 1.354701 -2.132518 0.000000
vt 1.620000 -2.022628 0.000000
vt -1.050000 1.050000 0.000000
vt -2.170000 -1.070000 0.000000
vt -2.132518 -1.354701 0.000000
vt -2.022628 -1.620000 0.000000
vt -1.070000 2.170000 0.000000
vt -1.354701 2.132518 0.000000
vt -1.620000 2.022628 0.000000
vt -1.847817 -1.847817 0.000000
vt -1.620000 -2.022628 0.000000
vt -1.354701 -2.132518 0.000000
vt -1.070000 -2.170000 0.000000
vt 1.847817 -1.847817 0.000000
vt 2.022628 -1.620000 0.000000
vt 2.132518 -1.354701 0.000000
vt 2.022628 1.620000 0.000000
vt 1.847817 1.847817 0.000000
vt 1.620000 2.022628 0.000000
vt 1.354701 2.132518 0.000000
vt 1.070000 2.170000 0.000000
vt -1.847817 1.847817 0.000000
vt -2.022628 1.620000 0.000000
vt -2.132518 1.354701 0.000000
vt -2.170000 1.070000 0.000000
vn -1.000000 0.000000 0.000000
vn -1.000000 0.000000 0.000000
vn -1.000000 0.000000 0.000000
vn -1.000000 0.000000 0.000000
vn -0.000000 0.000000 1.000000
vn -0.000000 0.000000 1.000000
vn -0.000000 0.000000 1.000000
vn -0.000000 0.000000 1.000000
vn 1.000000 0.000000 0.000000
vn 1.000000 0.000000 0.000000
vn 1.000000 0.000000 0.000000
vn 1.000000 0.000000 0.000000
vn -0.000000 -0.000000 -1.000000
vn -0.000000 -0.000000 -1.000000
vn -0.000000 -0.000000 -1.000000
vn -0.000000 -0.000000 -1.000000
vn 0.000000 -1.000000 0.000000
vn 0.000000 -1.000000 0.000000
vn 0.000000 -1.000000 0.000000
vn 0.000000 -1.000000 0.000000
vn 0.000000 -0.000000 1.000000
vn 0.000000 -0.000000 1.000000
vn 0.000000 -0.000000 1.000000
vn 0.000000 -0.000000 1.000000
vn 0.000000 -0.000000 1.000000
vn 0.000000 -0.000000 1.000000
vn -1.000000 0.000000 -0.000000
vn -1.000000 0.000000 -0.000000
vn -0.965926 -0.000000 0.258819
vn -0.965926 -0.000000 0.258819
vn -0.866025 -0.000000 0.500000
vn -0.866025 -0.000000 0.500000
vn -0.707107 -0.000000 0.707107
vn -0.707107 -0.000000 0.707107
vn -0.500000 -0.000000 0.866025
vn -0.500000 -0.000000 0.866025
vn -0.258819 -0.000000 0.965926
vn -0.258819 -0.000000 0.965926
vn -0.258819 -0.000000 0.965926
vn -0.500000 -0.000000 0.866025
vn -0.707107 -0.000000 0.707107
vn -0.866025 -0.000000 0.500000
vn -0.965926 -0.000000 0.258819
vn -1.000000 0.000000 -0.000000
vn -0.965926 -0.000000 0.258819
vn -0.866025 -0.000000 0.500000
vn -0.707107 -0.000000 0.707107
vn -0.500000 -0.000000 0.866025
vn -0.258819 -0.000000 0.965926
vn -1.000000 0.000000 0.000000
vn -1.000000 0.000000 0.000000
vn -1.000000 0.000000 0.000000
vn -0.000000 0.000000 -1.000000
vn -0.000000 0.000000 -1.000000
vn -0.258819 0.000000 -0.965926
vn -0.258819 0.000000 -0.965926
vn -0.500000 0.000000 -0.866025
vn -0.500000 0.000000 -0.866025
vn -0.707107 0.000000 -0.707107
vn -0.707107 0.000000 -0.707107
vn -0.866025 0.000000 -0.500000
vn -0.866025 0.000000 -0.500000
vn -0.965926 0.000000 -0.258819
vn -0.965926 0.000000 -0.258819
vn -0.965926 0.000000 -0.258819
vn -0.866025 0.000000 -0.500000
vn -0.707107 0.000000 -0.707107
vn -0.500000 0.000000 -0.866025
vn -0.258819 0.000000 -0.965926
vn -0.000000 0.000000 -1.000000
vn -0.258819 0.000000 -0.965926
vn -0.500000 0.000000 -0.866025
vn -0.707107 0.000000 -0.707107
vn -0.866025 0.000000 -0.500000
vn -0.965926 0.000000 -0.258819
vn 0.000000 0.000000 -1.000000
vn 0.000000 0.000000 -1.000000
vn 0.000000 0.000000 -1.000000
vn 1.000000 -0.000000 -0.000000
vn 1.000000 -0.000000 -0.000000
vn 0.965926 -0.000000 -0.258819
vn 0.965926 -0.000000 -0.258819
vn 0.866025 -0.000000 -0.500000
vn 0.866025 -0.000000 -0.500000
vn 0.707107 -0.000000 -0.707107
vn 0.707107 -0.000000 -0.707107
vn 0.500000 -0.000000 -0.866025
vn 0.500000 -0.000000 -0.866025
vn 0.258819 -0.000000 -0.965926
vn 0.258819 -0.000000 -0.965926
vn 0.258819 -0.000000 -0.965926
vn 0.500000 -0.000000 -0.866025
vn 0.707107 -0.000000 -0.707107
vn 0.866025 -0.000000 -0.500000
vn 0.965926 -0.000000 -0.258819
vn 1.000000 -0.000000 -0.000000
vn 0.965926 -0.000000 -0.258819
vn 0.866025 -0.000000 -0.500000
vn 0.707107 -0.000000 -0.707107
vn 0.500000 -0.000000 -0.866025
vn 0.258819 -0.000000 -0.965926
vn 1.000000 0.000000 0.000000
vn 1.000000 0.000000 0.000000
vn 1.000000 0.000000 0.000000
vn 0.258819 -0.000000 0.965926
vn 0.258819 -0.000000 0.965926
vn 0.500000 -0.000000 0.866025
vn 0.500000 -0.000000 0.866025
vn 0.707107 -0.000000 0.707107
vn 0.707107 -0.000000 0.707107
vn 0.866025 -0.000000 0.500000
vn 0.866025 -0.000000 0.500000
vn 0.965926 -0.000000 0.258819
vn 0.965926 -0.000000 0.258819
vn 0.965926 -0.000000 0.258819
vn 0.866025 -0.000000 0.500000
vn 0.707107 -0.000000 0.707107
vn 0.500000 -0.000000 0.866025
vn 0.258819 -0.000000 0.965926
vn 0.258819 -0.000000 0.965926
vn 0.500000 -0.000000 0.866025
vn 0.707107 -0.000000 0.707107
vn 0.866025 -0.000000 0.500000
vn 0.965926 -0.000000 0.258819
vn 0.000000 1.000000 0.000000
vn 0.000000 1.000000 0.000000
vn 0.000000 1.000000 0.000000
vn 0.000000 1.000000 0.000000
vn 0.000000 1.000000 0.000000
vn 0.000000 1.000000 0.000000
vn 0.000000 1.000000 0.000000
vn 0.000000 1.000000 0.000000
vn 0.000000 1.000000 0.000000
vn 0.000000 1.000000 0.000000
vn 0.000000 1.000000 0.000000
vn 0.000000 1.000000 0.000000
vn 0.000000 1.000000 0.000000
vn 0.000000 1.000000 0.000000
vn 0.000000 1.000000 0.000000
vn 0.000000 1.000000 0.000000
vn 0.000000 1.000000 0.000000
vn 0.000000 1.000000 0.000000
vn 0.000000 1.000000 0.000000
vn 0.000000 1.000000 0.000000
vn 0.000000 1.000000 0.000000
vn 0.000000 1.000000 0.000000
vn 0.000000 1.000000 0.000000
vn 0.000000 1.000000 0.000000
vn 0.000000 1.000000 0.000000
vn 0.000000 1.000000 0.000000
vn 0.000000 1.000000 0.000000
vn 0.000000 1.000000 0.000000
vn -0.000000 -1.000000 -0.000000
vn -0.000000 -1.000000 -0.000000
vn -0.000000 -1.000000 -0.000000
vn -0.000000 -1.000000 -0.000000
vn -0.000000 -1.000000 -0.000000
vn -0.000000 -1.000000 -0.000000
vn -0.000000 -1.000000 -0.000000
vn -0.000000 -1.000000 -0.000000
vn -0.000000 -1.000000 -0.000000
vn -0.000000 -1.000000 -0.000000
vn -0.000000 -1.000000 -0.000000
vn -0.000000 -1.000000 -0.000000
vn -0.000000 -1.000000 -0.000000
vn -0.000000 -1.000000 -0.000000
vn -0.000000 -1.000000 -0.000000
vn -0.000000 -1.000000 -0.000000
vn -0.000000 -1.000000 -0.000000
vn -0.000000 -1.000000 -0.000000
vn -0.000000 -1.000000 -0.000000
vn -0.000000 -1.000000 -0.000000
vn -0.000000 -1.000000 -0.000000
vn -0.000000 -1.000000 -0.000000
vn -0.000000 -1.000000 -0.000000
vn -0.000000 -1.000000 -0.000000
vn -0.000000 -1.000000 -0.000000
vn -0.000000 -1.000000 -0.000000
vn -0.000000 -1.000000 -0.000000
vn -0.000000 -1.000000 -0.000000
vn -0.000000 -1.000000 -0.000000
vn -0.000000 -1.000000 -0.000000
vn -0.000000 -1.000000 -0.000000
vn -0.000000 -1.000000 -0.000000
usemtl Surface_-_Matte
f 1/1/1 2/2/2 4/3/3
f 4/3/3 2/2/2 3/4/4
f 5/5/5 1/6/6 6/7/7
f 6/7/7 1/6/6 4/8/8
f 7/9/9 5/10/10 8/11/11
f 8/11/11 5/10/10 6/12/12
f 2/13/13 7/14/14 3/15/15
f 3/15/15 7/14/14 8/16/16
f 8/17/17 6/18/18 3/19/19
f 3/19/19 6/18/18 4/20/20
f 9/21/21 10/22/22 14/23/23
f 14/23/23 10/22/22 11/24/24
f 14/23/23 11/24/24 13/25/25
f 13/25/25 11/24/24 12/26/26
f 27/27/27 15/28/28 28/29/29
f 28/29/29 15/28/28 16/30/30
f 28/29/29 16/30/30 30/31/31
f 30/31/31 16/30/30 17/32/32
f 30/31/31 17/32/32 32/33/33
f 32/33/33 17/32/32 18/34/34
f 32/33/33 18/34/34 34/35/35
f 34/35/35 18/34/34 19/36/36
f 34/35/35 19/36/36 36/37/37
f 36/37/37 19/36/36 20/38/38
f 36/37/37 20/38/38 9/39/21
f 9/39/21 14/40/23 36/37/37
f 36/37/37 14/40/23 37/41/39
f 36/37/37 37/41/39 34/35/35
f 34/35/35 37/41/39 35/42/40
f 34/35/35 35/42/40 32/33/33
f 32/33/33 35/42/40 33/43/41
f 32/33/33 33/43/41 30/31/31
f 30/31/31 33/43/41 31/44/42
f 30/31/31 31/44/42 28/29/29
f 28/29/29 31/44/42 29/45/43
f 28/29/29 29/45/43 27/27/27
f 27/27/27 29/45/43 26/46/44
f 26/46/44 29/45/43 25/47/45
f 25/47/45 29/45/43 24/48/46
f 24/48/46 29/45/43 31/44/42
f 24/48/46 31/44/42 23/49/47
f 23/49/47 31/44/42 33/43/41
f 23/49/47 33/43/41 22/50/48
f 22/50/48 33/43/41 35/42/40
f 22/50/48 35/42/40 21/51/49
f 21/51/49 35/42/40 37/41/39
f 21/51/49 37/41/39 13/52/25
f 13/52/25 37/41/39 14/40/23
f 38/53/50 15/54/28 40/55/51
f 40/55/51 15/54/28 27/56/27
f 40/55/51 27/56/27 39/57/52
f 39/57/52 27/56/27 26/58/44
f 53/59/53 41/60/54 54/61/55
f 54/61/55 41/60/54 42/62/56
f 54/61/55 42/62/56 56/63/57
f 56/63/57 42/62/56 43/64/58
f 56/63/57 43/64/58 58/65/59
f 58/65/59 43/64/58 44/66/60
f 58/65/59 44/66/60 60/67/61
f 60/67/61 44/66/60 45/68/62
f 60/67/61 45/68/62 62/69/63
f 62/69/63 45/68/62 46/70/64
f 62/69/63 46/70/64 38/71/50
f 38/71/50 40/72/51 62/69/63
f 62/69/63 40/72/51 63/73/65
f 62/69/63 63/73/65 60/67/61
f 60/67/61 63/73/65 61/74/66
f 60/67/61 61/74/66 58/65/59
f 58/65/59 61/74/66 59/75/67
f 58/65/59 59/75/67 56/63/57
f 56/63/57 59/75/67 57/76/68
f 56/63/57 57/76/68 54/61/55
f 54/61/55 57/76/68 55/77/69
f 54/61/55 55/77/69 53/59/53
f 53/59/53 55/77/69 52/78/70
f 52/78/70 55/77/69 51/79/71
f 51/79/71 55/77/69 50/80/72
f 50/80/72 55/77/69 57/76/68
f 50/80/72 57/76/68 49/81/73
f 49/81/73 57/76/68 59/75/67
f 49/81/73 59/75/67 48/82/74
f 48/82/74 59/75/67 61/74/66
f 48/82/74 61/74/66 47/83/75
f 47/83/75 61/74/66 63/73/65
f 47/83/75 63/73/65 39/84/52
f 39/84/52 63/73/65 40/72/51
f 64/85/76 41/86/54 66/87/77
f 66/87/77 41/86/54 53/88/53
f 66/87/77 53/88/53 65/89/78
f 65/89/78 53/88/53 52/90/70
f 79/91/79 67/92/80 80/93/81
f 80/93/81 67/92/80 68/94/82
f 80/93/81 68/94/82 82/95/83
f 82/95/83 68/94/82 69/96/84
f 82/95/83 69/96/84 84/97/85
f 84/97/85 69/96/84 70/98/86
f 84/97/85 70/98/86 86/99/87
f 86/99/87 70/98/86 71/100/88
f 86/99/87 71/100/88 88/101/89
f 88/101/89 71/100/88 72/102/90
f 88/101/89 72/102/90 64/103/76
f 64/103/76 66/104/77 88/101/89
f 88/101/89 66/104/77 89/105/91
f 88/101/89 89/105/91 86/99/87
f 86/99/87 89/105/91 87/106/92
f 86/99/87 87/106/92 84/97/85
f 84/97/85 87/106/92 85/107/93
f 84/97/85 85/107/93 82/95/83
f 82/95/83 85/107/93 83/108/94
f 82/95/83 83/108/94 80/93/81
f 80/93/81 83/108/94 81/109/95
f 80/93/81 81/109/95 79/91/79
f 79/91/79 81/109/95 78/110/96
f 78/110/96 81/109/95 77/111/97
f 77/111/97 81/109/95 76/112/98
f 76/112/98 81/109/95 83/108/94
f 76/112/98 83/108/94 75/113/99
f 75/113/99 83/108/94 85/107/93
f 75/113/99 85/107/93 74/114/100
f 74/114/100 85/107/93 87/106/92
f 74/114/100 87/106/92 73/115/101
f 73/115/101 87/106/92 89/105/91
f 73/115/101 89/105/91 65/116/78
f 65/116/78 89/105/91 66/104/77
f 90/117/102 67/118/80 92/119/103
f 92/119/103 67/118/80 79/120/79
f 92/119/103 79/120/79 91/121/104
f 91/121/104 79/120/79 78/122/96
f 11/123/24 10/124/22 103/125/105
f 103/125/105 10/124/22 93/126/106
f 103/125/105 93/126/106 105/127/107
f 105/127/107 93/126/106 94/128/108
f 105/127/107 94/128/108 107/129/109
f 107/129/109 94/128/108 95/130/110
f 107/129/109 95/130/110 109/131/111
f 109/131/111 95/130/110 96/132/112
f 109/131/111 96/132/112 111/133/113
f 111/133/113 96/132/112 97/134/114
f 111/133/113 97/134/114 90/135/102
f 90/135/102 92/136/103 111/133/113
f 111/133/113 92/136/103 112/137/115
f 111/133/113 112/137/115 109/131/111
f 109/131/111 112/137/115 110/138/116
f 109/131/111 110/138/116 107/129/109
f 107/129/109 110/138/116 108/139/117
f 107/129/109 108/139/117 105/127/107
f 105/127/107 108/139/117 106/140/118
f 105/127/107 106/140/118 103/125/105
f 103/125/105 106/140/118 104/141/119
f 103/125/105 104/141/119 11/123/24
f 11/123/24 104/141/119 12/142/26
f 12/142/26 104/141/119 102/143/120
f 102/143/120 104/141/119 101/144/121
f 101/144/121 104/141/119 106/140/118
f 101/144/121 106/140/118 100/145/122
f 100/145/122 106/140/118 108/139/117
f 100/145/122 108/139/117 99/146/123
f 99/146/123 108/139/117 110/138/116
f 99/146/123 110/138/116 98/147/124
f 98/147/124 110/138/116 112/137/115
f 98/147/124 112/137/115 91/148/104
f 91/148/104 112/137/115 92/136/103
f 102/149/125 91/150/126 12/151/127
f 12/151/127 91/150/126 39/152/128
f 12/151/127 39/152/128 26/153/129
f 102/149/125 101/154/130 91/150/126
f 91/150/126 101/154/130 100/155/131
f 91/150/126 100/155/131 99/156/132
f 99/156/132 98/157/133 91/150/126
f 39/152/128 91/150/126 52/158/134
f 52/158/134 91/150/126 78/159/135
f 52/158/134 78/159/135 65/160/136
f 65/160/136 78/159/135 77/161/137
f 65/160/136 77/161/137 76/162/138
f 76/162/138 75/163/139 65/160/136
f 65/160/136 75/163/139 74/164/140
f 65/160/136 74/164/140 73/165/141
f 51/166/142 50/167/143 52/158/134
f 52/158/134 50/167/143 49/168/144
f 52/158/134 49/168/144 48/169/145
f 48/169/145 47/170/146 52/158/134
f 52/158/134 47/170/146 39/152/128
f 25/171/147 24/172/148 26/153/129
f 26/153/129 24/172/148 23/173/149
f 26/153/129 23/173/149 22/174/150
f 22/174/150 21/175/151 26/153/129
f 26/153/129 21/175/151 13/176/152
f 26/153/129 13/176/152 12/151/127
f 1/177/153 15/178/154 2/179/155
f 2/179/155 15/178/154 38/180/156
f 2/179/155 38/180/156 46/181/157
f 5/182/158 9/183/159 1/177/153
f 1/177/153 9/183/159 20/184/160
f 1/177/153 20/184/160 19/185/161
f 7/186/162 90/187/163 5/182/158
f 5/182/158 90/187/163 97/188/164
f 5/182/158 97/188/164 96/189/165
f 2/179/155 64/190/166 7/186/162
f 7/186/162 64/190/166 72/191/167
f 7/186/162 72/191/167 71/192/168
f 96/189/165 95/193/169 5/182/158
f 5/182/158 95/193/169 94/194/170
f 5/182/158 94/194/170 93/195/171
f 93/195/171 10/196/172 5/182/158
f 5/182/158 10/196/172 9/183/159
f 19/185/161 18/197/173 1/177/153
f 1/177/153 18/197/173 17/198/174
f 1/177/153 17/198/174 16/199/175
f 16/199/175 15/178/154 1/177/153
f 46/181/157 45/200/176 2/179/155
f 2/179/155 45/200/176 44/201/177
f 2/179/155 44/201/177 43/202/178
f 43/202/178 42/203/179 2/179/155
f 2/179/155 42/203/179 41/204/180
f 2/179/155 41/204/180 64/190/166
f 71/192/168 70/205/181 7/186/162
f 7/186/162 70/205/181 69/206/182
f 7/186/162 69/206/182 68/207/183
f 68/207/183 67/208/184 7/186/162
f 7/186/162 67/208/184 90/187/163
g Body1:1

v 1.275255 5.009635 0.250000
v 1.275255 5.009635 -0.100000
v 1.177075 5.018351 -0.100000
v 1.084007 5.050811 -0.100000
v 1.001703 5.105044 -0.100000
v 0.935159 5.177757 -0.100000
v 0.888417 5.264534 -0.100000
v 0.864314 5.360108 -0.100000
v 0.864314 5.458674 -0.100000
v 0.888417 5.554247 -0.100000
v 0.935159 5.641025 -0.100000
v 1.001703 5.713737 -0.100000
v 1.084007 5.767970 -0.100000
v 1.177075 5.800430 -0.100000
v 1.275255 5.809146 -0.100000
v 1.275255 5.809146 0.250000
v 1.177075 5.800430 0.250000
v 1.084007 5.767970 0.250000
v 1.001703 5.713737 0.250000
v 0.935159 5.641025 0.250000
v 0.888417 5.554247 0.250000
v 0.864314 5.458674 0.250000
v 0.864314 5.360108 0.250000
v 0.888417 5.264534 0.250000
v 0.935159 5.177757 0.250000
v 1.001703 5.105044 0.250000
v 1.084007 5.050811 0.250000
v 1.177075 5.018351 0.250000
v 1.275255 7.350000 0.250000
v -0.924745 7.350000 0.250000
v -0.924745 1.000000 0.250000
v -2.046745 1.000000 0.250000
v -2.046745 -1.000000 0.250000
v -0.924745 -1.000000 0.250000
v -0.924745 -3.325847 0.250000
v -0.887264 -3.610548 0.250000
v -0.777373 -3.875847 0.250000
v -0.602563 -4.103664 0.250000
v -0.374745 -4.278475 0.250000
v -0.109446 -4.388365 0.250000
v 0.175255 -4.425847 0.250000
v 0.459956 -4.388365 0.250000
v 0.725255 -4.278475 0.250000
v 0.953072 -4.103664 0.250000
v 1.127883 -3.875847 0.250000
v 1.237773 -3.610548 0.250000
v 1.275255 -3.325847 0.250000
v 1.275255 -1.000000 0.250000
v 2.397255 -1.000000 0.250000
v 2.397255 1.000000 0.250000
v 1.275255 1.000000 0.250000
v -1.064865 -0.000000 0.250000
v -1.295805 -0.400000 0.250000
v -1.757685 -0.400000 0.250000
v -1.988625 -0.000000 0.250000
v -1.757685 0.400000 0.250000
v -1.295805 0.400000 0.250000
v 2.295135 -0.000000 0.250000
v 2.064195 -0.400000 0.250000
v 1.602315 -0.400000 0.250000
v 1.371375 -0.000000 0.250000
v 1.602315 0.400000 0.250000
v 2.064195 0.400000 0.250000
v 0.175255 -2.515163 0.250000
v 0.675255 -2.803838 0.250000
v 0.675255 -3.381188 0.250000
v 0.175255 -3.669864 0.250000
v -0.324745 -3.381188 0.250000
v -0.324745 -2.803838 0.250000
v 0.175255 2.818170 0.250000
v 0.675255 2.529495 0.250000
v 0.675255 1.952145 0.250000
v 0.175255 1.663470 0.250000
v -0.324745 1.952145 0.250000
v -0.324745 2.529495 0.250000
v 0.175255 6.818170 0.250000
v 0.675255 6.529495 0.250000
v 0.675255 5.952145 0.250000
v 0.175255 5.663470 0.250000
v -0.324745 5.952145 0.250000
v -0.324745 6.529495 0.250000
v 0.175255 1.484837 0.250000
v 0.675255 1.196162 0.250000
v 0.675255 0.618812 0.250000
v 0.175255 0.330136 0.250000
v -0.324745 0.618812 0.250000
v -0.324745 1.196162 0.250000
v 0.175255 -1.181830 0.250000
v 0.675255 -1.470505 0.250000
v 0.675255 -2.047855 0.250000
v 0.175255 -2.336530 0.250000
v -0.324745 -2.047855 0.250000
v -0.324745 -1.470505 0.250000
v 0.175255 4.151504 0.250000
v 0.675255 3.862829 0.250000
v 0.675255 3.285478 0.250000
v 0.175255 2.996803 0.250000
v -0.324745 3.285478 0.250000
v -0.324745 3.862829 0.250000
v 0.175255 5.484837 0.250000
v 0.675255 5.196162 0.250000
v 0.675255 4.618812 0.250000
v 0.175255 4.330136 0.250000
v -0.324745 4.618812 0.250000
v -0.324745 5.196162 0.250000
v 0.175255 0.151504 0.250000
v 0.675255 -0.137171 0.250000
v 0.675255 -0.714522 0.250000
v 0.175255 -1.003197 0.250000
v -0.324745 -0.714522 0.250000
v -0.324745 -0.137171 0.250000
v 1.275255 7.350000 -0.100000
v -1.295805 -0.400000 -0.100000
v -1.064865 -0.000000 -0.100000
v -1.295805 0.400000 -0.100000
v -1.757685 0.400000 -0.100000
v -1.988625 -0.000000 -0.100000
v -1.757685 -0.400000 -0.100000
v 2.064195 -0.400000 -0.100000
v 2.295135 -0.000000 -0.100000
v 2.064195 0.400000 -0.100000
v 1.602315 0.400000 -0.100000
v 1.371375 -0.000000 -0.100000
v 1.602315 -0.400000 -0.100000
v -2.796745 -0.000000 -0.100000
v -2.791634 -0.038823 -0.100000
v -2.776649 -0.075000 -0.100000
v -2.752811 -0.106066 -0.100000
v -2.721745 -0.129904 -0.100000
v -2.685568 -0.144889 -0.100000
v -2.646745 -0.150000 -0.100000
v -2.607922 -0.144889 -0.100000
v -2.571745 -0.129904 -0.100000
v -2.540679 -0.106066 -0.100000
v -2.516841 -0.075000 -0.100000
v -2.501856 -0.038823 -0.100000
v -2.496745 -0.000000 -0.100000
v -2.501856 0.038823 -0.100000
v -2.516841 0.075000 -0.100000
v -2.540679 0.106066 -0.100000
v -2.571745 0.129904 -0.100000
v -2.607922 0.144889 -0.100000
v -2.646745 0.150000 -0.100000
v -2.685568 0.144889 -0.100000
v -2.721745 0.129904 -0.100000
v -2.752811 0.106066 -0.100000
v -2.776649 0.075000 -0.100000
v -2.791634 0.038823 -0.100000
v 2.847255 -0.000000 -0.100000
v 2.852366 -0.038823 -0.100000
v 2.867351 -0.075000 -0.100000
v 2.891189 -0.106066 -0.100000
v 2.922255 -0.129904 -0.100000
v 2.958432 -0.144889 -0.100000
v 2.997255 -0.150000 -0.100000
v 3.036078 -0.144889 -0.100000
v 3.072255 -0.129904 -0.100000
v 3.103321 -0.106066 -0.100000
v 3.127159 -0.075000 -0.100000
v 3.142144 -0.038823 -0.100000
v 3.147255 -0.000000 -0.100000
v 3.142144 0.038823 -0.100000
v 3.127159 0.075000 -0.100000
v 3.103321 0.106066 -0.100000
v 3.072255 0.129904 -0.100000
v 3.036078 0.144889 -0.100000
v 2.997255 0.150000 -0.100000
v 2.958432 0.144889 -0.100000
v 2.922255 0.129904 -0.100000
v 2.891189 0.106066 -0.100000
v 2.867351 0.075000 -0.100000
v 2.852366 0.038823 -0.100000
v 0.675255 -2.803838 -0.100000
v 0.175255 -2.515163 -0.100000
v -0.324745 -2.803838 -0.100000
v -0.324745 -3.381188 -0.100000
v 0.175255 -3.669864 -0.100000
v 0.675255 -3.381188 -0.100000
v 0.675255 2.529495 -0.100000
v 0.175255 2.818170 -0.100000
v -0.324745 2.529495 -0.100000
v -0.324745 1.952145 -0.100000
v 0.175255 1.663470 -0.100000
v 0.675255 1.952145 -0.100000
v 0.675255 6.529495 -0.100000
v 0.175255 6.818170 -0.100000
v -0.324745 6.529495 -0.100000
v -0.324745 5.952145 -0.100000
v 0.175255 5.663470 -0.100000
v 0.675255 5.952145 -0.100000
v 0.675255 1.196162 -0.100000
v 0.175255 1.484837 -0.100000
v -0.324745 1.196162 -0.100000
v -0.324745 0.618812 -0.100000
v 0.175255 0.330136 -0.100000
v 0.675255 0.618812 -0.100000
v 0.675255 -1.470505 -0.100000
v 0.175255 -1.181830 -0.100000
v -0.324745 -1.470505 -0.100000
v -0.324745 -2.047855 -0.100000
v 0.175255 -2.336530 -0.100000
v 0.675255 -2.047855 -0.100000
v 0.675255 3.862829 -0.100000
v 0.175255 4.151504 -0.100000
v -0.324745 3.862829 -0.100000
v -0.324745 3.285478 -0.100000
v 0.175255 2.996803 -0.100000
v 0.675255 3.285478 -0.100000
v 0.675255 5.196162 -0.100000
v 0.175255 5.484837 -0.100000
v -0.324745 5.196162 -0.100000
v -0.324745 4.618812 -0.100000
v 0.175255 4.330136 -0.100000
v 0.675255 4.618812 -0.100000
v 0.675255 -0.137171 -0.100000
v 0.175255 0.151504 -0.100000
v -0.324745 -0.137171 -0.100000
v -0.324745 -0.714522 -0.100000
v 0.175255 -1.003197 -0.100000
v 0.675255 -0.714522 -0.100000
v 1.275255 1.000000 -0.100000
v 2.397255 1.000000 -0.100000
v 2.423647 0.998603 -0.100000
v 2.449744 0.994428 -0.100000
v 2.475255 0.987521 -0.100000
v 2.475255 1.000000 -0.100000
v 2.683010 1.000000 -0.100000
v 2.915947 0.969333 -0.100000
v 3.133010 0.879423 -0.100000
v 3.319406 0.736396 -0.100000
v 3.462433 0.550000 -0.100000
v 3.552343 0.332937 -0.100000
v 3.583010 0.100000 -0.100000
v 3.583010 -0.100000 -0.100000
v 3.552343 -0.332937 -0.100000
v 3.462433 -0.550000 -0.100000
v 3.319406 -0.736396 -0.100000
v 3.133010 -0.879423 -0.100000
v 2.915947 -0.969333 -0.100000
v 2.683010 -1.000000 -0.100000
v 2.475255 -1.000000 -0.100000
v 2.475255 -0.987521 -0.100000
v 2.449744 -0.994428 -0.100000
v 2.423647 -0.998603 -0.100000
v 2.397255 -1.000000 -0.100000
v 1.275255 -1.000000 -0.100000
v 1.275255 -3.325847 -0.100000
v 1.237773 -3.610548 -0.100000
v 1.127883 -3.875847 -0.100000
v 0.953072 -4.103664 -0.100000
v 0.725255 -4.278475 -0.100000
v 0.459956 -4.388365 -0.100000
v 0.175255 -4.425847 -0.100000
v -0.109446 -4.388365 -0.100000
v -0.374745 -4.278475 -0.100000
v -0.602563 -4.103664 -0.100000
v -0.777373 -3.875847 -0.100000
v -0.887264 -3.610548 -0.100000
v -0.924745 -3.325847 -0.100000
v -0.924745 -1.000000 -0.100000
v -2.046745 -1.000000 -0.100000
v -2.073137 -0.998603 -0.100000
v -2.099235 -0.994428 -0.100000
v -2.124745 -0.987521 -0.100000
v -2.124745 -1.000000 -0.100000
v -2.332500 -1.000000 -0.100000
v -2.565437 -0.969333 -0.100000
v -2.782500 -0.879423 -0.100000
v -2.968896 -0.736396 -0.100000
v -3.111923 -0.550000 -0.100000
v -3.201833 -0.332937 -0.100000
v -3.232500 -0.100000 -0.100000
v -3.232500 0.100000 -0.100000
v -3.201833 0.332937 -0.100000
v -3.111923 0.550000 -0.100000
v -2.968896 0.736396 -0.100000
v -2.782500 0.879423 -0.100000
v -2.565437 0.969333 -0.100000
v -2.332500 1.000000 -0.100000
v -2.124745 1.000000 -0.100000
v -2.124745 0.987521 -0.100000
v -2.099235 0.994428 -0.100000
v -2.073137 0.998603 -0.100000
v -2.046745 1.000000 -0.100000
v -0.924745 1.000000 -0.100000
v -0.924745 7.350000 -0.100000
v -0.916227 7.414705 -0.100000
v -0.891252 7.475000 -0.100000
v -0.851522 7.526777 -0.100000
v -0.799745 7.566506 -0.100000
v -0.739450 7.591481 -0.100000
v -0.674745 7.600000 -0.100000
v 1.025255 7.600000 -0.100000
v 1.089960 7.591481 -0.100000
v 1.150255 7.566506 -0.100000
v 1.202032 7.526777 -0.100000
v 1.241761 7.475000 -0.100000
v 1.266736 7.414705 -0.100000
v -0.055685 3.709091 4.640000
v 0.406195 3.709091 4.640000
v 0.406195 3.709091 4.890000
v -0.055685 3.709091 4.890000
v -0.286625 3.309091 4.640000
v -0.286625 3.309091 4.890000
v -0.055685 2.909091 4.640000
v -0.055685 2.909091 4.890000
v 0.406195 2.909091 4.640000
v 0.406195 2.909091 4.890000
v 0.637135 3.309091 4.640000
v 0.637135 3.309091 4.890000
v -0.055685 -1.745455 4.640000
v 0.406195 -1.745455 4.640000
v 0.406195 -1.745455 4.890000
v -0.055685 -1.745455 4.890000
v -0.286625 -2.145455 4.640000
v -0.286625 -2.145455 4.890000
v -0.055685 -2.545455 4.640000
v -0.055685 -2.545455 4.890000
v 0.406195 -2.545455 4.640000
v 0.406195 -2.545455 4.890000
v 0.637135 -2.145455 4.640000
v 0.637135 -2.145455 4.890000
v -0.055685 -5.836364 4.640000
v 0.406195 -5.836364 4.640000
v 0.406195 -5.836364 4.890000
v -0.055685 -5.836364 4.890000
v -0.286625 -6.236364 4.640000
v -0.286625 -6.236364 4.890000
v -0.055685 -6.636364 4.640000
v -0.055685 -6.636364 4.890000
v 0.406195 -6.636364 4.640000
v 0.406195 -6.636364 4.890000
v 0.637135 -6.236364 4.640000
v 0.637135 -6.236364 4.890000
v -0.055685 -0.381818 4.640000
v 0.406195 -0.381818 4.640000
v 0.406195 -0.381818 4.890000
v -0.055685 -0.381818 4.890000
v -0.286625 -0.781818 4.640000
v -0.286625 -0.781818 4.890000
v -0.055685 -1.181818 4.640000
v -0.055685 -1.181818 4.890000
v 0.406195 -1.181818 4.640000
v 0.406195 -1.181818 4.890000
v 0.637135 -0.781818 4.640000
v 0.637135 -0.781818 4.890000
v -0.055685 5.072727 4.640000
v 0.406195 5.072727 4.640000
v 0.406195 5.072727 4.890000
v -0.055685 5.072727 4.890000
v -0.286625 4.672727 4.640000
v -0.286625 4.672727 4.890000
v -0.055685 4.272727 4.640000
v -0.055685 4.272727 4.890000
v 0.406195 4.272727 4.640000
v 0.406195 4.272727 4.890000
v 0.637135 4.672727 4.640000
v 0.637135 4.672727 4.890000
v -0.055685 2.345455 4.640000
v 0.406195 2.345455 4.640000
v 0.406195 2.345455 4.890000
v -0.055685 2.345455 4.890000
v -0.286625 1.945455 4.640000
v -0.286625 1.945455 4.890000
v -0.055685 1.545455 4.640000
v -0.055685 1.545455 4.890000
v 0.406195 1.545455 4.640000
v 0.406195 1.545455 4.890000
v 0.637135 1.945455 4.640000
v 0.637135 1.945455 4.890000
v -0.055685 -3.109091 4.640000
v 0.406195 -3.109091 4.640000
v 0.406195 -3.109091 4.890000
v -0.055685 -3.109091 4.890000
v -0.286625 -3.509091 4.640000
v -0.286625 -3.509091 4.890000
v -0.055685 -3.909091 4.640000
v -0.055685 -3.909091 4.890000
v 0.406195 -3.909091 4.640000
v 0.406195 -3.909091 4.890000
v 0.637135 -3.509091 4.640000
v 0.637135 -3.509091 4.890000
v -0.055685 -4.472727 4.640000
v 0.406195 -4.472727 4.640000
v 0.406195 -4.472727 4.890000
v -0.055685 -4.472727 4.890000
v -0.286625 -4.872727 4.640000
v -0.286625 -4.872727 4.890000
v -0.055685 -5.272727 4.640000
v -0.055685 -5.272727 4.890000
v 0.406195 -5.272727 4.640000
v 0.406195 -5.272727 4.890000
v 0.637135 -4.872727 4.640000
v 0.637135 -4.872727 4.890000
v -0.055685 0.981818 4.640000
v 0.406195 0.981818 4.640000
v 0.406195 0.981818 4.890000
v -0.055685 0.981818 4.890000
v -0.286625 0.581818 4.640000
v -0.286625 0.581818 4.890000
v -0.055685 0.181818 4.640000
v -0.055685 0.181818 4.890000
v 0.406195 0.181818 4.640000
v 0.406195 0.181818 4.890000
v 0.637135 0.581818 4.640000
v 0.637135 0.581818 4.890000
v -0.055685 6.436364 4.640000
v 0.406195 6.436364 4.640000
v 0.406195 6.436364 4.890000
v -0.055685 6.436364 4.890000
v -0.286625 6.036364 4.640000
v -0.286625 6.036364 4.890000
v -0.055685 5.636364 4.640000
v -0.055685 5.636364 4.890000
v 0.406195 5.636364 4.640000
v 0.406195 5.636364 4.890000
v 0.637135 6.036364 4.640000
v 0.637135 6.036364 4.890000
v 0.175255 7.350000 2.696410
v -0.124745 7.350000 2.523205
v -0.124745 7.600000 2.523205
v 0.175255 7.600000 2.696410
v 0.475255 7.350000 2.523205
v 0.475255 7.600000 2.523205
v 0.475255 7.350000 2.176795
v 0.475255 7.600000 2.176795
v 0.175255 7.350000 2.003590
v 0.175255 7.600000 2.003590
v -0.124745 7.350000 2.176795
v -0.124745 7.600000 2.176795
v 0.175255 7.350000 3.479743
v -0.124745 7.350000 3.306538
v -0.124745 7.600000 3.306538
v 0.175255 7.600000 3.479743
v 0.475255 7.350000 3.306538
v 0.475255 7.600000 3.306538
v 0.475255 7.350000 2.960128
v 0.475255 7.600000 2.960128
v 0.175255 7.350000 2.786923
v 0.175255 7.600000 2.786923
v -0.124745 7.350000 2.960128
v -0.124745 7.600000 2.960128
v 0.175255 7.350000 1.913077
v -0.124745 7.350000 1.739872
v -0.124745 7.600000 1.739872
v 0.175255 7.600000 1.913077
v 0.475255 7.350000 1.739872
v 0.475255 7.600000 1.739872
v 0.475255 7.350000 1.393462
v 0.475255 7.600000 1.393462
v 0.175255 7.350000 1.220257
v 0.175255 7.600000 1.220257
v -0.124745 7.350000 1.393462
v -0.124745 7.600000 1.393462
v 0.175255 7.350000 4.263077
v -0.124745 7.350000 4.089872
v -0.124745 7.600000 4.089872
v 0.175255 7.600000 4.263077
v 0.475255 7.350000 4.089872
v 0.475255 7.600000 4.089872
v 0.475255 7.350000 3.743462
v 0.475255 7.600000 3.743462
v 0.175255 7.350000 3.570257
v 0.175255 7.600000 3.570257
v -0.124745 7.350000 3.743462
v -0.124745 7.600000 3.743462
v 0.175255 7.350000 1.129743
v -0.124745 7.350000 0.956538
v -0.124745 7.600000 0.956538
v 0.175255 7.600000 1.129743
v 0.475255 7.350000 0.956538
v 0.475255 7.600000 0.956538
v 0.475255 7.350000 0.610128
v 0.475255 7.600000 0.610128
v 0.175255 7.350000 0.436923
v 0.175255 7.600000 0.436923
v -0.124745 7.350000 0.610128
v -0.124745 7.600000 0.610128
v -3.232500 0.100000 0.250000
v -3.201833 0.332937 0.250000
v -3.111923 0.550000 0.250000
v -2.968896 0.736396 0.250000
v -2.782500 0.879423 0.250000
v -2.565437 0.969333 0.250000
v -2.332500 1.000000 0.250000
v -2.796745 -0.000000 0.250000
v -2.791634 0.038823 0.250000
v -2.776649 0.075000 0.250000
v -2.752811 0.106066 0.250000
v -2.721745 0.129904 0.250000
v -2.685568 0.144889 0.250000
v -2.646745 0.150000 0.250000
v -2.607922 0.144889 0.250000
v -2.571745 0.129904 0.250000
v -2.540679 0.106066 0.250000
v -2.516841 0.075000 0.250000
v -2.501856 0.038823 0.250000
v -2.496745 -0.000000 0.250000
v -2.501856 -0.038823 0.250000
v -2.516841 -0.075000 0.250000
v -2.540679 -0.106066 0.250000
v -2.571745 -0.129904 0.250000
v -2.607922 -0.144889 0.250000
v -2.646745 -0.150000 0.250000
v -2.685568 -0.144889 0.250000
v -2.721745 -0.129904 0.250000
v -2.752811 -0.106066 0.250000
v -2.776649 -0.075000 0.250000
v -2.791634 -0.038823 0.250000
v -3.232500 -0.100000 0.250000
v -3.201833 -0.332937 0.250000
v -3.111923 -0.550000 0.250000
v -2.968896 -0.736396 0.250000
v -2.782500 -0.879423 0.250000
v -2.565437 -0.969333 0.250000
v -2.332500 -1.000000 0.250000
v -2.124745 -1.000000 0.250000
v -2.124745 -0.987521 0.250000
v -2.181231 -0.960745 0.250000
v -2.229309 -0.920793 0.250000
v -2.265973 -0.870163 0.250000
v -2.288930 -0.812020 0.250000
v -2.296745 -0.750000 0.250000
v -2.296745 0.750000 0.250000
v -2.288930 0.812020 0.250000
v -2.265973 0.870163 0.250000
v -2.229309 0.920793 0.250000
v -2.181231 0.960745 0.250000
v -2.124745 0.987521 0.250000
v -2.124745 1.000000 0.250000
v 3.583010 -0.100000 0.250000
v 3.552343 -0.332937 0.250000
v 3.462433 -0.550000 0.250000
v 3.319406 -0.736396 0.250000
v 3.133010 -0.879423 0.250000
v 2.915947 -0.969333 0.250000
v 2.683010 -1.000000 0.250000
v 3.583010 0.100000 0.250000
v 2.683010 1.000000 0.250000
v 2.915947 0.969333 0.250000
v 3.133010 0.879423 0.250000
v 3.319406 0.736396 0.250000
v 3.462433 0.550000 0.250000
v 3.552343 0.332937 0.250000
v -2.046745 1.000000 3.440000
v -2.046745 -1.000000 3.440000
v 2.847255 -0.000000 0.250000
v 2.852366 -0.038823 0.250000
v 2.867351 -0.075000 0.250000
v 2.891189 -0.106066 0.250000
v 2.922255 -0.129904 0.250000
v 2.958432 -0.144889 0.250000
v 2.997255 -0.150000 0.250000
v 3.036078 -0.144889 0.250000
v 3.072255 -0.129904 0.250000
v 3.103321 -0.106066 0.250000
v 3.127159 -0.075000 0.250000
v 3.142144 -0.038823 0.250000
v 3.147255 -0.000000 0.250000
v 3.142144 0.038823 0.250000
v 3.127159 0.075000 0.250000
v 3.103321 0.106066 0.250000
v 3.072255 0.129904 0.250000
v 3.036078 0.144889 0.250000
v 2.997255 0.150000 0.250000
v 2.958432 0.144889 0.250000
v 2.922255 0.129904 0.250000
v 2.891189 0.106066 0.250000
v 2.867351 0.075000 0.250000
v 2.852366 0.038823 0.250000
v 2.475255 -1.000000 0.250000
v 2.475255 -0.987521 0.250000
v 1.275255 -7.450000 3.390000
v -0.924745 -7.450000 3.390000
v -0.924745 -7.350000 3.390000
v 1.275255 -7.350000 3.390000
v -0.846745 7.350000 4.590000
v -0.872763 7.350000 4.589706
v -0.898767 7.350000 4.588823
v -0.924745 7.350000 4.587352
v 1.275255 7.350000 4.587352
v 1.249277 7.350000 4.588823
v 1.223273 7.350000 4.589706
v 1.197255 7.350000 4.590000
v 2.397255 -1.000000 4.640000
v 1.275255 -1.000000 4.640000
v 1.275255 -1.000000 4.637462
v 1.570180 -1.000000 4.580582
v 1.841742 -1.000000 4.452243
v 2.072926 -1.000000 4.260488
v 2.249249 -1.000000 4.017328
v 2.359665 -1.000000 3.737999
v 2.397255 -1.000000 3.440000
v -2.046745 1.000000 4.640000
v -0.924745 1.000000 4.640000
v -0.924745 1.000000 4.637462
v -1.219671 1.000000 4.580582
v -1.491232 1.000000 4.452243
v -1.722416 1.000000 4.260488
v -1.898740 1.000000 4.017328
v -2.009155 1.000000 3.737999
v -2.046745 -1.000000 4.640000
v -2.009155 -1.000000 3.737999
v -1.898740 -1.000000 4.017328
v -1.722416 -1.000000 4.260488
v -1.491232 -1.000000 4.452243
v -1.219671 -1.000000 4.580582
v -0.924745 -1.000000 4.637462
v -0.924745 -1.000000 4.640000
v 2.397255 1.000000 4.640000
v 2.397255 1.000000 3.440000
v 2.359665 1.000000 3.737999
v 2.249249 1.000000 4.017328
v 2.072926 1.000000 4.260488
v 1.841742 1.000000 4.452243
v 1.570180 1.000000 4.580582
v 1.275255 1.000000 4.637462
v 1.275255 1.000000 4.640000
v 1.197255 -7.350000 4.640000
v 1.223271 -7.350000 4.639718
v 1.249275 -7.350000 4.638872
v 1.275255 -7.350000 4.637462
v -0.924745 -7.350000 4.637462
v -0.898766 -7.350000 4.638872
v -0.872761 -7.350000 4.639718
v -0.846745 -7.350000 4.640000
v 1.197255 7.300000 4.640000
v 1.223271 7.300000 4.639718
v 1.249275 7.300000 4.638872
v 1.275255 7.300000 4.637462
v 1.197255 -0.025000 4.640000
v -0.846745 7.300000 4.640000
v -0.846745 -0.025000 4.640000
v -0.924745 7.300000 4.637462
v -0.898766 7.300000 4.638872
v -0.872761 7.300000 4.639718
v -0.924745 7.309754 4.636441
v -0.924745 7.319150 4.633641
v -0.924745 7.327769 4.628955
v -0.924745 7.335373 4.622768
v -0.924745 7.341540 4.615138
v -0.924745 7.346201 4.606513
v -0.924745 7.348985 4.597106
v -0.846745 7.348296 4.602941
v -0.846745 7.343301 4.615000
v -0.846745 7.335355 4.625355
v -0.846745 7.325000 4.633301
v -0.846745 7.312941 4.638296
v 1.197255 7.348296 4.602941
v 1.197255 7.343301 4.615000
v 1.197255 7.335355 4.625355
v 1.197255 7.325000 4.633301
v 1.197255 7.312941 4.638296
v -0.591245 7.312941 4.638296
v -0.335745 7.312941 4.638296
v -0.080245 7.312941 4.638296
v 0.175255 7.312941 4.638296
v 0.430755 7.312941 4.638296
v 0.686255 7.312941 4.638296
v 0.941755 7.312941 4.638296
v -0.591245 7.325000 4.633301
v -0.335745 7.325000 4.633301
v -0.080245 7.325000 4.633301
v 0.175255 7.325000 4.633301
v 0.430755 7.325000 4.633301
v 0.686255 7.325000 4.633301
v 0.941755 7.325000 4.633301
v -0.591245 7.335355 4.625355
v -0.335745 7.335355 4.625355
v -0.080245 7.335355 4.625355
v 0.175255 7.335355 4.625355
v 0.430755 7.335355 4.625355
v 0.686255 7.335355 4.625355
v 0.941755 7.335355 4.625355
v -0.591245 7.343301 4.615000
v -0.335745 7.343301 4.615000
v -0.080245 7.343301 4.615000
v 0.175255 7.343301 4.615000
v 0.430755 7.343301 4.615000
v 0.686255 7.343301 4.615000
v 0.941755 7.343301 4.615000
v -0.591245 7.348296 4.602941
v -0.335745 7.348296 4.602941
v -0.080245 7.348296 4.602941
v 0.175255 7.348296 4.602941
v 0.430755 7.348296 4.602941
v 0.686255 7.348296 4.602941
v 0.941755 7.348296 4.602941
v 1.275255 7.348985 4.597106
v 1.275255 7.346201 4.606513
v 1.275255 7.341540 4.615138
v 1.275255 7.335373 4.622768
v 1.275255 7.327769 4.628955
v 1.275255 7.319150 4.633641
v 1.275255 7.309754 4.636441
v 1.025255 7.400000 4.890000
v 1.025255 7.451764 4.883185
v 1.025255 7.500000 4.863205
v 1.025255 7.541421 4.831421
v 1.025255 7.573205 4.790000
v 1.025255 7.593185 4.741764
v 1.025255 7.600000 4.690000
v -0.674745 7.600000 4.690000
v -0.674745 7.593185 4.741764
v -0.674745 7.573205 4.790000
v -0.674745 7.541421 4.831421
v -0.674745 7.500000 4.863205
v -0.674745 7.451764 4.883185
v -0.674745 7.400000 4.890000
v 0.175255 7.451764 4.883185
v 0.175255 7.500000 4.863205
v 0.175255 7.541421 4.831421
v 0.175255 7.573205 4.790000
v 0.175255 7.593185 4.741764
v -0.924745 7.350000 4.640000
v -0.739450 7.398296 4.881481
v -0.799745 7.393301 4.856506
v -0.851522 7.385355 4.816777
v -0.891252 7.375000 4.765000
v -0.916227 7.362941 4.704705
v -0.923541 0.998796 4.664504
v -0.919942 0.995196 4.688773
v -0.905715 0.980970 4.735671
v -0.882613 0.957867 4.778893
v -0.851522 0.926777 4.816777
v -0.813638 0.888893 4.847867
v -0.770416 0.845671 4.870970
v -0.723518 0.798773 4.885196
v -0.674745 0.750000 4.890000
v -0.739450 6.070000 4.881481
v -0.739450 4.740000 4.881481
v -0.739450 3.410000 4.881481
v -0.739450 2.080000 4.881481
v -0.799745 6.070000 4.856506
v -0.799745 4.740000 4.856506
v -0.799745 3.410000 4.856506
v -0.799745 2.080000 4.856506
v -0.851522 6.070000 4.816777
v -0.851522 4.740000 4.816777
v -0.851522 3.410000 4.816777
v -0.851522 2.080000 4.816777
v -0.891252 6.070000 4.765000
v -0.891252 4.740000 4.765000
v -0.891252 3.410000 4.765000
v -0.891252 2.080000 4.765000
v -0.916227 6.070000 4.704705
v -0.916227 4.740000 4.704705
v -0.916227 3.410000 4.704705
v -0.916227 2.080000 4.704705
v -0.916227 7.414705 4.652941
v -0.891252 7.475000 4.665000
v -0.851522 7.526777 4.675355
v -0.799745 7.566506 4.683301
v -0.739450 7.591481 4.688296
v -0.916227 7.414705 3.492500
v -0.916227 7.414705 2.295000
v -0.916227 7.414705 1.097500
v -0.891252 7.475000 3.492500
v -0.891252 7.475000 2.295000
v -0.891252 7.475000 1.097500
v -0.851522 7.526777 3.492500
v -0.851522 7.526777 2.295000
v -0.851522 7.526777 1.097500
v -0.799745 7.566506 3.492500
v -0.799745 7.566506 2.295000
v -0.799745 7.566506 1.097500
v -0.739450 7.591481 3.492500
v -0.739450 7.591481 2.295000
v -0.739450 7.591481 1.097500
v -0.896035 7.465613 4.675472
v -0.916301 7.374248 4.703343
v -0.879723 7.492198 4.683934
v -0.882969 7.402872 4.775727
v -0.836378 7.539303 4.699576
v -0.841207 7.422598 4.822545
v -0.711163 7.594968 4.719907
v -0.714094 7.587511 4.749535
v -0.716252 7.575625 4.777745
v -0.717586 7.559585 4.803879
v -0.718071 7.538567 4.828567
v -0.717757 7.518971 4.845785
v -0.716824 7.497348 4.860353
v -0.715289 7.474068 4.872023
v -0.713174 7.449514 4.880571
v -0.779340 7.575090 4.712332
v -0.786158 7.565874 4.737991
v -0.791157 7.553304 4.762623
v -0.794241 7.537622 4.785743
v -0.795360 7.518032 4.808032
v -0.794635 7.500297 4.824019
v -0.792482 7.481077 4.838044
v -0.788930 7.460648 4.849904
v -0.784021 7.439295 4.859416
v -0.749680 7.445537 4.872470
v -0.753507 7.468823 4.863486
v -0.756280 7.490979 4.851694
v -0.757964 7.511663 4.837303
v -0.758531 7.530543 4.820543
v -0.757655 7.551033 4.796781
v -0.755246 7.566980 4.771828
v -0.751345 7.579196 4.745032
v -0.746038 7.587418 4.716980
v -0.809502 7.558879 4.706428
v -0.816869 7.548772 4.729227
v -0.822257 7.536034 4.751246
v -0.825573 7.520878 4.772116
v -0.826775 7.502532 4.792532
v -0.825997 7.486258 4.807465
v -0.823682 7.468849 4.820886
v -0.819858 7.450520 4.832627
v -0.814563 7.431489 4.842537
v -0.859816 7.516912 4.692016
v -0.865868 7.506316 4.708633
v -0.870265 7.494431 4.724893
v -0.872961 7.481382 4.740624
v -0.873934 7.466487 4.756487
v -0.873304 7.453797 4.768550
v -0.871425 7.440580 4.779897
v -0.868310 7.426938 4.790440
v -0.863979 7.412974 4.800095
v -0.846246 7.439122 4.812558
v -0.849878 7.455150 4.801240
v -0.852073 7.470526 4.788711
v -0.852810 7.485097 4.775097
v -0.851672 7.501866 4.756851
v -0.848526 7.516151 4.738485
v -0.843404 7.528687 4.719305
v -0.899324 7.456860 4.686108
v -0.901701 7.447691 4.696637
v -0.903153 7.438154 4.707006
v -0.903675 7.427729 4.717729
v -0.903337 7.419126 4.726139
v -0.902326 7.410361 4.734325
v -0.900645 7.401467 4.742257
v -0.898300 7.392476 4.749906
v -0.886337 7.414307 4.766853
v -0.888755 7.425554 4.757444
v -0.890211 7.436552 4.747555
v -0.890698 7.447239 4.737239
v -0.889946 7.460004 4.723901
v -0.887855 7.471460 4.710855
v -0.884439 7.482219 4.697498
v -0.924233 7.365907 4.644822
v -0.924300 7.364543 4.646190
v -0.924348 7.363179 4.647558
v -0.924377 7.361813 4.648925
v -0.924388 7.360370 4.650370
v -0.924381 7.359208 4.651531
v -0.924360 7.358046 4.652691
v -0.924327 7.356884 4.653851
v -0.924279 7.355722 4.655010
v -0.917127 7.379240 4.698603
v -0.917718 7.384214 4.693810
v -0.918072 7.389164 4.688968
v -0.918191 7.394084 4.684084
v -0.918008 7.400151 4.677961
v -0.917498 7.405830 4.672126
v -0.916662 7.411440 4.666261
v -0.915501 7.416969 4.660377
v 1.275255 7.350000 4.640000
v 1.266736 7.362941 4.704705
v 1.241761 7.375000 4.765000
v 1.202032 7.385355 4.816777
v 1.150255 7.393301 4.856506
v 1.089960 7.398296 4.881481
v 1.025255 0.750000 4.890000
v 1.074027 0.798773 4.885196
v 1.120926 0.845671 4.870970
v 1.164147 0.888893 4.847867
v 1.202032 0.926777 4.816777
v 1.233122 0.957867 4.778893
v 1.256225 0.980970 4.735671
v 1.270451 0.995196 4.688773
v 1.274051 0.998796 4.664504
v 1.266736 6.070000 4.704705
v 1.266736 4.740000 4.704705
v 1.266736 3.410000 4.704705
v 1.266736 2.080000 4.704705
v 1.241761 6.070000 4.765000
v 1.241761 4.740000 4.765000
v 1.241761 3.410000 4.765000
v 1.241761 2.080000 4.765000
v 1.202032 6.070000 4.816777
v 1.202032 4.740000 4.816777
v 1.202032 3.410000 4.816777
v 1.202032 2.080000 4.816777
v 1.150255 6.070000 4.856506
v 1.150255 4.740000 4.856506
v 1.150255 3.410000 4.856506
v 1.150255 2.080000 4.856506
v 1.089960 6.070000 4.881481
v 1.089960 4.740000 4.881481
v 1.089960 3.410000 4.881481
v 1.089960 2.080000 4.881481
v 1.089960 7.591481 4.688296
v 1.150255 7.566506 4.683301
v 1.202032 7.526777 4.675355
v 1.241761 7.475000 4.665000
v 1.266736 7.414705 4.652941
v 1.089960 7.591481 3.492500
v 1.089960 7.591481 2.295000
v 1.089960 7.591481 1.097500
v 1.150255 7.566506 3.492500
v 1.150255 7.566506 2.295000
v 1.150255 7.566506 1.097500
v 1.202032 7.526777 3.492500
v 1.202032 7.526777 2.295000
v 1.202032 7.526777 1.097500
v 1.241761 7.475000 3.492500
v 1.241761 7.475000 2.295000
v 1.241761 7.475000 1.097500
v 1.266736 7.414705 3.492500
v 1.266736 7.414705 2.295000
v 1.266736 7.414705 1.097500
v 1.143625 7.568338 4.709897
v 1.110862 7.443612 4.869077
v 1.176335 7.547650 4.702510
v 1.181245 7.426145 4.831136
v 1.261163 7.432266 4.665100
v 1.249256 7.392011 4.749054
v 1.069240 7.448813 4.879761
v 1.071657 7.473300 4.871167
v 1.073410 7.496525 4.859470
v 1.074475 7.518109 4.844891
v 1.074834 7.537681 4.827681
v 1.074291 7.558511 4.803276
v 1.072778 7.574598 4.777240
v 1.070325 7.586566 4.749144
v 1.066990 7.594138 4.719641
v 1.115111 7.466439 4.859934
v 1.118189 7.488191 4.848095
v 1.120057 7.508539 4.833764
v 1.120686 7.527165 4.817165
v 1.119734 7.547293 4.793968
v 1.117079 7.563233 4.769480
v 1.112770 7.575603 4.743232
v 1.106899 7.584144 4.715786
v 1.150812 7.558671 4.734372
v 1.156070 7.545955 4.757925
v 1.159303 7.530424 4.780120
v 1.160462 7.511466 4.801466
v 1.159697 7.494296 4.817059
v 1.157423 7.475791 4.830877
v 1.153669 7.456200 4.842733
v 1.148478 7.435780 4.852454
v 1.186481 7.443755 4.821121
v 1.190259 7.460787 4.809568
v 1.192544 7.477059 4.796610
v 1.193311 7.492391 4.782391
v 1.192149 7.509729 4.763367
v 1.188898 7.524453 4.743929
v 1.183600 7.537157 4.723541
v 1.204568 7.522972 4.694076
v 1.210926 7.512292 4.711533
v 1.215546 7.500165 4.728585
v 1.218373 7.486727 4.745036
v 1.219382 7.471419 4.761419
v 1.218716 7.458190 4.773939
v 1.216730 7.444363 4.785649
v 1.213439 7.430055 4.796450
v 1.208868 7.415382 4.806249
v 1.231482 7.403902 4.778644
v 1.234983 7.415651 4.769641
v 1.237497 7.427198 4.760064
v 1.239012 7.438477 4.749973
v 1.239518 7.449424 4.739424
v 1.238750 7.462353 4.725892
v 1.236593 7.474032 4.712522
v 1.233060 7.484965 4.698818
v 1.228179 7.495066 4.684891
v 1.251578 7.400942 4.741438
v 1.253242 7.409778 4.733544
v 1.254243 7.418488 4.725401
v 1.254578 7.427039 4.717039
v 1.254071 7.437308 4.706483
v 1.252644 7.446792 4.696191
v 1.250303 7.455916 4.685742
v 1.247060 7.464633 4.675187
v 1.272033 7.364973 4.679340
v 1.272356 7.368044 4.676329
v 1.272586 7.371110 4.673305
v 1.272725 7.374171 4.670270
v 1.272771 7.377225 4.667225
v 1.272701 7.380974 4.663463
v 1.272504 7.384539 4.659861
v 1.272179 7.388087 4.656253
v 1.271727 7.391617 4.652640
v 1.262903 7.425605 4.672430
v 1.264155 7.418794 4.679722
v 1.264917 7.411850 4.686958
v 1.265188 7.404456 4.694456
v 1.265009 7.398375 4.700469
v 1.264475 7.392237 4.706402
v 1.263585 7.386053 4.712244
v 1.262342 7.379836 4.717984
v -0.874745 -7.650000 4.640000
v -0.874745 -7.650000 3.590000
v 1.225255 -7.650000 3.590000
v 1.225255 -7.650000 4.640000
v 1.218440 -7.650000 4.691764
v 1.198460 -7.650000 4.740000
v 1.166676 -7.650000 4.781421
v 1.125255 -7.650000 4.813205
v 1.077019 -7.650000 4.833185
v 1.025255 -7.650000 4.840000
v -0.674745 -7.650000 4.840000
v -0.726509 -7.650000 4.833185
v -0.774745 -7.650000 4.813205
v -0.816167 -7.650000 4.781421
v -0.847950 -7.650000 4.740000
v -0.867930 -7.650000 4.691764
v 1.275255 -7.600000 4.640000
v 1.275255 -7.600000 3.540000
v -0.879646 -7.649759 3.589759
v -0.884500 -7.649039 3.589039
v -0.893879 -7.646194 3.586194
v -0.902524 -7.641573 3.581573
v -0.910101 -7.635355 3.575355
v -0.916319 -7.627779 3.567779
v -0.920939 -7.619134 3.559134
v -0.923784 -7.609755 3.549755
v -0.924745 -7.600000 3.540000
v 1.274294 -7.609755 3.549755
v 1.271449 -7.619134 3.559134
v 1.266828 -7.627779 3.567779
v 1.260610 -7.635355 3.575355
v 1.253033 -7.641573 3.581573
v 1.244389 -7.646194 3.586194
v 1.235009 -7.649039 3.589039
v 1.230156 -7.649759 3.589759
v 1.025255 -7.600000 4.890000
v 1.089960 -7.600000 4.881481
v 1.150255 -7.600000 4.856506
v 1.202032 -7.600000 4.816777
v 1.241761 -7.600000 4.765000
v 1.266736 -7.600000 4.704705
v 1.274051 -0.998796 4.664504
v 1.270451 -0.995196 4.688773
v 1.256225 -0.980970 4.735671
v 1.233122 -0.957867 4.778893
v 1.202032 -0.926777 4.816777
v 1.164147 -0.888893 4.847867
v 1.120926 -0.845671 4.870970
v 1.074027 -0.798773 4.885196
v 1.025255 -0.750000 4.890000
v 1.089960 -6.230000 4.881481
v 1.089960 -4.860000 4.881481
v 1.089960 -3.490000 4.881481
v 1.089960 -2.120000 4.881481
v 1.150255 -6.230000 4.856506
v 1.150255 -4.860000 4.856506
v 1.150255 -3.490000 4.856506
v 1.150255 -2.120000 4.856506
v 1.202032 -6.230000 4.816777
v 1.202032 -4.860000 4.816777
v 1.202032 -3.490000 4.816777
v 1.202032 -2.120000 4.816777
v 1.241761 -6.230000 4.765000
v 1.241761 -4.860000 4.765000
v 1.241761 -3.490000 4.765000
v 1.241761 -2.120000 4.765000
v 1.266736 -6.230000 4.704705
v 1.266736 -4.860000 4.704705
v 1.266736 -3.490000 4.704705
v 1.266736 -2.120000 4.704705
v -0.924745 -7.600000 4.640000
v -0.916227 -7.600000 4.704705
v -0.891252 -7.600000 4.765000
v -0.851522 -7.600000 4.816777
v -0.799745 -7.600000 4.856506
v -0.739450 -7.600000 4.881481
v -0.674745 -7.600000 4.890000
v -0.674745 -0.750000 4.890000
v -0.723518 -0.798773 4.885196
v -0.770416 -0.845671 4.870970
v -0.813638 -0.888893 4.847867
v -0.851522 -0.926777 4.816777
v -0.882613 -0.957867 4.778893
v -0.905715 -0.980970 4.735671
v -0.919942 -0.995196 4.688773
v -0.923541 -0.998796 4.664504
v -0.916227 -6.230000 4.704705
v -0.916227 -4.860000 4.704705
v -0.916227 -3.490000 4.704705
v -0.916227 -2.120000 4.704705
v -0.891252 -6.230000 4.765000
v -0.891252 -4.860000 4.765000
v -0.891252 -3.490000 4.765000
v -0.891252 -2.120000 4.765000
v -0.851522 -6.230000 4.816777
v -0.851522 -4.860000 4.816777
v -0.851522 -3.490000 4.816777
v -0.851522 -2.120000 4.816777
v -0.799745 -6.230000 4.856506
v -0.799745 -4.860000 4.856506
v -0.799745 -3.490000 4.856506
v -0.799745 -2.120000 4.856506
v -0.739450 -6.230000 4.881481
v -0.739450 -4.860000 4.881481
v -0.739450 -3.490000 4.881481
v -0.739450 -2.120000 4.881481
v -0.887686 -7.648296 4.640000
v -0.899745 -7.643301 4.640000
v -0.910101 -7.635355 4.640000
v -0.918046 -7.625000 4.640000
v -0.923041 -7.612941 4.640000
v -0.923041 -7.612941 3.815000
v -0.923041 -7.612941 4.090000
v -0.923041 -7.612941 4.365000
v -0.918046 -7.625000 3.815000
v -0.918046 -7.625000 4.090000
v -0.918046 -7.625000 4.365000
v -0.910101 -7.635355 3.815000
v -0.910101 -7.635355 4.090000
v -0.910101 -7.635355 4.365000
v -0.899745 -7.643301 3.815000
v -0.899745 -7.643301 4.090000
v -0.899745 -7.643301 4.365000
v -0.887686 -7.648296 3.815000
v -0.887686 -7.648296 4.090000
v -0.887686 -7.648296 4.365000
v -0.674745 -7.648296 4.852941
v -0.674745 -7.643301 4.865000
v -0.674745 -7.635355 4.875355
v -0.674745 -7.625000 4.883301
v -0.674745 -7.612941 4.888296
v -0.880430 -7.648296 4.695113
v -0.892078 -7.643301 4.698234
v -0.902081 -7.635355 4.700914
v -0.909756 -7.625000 4.702971
v -0.914581 -7.612941 4.704264
v -0.859157 -7.648296 4.746470
v -0.869601 -7.643301 4.752500
v -0.878569 -7.635355 4.757678
v -0.885450 -7.625000 4.761651
v -0.889776 -7.612941 4.764148
v -0.825317 -7.648296 4.790572
v -0.833844 -7.643301 4.799099
v -0.841167 -7.635355 4.806421
v -0.846785 -7.625000 4.812040
v -0.850317 -7.612941 4.815572
v -0.781216 -7.648296 4.824412
v -0.787245 -7.643301 4.834856
v -0.792423 -7.635355 4.843824
v -0.796396 -7.625000 4.850705
v -0.798893 -7.612941 4.855031
v -0.729858 -7.648296 4.845685
v -0.732979 -7.643301 4.857333
v -0.735660 -7.635355 4.867336
v -0.737716 -7.625000 4.875011
v -0.739009 -7.612941 4.879836
v 1.025255 -7.648296 4.852941
v 1.025255 -7.643301 4.865000
v 1.025255 -7.635355 4.875355
v 1.025255 -7.625000 4.883301
v 1.025255 -7.612941 4.888296
v -0.391412 -7.612941 4.888296
v -0.108079 -7.612941 4.888296
v 0.175255 -7.612941 4.888296
v 0.458588 -7.612941 4.888296
v 0.741921 -7.612941 4.888296
v -0.391412 -7.625000 4.883301
v -0.108079 -7.625000 4.883301
v 0.175255 -7.625000 4.883301
v 0.458588 -7.625000 4.883301
v 0.741921 -7.625000 4.883301
v -0.391412 -7.635355 4.875355
v -0.108079 -7.635355 4.875355
v 0.175255 -7.635355 4.875355
v 0.458588 -7.635355 4.875355
v 0.741921 -7.635355 4.875355
v -0.391412 -7.643301 4.865000
v -0.108079 -7.643301 4.865000
v 0.175255 -7.643301 4.865000
v 0.458588 -7.643301 4.865000
v 0.741921 -7.643301 4.865000
v -0.391412 -7.648296 4.852941
v -0.108079 -7.648296 4.852941
v 0.175255 -7.648296 4.852941
v 0.458588 -7.648296 4.852941
v 0.741921 -7.648296 4.852941
v 1.238196 -7.648296 4.640000
v 1.250255 -7.643301 4.640000
v 1.260610 -7.635355 4.640000
v 1.268556 -7.625000 4.640000
v 1.273551 -7.612941 4.640000
v 1.080368 -7.648296 4.845685
v 1.083489 -7.643301 4.857333
v 1.086169 -7.635355 4.867336
v 1.088226 -7.625000 4.875011
v 1.089519 -7.612941 4.879836
v 1.131725 -7.648296 4.824412
v 1.137755 -7.643301 4.834856
v 1.142932 -7.635355 4.843824
v 1.146905 -7.625000 4.850705
v 1.149403 -7.612941 4.855031
v 1.175827 -7.648296 4.790572
v 1.184354 -7.643301 4.799099
v 1.191676 -7.635355 4.806421
v 1.197295 -7.625000 4.812040
v 1.200827 -7.612941 4.815572
v 1.209667 -7.648296 4.746470
v 1.220111 -7.643301 4.752500
v 1.229079 -7.635355 4.757678
v 1.235960 -7.625000 4.761651
v 1.240286 -7.612941 4.764148
v 1.230940 -7.648296 4.695113
v 1.242588 -7.643301 4.698234
v 1.252591 -7.635355 4.700914
v 1.260266 -7.625000 4.702971
v 1.265091 -7.612941 4.704264
v 1.238196 -7.648296 3.815000
v 1.238196 -7.648296 4.090000
v 1.238196 -7.648296 4.365000
v 1.250255 -7.643301 3.815000
v 1.250255 -7.643301 4.090000
v 1.250255 -7.643301 4.365000
v 1.260610 -7.635355 3.815000
v 1.260610 -7.635355 4.090000
v 1.260610 -7.635355 4.365000
v 1.268556 -7.625000 3.815000
v 1.268556 -7.625000 4.090000
v 1.268556 -7.625000 4.365000
v 1.273551 -7.612941 3.815000
v 1.273551 -7.612941 4.090000
v 1.273551 -7.612941 4.365000
v 2.647255 -0.750000 4.690000
v 2.638736 -0.814705 4.688296
v 2.613761 -0.875000 4.683301
v 2.574032 -0.926777 4.675355
v 2.522255 -0.966506 4.665000
v 2.461960 -0.991481 4.652941
v 2.531741 -0.960745 0.250000
v 2.579819 -0.920793 0.250000
v 2.616482 -0.870163 0.250000
v 2.639440 -0.812020 0.250000
v 2.647255 -0.750000 0.250000
v 2.638736 -0.814705 3.492500
v 2.638736 -0.814705 2.295000
v 2.638736 -0.814705 1.097500
v 2.613761 -0.875000 3.492500
v 2.613761 -0.875000 2.295000
v 2.613761 -0.875000 1.097500
v 2.574032 -0.926777 3.492500
v 2.574032 -0.926777 2.295000
v 2.574032 -0.926777 1.097500
v 2.522255 -0.966506 3.492500
v 2.522255 -0.966506 2.295000
v 2.522255 -0.966506 1.097500
v 2.461960 -0.991481 3.492500
v 2.461960 -0.991481 2.295000
v 2.461960 -0.991481 1.097500
v 2.410196 -0.991481 4.704705
v 2.422255 -0.966506 4.765000
v 2.432610 -0.926777 4.816777
v 2.440556 -0.875000 4.856506
v 2.445551 -0.814705 4.881481
v 2.447255 -0.750000 4.890000
v 2.640440 -0.750000 4.741764
v 2.620460 -0.750000 4.790000
v 2.588676 -0.750000 4.831421
v 2.547255 -0.750000 4.863205
v 2.499019 -0.750000 4.883185
v 2.432726 -0.971290 4.755613
v 2.460597 -0.991556 4.664248
v 2.441188 -0.954978 4.782198
v 2.532982 -0.958224 4.692872
v 2.456831 -0.911632 4.829303
v 2.579800 -0.916462 4.712598
v 2.477162 -0.786418 4.884968
v 2.506790 -0.789349 4.877511
v 2.534999 -0.791506 4.865625
v 2.561134 -0.792841 4.849585
v 2.585822 -0.793326 4.828567
v 2.603039 -0.793012 4.808971
v 2.617608 -0.792079 4.787348
v 2.629278 -0.790544 4.764068
v 2.637826 -0.788428 4.739514
v 2.469587 -0.854595 4.865090
v 2.495246 -0.861412 4.855874
v 2.519878 -0.866412 4.843304
v 2.542998 -0.869496 4.827622
v 2.565287 -0.870615 4.808032
v 2.581274 -0.869890 4.790297
v 2.595299 -0.867736 4.771077
v 2.607159 -0.864185 4.750648
v 2.616671 -0.859276 4.729295
v 2.629725 -0.824935 4.735537
v 2.620741 -0.828762 4.758823
v 2.608949 -0.831535 4.780979
v 2.594558 -0.833218 4.801663
v 2.577798 -0.833786 4.820543
v 2.554036 -0.832910 4.841033
v 2.529083 -0.830500 4.856980
v 2.502287 -0.826599 4.869196
v 2.474234 -0.821293 4.877418
v 2.463683 -0.884756 4.848879
v 2.486482 -0.892124 4.838772
v 2.508501 -0.897512 4.826034
v 2.529371 -0.900828 4.810878
v 2.549786 -0.902029 4.792532
v 2.564720 -0.901251 4.776258
v 2.578140 -0.898936 4.758849
v 2.589882 -0.895112 4.740520
v 2.599792 -0.889818 4.721489
v 2.449271 -0.935071 4.806912
v 2.465888 -0.941123 4.796316
v 2.482147 -0.945520 4.784431
v 2.497879 -0.948216 4.771382
v 2.513742 -0.949189 4.756487
v 2.525805 -0.948559 4.743797
v 2.537152 -0.946680 4.730580
v 2.547695 -0.943564 4.716938
v 2.557349 -0.939233 4.702974
v 2.569813 -0.921501 4.729122
v 2.558495 -0.925133 4.745150
v 2.545966 -0.927328 4.760526
v 2.532351 -0.928065 4.775097
v 2.514106 -0.926927 4.791866
v 2.495740 -0.923780 4.806151
v 2.476560 -0.918658 4.818687
v 2.443363 -0.974579 4.746860
v 2.453892 -0.976956 4.737691
v 2.464260 -0.978408 4.728154
v 2.474984 -0.978930 4.717729
v 2.483394 -0.978592 4.709126
v 2.491580 -0.977581 4.700361
v 2.499512 -0.975900 4.691467
v 2.507161 -0.973555 4.682476
v 2.524108 -0.961592 4.704307
v 2.514699 -0.964009 4.715554
v 2.504810 -0.965466 4.726552
v 2.494493 -0.965953 4.737239
v 2.481156 -0.965200 4.750004
v 2.468110 -0.963110 4.761460
v 2.454753 -0.959694 4.772219
v 2.402077 -0.999488 4.655907
v 2.403445 -0.999555 4.654543
v 2.404813 -0.999603 4.653179
v 2.406180 -0.999632 4.651813
v 2.407625 -0.999642 4.650370
v 2.408786 -0.999636 4.649208
v 2.409946 -0.999615 4.648046
v 2.411106 -0.999581 4.646884
v 2.412265 -0.999534 4.645722
v 2.455858 -0.992382 4.669240
v 2.451064 -0.992973 4.674214
v 2.446223 -0.993327 4.679164
v 2.441339 -0.993446 4.684084
v 2.435216 -0.993263 4.690151
v 2.429381 -0.992753 4.695830
v 2.423516 -0.991917 4.701440
v 2.417631 -0.990756 4.706969
v 2.647255 0.750000 4.690000
v 2.640440 0.750000 4.741764
v 2.620460 0.750000 4.790000
v 2.588676 0.750000 4.831421
v 2.547255 0.750000 4.863205
v 2.499019 0.750000 4.883185
v 2.447255 0.750000 4.890000
v 2.640440 0.000000 4.741764
v 2.620460 0.000000 4.790000
v 2.588676 0.000000 4.831421
v 2.547255 0.000000 4.863205
v 2.499019 0.000000 4.883185
v 2.647255 0.750000 0.250000
v 2.445551 0.814705 4.881481
v 2.440556 0.875000 4.856506
v 2.432610 0.926777 4.816777
v 2.422255 0.966506 4.765000
v 2.410196 0.991481 4.704705
v 2.461960 0.991481 4.652941
v 2.522255 0.966506 4.665000
v 2.574032 0.926777 4.675355
v 2.613761 0.875000 4.683301
v 2.638736 0.814705 4.688296
v 2.639440 0.812020 0.250000
v 2.616482 0.870163 0.250000
v 2.579819 0.920793 0.250000
v 2.531741 0.960745 0.250000
v 2.475255 0.987521 0.250000
v 2.461960 0.991481 3.492500
v 2.461960 0.991481 2.295000
v 2.461960 0.991481 1.097500
v 2.522255 0.966506 3.492500
v 2.522255 0.966506 2.295000
v 2.522255 0.966506 1.097500
v 2.574032 0.926777 3.492500
v 2.574032 0.926777 2.295000
v 2.574032 0.926777 1.097500
v 2.613761 0.875000 3.492500
v 2.613761 0.875000 2.295000
v 2.613761 0.875000 1.097500
v 2.638736 0.814705 3.492500
v 2.638736 0.814705 2.295000
v 2.638736 0.814705 1.097500
v 2.512868 0.971290 4.675472
v 2.421503 0.991556 4.703343
v 2.539452 0.954978 4.683934
v 2.450127 0.958224 4.775727
v 2.586558 0.911632 4.699576
v 2.469853 0.916462 4.822545
v 2.642223 0.786418 4.719907
v 2.634766 0.789349 4.749535
v 2.622880 0.791506 4.777745
v 2.606840 0.792841 4.803879
v 2.585822 0.793326 4.828567
v 2.566226 0.793012 4.845785
v 2.544602 0.792079 4.860353
v 2.521323 0.790544 4.872023
v 2.496769 0.788428 4.880571
v 2.622345 0.854595 4.712332
v 2.613129 0.861412 4.737991
v 2.600558 0.866412 4.762623
v 2.584877 0.869496 4.785743
v 2.565287 0.870615 4.808032
v 2.547551 0.869890 4.824019
v 2.528331 0.867736 4.838044
v 2.507903 0.864185 4.849904
v 2.486550 0.859276 4.859416
v 2.492791 0.824935 4.872470
v 2.516078 0.828762 4.863486
v 2.538234 0.831535 4.851694
v 2.558918 0.833218 4.837303
v 2.577798 0.833786 4.820543
v 2.598288 0.832910 4.796781
v 2.614235 0.830500 4.771828
v 2.626451 0.826599 4.745032
v 2.634673 0.821293 4.716980
v 2.606134 0.884756 4.706428
v 2.596027 0.892124 4.729227
v 2.583289 0.897512 4.751246
v 2.568133 0.900828 4.772116
v 2.549786 0.902029 4.792532
v 2.533512 0.901251 4.807465
v 2.516104 0.898936 4.820886
v 2.497775 0.895112 4.832627
v 2.478744 0.889818 4.842537
v 2.564166 0.935071 4.692016
v 2.553571 0.941123 4.708633
v 2.541686 0.945520 4.724893
v 2.528637 0.948216 4.740624
v 2.513742 0.949189 4.756487
v 2.501052 0.948559 4.768550
v 2.487835 0.946680 4.779897
v 2.474193 0.943564 4.790440
v 2.460229 0.939233 4.800095
v 2.486377 0.921501 4.812558
v 2.502405 0.925133 4.801240
v 2.517781 0.927328 4.788711
v 2.532351 0.928065 4.775097
v 2.549121 0.926927 4.756851
v 2.563406 0.923780 4.738485
v 2.575942 0.918658 4.719305
v 2.504115 0.974579 4.686108
v 2.494946 0.976956 4.696637
v 2.485408 0.978408 4.707006
v 2.474984 0.978930 4.717729
v 2.466381 0.978592 4.726139
v 2.457616 0.977581 4.734325
v 2.448722 0.975900 4.742257
v 2.439730 0.973555 4.749906
v 2.461562 0.961592 4.766853
v 2.472809 0.964009 4.757444
v 2.483807 0.965466 4.747555
v 2.494493 0.965953 4.737239
v 2.507259 0.965200 4.723901
v 2.518715 0.963110 4.710855
v 2.529474 0.959694 4.697498
v 2.413162 0.999488 4.644822
v 2.411798 0.999555 4.646190
v 2.410434 0.999603 4.647558
v 2.409068 0.999632 4.648925
v 2.407625 0.999642 4.650370
v 2.406463 0.999636 4.651531
v 2.405301 0.999615 4.652691
v 2.404139 0.999581 4.653851
v 2.402977 0.999534 4.655010
v 2.426495 0.992382 4.698603
v 2.431469 0.992973 4.693810
v 2.436419 0.993327 4.688968
v 2.441339 0.993446 4.684084
v 2.447405 0.993263 4.677961
v 2.453085 0.992753 4.672126
v 2.458695 0.991917 4.666261
v 2.464224 0.990756 4.660377
v -2.296745 0.750000 4.690000
v -2.288227 0.814705 4.688296
v -2.263252 0.875000 4.683301
v -2.223522 0.926777 4.675355
v -2.171745 0.966506 4.665000
v -2.111450 0.991481 4.652941
v -2.288227 0.814705 3.492500
v -2.288227 0.814705 2.295000
v -2.288227 0.814705 1.097500
v -2.263252 0.875000 3.492500
v -2.263252 0.875000 2.295000
v -2.263252 0.875000 1.097500
v -2.223522 0.926777 3.492500
v -2.223522 0.926777 2.295000
v -2.223522 0.926777 1.097500
v -2.171745 0.966506 3.492500
v -2.171745 0.966506 2.295000
v -2.171745 0.966506 1.097500
v -2.111450 0.991481 3.492500
v -2.111450 0.991481 2.295000
v -2.111450 0.991481 1.097500
v -2.059686 0.991481 4.704705
v -2.071745 0.966506 4.765000
v -2.082101 0.926777 4.816777
v -2.090046 0.875000 4.856506
v -2.095041 0.814705 4.881481
v -2.096745 0.750000 4.890000
v -2.289930 0.750000 4.741764
v -2.269950 0.750000 4.790000
v -2.238167 0.750000 4.831421
v -2.196745 0.750000 4.863205
v -2.148509 0.750000 4.883185
v -2.082217 0.971290 4.755613
v -2.110088 0.991556 4.664248
v -2.090679 0.954978 4.782198
v -2.182472 0.958224 4.692872
v -2.106321 0.911632 4.829303
v -2.229291 0.916462 4.712598
v -2.126653 0.786418 4.884968
v -2.156280 0.789349 4.877511
v -2.184490 0.791506 4.865625
v -2.210624 0.792841 4.849585
v -2.235312 0.793326 4.828567
v -2.252530 0.793012 4.808971
v -2.267099 0.792079 4.787348
v -2.278768 0.790544 4.764068
v -2.287317 0.788428 4.739514
v -2.119077 0.854595 4.865090
v -2.144736 0.861412 4.855874
v -2.169368 0.866412 4.843304
v -2.192489 0.869496 4.827622
v -2.214777 0.870615 4.808032
v -2.230764 0.869890 4.790297
v -2.244789 0.867736 4.771077
v -2.256649 0.864185 4.750648
v -2.266162 0.859276 4.729295
v -2.279215 0.824935 4.735537
v -2.270231 0.828762 4.758823
v -2.258440 0.831535 4.780979
v -2.244048 0.833218 4.801663
v -2.227288 0.833786 4.820543
v -2.203526 0.832910 4.841033
v -2.178573 0.830500 4.856980
v -2.151777 0.826599 4.869196
v -2.123725 0.821293 4.877418
v -2.113174 0.884756 4.848879
v -2.135972 0.892124 4.838772
v -2.157991 0.897512 4.826034
v -2.178861 0.900828 4.810878
v -2.199277 0.902029 4.792532
v -2.214211 0.901251 4.776258
v -2.227631 0.898936 4.758849
v -2.239372 0.895112 4.740520
v -2.249282 0.889818 4.721489
v -2.098762 0.935071 4.806912
v -2.115378 0.941123 4.796316
v -2.131638 0.945520 4.784431
v -2.147369 0.948216 4.771382
v -2.163232 0.949189 4.756487
v -2.175296 0.948559 4.743797
v -2.186642 0.946680 4.730580
v -2.197185 0.943564 4.716938
v -2.206840 0.939233 4.702974
v -2.219303 0.921501 4.729122
v -2.207985 0.925133 4.745150
v -2.195456 0.927328 4.760526
v -2.181842 0.928065 4.775097
v -2.163597 0.926927 4.791866
v -2.145230 0.923780 4.806151
v -2.126050 0.918658 4.818687
v -2.092853 0.974579 4.746860
v -2.103382 0.976956 4.737691
v -2.113751 0.978408 4.728154
v -2.124474 0.978930 4.717729
v -2.132884 0.978592 4.709126
v -2.141070 0.977581 4.700361
v -2.149003 0.975900 4.691467
v -2.156651 0.973555 4.682476
v -2.173598 0.961592 4.704307
v -2.164190 0.964009 4.715554
v -2.154300 0.965466 4.726552
v -2.143984 0.965953 4.737239
v -2.130646 0.965200 4.750004
v -2.117600 0.963110 4.761460
v -2.104244 0.959694 4.772219
v -2.051567 0.999488 4.655907
v -2.052935 0.999555 4.654543
v -2.054303 0.999603 4.653179
v -2.055671 0.999632 4.651813
v -2.057115 0.999642 4.650370
v -2.058276 0.999636 4.649208
v -2.059437 0.999615 4.648046
v -2.060596 0.999581 4.646884
v -2.061756 0.999534 4.645722
v -2.105348 0.992382 4.669240
v -2.100555 0.992973 4.674214
v -2.095713 0.993327 4.679164
v -2.090829 0.993446 4.684084
v -2.084707 0.993263 4.690151
v -2.078871 0.992753 4.695830
v -2.073006 0.991917 4.701440
v -2.067122 0.990756 4.706969
v -2.096745 -0.750000 4.890000
v -2.296745 -0.750000 4.690000
v -2.289930 -0.750000 4.741764
v -2.269950 -0.750000 4.790000
v -2.238167 -0.750000 4.831421
v -2.196745 -0.750000 4.863205
v -2.148509 -0.750000 4.883185
v -2.289930 0.000000 4.741764
v -2.269950 0.000000 4.790000
v -2.238167 0.000000 4.831421
v -2.196745 0.000000 4.863205
v -2.148509 0.000000 4.883185
v -2.095041 -0.814705 4.881481
v -2.090046 -0.875000 4.856506
v -2.082101 -0.926777 4.816777
v -2.071745 -0.966506 4.765000
v -2.059686 -0.991481 4.704705
v -2.111450 -0.991481 4.652941
v -2.171745 -0.966506 4.665000
v -2.223522 -0.926777 4.675355
v -2.263252 -0.875000 4.683301
v -2.288227 -0.814705 4.688296
v -2.111450 -0.991481 3.492500
v -2.111450 -0.991481 2.295000
v -2.111450 -0.991481 1.097500
v -2.171745 -0.966506 3.492500
v -2.171745 -0.966506 2.295000
v -2.171745 -0.966506 1.097500
v -2.223522 -0.926777 3.492500
v -2.223522 -0.926777 2.295000
v -2.223522 -0.926777 1.097500
v -2.263252 -0.875000 3.492500
v -2.263252 -0.875000 2.295000
v -2.263252 -0.875000 1.097500
v -2.288227 -0.814705 3.492500
v -2.288227 -0.814705 2.295000
v -2.288227 -0.814705 1.097500
v -2.162358 -0.971290 4.675472
v -2.070993 -0.991556 4.703343
v -2.188943 -0.954978 4.683934
v -2.099617 -0.958224 4.775727
v -2.236048 -0.911632 4.699576
v -2.119343 -0.916462 4.822545
v -2.291713 -0.786418 4.719907
v -2.284256 -0.789349 4.749535
v -2.272371 -0.791506 4.777745
v -2.256330 -0.792841 4.803879
v -2.235312 -0.793326 4.828567
v -2.215716 -0.793012 4.845785
v -2.194093 -0.792079 4.860353
v -2.170813 -0.790544 4.872023
v -2.146260 -0.788428 4.880571
v -2.271836 -0.854595 4.712332
v -2.262620 -0.861412 4.737991
v -2.250049 -0.866412 4.762623
v -2.234367 -0.869496 4.785743
v -2.214777 -0.870615 4.808032
v -2.197042 -0.869890 4.824019
v -2.177822 -0.867736 4.838044
v -2.157394 -0.864185 4.849904
v -2.136040 -0.859276 4.859416
v -2.142282 -0.824935 4.872470
v -2.165568 -0.828762 4.863486
v -2.187724 -0.831535 4.851694
v -2.208408 -0.833218 4.837303
v -2.227288 -0.833786 4.820543
v -2.247779 -0.832910 4.796781
v -2.263725 -0.830500 4.771828
v -2.275942 -0.826599 4.745032
v -2.284163 -0.821293 4.716980
v -2.255624 -0.884756 4.706428
v -2.245517 -0.892124 4.729227
v -2.232779 -0.897512 4.751246
v -2.217623 -0.900828 4.772116
v -2.199277 -0.902029 4.792532
v -2.183003 -0.901251 4.807465
v -2.165594 -0.898936 4.820886
v -2.147265 -0.895112 4.832627
v -2.128234 -0.889818 4.842537
v -2.213657 -0.935071 4.692016
v -2.203061 -0.941123 4.708633
v -2.191176 -0.945520 4.724893
v -2.178127 -0.948216 4.740624
v -2.163232 -0.949189 4.756487
v -2.150542 -0.948559 4.768550
v -2.137325 -0.946680 4.779897
v -2.123683 -0.943564 4.790440
v -2.109720 -0.939233 4.800095
v -2.135867 -0.921501 4.812558
v -2.151895 -0.925133 4.801240
v -2.167272 -0.927328 4.788711
v -2.181842 -0.928065 4.775097
v -2.198611 -0.926927 4.756851
v -2.212896 -0.923780 4.738485
v -2.225432 -0.918658 4.719305
v -2.153605 -0.974579 4.686108
v -2.144437 -0.976956 4.696637
v -2.134899 -0.978408 4.707006
v -2.124474 -0.978930 4.717729
v -2.115871 -0.978592 4.726139
v -2.107106 -0.977581 4.734325
v -2.098212 -0.975900 4.742257
v -2.089221 -0.973555 4.749906
v -2.111053 -0.961592 4.766853
v -2.122300 -0.964009 4.757444
v -2.133297 -0.965466 4.747555
v -2.143984 -0.965953 4.737239
v -2.156749 -0.965200 4.723901
v -2.168205 -0.963110 4.710855
v -2.178964 -0.959694 4.697498
v -2.062652 -0.999488 4.644822
v -2.061289 -0.999555 4.646190
v -2.059924 -0.999603 4.647558
v -2.058559 -0.999632 4.648925
v -2.057115 -0.999642 4.650370
v -2.055953 -0.999636 4.651531
v -2.054792 -0.999615 4.652691
v -2.053629 -0.999581 4.653851
v -2.052467 -0.999534 4.655010
v -2.075985 -0.992382 4.698603
v -2.080959 -0.992973 4.693810
v -2.085909 -0.993327 4.688968
v -2.090829 -0.993446 4.684084
v -2.096896 -0.993263 4.677961
v -2.102575 -0.992753 4.672126
v -2.108185 -0.991917 4.666261
v -2.113714 -0.990756 4.660377
v 2.475255 1.000000 0.250000
vt 0.350000 0.642310 0.000000
vt 0.000000 0.642310 0.000000
vt 0.350000 0.543493 0.000000
vt 0.000000 0.543493 0.000000
vt 0.350000 0.444676 0.000000
vt 0.000000 0.444676 0.000000
vt 0.350000 0.345859 0.000000
vt 0.000000 0.345859 0.000000
vt 0.350000 0.247042 0.000000
vt 0.000000 0.247042 0.000000
vt 0.350000 0.148225 0.000000
vt 0.000000 0.148225 0.000000
vt 0.350000 0.049408 0.000000
vt 0.000000 0.049408 0.000000
vt 0.350000 -0.049408 0.000000
vt 0.000000 -0.049408 0.000000
vt 0.350000 -0.148225 0.000000
vt 0.000000 -0.148225 0.000000
vt 0.350000 -0.247042 0.000000
vt 0.000000 -0.247042 0.000000
vt 0.350000 -0.345859 0.000000
vt 0.000000 -0.345859 0.000000
vt 0.350000 -0.444676 0.000000
vt 0.000000 -0.444676 0.000000
vt 0.350000 -0.543493 0.000000
vt 0.000000 -0.543493 0.000000
vt 0.350000 -0.642310 0.000000
vt 0.000000 -0.642310 0.000000
vt 3.181443 3.465068 0.000000
vt 3.181443 7.474704 0.000000
vt 2.581443 5.750547 0.000000
vt 3.083264 7.483419 0.000000
vt 2.581443 6.327897 0.000000
vt 2.990196 7.515879 0.000000
vt 2.907892 7.570112 0.000000
vt 2.581443 7.083880 0.000000
vt 2.841348 7.642825 0.000000
vt 2.794605 7.729603 0.000000
vt 2.581443 7.661230 0.000000
vt 2.770502 7.825176 0.000000
vt 2.770502 7.923742 0.000000
vt 2.581443 8.417213 0.000000
vt 2.794605 8.019315 0.000000
vt 2.841348 8.106093 0.000000
vt 2.581443 8.994563 0.000000
vt 2.907892 8.178806 0.000000
vt 2.990196 8.233039 0.000000
vt 3.181443 9.815068 0.000000
vt 3.083264 8.265498 0.000000
vt 3.181443 8.274214 0.000000
vt 2.081443 9.283239 0.000000
vt 0.981443 9.815068 0.000000
vt 1.581443 8.994563 0.000000
vt 1.581443 8.417213 0.000000
vt 1.581443 7.661230 0.000000
vt 2.081443 8.128538 0.000000
vt 2.081443 7.949905 0.000000
vt 0.981443 3.465068 0.000000
vt 1.581443 6.327897 0.000000
vt 1.581443 7.083880 0.000000
vt -0.140557 3.465068 0.000000
vt 0.610384 2.865068 0.000000
vt 0.841324 2.465068 0.000000
vt 1.581443 3.083880 0.000000
vt 1.581443 2.327897 0.000000
vt 2.081443 2.616572 0.000000
vt -0.140557 1.465068 0.000000
vt -0.082437 2.465068 0.000000
vt 0.148503 2.865068 0.000000
vt 0.981443 1.465068 0.000000
vt 0.610384 2.065068 0.000000
vt 0.148503 2.065068 0.000000
vt 0.981443 -0.860778 0.000000
vt 1.581443 0.417213 0.000000
vt 1.581443 0.994563 0.000000
vt 1.581443 1.750547 0.000000
vt 2.081443 1.461871 0.000000
vt 2.081443 1.283239 0.000000
vt 2.581443 0.994563 0.000000
vt 1.018925 -1.145479 0.000000
vt 1.581443 -0.916120 0.000000
vt 1.581443 -0.338770 0.000000
vt 2.081443 0.128538 0.000000
vt 2.081443 -0.050095 0.000000
vt 2.581443 -0.338770 0.000000
vt 1.128815 -1.410778 0.000000
vt 1.303626 -1.638596 0.000000
vt 1.531443 -1.813406 0.000000
vt 1.796742 -1.923297 0.000000
vt 2.081443 -1.204795 0.000000
vt 2.081443 -1.960778 0.000000
vt 2.366144 -1.923297 0.000000
vt 2.581443 -0.916120 0.000000
vt 2.631443 -1.813406 0.000000
vt 2.859261 -1.638596 0.000000
vt 3.034071 -1.410778 0.000000
vt 3.143962 -1.145479 0.000000
vt 3.181443 -0.860778 0.000000
vt 3.181443 1.465068 0.000000
vt 2.581443 0.417213 0.000000
vt 4.303443 1.465068 0.000000
vt 3.970384 2.065068 0.000000
vt 3.508503 2.065068 0.000000
vt 3.277563 2.465068 0.000000
vt 4.201324 2.465068 0.000000
vt 4.303443 3.465068 0.000000
vt 3.970384 2.865068 0.000000
vt 3.508503 2.865068 0.000000
vt 2.581443 3.083880 0.000000
vt 2.581443 2.327897 0.000000
vt 2.081443 2.795205 0.000000
vt 1.581443 4.994563 0.000000
vt 2.081443 5.283239 0.000000
vt 2.081443 5.461871 0.000000
vt 2.581443 4.994563 0.000000
vt 2.581443 4.417213 0.000000
vt 2.581443 3.661230 0.000000
vt 2.081443 3.949905 0.000000
vt 2.081443 4.128538 0.000000
vt 1.581443 4.417213 0.000000
vt 1.581443 3.661230 0.000000
vt 2.581443 1.750547 0.000000
vt 2.081443 6.616572 0.000000
vt 2.081443 6.795205 0.000000
vt 1.581443 5.750547 0.000000
vt 1.790854 0.350000 0.000000
vt 0.250000 0.350000 0.000000
vt 1.790854 0.000000 0.000000
vt 0.250000 -0.000000 0.000000
vt -0.841324 2.465068 0.000000
vt -0.981443 1.465068 0.000000
vt -0.610384 2.065068 0.000000
vt 0.140557 1.465068 0.000000
vt -0.148503 2.065068 0.000000
vt 0.082437 2.465068 0.000000
vt 0.166949 1.466465 0.000000
vt 0.193046 1.470641 0.000000
vt -0.610384 2.865068 0.000000
vt -0.981443 3.465068 0.000000
vt -1.581443 3.083880 0.000000
vt -1.581443 2.327897 0.000000
vt -2.081443 2.616572 0.000000
vt -2.081443 2.795205 0.000000
vt -2.581443 3.083880 0.000000
vt 0.140557 3.465068 0.000000
vt -0.148503 2.865068 0.000000
vt -4.201324 2.465068 0.000000
vt -4.303443 1.465068 0.000000
vt -3.970384 2.065068 0.000000
vt -3.181443 1.465068 0.000000
vt -3.508503 2.065068 0.000000
vt -3.277563 2.465068 0.000000
vt -2.581443 1.750547 0.000000
vt -2.581443 2.327897 0.000000
vt -3.970384 2.865068 0.000000
vt -4.303443 3.465068 0.000000
vt -4.329836 3.463671 0.000000
vt -4.355933 3.459496 0.000000
vt -3.181443 3.465068 0.000000
vt -3.508503 2.865068 0.000000
vt 0.885445 2.426245 0.000000
vt 1.326311 2.365068 0.000000
vt 0.890557 2.465068 0.000000
vt 1.326311 2.565068 0.000000
vt 0.885445 2.503891 0.000000
vt 1.295645 2.798005 0.000000
vt 1.205734 3.015068 0.000000
vt 0.870460 2.390068 0.000000
vt 1.205734 1.915068 0.000000
vt 1.295645 2.132131 0.000000
vt 1.062708 1.728672 0.000000
vt 0.846623 2.359002 0.000000
vt 0.815557 2.335164 0.000000
vt 0.876311 1.585645 0.000000
vt 0.779379 2.320179 0.000000
vt 0.740557 2.315068 0.000000
vt 0.659249 1.495735 0.000000
vt 0.701734 2.320179 0.000000
vt 0.665557 2.335164 0.000000
vt 0.634491 2.359002 0.000000
vt 0.426311 1.465068 0.000000
vt 0.610653 2.390068 0.000000
vt 0.218557 1.477548 0.000000
vt 0.595668 2.426245 0.000000
vt 0.590557 2.465068 0.000000
vt 0.595668 2.503891 0.000000
vt 0.610653 2.540068 0.000000
vt 0.218557 3.452589 0.000000
vt 0.193046 3.459496 0.000000
vt 0.426311 3.465068 0.000000
vt 0.634491 2.571134 0.000000
vt 0.659249 3.434402 0.000000
vt 0.665557 2.594972 0.000000
vt 0.701734 2.609957 0.000000
vt 0.740557 2.615068 0.000000
vt 0.876311 3.344491 0.000000
vt 0.779379 2.609957 0.000000
vt 0.815557 2.594972 0.000000
vt 1.062708 3.201464 0.000000
vt 0.846623 2.571134 0.000000
vt 0.870460 2.540068 0.000000
vt -4.758555 2.503891 0.000000
vt -4.753443 2.465068 0.000000
vt -4.758555 2.426245 0.000000
vt -4.381443 1.477548 0.000000
vt -4.773540 2.390068 0.000000
vt -4.589198 1.465068 0.000000
vt -4.797377 2.359002 0.000000
vt -4.822135 1.495735 0.000000
vt -4.828443 2.335164 0.000000
vt -4.864621 2.320179 0.000000
vt -4.903443 2.315068 0.000000
vt -5.039198 1.585645 0.000000
vt -4.942266 2.320179 0.000000
vt -4.978443 2.335164 0.000000
vt -5.225594 1.728672 0.000000
vt -5.009509 2.359002 0.000000
vt -5.033347 2.390068 0.000000
vt -5.368621 1.915068 0.000000
vt -5.048332 2.426245 0.000000
vt -5.458532 2.132131 0.000000
vt -5.489198 2.365068 0.000000
vt -5.053443 2.465068 0.000000
vt -5.489198 2.565068 0.000000
vt -5.048332 2.503891 0.000000
vt -5.458532 2.798005 0.000000
vt -5.368621 3.015068 0.000000
vt -5.033347 2.540068 0.000000
vt -5.225594 3.201464 0.000000
vt -5.009509 2.571134 0.000000
vt -4.978443 2.594972 0.000000
vt -5.039198 3.344491 0.000000
vt -4.942266 2.609957 0.000000
vt -4.903443 2.615068 0.000000
vt -4.822135 3.434402 0.000000
vt -4.864621 2.609957 0.000000
vt -4.828443 2.594972 0.000000
vt -4.797377 2.571134 0.000000
vt -4.589198 3.465068 0.000000
vt -4.773540 2.540068 0.000000
vt -4.381443 3.452589 0.000000
vt -2.081443 -0.050095 0.000000
vt -2.081443 0.128538 0.000000
vt -2.581443 -0.338770 0.000000
vt -2.581443 0.417213 0.000000
vt -3.181443 -0.860778 0.000000
vt -2.581443 0.994563 0.000000
vt -2.081443 1.461871 0.000000
vt -2.081443 1.283239 0.000000
vt -1.581443 0.994563 0.000000
vt -1.581443 -0.338770 0.000000
vt -1.581443 0.417213 0.000000
vt -0.981443 -0.860778 0.000000
vt -1.581443 -0.916120 0.000000
vt -1.018925 -1.145479 0.000000
vt -1.128815 -1.410778 0.000000
vt -1.303626 -1.638596 0.000000
vt -1.531443 -1.813406 0.000000
vt -1.796742 -1.923297 0.000000
vt -2.081443 -1.204795 0.000000
vt -2.081443 -1.960778 0.000000
vt -2.366144 -1.923297 0.000000
vt -2.581443 -0.916120 0.000000
vt -2.631443 -1.813406 0.000000
vt -2.859261 -1.638596 0.000000
vt -3.034071 -1.410778 0.000000
vt -3.143962 -1.145479 0.000000
vt -2.081443 5.283239 0.000000
vt -2.081443 5.461871 0.000000
vt -2.581443 4.994563 0.000000
vt -2.581443 5.750547 0.000000
vt -3.181443 7.474704 0.000000
vt -2.581443 6.327897 0.000000
vt -3.083264 7.483419 0.000000
vt -2.581443 7.083880 0.000000
vt -2.990196 7.515879 0.000000
vt -2.907892 7.570112 0.000000
vt -2.841348 7.642825 0.000000
vt -2.581443 7.661230 0.000000
vt -2.794605 7.729603 0.000000
vt -2.770502 7.825176 0.000000
vt -2.770502 7.923742 0.000000
vt -2.581443 8.417213 0.000000
vt -2.794605 8.019315 0.000000
vt -2.841348 8.106093 0.000000
vt -2.907892 8.178806 0.000000
vt -2.581443 8.994563 0.000000
vt -2.990196 8.233039 0.000000
vt -3.083264 8.265498 0.000000
vt -3.181443 9.815068 0.000000
vt -3.181443 8.274214 0.000000
vt -1.581443 4.994563 0.000000
vt -1.581443 5.750547 0.000000
vt -1.581443 6.327897 0.000000
vt -0.981443 9.815068 0.000000
vt -1.581443 7.083880 0.000000
vt -1.581443 7.661230 0.000000
vt -1.581443 8.417213 0.000000
vt -2.081443 8.128538 0.000000
vt -1.581443 4.417213 0.000000
vt -1.581443 3.661230 0.000000
vt -2.081443 3.949905 0.000000
vt -2.081443 4.128538 0.000000
vt -2.581443 4.417213 0.000000
vt -2.581443 3.661230 0.000000
vt -2.931443 10.065068 0.000000
vt -2.081443 9.283239 0.000000
vt -1.231443 10.065068 0.000000
vt -1.581443 8.994563 0.000000
vt -2.081443 7.949905 0.000000
vt -1.581443 1.750547 0.000000
vt -2.081443 6.795205 0.000000
vt -2.081443 6.616572 0.000000
vt -4.381443 3.465068 0.000000
vt -4.381443 1.465068 0.000000
vt -4.355933 1.470641 0.000000
vt -4.329836 1.466465 0.000000
vt 0.218557 1.465068 0.000000
vt 0.218557 3.465068 0.000000
vt 0.166949 3.463671 0.000000
vt -0.989962 9.879773 0.000000
vt -1.014937 9.940068 0.000000
vt -1.054667 9.991845 0.000000
vt -1.106443 10.031575 0.000000
vt -1.166739 10.056550 0.000000
vt -2.996148 10.056550 0.000000
vt -3.056443 10.031575 0.000000
vt -3.108220 9.991845 0.000000
vt -3.147950 9.940068 0.000000
vt -3.172925 9.879773 0.000000
vt 0.375000 0.863938 0.000000
vt 0.025000 0.863938 0.000000
vt 0.375000 0.575959 0.000000
vt 0.025000 0.575959 0.000000
vt 0.375000 0.287979 0.000000
vt 0.025000 0.287979 0.000000
vt 0.375000 -0.000000 0.000000
vt 0.025000 -0.000000 0.000000
vt 0.375000 -0.287979 0.000000
vt 0.025000 -0.287979 0.000000
vt 0.375000 -0.575959 0.000000
vt 0.025000 -0.575959 0.000000
vt 0.375000 -0.863938 0.000000
vt 0.025000 -0.863938 0.000000
vt 0.375000 -1.151917 0.000000
vt 0.025000 -1.151917 0.000000
vt 0.375000 -1.439897 0.000000
vt 0.025000 -1.439897 0.000000
vt 0.375000 -1.727876 0.000000
vt 0.025000 -1.727876 0.000000
vt 0.375000 -2.015855 0.000000
vt 0.025000 -2.015855 0.000000
vt 0.375000 -2.303835 0.000000
vt 0.025000 -2.303835 0.000000
vt 0.375000 -2.591814 0.000000
vt 0.025000 -2.591814 0.000000
vt -0.000000 0.250000 0.000000
vt -0.461880 0.250000 0.000000
vt -0.000000 0.000000 0.000000
vt -0.461880 0.000000 0.000000
vt -0.000000 0.250000 0.000000
vt -0.461880 0.250000 0.000000
vt -0.000000 0.000000 0.000000
vt -0.461880 0.000000 0.000000
vt -0.000000 0.250000 0.000000
vt -0.461880 0.250000 0.000000
vt -0.000000 0.000000 0.000000
vt -0.461880 0.000000 0.000000
vt -0.000000 0.250000 0.000000
vt -0.461880 0.250000 0.000000
vt 0.000000 0.000000 0.000000
vt -0.461880 0.000000 0.000000
vt -0.000000 0.250000 0.000000
vt -0.461880 0.250000 0.000000
vt 0.000000 0.000000 0.000000
vt -0.461880 -0.000000 0.000000
vt -0.000000 0.250000 0.000000
vt -0.461880 0.250000 0.000000
vt -0.000000 0.000000 0.000000
vt -0.461880 0.000000 0.000000
vt -0.000000 0.250000 0.000000
vt -0.461880 0.250000 0.000000
vt -0.000000 0.000000 0.000000
vt -0.461880 0.000000 0.000000
vt -0.000000 0.250000 0.000000
vt -0.461880 0.250000 0.000000
vt -0.000000 0.000000 0.000000
vt -0.461880 0.000000 0.000000
vt -0.000000 0.250000 0.000000
vt -0.461880 0.250000 0.000000
vt -0.000000 0.000000 0.000000
vt -0.461880 0.000000 0.000000
vt -0.000000 0.250000 0.000000
vt -0.461880 0.250000 0.000000
vt 0.000000 0.000000 0.000000
vt -0.461880 0.000000 0.000000
vt -0.000000 0.250000 0.000000
vt -0.461880 0.250000 0.000000
vt 0.000000 0.000000 0.000000
vt -0.461880 -0.000000 0.000000
vt -0.000000 0.250000 0.000000
vt -0.461880 0.250000 0.000000
vt -0.000000 0.000000 0.000000
vt -0.461880 0.000000 0.000000
vt -0.000000 0.250000 0.000000
vt -0.461880 0.250000 0.000000
vt -0.000000 0.000000 0.000000
vt -0.461880 0.000000 0.000000
vt -0.000000 0.250000 0.000000
vt -0.461880 0.250000 0.000000
vt -0.000000 0.000000 0.000000
vt -0.461880 0.000000 0.000000
vt -0.000000 0.250000 0.000000
vt -0.461880 0.250000 0.000000
vt -0.000000 0.000000 0.000000
vt -0.461880 0.000000 0.000000
vt -0.000000 0.250000 0.000000
vt -0.461880 0.250000 0.000000
vt 0.000000 0.000000 0.000000
vt -0.461880 0.000000 0.000000
vt -0.000000 0.250000 0.000000
vt -0.461880 0.250000 0.000000
vt 0.000000 0.000000 0.000000
vt -0.461880 -0.000000 0.000000
vt -0.000000 0.250000 0.000000
vt -0.461880 0.250000 0.000000
vt -0.000000 0.000000 0.000000
vt -0.461880 0.000000 0.000000
vt -0.000000 0.250000 0.000000
vt -0.461880 0.250000 0.000000
vt -0.000000 0.000000 0.000000
vt -0.461880 0.000000 0.000000
vt -0.000000 0.250000 0.000000
vt -0.461880 0.250000 0.000000
vt -0.000000 0.000000 0.000000
vt -0.461880 0.000000 0.000000
vt -0.000000 0.250000 0.000000
vt -0.461880 0.250000 0.000000
vt -0.000000 0.000000 0.000000
vt -0.461880 0.000000 0.000000
vt -0.000000 0.250000 0.000000
vt -0.461880 0.250000 0.000000
vt 0.000000 0.000000 0.000000
vt -0.461880 0.000000 0.000000
vt -0.000000 0.250000 0.000000
vt -0.461880 0.250000 0.000000
vt 0.000000 0.000000 0.000000
vt -0.461880 -0.000000 0.000000
vt -0.000000 0.250000 0.000000
vt -0.461880 0.250000 0.000000
vt -0.000000 0.000000 0.000000
vt -0.461880 0.000000 0.000000
vt -0.000000 0.250000 0.000000
vt -0.461880 0.250000 0.000000
vt -0.000000 0.000000 0.000000
vt -0.461880 0.000000 0.000000
vt -0.000000 0.250000 0.000000
vt -0.461880 0.250000 0.000000
vt -0.000000 0.000000 0.000000
vt -0.461880 0.000000 0.000000
vt -0.000000 0.250000 0.000000
vt -0.461880 0.250000 0.000000
vt -0.000000 0.000000 0.000000
vt -0.461880 0.000000 0.000000
vt -0.000000 0.250000 0.000000
vt -0.461880 0.250000 0.000000
vt 0.000000 0.000000 0.000000
vt -0.461880 0.000000 0.000000
vt -0.000000 0.250000 0.000000
vt -0.461880 0.250000 0.000000
vt 0.000000 0.000000 0.000000
vt -0.461880 -0.000000 0.000000
vt -0.000000 0.250000 0.000000
vt -0.461880 0.250000 0.000000
vt -0.000000 0.000000 0.000000
vt -0.461880 0.000000 0.000000
vt -0.000000 0.250000 0.000000
vt -0.461880 0.250000 0.000000
vt -0.000000 0.000000 0.000000
vt -0.461880 0.000000 0.000000
vt -0.000000 0.250000 0.000000
vt -0.461880 0.250000 0.000000
vt -0.000000 0.000000 0.000000
vt -0.461880 0.000000 0.000000
vt -0.000000 0.250000 0.000000
vt -0.461880 0.250000 0.000000
vt -0.000000 0.000000 0.000000
vt -0.461880 0.000000 0.000000
vt -0.000000 0.250000 0.000000
vt -0.461880 0.250000 0.000000
vt 0.000000 0.000000 0.000000
vt -0.461880 0.000000 0.000000
vt -0.000000 0.250000 0.000000
vt -0.461880 0.250000 0.000000
vt 0.000000 0.000000 0.000000
vt -0.461880 -0.000000 0.000000
vt -0.000000 0.250000 0.000000
vt -0.461880 0.250000 0.000000
vt -0.000000 0.000000 0.000000
vt -0.461880 0.000000 0.000000
vt -0.000000 0.250000 0.000000
vt -0.461880 0.250000 0.000000
vt -0.000000 0.000000 0.000000
vt -0.461880 0.000000 0.000000
vt -0.000000 0.250000 0.000000
vt -0.461880 0.250000 0.000000
vt -0.000000 0.000000 0.000000
vt -0.461880 0.000000 0.000000
vt -0.000000 0.250000 0.000000
vt -0.461880 0.250000 0.000000
vt -0.000000 0.000000 0.000000
vt -0.461880 0.000000 0.000000
vt -0.000000 0.250000 0.000000
vt -0.461880 0.250000 0.000000
vt 0.000000 0.000000 0.000000
vt -0.461880 0.000000 0.000000
vt -0.000000 0.250000 0.000000
vt -0.461880 0.250000 0.000000
vt 0.000000 0.000000 0.000000
vt -0.461880 -0.000000 0.000000
vt -0.000000 0.250000 0.000000
vt -0.461880 0.250000 0.000000
vt -0.000000 0.000000 0.000000
vt -0.461880 0.000000 0.000000
vt -0.000000 0.250000 0.000000
vt -0.461880 0.250000 0.000000
vt -0.000000 0.000000 0.000000
vt -0.461880 0.000000 0.000000
vt -0.000000 0.250000 0.000000
vt -0.461880 0.250000 0.000000
vt -0.000000 0.000000 0.000000
vt -0.461880 0.000000 0.000000
vt -0.000000 0.250000 0.000000
vt -0.461880 0.250000 0.000000
vt -0.000000 0.000000 0.000000
vt -0.461880 0.000000 0.000000
vt -0.000000 0.250000 0.000000
vt -0.461880 0.250000 0.000000
vt 0.000000 0.000000 0.000000
vt -0.461880 0.000000 0.000000
vt -0.000000 0.250000 0.000000
vt -0.461880 0.250000 0.000000
vt 0.000000 0.000000 0.000000
vt -0.461880 -0.000000 0.000000
vt -0.000000 0.250000 0.000000
vt -0.461880 0.250000 0.000000
vt -0.000000 0.000000 0.000000
vt -0.461880 0.000000 0.000000
vt -0.000000 0.250000 0.000000
vt -0.461880 0.250000 0.000000
vt -0.000000 0.000000 0.000000
vt -0.461880 0.000000 0.000000
vt -0.000000 0.250000 0.000000
vt -0.461880 0.250000 0.000000
vt -0.000000 0.000000 0.000000
vt -0.461880 0.000000 0.000000
vt -0.000000 0.250000 0.000000
vt -0.461880 0.250000 0.000000
vt -0.000000 0.000000 0.000000
vt -0.461880 0.000000 0.000000
vt -0.000000 0.250000 0.000000
vt -0.461880 0.250000 0.000000
vt 0.000000 0.000000 0.000000
vt -0.461880 0.000000 0.000000
vt -0.000000 0.250000 0.000000
vt -0.461880 0.250000 0.000000
vt 0.000000 0.000000 0.000000
vt -0.461880 -0.000000 0.000000
vt -0.000000 0.250000 0.000000
vt -0.461880 0.250000 0.000000
vt -0.000000 0.000000 0.000000
vt -0.461880 0.000000 0.000000
vt -0.000000 0.250000 0.000000
vt -0.461880 0.250000 0.000000
vt -0.000000 0.000000 0.000000
vt -0.461880 0.000000 0.000000
vt -0.000000 0.250000 0.000000
vt -0.461880 0.250000 0.000000
vt -0.000000 0.000000 0.000000
vt -0.461880 0.000000 0.000000
vt -0.000000 0.250000 0.000000
vt -0.461880 0.250000 0.000000
vt -0.000000 0.000000 0.000000
vt -0.461880 0.000000 0.000000
vt -0.000000 0.250000 0.000000
vt -0.461880 0.250000 0.000000
vt 0.000000 0.000000 0.000000
vt -0.461880 0.000000 0.000000
vt -0.000000 0.250000 0.000000
vt -0.461880 0.250000 0.000000
vt 0.000000 0.000000 0.000000
vt -0.461880 -0.000000 0.000000
vt -0.000000 0.250000 0.000000
vt -0.461880 0.250000 0.000000
vt -0.000000 0.000000 0.000000
vt -0.461880 0.000000 0.000000
vt 0.000000 0.250000 0.000000
vt -0.346410 0.250000 0.000000
vt 0.000000 0.000000 0.000000
vt -0.346410 -0.000000 0.000000
vt -0.000000 0.250000 0.000000
vt -0.346410 0.250000 0.000000
vt -0.000000 0.000000 0.000000
vt -0.346410 0.000000 0.000000
vt -0.000000 0.250000 0.000000
vt -0.346410 0.250000 0.000000
vt -0.000000 0.000000 0.000000
vt -0.346410 0.000000 0.000000
vt -0.000000 0.250000 0.000000
vt -0.346410 0.250000 0.000000
vt -0.000000 0.000000 0.000000
vt -0.346410 0.000000 0.000000
vt -0.000000 0.250000 0.000000
vt -0.346410 0.250000 0.000000
vt -0.000000 0.000000 0.000000
vt -0.346410 0.000000 0.000000
vt -0.000000 0.250000 0.000000
vt -0.346410 0.250000 0.000000
vt -0.000000 0.000000 0.000000
vt -0.346410 0.000000 0.000000
vt 0.000000 0.250000 0.000000
vt -0.346410 0.250000 0.000000
vt 0.000000 0.000000 0.000000
vt -0.346410 -0.000000 0.000000
vt -0.000000 0.250000 0.000000
vt -0.346410 0.250000 0.000000
vt -0.000000 0.000000 0.000000
vt -0.346410 0.000000 0.000000
vt -0.000000 0.250000 0.000000
vt -0.346410 0.250000 0.000000
vt -0.000000 0.000000 0.000000
vt -0.346410 0.000000 0.000000
vt -0.000000 0.250000 0.000000
vt -0.346410 0.250000 0.000000
vt -0.000000 0.000000 0.000000
vt -0.346410 0.000000 0.000000
vt -0.000000 0.250000 0.000000
vt -0.346410 0.250000 0.000000
vt -0.000000 0.000000 0.000000
vt -0.346410 0.000000 0.000000
vt -0.000000 0.250000 0.000000
vt -0.346410 0.250000 0.000000
vt -0.000000 0.000000 0.000000
vt -0.346410 0.000000 0.000000
vt -0.000000 0.250000 0.000000
vt -0.346410 0.250000 0.000000
vt 0.000000 0.000000 0.000000
vt -0.346410 -0.000000 0.000000
vt -0.000000 0.250000 0.000000
vt -0.346410 0.250000 0.000000
vt -0.000000 0.000000 0.000000
vt -0.346410 0.000000 0.000000
vt -0.000000 0.250000 0.000000
vt -0.346410 0.250000 0.000000
vt -0.000000 0.000000 0.000000
vt -0.346410 0.000000 0.000000
vt -0.000000 0.250000 0.000000
vt -0.346410 0.250000 0.000000
vt -0.000000 0.000000 0.000000
vt -0.346410 0.000000 0.000000
vt -0.000000 0.250000 0.000000
vt -0.346410 0.250000 0.000000
vt -0.000000 0.000000 0.000000
vt -0.346410 0.000000 0.000000
vt -0.000000 0.250000 0.000000
vt -0.346410 0.250000 0.000000
vt -0.000000 0.000000 0.000000
vt -0.346410 0.000000 0.000000
vt 0.000000 0.250000 0.000000
vt -0.346410 0.250000 0.000000
vt 0.000000 0.000000 0.000000
vt -0.346410 -0.000000 0.000000
vt -0.000000 0.250000 0.000000
vt -0.346410 0.250000 0.000000
vt -0.000000 0.000000 0.000000
vt -0.346410 0.000000 0.000000
vt -0.000000 0.250000 0.000000
vt -0.346410 0.250000 0.000000
vt -0.000000 0.000000 0.000000
vt -0.346410 0.000000 0.000000
vt -0.000000 0.250000 0.000000
vt -0.346410 0.250000 0.000000
vt -0.000000 0.000000 0.000000
vt -0.346410 0.000000 0.000000
vt -0.000000 0.250000 0.000000
vt -0.346410 0.250000 0.000000
vt -0.000000 0.000000 0.000000
vt -0.346410 0.000000 0.000000
vt -0.000000 0.250000 0.000000
vt -0.346410 0.250000 0.000000
vt -0.000000 0.000000 0.000000
vt -0.346410 0.000000 0.000000
vt -0.000000 0.250000 0.000000
vt -0.346410 0.250000 0.000000
vt 0.000000 0.000000 0.000000
vt -0.346410 -0.000000 0.000000
vt -0.000000 0.250000 0.000000
vt -0.346410 0.250000 0.000000
vt -0.000000 0.000000 0.000000
vt -0.346410 0.000000 0.000000
vt -0.000000 0.250000 0.000000
vt -0.346410 0.250000 0.000000
vt -0.000000 0.000000 0.000000
vt -0.346410 0.000000 0.000000
vt -0.000000 0.250000 0.000000
vt -0.346410 0.250000 0.000000
vt -0.000000 0.000000 0.000000
vt -0.346410 0.000000 0.000000
vt -0.000000 0.250000 0.000000
vt -0.346410 0.250000 0.000000
vt -0.000000 0.000000 0.000000
vt -0.346410 0.000000 0.000000
vt -0.000000 0.250000 0.000000
vt -0.346410 0.250000 0.000000
vt -0.000000 0.000000 0.000000
vt -0.346410 0.000000 0.000000
vt 0.000000 0.250000 0.000000
vt -0.461880 0.250000 0.000000
vt -0.000000 -0.100000 0.000000
vt -0.461880 -0.100000 0.000000
vt 0.000000 0.250000 0.000000
vt -0.461880 0.250000 0.000000
vt -0.000000 -0.100000 0.000000
vt -0.461880 -0.100000 0.000000
vt -0.000000 0.250000 0.000000
vt -0.461880 0.250000 0.000000
vt -0.000000 -0.100000 0.000000
vt -0.461880 -0.100000 0.000000
vt -0.000000 0.250000 0.000000
vt -0.461880 0.250000 0.000000
vt -0.000000 -0.100000 0.000000
vt -0.461880 -0.100000 0.000000
vt -0.000000 0.250000 0.000000
vt -0.461880 0.250000 0.000000
vt 0.000000 -0.100000 0.000000
vt -0.461880 -0.100000 0.000000
vt -0.000000 0.250000 0.000000
vt -0.461880 0.250000 0.000000
vt -0.000000 -0.100000 0.000000
vt -0.461880 -0.100000 0.000000
vt 0.000000 0.250000 0.000000
vt -0.461880 0.250000 0.000000
vt -0.000000 -0.100000 0.000000
vt -0.461880 -0.100000 0.000000
vt 0.000000 0.250000 0.000000
vt -0.461880 0.250000 0.000000
vt -0.000000 -0.100000 0.000000
vt -0.461880 -0.100000 0.000000
vt -0.000000 0.250000 0.000000
vt -0.461880 0.250000 0.000000
vt -0.000000 -0.100000 0.000000
vt -0.461880 -0.100000 0.000000
vt -0.000000 0.250000 0.000000
vt -0.461880 0.250000 0.000000
vt -0.000000 -0.100000 0.000000
vt -0.461880 -0.100000 0.000000
vt -0.000000 0.250000 0.000000
vt -0.461880 0.250000 0.000000
vt -0.000000 -0.100000 0.000000
vt -0.461880 -0.100000 0.000000
vt -0.000000 0.250000 0.000000
vt -0.461880 0.250000 0.000000
vt -0.000000 -0.100000 0.000000
vt -0.461880 -0.100000 0.000000
vt -0.000000 0.250000 0.000000
vt -0.577350 0.250000 0.000000
vt -0.000000 -0.100000 0.000000
vt -0.577350 -0.100000 0.000000
vt 0.000000 0.250000 0.000000
vt -0.577350 0.250000 0.000000
vt -0.000000 -0.100000 0.000000
vt -0.577350 -0.100000 0.000000
vt 0.000000 0.250000 0.000000
vt -0.577350 0.250000 0.000000
vt -0.000000 -0.100000 0.000000
vt -0.577350 -0.100000 0.000000
vt -0.000000 0.250000 0.000000
vt -0.577350 0.250000 0.000000
vt -0.000000 -0.100000 0.000000
vt -0.577350 -0.100000 0.000000
vt -0.000000 0.250000 0.000000
vt -0.577350 0.250000 0.000000
vt -0.000000 -0.100000 0.000000
vt -0.577350 -0.100000 0.000000
vt -0.000000 0.250000 0.000000
vt -0.577350 0.250000 0.000000
vt -0.000000 -0.100000 0.000000
vt -0.577350 -0.100000 0.000000
vt -0.000000 0.250000 0.000000
vt -0.577350 0.250000 0.000000
vt -0.000000 -0.100000 0.000000
vt -0.577350 -0.100000 0.000000
vt 0.000000 0.250000 0.000000
vt -0.577350 0.250000 0.000000
vt -0.000000 -0.100000 0.000000
vt -0.577350 -0.100000 0.000000
vt 0.000000 0.250000 0.000000
vt -0.577350 0.250000 0.000000
vt -0.000000 -0.100000 0.000000
vt -0.577350 -0.100000 0.000000
vt -0.000000 0.250000 0.000000
vt -0.577350 0.250000 0.000000
vt -0.000000 -0.100000 0.000000
vt -0.577350 -0.100000 0.000000
vt -0.000000 0.250000 0.000000
vt -0.577350 0.250000 0.000000
vt -0.000000 -0.100000 0.000000
vt -0.577350 -0.100000 0.000000
vt -0.000000 0.250000 0.000000
vt -0.577350 0.250000 0.000000
vt -0.000000 -0.100000 0.000000
vt -0.577350 -0.100000 0.000000
vt -0.000000 0.250000 0.000000
vt -0.577350 0.250000 0.000000
vt -0.000000 -0.100000 0.000000
vt -0.577350 -0.100000 0.000000
vt 0.000000 0.250000 0.000000
vt -0.577350 0.250000 0.000000
vt -0.000000 -0.100000 0.000000
vt -0.577350 -0.100000 0.000000
vt 0.000000 0.250000 0.000000
vt -0.577350 0.250000 0.000000
vt -0.000000 -0.100000 0.000000
vt -0.577350 -0.100000 0.000000
vt -0.000000 0.250000 0.000000
vt -0.577350 0.250000 0.000000
vt -0.000000 -0.100000 0.000000
vt -0.577350 -0.100000 0.000000
vt -0.000000 0.250000 0.000000
vt -0.577350 0.250000 0.000000
vt -0.000000 -0.100000 0.000000
vt -0.577350 -0.100000 0.000000
vt -0.000000 0.250000 0.000000
vt -0.577350 0.250000 0.000000
vt -0.000000 -0.100000 0.000000
vt -0.577350 -0.100000 0.000000
vt -0.000000 0.250000 0.000000
vt -0.577350 0.250000 0.000000
vt -0.000000 -0.100000 0.000000
vt -0.577350 -0.100000 0.000000
vt 0.000000 0.250000 0.000000
vt -0.577350 0.250000 0.000000
vt -0.000000 -0.100000 0.000000
vt -0.577350 -0.100000 0.000000
vt 0.000000 0.250000 0.000000
vt -0.577350 0.250000 0.000000
vt -0.000000 -0.100000 0.000000
vt -0.577350 -0.100000 0.000000
vt -0.000000 0.250000 0.000000
vt -0.577350 0.250000 0.000000
vt -0.000000 -0.100000 0.000000
vt -0.577350 -0.100000 0.000000
vt -0.000000 0.250000 0.000000
vt -0.577350 0.250000 0.000000
vt -0.000000 -0.100000 0.000000
vt -0.577350 -0.100000 0.000000
vt -0.000000 0.250000 0.000000
vt -0.577350 0.250000 0.000000
vt -0.000000 -0.100000 0.000000
vt -0.577350 -0.100000 0.000000
vt -0.000000 0.250000 0.000000
vt -0.577350 0.250000 0.000000
vt -0.000000 -0.100000 0.000000
vt -0.577350 -0.100000 0.000000
vt 0.000000 0.250000 0.000000
vt -0.577350 0.250000 0.000000
vt -0.000000 -0.100000 0.000000
vt -0.577350 -0.100000 0.000000
vt 0.000000 0.250000 0.000000
vt -0.577350 0.250000 0.000000
vt -0.000000 -0.100000 0.000000
vt -0.577350 -0.100000 0.000000
vt -0.000000 0.250000 0.000000
vt -0.577350 0.250000 0.000000
vt -0.000000 -0.100000 0.000000
vt -0.577350 -0.100000 0.000000
vt -0.000000 0.250000 0.000000
vt -0.577350 0.250000 0.000000
vt -0.000000 -0.100000 0.000000
vt -0.577350 -0.100000 0.000000
vt -0.000000 0.250000 0.000000
vt -0.577350 0.250000 0.000000
vt -0.000000 -0.100000 0.000000
vt -0.577350 -0.100000 0.000000
vt -0.000000 0.250000 0.000000
vt -0.577350 0.250000 0.000000
vt -0.000000 -0.100000 0.000000
vt -0.577350 -0.100000 0.000000
vt 0.000000 0.250000 0.000000
vt -0.577350 0.250000 0.000000
vt -0.000000 -0.100000 0.000000
vt -0.577350 -0.100000 0.000000
vt 0.000000 0.250000 0.000000
vt -0.577350 0.250000 0.000000
vt -0.000000 -0.100000 0.000000
vt -0.577350 -0.100000 0.000000
vt -0.000000 0.250000 0.000000
vt -0.577350 0.250000 0.000000
vt -0.000000 -0.100000 0.000000
vt -0.577350 -0.100000 0.000000
vt -0.000000 0.250000 0.000000
vt -0.577350 0.250000 0.000000
vt -0.000000 -0.100000 0.000000
vt -0.577350 -0.100000 0.000000
vt -0.000000 0.250000 0.000000
vt -0.577350 0.250000 0.000000
vt -0.000000 -0.100000 0.000000
vt -0.577350 -0.100000 0.000000
vt -0.000000 0.250000 0.000000
vt -0.577350 0.250000 0.000000
vt -0.000000 -0.100000 0.000000
vt -0.577350 -0.100000 0.000000
vt 0.000000 0.250000 0.000000
vt -0.577350 0.250000 0.000000
vt -0.000000 -0.100000 0.000000
vt -0.577350 -0.100000 0.000000
vt 0.000000 0.250000 0.000000
vt -0.577350 0.250000 0.000000
vt -0.000000 -0.100000 0.000000
vt -0.577350 -0.100000 0.000000
vt -0.000000 0.250000 0.000000
vt -0.577350 0.250000 0.000000
vt -0.000000 -0.100000 0.000000
vt -0.577350 -0.100000 0.000000
vt -0.000000 0.250000 0.000000
vt -0.577350 0.250000 0.000000
vt -0.000000 -0.100000 0.000000
vt -0.577350 -0.100000 0.000000
vt -0.000000 0.250000 0.000000
vt -0.577350 0.250000 0.000000
vt -0.000000 -0.100000 0.000000
vt -0.577350 -0.100000 0.000000
vt -0.000000 0.250000 0.000000
vt -0.577350 0.250000 0.000000
vt -0.000000 -0.100000 0.000000
vt -0.577350 -0.100000 0.000000
vt 0.000000 0.250000 0.000000
vt -0.577350 0.250000 0.000000
vt -0.000000 -0.100000 0.000000
vt -0.577350 -0.100000 0.000000
vt 0.000000 0.250000 0.000000
vt -0.577350 0.250000 0.000000
vt -0.000000 -0.100000 0.000000
vt -0.577350 -0.100000 0.000000
vt -0.000000 0.250000 0.000000
vt -0.577350 0.250000 0.000000
vt -0.000000 -0.100000 0.000000
vt -0.577350 -0.100000 0.000000
vt -0.000000 0.250000 0.000000
vt -0.577350 0.250000 0.000000
vt -0.000000 -0.100000 0.000000
vt -0.577350 -0.100000 0.000000
vt -0.000000 0.250000 0.000000
vt -0.577350 0.250000 0.000000
vt -0.000000 -0.100000 0.000000
vt -0.577350 -0.100000 0.000000
vt 0.150000 -0.706858 0.000000
vt 0.500000 -0.706858 0.000000
vt 0.150000 -0.471239 0.000000
vt 0.500000 -0.471239 0.000000
vt 0.150000 -0.235619 0.000000
vt 0.500000 -0.235619 0.000000
vt 0.150000 0.000000 0.000000
vt 0.500000 -0.000000 0.000000
vt 0.150000 0.235619 0.000000
vt 0.500000 0.235619 0.000000
vt 0.150000 0.471239 0.000000
vt 0.500000 0.471239 0.000000
vt 0.150000 0.706858 0.000000
vt 0.500000 0.706858 0.000000
vt -0.885445 2.503891 0.000000
vt -1.326311 2.565068 0.000000
vt -0.890557 2.465068 0.000000
vt -1.326311 2.365068 0.000000
vt -0.885445 2.426245 0.000000
vt -1.295645 2.132131 0.000000
vt -1.205734 1.915068 0.000000
vt -0.870460 2.540068 0.000000
vt -1.205734 3.015068 0.000000
vt -1.295645 2.798005 0.000000
vt -1.062708 3.201464 0.000000
vt -0.846623 2.571134 0.000000
vt -0.815557 2.594972 0.000000
vt -0.876311 3.344491 0.000000
vt -0.779379 2.609957 0.000000
vt -0.740557 2.615068 0.000000
vt -0.659249 3.434402 0.000000
vt -0.701734 2.609957 0.000000
vt -0.665557 2.594972 0.000000
vt -0.390557 3.215068 0.000000
vt -0.634491 2.571134 0.000000
vt -0.610653 2.540068 0.000000
vt -0.595668 2.503891 0.000000
vt -0.590557 2.465068 0.000000
vt -0.390557 1.715068 0.000000
vt -0.595668 2.426245 0.000000
vt -0.610653 2.390068 0.000000
vt -0.634491 2.359002 0.000000
vt -0.665557 2.335164 0.000000
vt -0.659249 1.495735 0.000000
vt -0.701734 2.320179 0.000000
vt -0.740557 2.315068 0.000000
vt -0.876311 1.585645 0.000000
vt -0.779379 2.320179 0.000000
vt -0.815557 2.335164 0.000000
vt -1.062708 1.728672 0.000000
vt -0.846623 2.359002 0.000000
vt -0.870460 2.390068 0.000000
vt -0.426311 3.465068 0.000000
vt -0.382741 3.277089 0.000000
vt -0.359784 3.335232 0.000000
vt -0.426311 1.465068 0.000000
vt -0.382741 1.653048 0.000000
vt -0.359784 1.594905 0.000000
vt -0.323121 1.544275 0.000000
vt -0.275043 1.504323 0.000000
vt -0.218557 1.465068 0.000000
vt -0.218557 1.477548 0.000000
vt -0.323121 3.385862 0.000000
vt -0.275043 3.425813 0.000000
vt -0.218557 3.465068 0.000000
vt -0.218557 3.452589 0.000000
vt -0.100000 0.400000 0.000000
vt 0.100000 0.400000 0.000000
vt -0.100000 0.750000 0.000000
vt 0.100000 0.750000 0.000000
vt -0.150000 0.706858 0.000000
vt -0.500000 0.706858 0.000000
vt -0.150000 0.471239 0.000000
vt -0.500000 0.471239 0.000000
vt -0.150000 0.235619 0.000000
vt -0.500000 0.235619 0.000000
vt -0.150000 -0.000000 0.000000
vt -0.500000 -0.000000 0.000000
vt -0.150000 -0.235619 0.000000
vt -0.500000 -0.235619 0.000000
vt -0.150000 -0.471239 0.000000
vt -0.500000 -0.471239 0.000000
vt -0.150000 -0.706858 0.000000
vt -0.500000 -0.706858 0.000000
vt 0.150000 -0.706858 0.000000
vt 0.500000 -0.706858 0.000000
vt 0.150000 -0.471239 0.000000
vt 0.500000 -0.471239 0.000000
vt 0.150000 -0.235619 0.000000
vt 0.500000 -0.235619 0.000000
vt 0.150000 0.000000 0.000000
vt 0.500000 -0.000000 0.000000
vt 0.150000 0.235619 0.000000
vt 0.500000 0.235619 0.000000
vt 0.150000 0.471239 0.000000
vt 0.500000 0.471239 0.000000
vt 0.150000 0.706858 0.000000
vt 0.500000 0.706858 0.000000
vt -0.100000 0.400000 0.000000
vt 0.100000 0.400000 0.000000
vt -0.100000 0.750000 0.000000
vt 0.100000 0.750000 0.000000
vt -0.150000 0.706858 0.000000
vt -0.500000 0.706858 0.000000
vt -0.150000 0.471239 0.000000
vt -0.500000 0.471239 0.000000
vt -0.150000 0.235619 0.000000
vt -0.500000 0.235619 0.000000
vt -0.150000 0.000000 0.000000
vt -0.500000 0.000000 0.000000
vt -0.150000 -0.235619 0.000000
vt -0.500000 -0.235619 0.000000
vt -0.150000 -0.471239 0.000000
vt -0.500000 -0.471239 0.000000
vt -0.150000 -0.706858 0.000000
vt -0.500000 -0.706858 0.000000
vt 1.122000 0.250000 0.000000
vt 0.000000 0.250000 0.000000
vt 1.122000 -0.100000 0.000000
vt 0.000000 -0.100000 0.000000
vt 1.122000 0.250000 0.000000
vt 0.000000 0.250000 0.000000
vt 1.122000 -0.100000 0.000000
vt 0.000000 -0.100000 0.000000
vt 10.925847 0.350000 0.000000
vt 8.600000 0.350000 0.000000
vt 10.925847 0.000000 0.000000
vt 8.600000 0.000000 0.000000
vt 2.590365 0.000000 0.000000
vt 6.600000 0.000000 0.000000
vt 2.590365 0.350000 0.000000
vt 6.600000 0.350000 0.000000
vt 1.122000 0.250000 0.000000
vt 0.000000 0.250000 0.000000
vt 1.122000 -0.100000 0.000000
vt 0.000000 -0.100000 0.000000
vt 1.122000 0.250000 0.000000
vt 0.000000 0.250000 0.000000
vt 1.122000 -0.100000 0.000000
vt 0.000000 -0.100000 0.000000
vt -7.751693 0.000000 0.000000
vt -5.425847 0.000000 0.000000
vt -7.751693 0.350000 0.000000
vt -5.425847 0.350000 0.000000
vt -3.425847 0.000000 0.000000
vt 2.924153 -0.000000 0.000000
vt -3.425847 0.350000 0.000000
vt 2.924153 0.350000 0.000000
vt 0.000000 1.321884 0.000000
vt -3.190000 1.321884 0.000000
vt 0.000000 -0.678116 0.000000
vt -3.190000 -0.678116 0.000000
vt -0.100000 0.431969 0.000000
vt 0.250000 0.431969 0.000000
vt -0.100000 0.471239 0.000000
vt 0.250000 0.471239 0.000000
vt -0.100000 -0.471239 0.000000
vt 0.250000 -0.471239 0.000000
vt -0.100000 -0.431969 0.000000
vt 0.250000 -0.431969 0.000000
vt -0.100000 -0.392699 0.000000
vt 0.250000 -0.392699 0.000000
vt -0.100000 -0.353429 0.000000
vt 0.250000 -0.353429 0.000000
vt -0.100000 -0.314159 0.000000
vt 0.250000 -0.314159 0.000000
vt -0.100000 -0.274889 0.000000
vt 0.250000 -0.274889 0.000000
vt -0.100000 -0.235619 0.000000
vt 0.250000 -0.235619 0.000000
vt -0.100000 -0.196350 0.000000
vt 0.250000 -0.196350 0.000000
vt -0.100000 -0.157080 0.000000
vt 0.250000 -0.157080 0.000000
vt -0.100000 -0.117810 0.000000
vt 0.250000 -0.117810 0.000000
vt -0.100000 -0.078540 0.000000
vt 0.250000 -0.078540 0.000000
vt -0.100000 -0.039270 0.000000
vt 0.250000 -0.039270 0.000000
vt -0.100000 0.000000 0.000000
vt 0.250000 0.000000 0.000000
vt -0.100000 0.039270 0.000000
vt 0.250000 0.039270 0.000000
vt -0.100000 0.078540 0.000000
vt 0.250000 0.078540 0.000000
vt -0.100000 0.117810 0.000000
vt 0.250000 0.117810 0.000000
vt -0.100000 0.157080 0.000000
vt 0.250000 0.157080 0.000000
vt -0.100000 0.196350 0.000000
vt 0.250000 0.196350 0.000000
vt -0.100000 0.235619 0.000000
vt 0.250000 0.235619 0.000000
vt -0.100000 0.274889 0.000000
vt 0.250000 0.274889 0.000000
vt -0.100000 0.314159 0.000000
vt 0.250000 0.314159 0.000000
vt -0.100000 0.353429 0.000000
vt 0.250000 0.353429 0.000000
vt -0.100000 0.392699 0.000000
vt 0.250000 0.392699 0.000000
vt -0.100000 0.431969 0.000000
vt 0.250000 0.431969 0.000000
vt -0.100000 0.471239 0.000000
vt 0.250000 0.471239 0.000000
vt -0.100000 -0.471239 0.000000
vt 0.250000 -0.471239 0.000000
vt -0.100000 -0.431969 0.000000
vt 0.250000 -0.431969 0.000000
vt -0.100000 -0.392699 0.000000
vt 0.250000 -0.392699 0.000000
vt -0.100000 -0.353429 0.000000
vt 0.250000 -0.353429 0.000000
vt -0.100000 -0.314159 0.000000
vt 0.250000 -0.314159 0.000000
vt -0.100000 -0.274889 0.000000
vt 0.250000 -0.274889 0.000000
vt -0.100000 -0.235619 0.000000
vt 0.250000 -0.235619 0.000000
vt -0.100000 -0.196350 0.000000
vt 0.250000 -0.196350 0.000000
vt -0.100000 -0.157080 0.000000
vt 0.250000 -0.157080 0.000000
vt -0.100000 -0.117810 0.000000
vt 0.250000 -0.117810 0.000000
vt -0.100000 -0.078540 0.000000
vt 0.250000 -0.078540 0.000000
vt -0.100000 -0.039270 0.000000
vt 0.250000 -0.039270 0.000000
vt -0.100000 0.000000 0.000000
vt 0.250000 0.000000 0.000000
vt -0.100000 0.039270 0.000000
vt 0.250000 0.039270 0.000000
vt -0.100000 0.078540 0.000000
vt 0.250000 0.078540 0.000000
vt -0.100000 0.117810 0.000000
vt 0.250000 0.117810 0.000000
vt -0.100000 0.157080 0.000000
vt 0.250000 0.157080 0.000000
vt -0.100000 0.196350 0.000000
vt 0.250000 0.196350 0.000000
vt -0.100000 0.235619 0.000000
vt 0.250000 0.235619 0.000000
vt -0.100000 0.274889 0.000000
vt 0.250000 0.274889 0.000000
vt -0.100000 0.314159 0.000000
vt 0.250000 0.314159 0.000000
vt -0.100000 0.353429 0.000000
vt 0.250000 0.353429 0.000000
vt -0.100000 0.392699 0.000000
vt 0.250000 0.392699 0.000000
vt -0.757532 0.000000 0.000000
vt -0.745052 0.000000 0.000000
vt -0.757532 0.350000 0.000000
vt -0.745052 0.350000 0.000000
vt -0.757532 -0.000000 0.000000
vt -0.745052 0.000000 0.000000
vt -0.757532 0.350000 0.000000
vt -0.745052 0.350000 0.000000
vt 2.200000 0.100000 0.000000
vt 0.000000 0.100000 0.000000
vt 2.200000 0.000000 0.000000
vt 0.000000 0.000000 0.000000
vt -4.339706 0.051982 0.000000
vt -3.056538 0.800000 0.000000
vt -4.340000 0.078000 0.000000
vt -3.493462 0.800000 0.000000
vt -3.839872 0.800000 0.000000
vt -2.710128 0.800000 0.000000
vt -4.338823 0.025978 0.000000
vt -4.337352 0.000000 0.000000
vt -2.273205 0.800000 0.000000
vt -0.000000 0.000000 0.000000
vt -1.926795 0.800000 0.000000
vt -1.489872 0.800000 0.000000
vt -1.753590 1.100000 0.000000
vt -1.663077 1.100000 0.000000
vt -1.926795 1.400000 0.000000
vt -1.489872 1.400000 0.000000
vt -0.000000 2.200000 0.000000
vt -1.143462 1.400000 0.000000
vt -0.706538 1.400000 0.000000
vt -0.879743 1.100000 0.000000
vt -0.970257 1.100000 0.000000
vt -0.706538 0.800000 0.000000
vt -1.143462 0.800000 0.000000
vt -0.186923 1.100000 0.000000
vt -0.360128 0.800000 0.000000
vt -2.273205 1.400000 0.000000
vt -4.337352 2.200000 0.000000
vt -2.710128 1.400000 0.000000
vt -4.338823 2.174022 0.000000
vt -4.339706 2.148018 0.000000
vt -3.056538 1.400000 0.000000
vt -4.340000 2.122000 0.000000
vt -3.493462 1.400000 0.000000
vt -3.839872 1.400000 0.000000
vt -4.013077 1.100000 0.000000
vt -0.360128 1.400000 0.000000
vt -3.229743 1.100000 0.000000
vt -3.320257 1.100000 0.000000
vt -2.446410 1.100000 0.000000
vt -2.536923 1.100000 0.000000
vt -3.272000 -4.390000 0.000000
vt -3.566925 -4.330582 0.000000
vt -4.394000 -4.390000 0.000000
vt -3.838487 -4.202243 0.000000
vt -4.069671 -4.010488 0.000000
vt -3.272000 -4.387462 0.000000
vt -4.245994 -3.767328 0.000000
vt -4.356410 -3.487999 0.000000
vt -4.394000 -3.190000 0.000000
vt 1.200000 -4.390000 0.000000
vt 0.905075 -4.330582 0.000000
vt 0.078000 -4.390000 0.000000
vt 0.633513 -4.202243 0.000000
vt 0.402329 -4.010488 0.000000
vt 1.200000 -4.387462 0.000000
vt 0.226006 -3.767328 0.000000
vt 0.115590 -3.487999 0.000000
vt 0.078000 -3.190000 0.000000
vt 0.050000 -3.190000 0.000000
vt 0.012410 -3.487999 0.000000
vt 0.050000 -4.390000 0.000000
vt -0.098006 -3.767328 0.000000
vt -0.274329 -4.010488 0.000000
vt -0.505513 -4.202243 0.000000
vt -0.777075 -4.330582 0.000000
vt -1.072000 -4.390000 0.000000
vt -1.072000 -4.387462 0.000000
vt 4.522000 -3.190000 0.000000
vt 4.484410 -3.487999 0.000000
vt 4.522000 -4.390000 0.000000
vt 4.373994 -3.767328 0.000000
vt 4.197671 -4.010488 0.000000
vt 3.966487 -4.202243 0.000000
vt 3.694925 -4.330582 0.000000
vt 3.400000 -4.390000 0.000000
vt 3.400000 -4.387462 0.000000
vt -1.048016 0.499718 0.000000
vt -1.074020 0.498872 0.000000
vt -1.022000 0.500000 0.000000
vt -1.100000 0.497462 0.000000
vt -1.100000 -0.750000 0.000000
vt 1.100000 -0.750000 0.000000
vt 1.022000 0.500000 0.000000
vt 1.100000 0.497462 0.000000
vt 1.074020 0.498872 0.000000
vt 1.048016 0.499718 0.000000
vt -8.300000 0.916459 0.000000
vt -2.000000 0.864423 0.000000
vt -8.300000 0.942478 0.000000
vt -0.000000 0.864423 0.000000
vt 6.350000 0.890441 0.000000
vt 6.350000 0.864423 0.000000
vt -8.300000 0.890441 0.000000
vt -8.300000 0.864423 0.000000
vt -2.000000 0.563273 0.000000
vt -0.000000 0.563273 0.000000
vt -2.000000 0.262123 0.000000
vt -0.000000 0.262123 0.000000
vt -2.000000 -0.039028 0.000000
vt -0.000000 -0.039028 0.000000
vt -2.000000 -0.340178 0.000000
vt -0.000000 -0.340178 0.000000
vt -2.000000 -0.641328 0.000000
vt -0.000000 -0.641328 0.000000
vt -0.000000 -0.942478 0.000000
vt -2.000000 -0.942478 0.000000
vt -0.975000 0.942478 0.000000
vt 6.350000 0.916459 0.000000
vt 6.350000 0.942478 0.000000
vt -3.194000 8.300000 0.000000
vt -1.941060 7.436364 0.000000
vt -1.150000 8.300000 0.000000
vt -1.710120 7.036364 0.000000
vt -1.710120 5.672727 0.000000
vt -1.941060 6.636364 0.000000
vt -1.941060 6.072727 0.000000
vt -2.402940 6.636364 0.000000
vt -2.402940 6.072727 0.000000
vt -2.633880 5.672727 0.000000
vt -2.633880 7.036364 0.000000
vt -2.402940 7.436364 0.000000
vt -2.633880 4.309091 0.000000
vt -3.194000 0.975000 0.000000
vt -2.633880 2.945455 0.000000
vt -2.633880 1.581818 0.000000
vt -2.402940 1.981818 0.000000
vt -3.194000 -6.350000 0.000000
vt -2.633880 -2.509091 0.000000
vt -2.633880 -1.145455 0.000000
vt -2.633880 0.218182 0.000000
vt -2.402940 -0.181818 0.000000
vt -2.402940 -0.745455 0.000000
vt -1.941060 -0.745455 0.000000
vt -1.150000 -6.350000 0.000000
vt -2.402940 -5.636364 0.000000
vt -2.633880 -5.236364 0.000000
vt -2.633880 -3.872727 0.000000
vt -2.402940 -4.272727 0.000000
vt -2.402940 -4.836364 0.000000
vt -1.941060 -4.836364 0.000000
vt -1.150000 0.975000 0.000000
vt -1.710120 -2.509091 0.000000
vt -1.710120 -3.872727 0.000000
vt -1.710120 -5.236364 0.000000
vt -1.941060 -4.272727 0.000000
vt -1.710120 4.309091 0.000000
vt -1.710120 2.945455 0.000000
vt -1.710120 1.581818 0.000000
vt -1.941060 1.981818 0.000000
vt -1.941060 2.545455 0.000000
vt -2.402940 2.545455 0.000000
vt -1.941060 1.181818 0.000000
vt -2.402940 1.181818 0.000000
vt -2.402940 -3.472727 0.000000
vt -2.402940 -2.909091 0.000000
vt -1.941060 -3.472727 0.000000
vt -1.941060 -2.909091 0.000000
vt -2.402940 -1.545455 0.000000
vt -2.402940 -2.109091 0.000000
vt -1.941060 -2.109091 0.000000
vt -1.941060 -1.545455 0.000000
vt -1.710120 -1.145455 0.000000
vt -1.710120 0.218182 0.000000
vt -1.941060 0.618182 0.000000
vt -2.402940 0.618182 0.000000
vt -2.402940 3.909091 0.000000
vt -2.402940 3.345455 0.000000
vt -1.941060 3.345455 0.000000
vt -1.941060 3.909091 0.000000
vt -2.402940 5.272727 0.000000
vt -1.941060 4.709091 0.000000
vt -1.941060 5.272727 0.000000
vt -2.402940 4.709091 0.000000
vt -1.941060 -0.181818 0.000000
vt -1.941060 -5.636364 0.000000
vt 7.960942 0.864423 0.000000
vt 7.960942 0.890441 0.000000
vt 1.660942 0.864423 0.000000
vt -6.689058 0.942478 0.000000
vt -0.339058 0.864423 0.000000
vt -6.689058 0.916459 0.000000
vt -6.689058 0.890441 0.000000
vt 0.635942 0.942478 0.000000
vt 7.960942 0.916459 0.000000
vt 7.960942 0.942478 0.000000
vt -6.689058 0.864423 0.000000
vt -0.339058 0.563273 0.000000
vt 1.660942 0.563273 0.000000
vt -0.339058 0.262123 0.000000
vt 1.660942 0.262123 0.000000
vt -0.339058 -0.039028 0.000000
vt 1.660942 -0.039028 0.000000
vt -0.339058 -0.340178 0.000000
vt 1.660942 -0.340178 0.000000
vt -0.339058 -0.641328 0.000000
vt 1.660942 -0.641328 0.000000
vt 1.660942 -0.942478 0.000000
vt -0.339058 -0.942478 0.000000
vt 0.000000 -3.646801 0.000000
vt -0.009828 -3.646736 0.000000
vt 0.000000 -3.672502 0.000000
vt 0.000000 -3.698203 0.000000
vt -0.013090 -3.723904 0.000000
vt -0.000000 -3.723904 0.000000
vt -0.019652 -3.646555 0.000000
vt -0.026180 -3.723904 0.000000
vt -0.029479 -3.646251 0.000000
vt -0.039270 -3.723904 0.000000
vt -0.039295 -3.645846 0.000000
vt -0.049115 -3.645341 0.000000
vt -0.052360 -3.723904 0.000000
vt -0.058923 -3.644761 0.000000
vt -0.065450 -3.723904 0.000000
vt -0.068734 -3.644120 0.000000
vt -0.078540 -3.697084 0.000000
vt -0.078540 -3.670264 0.000000
vt -0.078540 -3.643444 0.000000
vt -0.078540 -3.723904 0.000000
vt -0.614000 -0.026180 0.000000
vt -0.869500 -0.026180 0.000000
vt -0.614000 -0.039270 0.000000
vt -1.125000 -0.026180 0.000000
vt -1.380500 -0.026180 0.000000
vt -1.380500 -0.013090 0.000000
vt -1.636000 -0.013090 0.000000
vt -1.636000 0.000000 0.000000
vt -1.891500 0.000000 0.000000
vt -1.891500 0.013090 0.000000
vt -2.147000 0.013090 0.000000
vt -2.147000 0.026180 0.000000
vt -2.402500 0.026180 0.000000
vt -2.658000 0.039270 0.000000
vt -2.658000 0.026180 0.000000
vt -0.869500 -0.013090 0.000000
vt -0.614000 -0.013090 0.000000
vt -0.869500 0.000000 0.000000
vt -0.614000 0.000000 0.000000
vt -0.869500 0.013090 0.000000
vt -0.614000 0.013090 0.000000
vt -0.869500 0.026180 0.000000
vt -0.614000 0.026180 0.000000
vt -0.614000 0.039270 0.000000
vt -1.636000 0.026180 0.000000
vt -1.380500 0.026180 0.000000
vt -1.125000 0.026180 0.000000
vt -1.125000 0.013090 0.000000
vt -2.402500 0.013090 0.000000
vt -2.658000 0.013090 0.000000
vt -2.402500 0.000000 0.000000
vt -2.658000 0.000000 0.000000
vt -2.402500 -0.013090 0.000000
vt -2.658000 -0.013090 0.000000
vt -2.402500 -0.026180 0.000000
vt -2.658000 -0.026180 0.000000
vt -2.658000 -0.039270 0.000000
vt -1.636000 -0.026180 0.000000
vt -1.891500 -0.026180 0.000000
vt -2.147000 -0.026180 0.000000
vt -2.147000 -0.013090 0.000000
vt -1.125000 -0.013090 0.000000
vt -1.125000 0.000000 0.000000
vt -1.891500 -0.013090 0.000000
vt -1.380500 0.000000 0.000000
vt -1.636000 0.013090 0.000000
vt -1.891500 0.026180 0.000000
vt -2.147000 0.000000 0.000000
vt -1.380500 0.013090 0.000000
vt -0.000000 -3.723904 0.000000
vt -0.013090 -3.723904 0.000000
vt -0.000000 -3.749604 0.000000
vt -0.009828 -3.801072 0.000000
vt -0.000000 -3.775305 0.000000
vt -0.000000 -3.801006 0.000000
vt -0.019652 -3.801252 0.000000
vt -0.026180 -3.723904 0.000000
vt -0.029479 -3.801556 0.000000
vt -0.039270 -3.723904 0.000000
vt -0.039295 -3.801961 0.000000
vt -0.049115 -3.802467 0.000000
vt -0.052360 -3.723904 0.000000
vt -0.058923 -3.803046 0.000000
vt -0.065450 -3.723904 0.000000
vt -0.068734 -3.803687 0.000000
vt -0.078540 -3.723904 0.000000
vt -0.078540 -3.750724 0.000000
vt -0.078540 -3.777543 0.000000
vt -0.078540 -3.804363 0.000000
vt -0.300000 -0.157080 0.000000
vt 1.400000 -0.157080 0.000000
vt 0.550000 -0.104720 0.000000
vt 1.400000 -0.104720 0.000000
vt 0.550000 -0.052360 0.000000
vt 1.400000 -0.052360 0.000000
vt 0.550000 -0.000000 0.000000
vt 1.400000 -0.000000 0.000000
vt 0.550000 0.052360 0.000000
vt 1.400000 0.052360 0.000000
vt 0.550000 0.104720 0.000000
vt 1.400000 0.104720 0.000000
vt 1.400000 0.157080 0.000000
vt -0.300000 0.157080 0.000000
vt -0.300000 0.104720 0.000000
vt -0.300000 0.052360 0.000000
vt -0.300000 -0.000000 0.000000
vt -0.300000 -0.052360 0.000000
vt -0.300000 -0.104720 0.000000
vt 1.950000 0.350000 0.000000
vt 1.400000 -1.926795 0.000000
vt 1.950000 -4.440000 0.000000
vt 1.400000 -2.273205 0.000000
vt 1.400000 -2.710128 0.000000
vt 1.100000 -2.446410 0.000000
vt 1.100000 -2.536923 0.000000
vt 0.800000 -2.710128 0.000000
vt 0.800000 -2.273205 0.000000
vt 0.250000 -4.440000 0.000000
vt 0.800000 -1.926795 0.000000
vt 0.250000 0.350000 0.000000
vt 0.800000 -1.489872 0.000000
vt 0.800000 -1.143462 0.000000
vt 1.100000 -0.186923 0.000000
vt 1.400000 -0.360128 0.000000
vt 1.400000 -0.706538 0.000000
vt 1.100000 -4.013077 0.000000
vt 0.800000 -3.839872 0.000000
vt 0.800000 -3.493462 0.000000
vt 1.400000 -1.143462 0.000000
vt 1.100000 -0.879743 0.000000
vt 1.100000 -0.970257 0.000000
vt 0.800000 -0.706538 0.000000
vt 0.800000 -0.360128 0.000000
vt 1.100000 -3.320257 0.000000
vt 1.100000 -3.229743 0.000000
vt 1.400000 -3.493462 0.000000
vt 1.400000 -3.056538 0.000000
vt 1.400000 -3.839872 0.000000
vt 1.400000 -1.489872 0.000000
vt 1.100000 -1.663077 0.000000
vt 1.100000 -1.753590 0.000000
vt 0.800000 -3.056538 0.000000
vt 2.924153 -4.337352 0.000000
vt 2.923138 -4.347106 0.000000
vt 2.924153 -4.390000 0.000000
vt 2.920354 -4.356513 0.000000
vt 2.915694 -4.365138 0.000000
vt 2.909526 -4.372768 0.000000
vt 2.901922 -4.378955 0.000000
vt 2.893304 -4.383641 0.000000
vt 2.883907 -4.386441 0.000000
vt 2.874153 -4.387462 0.000000
vt -3.425847 -4.390000 0.000000
vt -3.425847 -4.387462 0.000000
vt 1.460373 -0.130900 0.000000
vt 0.132077 -0.130900 0.000000
vt 1.462077 -0.196350 0.000000
vt -1.197923 -0.130900 0.000000
vt -2.527923 -0.130900 0.000000
vt -2.527923 -0.065450 0.000000
vt -3.857923 -0.065450 0.000000
vt -3.857923 0.000000 0.000000
vt -5.049031 -0.049087 0.000000
vt -5.011147 0.000000 0.000000
vt -4.980056 0.049087 0.000000
vt -3.857923 0.065450 0.000000
vt -4.956953 0.098175 0.000000
vt -3.857923 0.130900 0.000000
vt -4.942727 0.147262 0.000000
vt -4.939127 0.171806 0.000000
vt -4.937923 0.196350 0.000000
vt -2.527923 0.130900 0.000000
vt -1.197923 0.130900 0.000000
vt -1.197923 0.065450 0.000000
vt 0.132077 0.065450 0.000000
vt 0.132077 0.000000 0.000000
vt 1.437077 0.065450 0.000000
vt 1.447432 0.000000 0.000000
vt 0.132077 -0.065450 0.000000
vt 1.455378 -0.065450 0.000000
vt 1.425018 0.130900 0.000000
vt 0.132077 0.130900 0.000000
vt 1.412077 0.196350 0.000000
vt -5.092252 -0.098175 0.000000
vt -3.857923 -0.130900 0.000000
vt -5.139151 -0.147262 0.000000
vt -5.187923 -0.196350 0.000000
vt -1.197923 -0.065450 0.000000
vt -1.197923 0.000000 0.000000
vt -2.527923 0.000000 0.000000
vt -2.527923 0.065450 0.000000
vt -4.390000 0.196350 0.000000
vt -4.402941 0.130900 0.000000
vt -4.337352 0.196350 0.000000
vt -3.242500 0.130900 0.000000
vt -2.045000 0.130900 0.000000
vt -2.045000 0.065450 0.000000
vt -0.847500 0.065450 0.000000
vt -0.847500 0.000000 0.000000
vt 0.350000 0.000000 0.000000
vt 0.350000 -0.065450 0.000000
vt -0.847500 -0.065450 0.000000
vt 0.350000 -0.130900 0.000000
vt -0.847500 -0.130900 0.000000
vt 0.350000 -0.196350 0.000000
vt -2.045000 -0.130900 0.000000
vt -4.440000 -0.196350 0.000000
vt -3.242500 -0.130900 0.000000
vt -4.438296 -0.130900 0.000000
vt -4.433301 -0.065450 0.000000
vt -3.242500 -0.065450 0.000000
vt -4.425355 0.000000 0.000000
vt -3.242500 0.000000 0.000000
vt -4.415000 0.065450 0.000000
vt -3.242500 0.065450 0.000000
vt 0.350000 0.065450 0.000000
vt -0.847500 0.130900 0.000000
vt 0.000000 0.196350 0.000000
vt 0.350000 0.130900 0.000000
vt 0.350000 0.196350 0.000000
vt -2.045000 0.000000 0.000000
vt -2.045000 -0.065450 0.000000
vt -0.000000 -0.065399 0.000000
vt -0.000000 0.000000 0.000000
vt -0.034328 -0.032855 0.000000
vt -0.034905 0.000000 0.000000
vt -0.051926 -0.032855 0.000000
vt -0.069814 0.000000 0.000000
vt -0.069524 -0.032855 0.000000
vt -0.087122 -0.032855 0.000000
vt -0.069524 -0.065399 0.000000
vt -0.087122 -0.065399 0.000000
vt -0.069524 -0.098566 0.000000
vt -0.087122 -0.098566 0.000000
vt -0.069524 -0.131421 0.000000
vt -0.087122 -0.131421 0.000000
vt -0.069524 -0.164277 0.000000
vt -0.087122 -0.164277 0.000000
vt -0.069524 -0.197132 0.000000
vt -0.087122 -0.197132 0.000000
vt -0.069524 -0.229987 0.000000
vt -0.087122 -0.229987 0.000000
vt -0.069524 -0.262843 0.000000
vt -0.087122 -0.262843 0.000000
vt -0.069524 -0.318982 0.000000
vt -0.087122 -0.318982 0.000000
vt -0.069524 -0.375122 0.000000
vt -0.087122 -0.375122 0.000000
vt -0.069524 -0.392392 0.000000
vt -0.104720 0.000000 0.000000
vt -0.104720 -0.032855 0.000000
vt -0.104720 -0.065399 0.000000
vt -0.104720 -0.098566 0.000000
vt -0.104720 -0.131421 0.000000
vt -0.104720 -0.164277 0.000000
vt -0.104720 -0.197132 0.000000
vt -0.104720 -0.229987 0.000000
vt -0.104720 -0.262843 0.000000
vt -0.104720 -0.318982 0.000000
vt -0.104720 -0.375122 0.000000
vt -0.087122 -0.392392 0.000000
vt -0.126602 -0.032855 0.000000
vt -0.139625 0.000000 0.000000
vt -0.147311 -0.032855 0.000000
vt -0.174535 0.000000 0.000000
vt -0.168021 -0.032855 0.000000
vt -0.188730 -0.032855 0.000000
vt -0.168021 -0.065399 0.000000
vt -0.188730 -0.065399 0.000000
vt -0.168021 -0.098566 0.000000
vt -0.188730 -0.098566 0.000000
vt -0.168021 -0.131421 0.000000
vt -0.188730 -0.131421 0.000000
vt -0.168021 -0.164277 0.000000
vt -0.188730 -0.164277 0.000000
vt -0.168021 -0.197132 0.000000
vt -0.188730 -0.197132 0.000000
vt -0.168021 -0.229987 0.000000
vt -0.188730 -0.229987 0.000000
vt -0.168021 -0.262843 0.000000
vt -0.188730 -0.262843 0.000000
vt -0.168021 -0.318982 0.000000
vt -0.188730 -0.318982 0.000000
vt -0.168021 -0.375122 0.000000
vt -0.188730 -0.375122 0.000000
vt -0.168021 -0.392392 0.000000
vt -0.209440 0.000000 0.000000
vt -0.209439 -0.065399 0.000000
vt -0.209439 -0.130797 0.000000
vt -0.209438 -0.196195 0.000000
vt -0.209435 -0.261594 0.000000
vt -0.209439 -0.326992 0.000000
vt -0.209439 -0.392392 0.000000
vt -0.000004 -0.261594 0.000000
vt -0.034328 -0.318982 0.000000
vt -0.000001 -0.326992 0.000000
vt -0.034328 -0.375122 0.000000
vt -0.000001 -0.392392 0.000000
vt -0.000001 -0.196195 0.000000
vt -0.034328 -0.229987 0.000000
vt -0.034328 -0.262843 0.000000
vt -0.051926 -0.262843 0.000000
vt -0.051926 -0.318982 0.000000
vt -0.000000 -0.130797 0.000000
vt -0.034328 -0.164277 0.000000
vt -0.034328 -0.197132 0.000000
vt -0.051926 -0.197132 0.000000
vt -0.051926 -0.229987 0.000000
vt -0.034328 -0.098566 0.000000
vt -0.034328 -0.131421 0.000000
vt -0.051926 -0.131421 0.000000
vt -0.051926 -0.164277 0.000000
vt -0.147311 -0.392392 0.000000
vt -0.147311 -0.375122 0.000000
vt -0.126602 -0.392392 0.000000
vt -0.126602 -0.375122 0.000000
vt -0.104720 -0.392392 0.000000
vt -0.051926 -0.392392 0.000000
vt -0.051926 -0.375122 0.000000
vt -0.034328 -0.392392 0.000000
vt -0.034328 -0.065399 0.000000
vt -0.051926 -0.065399 0.000000
vt -0.051926 -0.098566 0.000000
vt -0.147311 -0.065399 0.000000
vt -0.147311 -0.098566 0.000000
vt -0.147311 -0.131421 0.000000
vt -0.147311 -0.164277 0.000000
vt -0.147311 -0.197132 0.000000
vt -0.147311 -0.229987 0.000000
vt -0.147311 -0.262843 0.000000
vt -0.147311 -0.318982 0.000000
vt -0.126602 -0.065399 0.000000
vt -0.126602 -0.098566 0.000000
vt -0.126602 -0.131421 0.000000
vt -0.126602 -0.164277 0.000000
vt -0.126602 -0.197132 0.000000
vt -0.126602 -0.229987 0.000000
vt -0.126602 -0.262843 0.000000
vt -0.126602 -0.318982 0.000000
vt 0.250000 -4.337352 0.000000
vt 0.250000 -4.390000 0.000000
vt 0.251015 -4.347106 0.000000
vt 0.253799 -4.356513 0.000000
vt 0.258460 -4.365138 0.000000
vt 0.264627 -4.372768 0.000000
vt 0.272231 -4.378955 0.000000
vt 0.280850 -4.383641 0.000000
vt 0.290246 -4.386441 0.000000
vt 0.300000 -4.387462 0.000000
vt 6.600000 -4.390000 0.000000
vt 6.600000 -4.387462 0.000000
vt -0.162059 -0.130900 0.000000
vt -1.455000 -0.130900 0.000000
vt -0.175000 -0.196350 0.000000
vt -2.785000 -0.130900 0.000000
vt -4.115000 -0.130900 0.000000
vt -4.115000 -0.065450 0.000000
vt -5.445000 -0.065450 0.000000
vt -5.445000 -0.000000 0.000000
vt -6.567133 -0.049087 0.000000
vt -6.598223 -0.000000 0.000000
vt -6.636107 0.049087 0.000000
vt -5.445000 0.065450 0.000000
vt -6.679329 0.098175 0.000000
vt -5.445000 0.130900 0.000000
vt -6.726227 0.147262 0.000000
vt -6.775000 0.196350 0.000000
vt -4.115000 0.130900 0.000000
vt -2.785000 0.130900 0.000000
vt -2.785000 0.065450 0.000000
vt -1.455000 0.065450 0.000000
vt -1.455000 -0.000000 0.000000
vt -0.139645 -0.000000 0.000000
vt -0.150000 -0.065450 0.000000
vt -1.455000 -0.065450 0.000000
vt -0.131699 0.065450 0.000000
vt -1.455000 0.130900 0.000000
vt -0.125000 0.196350 0.000000
vt -0.126704 0.130900 0.000000
vt -6.544030 -0.098175 0.000000
vt -5.445000 -0.130900 0.000000
vt -6.526204 -0.171806 0.000000
vt -6.525000 -0.196350 0.000000
vt -6.529804 -0.147262 0.000000
vt -2.785000 -0.065450 0.000000
vt -2.785000 -0.000000 0.000000
vt -4.115000 -0.000000 0.000000
vt -4.115000 0.065450 0.000000
vt 4.438296 -0.130900 0.000000
vt 3.242500 -0.130900 0.000000
vt 4.440000 -0.196350 0.000000
vt 2.045000 -0.130900 0.000000
vt -0.350000 -0.196350 0.000000
vt 0.847500 -0.130900 0.000000
vt -0.350000 -0.130900 0.000000
vt -0.350000 -0.065450 0.000000
vt 0.847500 -0.065450 0.000000
vt -0.350000 0.000000 0.000000
vt 0.847500 0.000000 0.000000
vt -0.350000 0.065450 0.000000
vt 0.847500 0.065450 0.000000
vt -0.350000 0.130900 0.000000
vt 0.847500 0.130900 0.000000
vt 0.000000 0.196350 0.000000
vt 2.045000 0.130900 0.000000
vt 4.337352 0.196350 0.000000
vt 3.242500 0.130900 0.000000
vt 4.402941 0.130900 0.000000
vt 3.242500 0.065450 0.000000
vt 4.415000 0.065450 0.000000
vt 3.242500 0.000000 0.000000
vt 4.425355 0.000000 0.000000
vt 3.242500 -0.065450 0.000000
vt 4.433301 -0.065450 0.000000
vt 4.390000 0.196350 0.000000
vt -0.350000 0.196350 0.000000
vt 2.045000 -0.065450 0.000000
vt 2.045000 0.000000 0.000000
vt 2.045000 0.065450 0.000000
vt -0.034905 0.000000 0.000000
vt -0.000000 0.000000 0.000000
vt -0.034142 0.037713 0.000000
vt -0.000000 0.065396 0.000000
vt -0.034142 0.075425 0.000000
vt -0.000000 0.130792 0.000000
vt -0.034142 0.113138 0.000000
vt -0.034142 0.150850 0.000000
vt -0.051786 0.150850 0.000000
vt -0.051786 0.188563 0.000000
vt -0.069431 0.188563 0.000000
vt -0.069431 0.226275 0.000000
vt -0.087075 0.226275 0.000000
vt -0.087075 0.263988 0.000000
vt -0.104720 0.263988 0.000000
vt -0.104720 0.301700 0.000000
vt -0.126451 0.301700 0.000000
vt -0.126451 0.347038 0.000000
vt -0.147198 0.347038 0.000000
vt -0.147198 0.392375 0.000000
vt -0.000001 0.196187 0.000000
vt -0.034142 0.188563 0.000000
vt -0.051786 0.226275 0.000000
vt -0.069431 0.263988 0.000000
vt -0.087075 0.301700 0.000000
vt -0.104720 0.347038 0.000000
vt -0.126451 0.392375 0.000000
vt -0.034142 0.226275 0.000000
vt -0.000004 0.261583 0.000000
vt -0.034142 0.263988 0.000000
vt -0.000001 0.326978 0.000000
vt -0.034142 0.301700 0.000000
vt -0.034142 0.347038 0.000000
vt -0.051786 0.347038 0.000000
vt -0.051786 0.392375 0.000000
vt -0.000001 0.392375 0.000000
vt -0.209435 0.261583 0.000000
vt -0.188692 0.301700 0.000000
vt -0.209439 0.326978 0.000000
vt -0.188692 0.347038 0.000000
vt -0.209439 0.392375 0.000000
vt -0.209438 0.196187 0.000000
vt -0.188692 0.226275 0.000000
vt -0.188692 0.263988 0.000000
vt -0.167945 0.263988 0.000000
vt -0.167945 0.301700 0.000000
vt -0.147198 0.263988 0.000000
vt -0.147198 0.301700 0.000000
vt -0.126451 0.263988 0.000000
vt -0.209439 0.130792 0.000000
vt -0.188692 0.150850 0.000000
vt -0.188692 0.188563 0.000000
vt -0.167945 0.188563 0.000000
vt -0.167945 0.226275 0.000000
vt -0.147198 0.188563 0.000000
vt -0.147198 0.226275 0.000000
vt -0.126451 0.188563 0.000000
vt -0.126451 0.226275 0.000000
vt -0.104720 0.188563 0.000000
vt -0.104720 0.226275 0.000000
vt -0.087075 0.188563 0.000000
vt -0.188692 0.113138 0.000000
vt -0.209439 0.065396 0.000000
vt -0.188692 0.075425 0.000000
vt -0.188692 0.037713 0.000000
vt -0.167945 0.037713 0.000000
vt -0.174535 0.000000 0.000000
vt -0.147198 0.037713 0.000000
vt -0.139625 0.000000 0.000000
vt -0.126451 0.037713 0.000000
vt -0.104720 0.000000 0.000000
vt -0.104720 0.037713 0.000000
vt -0.087075 0.037713 0.000000
vt -0.104720 0.075425 0.000000
vt -0.087075 0.075425 0.000000
vt -0.104720 0.113138 0.000000
vt -0.087075 0.113138 0.000000
vt -0.104720 0.150850 0.000000
vt -0.087075 0.150850 0.000000
vt -0.209440 0.000000 0.000000
vt -0.069814 0.000000 0.000000
vt -0.069431 0.037713 0.000000
vt -0.069431 0.075425 0.000000
vt -0.069431 0.113138 0.000000
vt -0.069431 0.150850 0.000000
vt -0.051786 0.037713 0.000000
vt -0.069431 0.392375 0.000000
vt -0.069431 0.347038 0.000000
vt -0.087075 0.392375 0.000000
vt -0.087075 0.347038 0.000000
vt -0.104720 0.392375 0.000000
vt -0.167945 0.392375 0.000000
vt -0.167945 0.347038 0.000000
vt -0.188692 0.392375 0.000000
vt -0.051786 0.075425 0.000000
vt -0.051786 0.113138 0.000000
vt -0.126451 0.075425 0.000000
vt -0.126451 0.113138 0.000000
vt -0.126451 0.150850 0.000000
vt -0.147198 0.075425 0.000000
vt -0.147198 0.113138 0.000000
vt -0.147198 0.150850 0.000000
vt -0.167945 0.075425 0.000000
vt -0.167945 0.113138 0.000000
vt -0.167945 0.150850 0.000000
vt -0.051786 0.263988 0.000000
vt -0.069431 0.301700 0.000000
vt -0.051786 0.301700 0.000000
vt 0.550000 -1.050000 0.000000
vt -0.500000 1.050000 0.000000
vt -0.500000 -1.050000 0.000000
vt -0.700000 -0.850000 0.000000
vt -0.551764 -1.043185 0.000000
vt -0.600000 -1.023205 0.000000
vt -0.641421 -0.991421 0.000000
vt -0.673205 -0.950000 0.000000
vt -0.693185 -0.901764 0.000000
vt 0.550000 1.050000 0.000000
vt -0.700000 0.850000 0.000000
vt -0.551764 1.043185 0.000000
vt -0.600000 1.023205 0.000000
vt -0.641421 0.991421 0.000000
vt -0.673205 0.950000 0.000000
vt -0.693185 0.901764 0.000000
vt 0.050000 0.000000 0.000000
vt 0.050000 6.600000 0.000000
vt 0.047462 6.350000 0.000000
vt -1.050000 6.600000 0.000000
vt -1.200000 6.350000 0.000000
vt -1.200000 6.450000 0.000000
vt 0.047462 0.000000 0.000000
vt 0.504901 -0.141081 0.000000
vt 0.509755 -0.140063 0.000000
vt 0.500000 -0.141421 0.000000
vt 0.519134 -0.136039 0.000000
vt 0.527779 -0.129504 0.000000
vt 0.535355 -0.120711 0.000000
vt 0.541573 -0.109995 0.000000
vt -1.641573 -0.109995 0.000000
vt -1.646194 -0.097770 0.000000
vt 0.546194 -0.097770 0.000000
vt -1.649039 -0.084506 0.000000
vt 0.549039 -0.084506 0.000000
vt -1.650000 -0.070711 0.000000
vt 0.550000 -0.070711 0.000000
vt -1.650000 0.141421 0.000000
vt 0.550000 0.141421 0.000000
vt -1.600000 -0.141421 0.000000
vt -1.635355 -0.120711 0.000000
vt -1.627779 -0.129504 0.000000
vt -1.619134 -0.136039 0.000000
vt -1.609755 -0.140063 0.000000
vt -1.604901 -0.141081 0.000000
vt -10.825000 0.130900 0.000000
vt -9.455000 0.130900 0.000000
vt -10.825000 0.196350 0.000000
vt -8.085000 0.130900 0.000000
vt -6.715000 0.130900 0.000000
vt -6.715000 0.065450 0.000000
vt -5.345000 0.065450 0.000000
vt -5.345000 -0.000000 0.000000
vt -4.113893 0.049087 0.000000
vt -4.151777 -0.000000 0.000000
vt -4.182867 -0.049087 0.000000
vt -5.345000 -0.065450 0.000000
vt -4.205970 -0.098175 0.000000
vt -5.345000 -0.130900 0.000000
vt -4.220196 -0.147262 0.000000
vt -4.223796 -0.171806 0.000000
vt -6.715000 -0.130900 0.000000
vt -8.085000 -0.130900 0.000000
vt -8.085000 -0.065450 0.000000
vt -9.455000 -0.065450 0.000000
vt -9.455000 -0.000000 0.000000
vt -10.825000 -0.000000 0.000000
vt -10.825000 0.065450 0.000000
vt -9.455000 0.065450 0.000000
vt -10.825000 -0.065450 0.000000
vt -9.455000 -0.130900 0.000000
vt -10.825000 -0.130900 0.000000
vt -10.825000 -0.196350 0.000000
vt -4.225000 -0.196350 0.000000
vt -4.070671 0.098175 0.000000
vt -5.345000 0.130900 0.000000
vt -4.023773 0.147262 0.000000
vt -3.975000 0.196350 0.000000
vt -8.085000 0.065450 0.000000
vt -8.085000 -0.000000 0.000000
vt -6.715000 -0.000000 0.000000
vt -6.715000 -0.065450 0.000000
vt -10.825000 0.130900 0.000000
vt -9.455000 0.130900 0.000000
vt -10.825000 0.196350 0.000000
vt -8.085000 0.130900 0.000000
vt -6.715000 0.130900 0.000000
vt -6.715000 0.065450 0.000000
vt -5.345000 0.065450 0.000000
vt -5.345000 0.000000 0.000000
vt -4.182867 0.049087 0.000000
vt -4.151777 0.000000 0.000000
vt -4.113893 -0.049087 0.000000
vt -5.345000 -0.065450 0.000000
vt -4.070671 -0.098175 0.000000
vt -5.345000 -0.130900 0.000000
vt -4.023773 -0.147262 0.000000
vt -3.975000 -0.196350 0.000000
vt -6.715000 -0.130900 0.000000
vt -8.085000 -0.130900 0.000000
vt -8.085000 -0.065450 0.000000
vt -9.455000 -0.065450 0.000000
vt -9.455000 0.000000 0.000000
vt -10.825000 0.000000 0.000000
vt -10.825000 0.065450 0.000000
vt -9.455000 0.065450 0.000000
vt -10.825000 -0.065450 0.000000
vt -9.455000 -0.130900 0.000000
vt -10.825000 -0.196350 0.000000
vt -10.825000 -0.130900 0.000000
vt -4.205970 0.098175 0.000000
vt -5.345000 0.130900 0.000000
vt -4.223796 0.171806 0.000000
vt -4.225000 0.196350 0.000000
vt -4.220196 0.147262 0.000000
vt -8.085000 0.065450 0.000000
vt -8.085000 0.000000 0.000000
vt -6.715000 0.000000 0.000000
vt -6.715000 -0.065450 0.000000
vt 0.250000 6.600000 0.000000
vt 0.252538 6.350000 0.000000
vt 1.350000 6.600000 0.000000
vt 1.500000 6.350000 0.000000
vt 1.500000 6.450000 0.000000
vt 0.250000 0.000000 0.000000
vt 0.252538 0.000000 0.000000
vt -0.965245 0.029452 0.000000
vt -0.700000 0.026180 0.000000
vt -0.975000 0.039270 0.000000
vt -0.425000 0.026180 0.000000
vt 0.125000 0.039270 0.000000
vt -0.150000 0.026180 0.000000
vt 0.125000 0.026180 0.000000
vt 0.125000 0.013090 0.000000
vt -0.150000 0.013090 0.000000
vt 0.125000 0.000000 0.000000
vt -0.150000 0.000000 0.000000
vt 0.125000 -0.013090 0.000000
vt -0.150000 -0.013090 0.000000
vt 0.125000 -0.026180 0.000000
vt -0.150000 -0.026180 0.000000
vt 0.125000 -0.039270 0.000000
vt -0.425000 -0.026180 0.000000
vt -0.925241 -0.034361 0.000000
vt -0.700000 -0.026180 0.000000
vt -0.925961 -0.029452 0.000000
vt -0.928806 -0.019635 0.000000
vt -0.700000 -0.013090 0.000000
vt -0.933427 -0.009817 0.000000
vt -0.700000 -0.000000 0.000000
vt -0.939645 -0.000000 0.000000
vt -0.947221 0.009817 0.000000
vt -0.700000 0.013090 0.000000
vt -0.955866 0.019635 0.000000
vt -0.925000 -0.039270 0.000000
vt -0.425000 0.013090 0.000000
vt -0.425000 0.000000 0.000000
vt -0.425000 -0.013090 0.000000
vt -0.000000 -0.369695 0.000000
vt 0.013090 -0.369695 0.000000
vt -0.000000 -0.308079 0.000000
vt 0.013090 -0.308079 0.000000
vt -0.000000 -0.246464 0.000000
vt 0.013090 -0.246464 0.000000
vt -0.000000 -0.184848 0.000000
vt 0.013090 -0.184848 0.000000
vt -0.000000 -0.123232 0.000000
vt 0.013090 -0.123232 0.000000
vt -0.000000 -0.061616 0.000000
vt 0.013090 -0.061616 0.000000
vt 0.000000 0.000000 0.000000
vt 0.013090 0.000000 0.000000
vt 0.026180 -0.061616 0.000000
vt 0.026180 0.000000 0.000000
vt 0.039270 -0.061616 0.000000
vt 0.039270 0.000000 0.000000
vt 0.052360 -0.061616 0.000000
vt 0.052360 0.000000 0.000000
vt 0.065450 -0.061616 0.000000
vt 0.065450 0.000000 0.000000
vt 0.078540 -0.061616 0.000000
vt 0.078540 0.000000 0.000000
vt 0.026180 -0.369695 0.000000
vt 0.026180 -0.308079 0.000000
vt 0.026180 -0.246464 0.000000
vt 0.026180 -0.184848 0.000000
vt 0.026180 -0.123232 0.000000
vt 0.039270 -0.369695 0.000000
vt 0.039270 -0.308079 0.000000
vt 0.039270 -0.246464 0.000000
vt 0.039270 -0.184848 0.000000
vt 0.039270 -0.123232 0.000000
vt 0.052360 -0.369695 0.000000
vt 0.052360 -0.308079 0.000000
vt 0.052360 -0.246464 0.000000
vt 0.052360 -0.184848 0.000000
vt 0.052360 -0.123232 0.000000
vt 0.065450 -0.369695 0.000000
vt 0.065450 -0.308079 0.000000
vt 0.065450 -0.246464 0.000000
vt 0.065450 -0.184848 0.000000
vt 0.065450 -0.123232 0.000000
vt 0.078540 -0.369695 0.000000
vt 0.078540 -0.308079 0.000000
vt 0.078540 -0.246464 0.000000
vt 0.078540 -0.184848 0.000000
vt 0.078540 -0.123232 0.000000
vt -0.850000 0.026180 0.000000
vt -0.566667 0.026180 0.000000
vt -0.850000 0.039270 0.000000
vt -0.283333 0.026180 0.000000
vt -0.000000 0.026180 0.000000
vt -0.000000 0.013090 0.000000
vt 0.283333 0.013090 0.000000
vt 0.283333 -0.000000 0.000000
vt 0.566667 0.000000 0.000000
vt 0.566667 -0.013090 0.000000
vt 0.850000 -0.013090 0.000000
vt 0.850000 -0.026180 0.000000
vt 0.566667 -0.026180 0.000000
vt 0.850000 -0.039270 0.000000
vt 0.283333 -0.026180 0.000000
vt -0.000000 -0.026180 0.000000
vt -0.000000 -0.013090 0.000000
vt -0.283333 -0.013090 0.000000
vt -0.283333 -0.000000 0.000000
vt -0.566667 -0.000000 0.000000
vt -0.566667 0.013090 0.000000
vt -0.850000 0.013090 0.000000
vt -0.850000 -0.000000 0.000000
vt -0.566667 -0.013090 0.000000
vt -0.283333 -0.026180 0.000000
vt -0.850000 -0.039270 0.000000
vt -0.850000 -0.013090 0.000000
vt -0.566667 -0.026180 0.000000
vt -0.850000 -0.026180 0.000000
vt 0.850000 0.000000 0.000000
vt 0.566667 0.013090 0.000000
vt 0.283333 0.026180 0.000000
vt 0.850000 0.039270 0.000000
vt 0.850000 0.013090 0.000000
vt 0.566667 0.026180 0.000000
vt 0.850000 0.026180 0.000000
vt -0.283333 0.013090 0.000000
vt -0.000000 -0.000000 0.000000
vt 0.283333 -0.013090 0.000000
vt -0.000000 0.000000 0.000000
vt 0.013090 0.000000 0.000000
vt -0.000000 0.061616 0.000000
vt 0.013090 0.061616 0.000000
vt -0.000000 0.123232 0.000000
vt 0.013090 0.123232 0.000000
vt -0.000000 0.184848 0.000000
vt 0.013090 0.184848 0.000000
vt -0.000000 0.246464 0.000000
vt 0.013090 0.246464 0.000000
vt -0.000000 0.308079 0.000000
vt 0.013090 0.308079 0.000000
vt 0.000000 0.369695 0.000000
vt 0.013090 0.369695 0.000000
vt 0.026180 0.308079 0.000000
vt 0.026180 0.369695 0.000000
vt 0.039270 0.308079 0.000000
vt 0.039270 0.369695 0.000000
vt 0.052360 0.308079 0.000000
vt 0.052360 0.369695 0.000000
vt 0.065450 0.308079 0.000000
vt 0.065450 0.369695 0.000000
vt 0.078540 0.308079 0.000000
vt 0.078540 0.369695 0.000000
vt 0.026180 0.000000 0.000000
vt 0.026180 0.061616 0.000000
vt 0.026180 0.123232 0.000000
vt 0.026180 0.184848 0.000000
vt 0.026180 0.246464 0.000000
vt 0.039270 0.000000 0.000000
vt 0.039270 0.061616 0.000000
vt 0.039270 0.123232 0.000000
vt 0.039270 0.184848 0.000000
vt 0.039270 0.246464 0.000000
vt 0.052360 0.000000 0.000000
vt 0.052360 0.061616 0.000000
vt 0.052360 0.123232 0.000000
vt 0.052360 0.184848 0.000000
vt 0.052360 0.246464 0.000000
vt 0.065450 0.000000 0.000000
vt 0.065450 0.061616 0.000000
vt 0.065450 0.123232 0.000000
vt 0.065450 0.184848 0.000000
vt 0.065450 0.246464 0.000000
vt 0.078540 0.000000 0.000000
vt 0.078540 0.061616 0.000000
vt 0.078540 0.123232 0.000000
vt 0.078540 0.184848 0.000000
vt 0.078540 0.246464 0.000000
vt 0.775000 -0.039270 0.000000
vt 0.775241 -0.034361 0.000000
vt -0.275000 -0.039270 0.000000
vt -0.275000 -0.026180 0.000000
vt 0.000000 -0.026180 0.000000
vt -0.275000 -0.013090 0.000000
vt 0.000000 -0.013090 0.000000
vt -0.275000 -0.000000 0.000000
vt 0.000000 -0.000000 0.000000
vt -0.275000 0.013090 0.000000
vt 0.000000 0.013090 0.000000
vt -0.275000 0.026180 0.000000
vt 0.000000 0.026180 0.000000
vt -0.275000 0.039270 0.000000
vt 0.275000 0.026180 0.000000
vt 0.550000 0.026180 0.000000
vt 0.550000 0.013090 0.000000
vt 0.805866 0.019635 0.000000
vt 0.797221 0.009817 0.000000
vt 0.550000 -0.000000 0.000000
vt 0.789645 -0.000000 0.000000
vt 0.783427 -0.009817 0.000000
vt 0.550000 -0.013090 0.000000
vt 0.778806 -0.019635 0.000000
vt 0.550000 -0.026180 0.000000
vt 0.775961 -0.029452 0.000000
vt 0.275000 -0.026180 0.000000
vt 0.815245 0.029452 0.000000
vt 0.825000 0.039270 0.000000
vt 0.275000 -0.013090 0.000000
vt 0.275000 -0.000000 0.000000
vt 0.275000 0.013090 0.000000
vt -4.438296 0.130900 0.000000
vt -3.242500 0.130900 0.000000
vt -4.440000 0.196350 0.000000
vt -2.045000 0.130900 0.000000
vt -0.847500 0.130900 0.000000
vt -0.847500 0.065450 0.000000
vt 0.000000 0.071000 0.000000
vt 0.000000 0.008325 0.000000
vt -0.847500 0.000000 0.000000
vt 0.000000 -0.054350 0.000000
vt -0.847500 -0.065450 0.000000
vt 0.000000 -0.117025 0.000000
vt -0.847500 -0.130900 0.000000
vt 0.350000 -0.117025 0.000000
vt 0.350000 -0.143467 0.000000
vt 0.350000 -0.169908 0.000000
vt 0.000000 -0.196350 0.000000
vt 0.350000 -0.196350 0.000000
vt -4.433301 0.065450 0.000000
vt -3.242500 0.065450 0.000000
vt -2.045000 0.065450 0.000000
vt -2.045000 0.000000 0.000000
vt -4.425355 0.000000 0.000000
vt -3.242500 0.000000 0.000000
vt -2.045000 -0.065450 0.000000
vt -4.415000 -0.065450 0.000000
vt -3.242500 -0.065450 0.000000
vt -2.045000 -0.130900 0.000000
vt -4.402941 -0.130900 0.000000
vt -3.242500 -0.130900 0.000000
vt -3.190000 -0.196350 0.000000
vt -4.390000 -0.196350 0.000000
vt 0.000000 0.133675 0.000000
vt 0.000000 0.196350 0.000000
vt -2.186000 0.196350 0.000000
vt -3.308000 0.196350 0.000000
vt -2.184796 0.171806 0.000000
vt -3.320941 0.130900 0.000000
vt -2.181196 0.147262 0.000000
vt -2.166970 0.098175 0.000000
vt -3.333000 0.065450 0.000000
vt -2.143867 0.049087 0.000000
vt -3.343355 0.000000 0.000000
vt -2.112777 0.000000 0.000000
vt -2.074893 -0.049087 0.000000
vt -3.351301 -0.065450 0.000000
vt -2.031671 -0.098175 0.000000
vt -3.356296 -0.130900 0.000000
vt -1.984773 -0.147262 0.000000
vt -3.358000 -0.196350 0.000000
vt -1.936000 -0.196350 0.000000
vt -0.000000 -0.065399 0.000000
vt -0.000000 -0.000000 0.000000
vt -0.034328 -0.032855 0.000000
vt -0.034905 -0.000000 0.000000
vt -0.051926 -0.032855 0.000000
vt -0.069814 -0.000000 0.000000
vt -0.069524 -0.032855 0.000000
vt -0.087122 -0.032855 0.000000
vt -0.069524 -0.065399 0.000000
vt -0.087122 -0.065399 0.000000
vt -0.069524 -0.098566 0.000000
vt -0.087122 -0.098566 0.000000
vt -0.069524 -0.131421 0.000000
vt -0.087122 -0.131421 0.000000
vt -0.069524 -0.164277 0.000000
vt -0.087122 -0.164277 0.000000
vt -0.069524 -0.197132 0.000000
vt -0.087122 -0.197132 0.000000
vt -0.069524 -0.229987 0.000000
vt -0.087122 -0.229987 0.000000
vt -0.069524 -0.262843 0.000000
vt -0.087122 -0.262843 0.000000
vt -0.069524 -0.318982 0.000000
vt -0.087122 -0.318982 0.000000
vt -0.069524 -0.375122 0.000000
vt -0.087122 -0.375122 0.000000
vt -0.069524 -0.392392 0.000000
vt -0.104720 -0.000000 0.000000
vt -0.104720 -0.032855 0.000000
vt -0.104720 -0.065399 0.000000
vt -0.104720 -0.098566 0.000000
vt -0.104720 -0.131421 0.000000
vt -0.104720 -0.164277 0.000000
vt -0.104720 -0.197132 0.000000
vt -0.104720 -0.229987 0.000000
vt -0.104720 -0.262843 0.000000
vt -0.104720 -0.318982 0.000000
vt -0.104720 -0.375122 0.000000
vt -0.087122 -0.392392 0.000000
vt -0.126602 -0.032855 0.000000
vt -0.139625 -0.000000 0.000000
vt -0.147311 -0.032855 0.000000
vt -0.174535 -0.000000 0.000000
vt -0.168021 -0.032855 0.000000
vt -0.188730 -0.032855 0.000000
vt -0.168021 -0.065399 0.000000
vt -0.188730 -0.065399 0.000000
vt -0.168021 -0.098566 0.000000
vt -0.188730 -0.098566 0.000000
vt -0.168021 -0.131421 0.000000
vt -0.188730 -0.131421 0.000000
vt -0.168021 -0.164277 0.000000
vt -0.188730 -0.164277 0.000000
vt -0.168021 -0.197132 0.000000
vt -0.188730 -0.197132 0.000000
vt -0.168021 -0.229987 0.000000
vt -0.188730 -0.229987 0.000000
vt -0.168021 -0.262843 0.000000
vt -0.188730 -0.262843 0.000000
vt -0.168021 -0.318982 0.000000
vt -0.188730 -0.318982 0.000000
vt -0.168021 -0.375122 0.000000
vt -0.188730 -0.375122 0.000000
vt -0.168021 -0.392392 0.000000
vt -0.209440 -0.000000 0.000000
vt -0.209439 -0.065399 0.000000
vt -0.209439 -0.130797 0.000000
vt -0.209438 -0.196195 0.000000
vt -0.209435 -0.261594 0.000000
vt -0.209439 -0.326992 0.000000
vt -0.209439 -0.392392 0.000000
vt -0.000004 -0.261594 0.000000
vt -0.034328 -0.318982 0.000000
vt -0.000001 -0.326992 0.000000
vt -0.034328 -0.375122 0.000000
vt -0.000001 -0.392392 0.000000
vt -0.000001 -0.196195 0.000000
vt -0.034328 -0.229987 0.000000
vt -0.034328 -0.262843 0.000000
vt -0.051926 -0.262843 0.000000
vt -0.051926 -0.318982 0.000000
vt -0.000000 -0.130797 0.000000
vt -0.034328 -0.164277 0.000000
vt -0.034328 -0.197132 0.000000
vt -0.051926 -0.197132 0.000000
vt -0.051926 -0.229987 0.000000
vt -0.034328 -0.098566 0.000000
vt -0.034328 -0.131421 0.000000
vt -0.051926 -0.131421 0.000000
vt -0.051926 -0.164277 0.000000
vt -0.147311 -0.392392 0.000000
vt -0.147311 -0.375122 0.000000
vt -0.126602 -0.392392 0.000000
vt -0.126602 -0.375122 0.000000
vt -0.104720 -0.392392 0.000000
vt -0.051926 -0.392392 0.000000
vt -0.051926 -0.375122 0.000000
vt -0.034328 -0.392392 0.000000
vt -0.034328 -0.065399 0.000000
vt -0.051926 -0.065399 0.000000
vt -0.051926 -0.098566 0.000000
vt -0.147311 -0.065399 0.000000
vt -0.147311 -0.098566 0.000000
vt -0.147311 -0.131421 0.000000
vt -0.147311 -0.164277 0.000000
vt -0.147311 -0.197132 0.000000
vt -0.147311 -0.229987 0.000000
vt -0.147311 -0.262843 0.000000
vt -0.147311 -0.318982 0.000000
vt -0.126602 -0.065399 0.000000
vt -0.126602 -0.098566 0.000000
vt -0.126602 -0.131421 0.000000
vt -0.126602 -0.164277 0.000000
vt -0.126602 -0.197132 0.000000
vt -0.126602 -0.229987 0.000000
vt -0.126602 -0.262843 0.000000
vt -0.126602 -0.318982 0.000000
vt 3.975000 0.157080 0.000000
vt 2.475000 0.157080 0.000000
vt 3.225000 0.104720 0.000000
vt 2.475000 0.104720 0.000000
vt 3.225000 0.052360 0.000000
vt 2.475000 0.052360 0.000000
vt 3.225000 -0.000000 0.000000
vt 2.475000 -0.000000 0.000000
vt 3.225000 -0.052360 0.000000
vt 2.475000 -0.052360 0.000000
vt 3.225000 -0.104720 0.000000
vt 2.475000 -0.104720 0.000000
vt 2.475000 -0.157080 0.000000
vt 3.975000 -0.157080 0.000000
vt 3.975000 -0.104720 0.000000
vt 3.975000 -0.052360 0.000000
vt 3.975000 -0.000000 0.000000
vt 3.975000 0.052360 0.000000
vt 3.975000 0.104720 0.000000
vt 1.750000 4.440000 0.000000
vt 0.250000 4.440000 0.000000
vt 1.750000 0.000000 0.000000
vt 0.250000 -0.000000 0.000000
vt 2.000000 -0.196350 0.000000
vt 3.422000 -0.196350 0.000000
vt 2.048773 -0.147262 0.000000
vt 3.420296 -0.130900 0.000000
vt 2.095671 -0.098175 0.000000
vt 3.415301 -0.065450 0.000000
vt 2.138893 -0.049087 0.000000
vt 3.407355 -0.000000 0.000000
vt 2.176777 0.000000 0.000000
vt 2.207867 0.049087 0.000000
vt 3.397000 0.065450 0.000000
vt 2.230970 0.098175 0.000000
vt 3.384941 0.130900 0.000000
vt 2.245196 0.147262 0.000000
vt 2.248796 0.171806 0.000000
vt 3.372000 0.196350 0.000000
vt 2.250000 0.196350 0.000000
vt -3.190000 0.196350 0.000000
vt -4.390000 0.196350 0.000000
vt -3.242500 0.130900 0.000000
vt -4.402941 0.130900 0.000000
vt -3.242500 0.065450 0.000000
vt -4.415000 0.065450 0.000000
vt -3.242500 0.000000 0.000000
vt -4.425355 0.000000 0.000000
vt -3.242500 -0.065450 0.000000
vt -4.433301 -0.065450 0.000000
vt -3.242500 -0.130900 0.000000
vt -4.438296 -0.130900 0.000000
vt -4.440000 -0.196350 0.000000
vt -2.045000 -0.130900 0.000000
vt 0.000000 -0.196350 0.000000
vt -0.847500 -0.130900 0.000000
vt 0.000000 -0.133675 0.000000
vt 0.000000 -0.071000 0.000000
vt -0.847500 -0.065450 0.000000
vt 0.000000 -0.008325 0.000000
vt -0.847500 0.000000 0.000000
vt 0.000000 0.054350 0.000000
vt -0.847500 0.065450 0.000000
vt 0.000000 0.117025 0.000000
vt -0.847500 0.130900 0.000000
vt 0.350000 0.117025 0.000000
vt 0.350000 0.143467 0.000000
vt 0.350000 0.169908 0.000000
vt -2.045000 0.130900 0.000000
vt -2.045000 0.065450 0.000000
vt -2.045000 0.000000 0.000000
vt -2.045000 -0.065450 0.000000
vt 0.350000 0.196350 0.000000
vt 0.000000 0.196350 0.000000
vt -0.000000 -0.065399 0.000000
vt -0.000000 -0.000000 0.000000
vt -0.034328 -0.032855 0.000000
vt -0.034905 -0.000000 0.000000
vt -0.051926 -0.032855 0.000000
vt -0.069814 -0.000000 0.000000
vt -0.069524 -0.032855 0.000000
vt -0.087122 -0.032855 0.000000
vt -0.069524 -0.065399 0.000000
vt -0.087122 -0.065399 0.000000
vt -0.069524 -0.098566 0.000000
vt -0.087122 -0.098566 0.000000
vt -0.069524 -0.131421 0.000000
vt -0.087122 -0.131421 0.000000
vt -0.069524 -0.164277 0.000000
vt -0.087122 -0.164277 0.000000
vt -0.069524 -0.197132 0.000000
vt -0.087122 -0.197132 0.000000
vt -0.069524 -0.229987 0.000000
vt -0.087122 -0.229987 0.000000
vt -0.069524 -0.262843 0.000000
vt -0.087122 -0.262843 0.000000
vt -0.069524 -0.318982 0.000000
vt -0.087122 -0.318982 0.000000
vt -0.069524 -0.375122 0.000000
vt -0.087122 -0.375122 0.000000
vt -0.069524 -0.392392 0.000000
vt -0.104720 -0.000000 0.000000
vt -0.104720 -0.032855 0.000000
vt -0.104720 -0.065399 0.000000
vt -0.104720 -0.098566 0.000000
vt -0.104720 -0.131421 0.000000
vt -0.104720 -0.164277 0.000000
vt -0.104720 -0.197132 0.000000
vt -0.104720 -0.229987 0.000000
vt -0.104720 -0.262843 0.000000
vt -0.104720 -0.318982 0.000000
vt -0.104720 -0.375122 0.000000
vt -0.087122 -0.392392 0.000000
vt -0.126602 -0.032855 0.000000
vt -0.139625 -0.000000 0.000000
vt -0.147311 -0.032855 0.000000
vt -0.174535 -0.000000 0.000000
vt -0.168021 -0.032855 0.000000
vt -0.188730 -0.032855 0.000000
vt -0.168021 -0.065399 0.000000
vt -0.188730 -0.065399 0.000000
vt -0.168021 -0.098566 0.000000
vt -0.188730 -0.098566 0.000000
vt -0.168021 -0.131421 0.000000
vt -0.188730 -0.131421 0.000000
vt -0.168021 -0.164277 0.000000
vt -0.188730 -0.164277 0.000000
vt -0.168021 -0.197132 0.000000
vt -0.188730 -0.197132 0.000000
vt -0.168021 -0.229987 0.000000
vt -0.188730 -0.229987 0.000000
vt -0.168021 -0.262843 0.000000
vt -0.188730 -0.262843 0.000000
vt -0.168021 -0.318982 0.000000
vt -0.188730 -0.318982 0.000000
vt -0.168021 -0.375122 0.000000
vt -0.188730 -0.375122 0.000000
vt -0.168021 -0.392392 0.000000
vt -0.209440 -0.000000 0.000000
vt -0.209439 -0.065399 0.000000
vt -0.209439 -0.130797 0.000000
vt -0.209438 -0.196195 0.000000
vt -0.209435 -0.261594 0.000000
vt -0.209439 -0.326992 0.000000
vt -0.209439 -0.392392 0.000000
vt -0.000004 -0.261594 0.000000
vt -0.034328 -0.318982 0.000000
vt -0.000001 -0.326992 0.000000
vt -0.034328 -0.375122 0.000000
vt -0.000001 -0.392392 0.000000
vt -0.000001 -0.196195 0.000000
vt -0.034328 -0.229987 0.000000
vt -0.034328 -0.262843 0.000000
vt -0.051926 -0.262843 0.000000
vt -0.051926 -0.318982 0.000000
vt -0.000000 -0.130797 0.000000
vt -0.034328 -0.164277 0.000000
vt -0.034328 -0.197132 0.000000
vt -0.051926 -0.197132 0.000000
vt -0.051926 -0.229987 0.000000
vt -0.034328 -0.098566 0.000000
vt -0.034328 -0.131421 0.000000
vt -0.051926 -0.131421 0.000000
vt -0.051926 -0.164277 0.000000
vt -0.147311 -0.392392 0.000000
vt -0.147311 -0.375122 0.000000
vt -0.126602 -0.392392 0.000000
vt -0.126602 -0.375122 0.000000
vt -0.104720 -0.392392 0.000000
vt -0.051926 -0.392392 0.000000
vt -0.051926 -0.375122 0.000000
vt -0.034328 -0.392392 0.000000
vt -0.034328 -0.065399 0.000000
vt -0.051926 -0.065399 0.000000
vt -0.051926 -0.098566 0.000000
vt -0.147311 -0.065399 0.000000
vt -0.147311 -0.098566 0.000000
vt -0.147311 -0.131421 0.000000
vt -0.147311 -0.164277 0.000000
vt -0.147311 -0.197132 0.000000
vt -0.147311 -0.229987 0.000000
vt -0.147311 -0.262843 0.000000
vt -0.147311 -0.318982 0.000000
vt -0.126602 -0.065399 0.000000
vt -0.126602 -0.098566 0.000000
vt -0.126602 -0.131421 0.000000
vt -0.126602 -0.164277 0.000000
vt -0.126602 -0.197132 0.000000
vt -0.126602 -0.229987 0.000000
vt -0.126602 -0.262843 0.000000
vt -0.126602 -0.318982 0.000000
vt -4.438296 0.130900 0.000000
vt -3.242500 0.130900 0.000000
vt -4.440000 0.196350 0.000000
vt -2.045000 0.130900 0.000000
vt -0.847500 0.130900 0.000000
vt -0.847500 0.065450 0.000000
vt 0.000000 0.071000 0.000000
vt 0.000000 0.008325 0.000000
vt -0.847500 -0.000000 0.000000
vt 0.000000 -0.054350 0.000000
vt -0.847500 -0.065450 0.000000
vt 0.000000 -0.117025 0.000000
vt -0.847500 -0.130900 0.000000
vt 0.350000 -0.117025 0.000000
vt 0.350000 -0.143467 0.000000
vt 0.350000 -0.169908 0.000000
vt 0.000000 -0.196350 0.000000
vt 0.350000 -0.196350 0.000000
vt -4.433301 0.065450 0.000000
vt -3.242500 0.065450 0.000000
vt -2.045000 0.065450 0.000000
vt -2.045000 -0.000000 0.000000
vt -4.425355 -0.000000 0.000000
vt -3.242500 -0.000000 0.000000
vt -2.045000 -0.065450 0.000000
vt -4.415000 -0.065450 0.000000
vt -3.242500 -0.065450 0.000000
vt -2.045000 -0.130900 0.000000
vt -4.402941 -0.130900 0.000000
vt -3.242500 -0.130900 0.000000
vt -3.190000 -0.196350 0.000000
vt -4.390000 -0.196350 0.000000
vt 0.000000 0.133675 0.000000
vt -0.000000 0.196350 0.000000
vt 0.050000 0.196350 0.000000
vt -1.072000 0.196350 0.000000
vt 0.051204 0.171806 0.000000
vt -1.084941 0.130900 0.000000
vt 0.054804 0.147262 0.000000
vt 0.069030 0.098175 0.000000
vt -1.097000 0.065450 0.000000
vt 0.092133 0.049087 0.000000
vt -1.107355 0.000000 0.000000
vt 0.123223 0.000000 0.000000
vt 0.161107 -0.049087 0.000000
vt -1.115301 -0.065450 0.000000
vt 0.204329 -0.098175 0.000000
vt -1.120296 -0.130900 0.000000
vt 0.251227 -0.147262 0.000000
vt -1.122000 -0.196350 0.000000
vt 0.300000 -0.196350 0.000000
vt -0.000000 -0.065399 0.000000
vt -0.000000 -0.000000 0.000000
vt -0.034328 -0.032855 0.000000
vt -0.034905 -0.000000 0.000000
vt -0.051926 -0.032855 0.000000
vt -0.069814 -0.000000 0.000000
vt -0.069524 -0.032855 0.000000
vt -0.087122 -0.032855 0.000000
vt -0.069524 -0.065399 0.000000
vt -0.087122 -0.065399 0.000000
vt -0.069524 -0.098566 0.000000
vt -0.087122 -0.098566 0.000000
vt -0.069524 -0.131421 0.000000
vt -0.087122 -0.131421 0.000000
vt -0.069524 -0.164277 0.000000
vt -0.087122 -0.164277 0.000000
vt -0.069524 -0.197132 0.000000
vt -0.087122 -0.197132 0.000000
vt -0.069524 -0.229987 0.000000
vt -0.087122 -0.229987 0.000000
vt -0.069524 -0.262843 0.000000
vt -0.087122 -0.262843 0.000000
vt -0.069524 -0.318982 0.000000
vt -0.087122 -0.318982 0.000000
vt -0.069524 -0.375122 0.000000
vt -0.087122 -0.375122 0.000000
vt -0.069524 -0.392392 0.000000
vt -0.104720 -0.000000 0.000000
vt -0.104720 -0.032855 0.000000
vt -0.104720 -0.065399 0.000000
vt -0.104720 -0.098566 0.000000
vt -0.104720 -0.131421 0.000000
vt -0.104720 -0.164277 0.000000
vt -0.104720 -0.197132 0.000000
vt -0.104720 -0.229987 0.000000
vt -0.104720 -0.262843 0.000000
vt -0.104720 -0.318982 0.000000
vt -0.104720 -0.375122 0.000000
vt -0.087122 -0.392392 0.000000
vt -0.126602 -0.032855 0.000000
vt -0.139625 -0.000000 0.000000
vt -0.147311 -0.032855 0.000000
vt -0.174535 -0.000000 0.000000
vt -0.168021 -0.032855 0.000000
vt -0.188730 -0.032855 0.000000
vt -0.168021 -0.065399 0.000000
vt -0.188730 -0.065399 0.000000
vt -0.168021 -0.098566 0.000000
vt -0.188730 -0.098566 0.000000
vt -0.168021 -0.131421 0.000000
vt -0.188730 -0.131421 0.000000
vt -0.168021 -0.164277 0.000000
vt -0.188730 -0.164277 0.000000
vt -0.168021 -0.197132 0.000000
vt -0.188730 -0.197132 0.000000
vt -0.168021 -0.229987 0.000000
vt -0.188730 -0.229987 0.000000
vt -0.168021 -0.262843 0.000000
vt -0.188730 -0.262843 0.000000
vt -0.168021 -0.318982 0.000000
vt -0.188730 -0.318982 0.000000
vt -0.168021 -0.375122 0.000000
vt -0.188730 -0.375122 0.000000
vt -0.168021 -0.392392 0.000000
vt -0.209440 -0.000000 0.000000
vt -0.209439 -0.065399 0.000000
vt -0.209439 -0.130797 0.000000
vt -0.209438 -0.196195 0.000000
vt -0.209435 -0.261594 0.000000
vt -0.209439 -0.326992 0.000000
vt -0.209439 -0.392392 0.000000
vt -0.000004 -0.261594 0.000000
vt -0.034328 -0.318982 0.000000
vt -0.000001 -0.326992 0.000000
vt -0.034328 -0.375122 0.000000
vt -0.000001 -0.392392 0.000000
vt -0.000001 -0.196195 0.000000
vt -0.034328 -0.229987 0.000000
vt -0.034328 -0.262843 0.000000
vt -0.051926 -0.262843 0.000000
vt -0.051926 -0.318982 0.000000
vt -0.000000 -0.130797 0.000000
vt -0.034328 -0.164277 0.000000
vt -0.034328 -0.197132 0.000000
vt -0.051926 -0.197132 0.000000
vt -0.051926 -0.229987 0.000000
vt -0.034328 -0.098566 0.000000
vt -0.034328 -0.131421 0.000000
vt -0.051926 -0.131421 0.000000
vt -0.051926 -0.164277 0.000000
vt -0.147311 -0.392392 0.000000
vt -0.147311 -0.375122 0.000000
vt -0.126602 -0.392392 0.000000
vt -0.126602 -0.375122 0.000000
vt -0.104720 -0.392392 0.000000
vt -0.051926 -0.392392 0.000000
vt -0.051926 -0.375122 0.000000
vt -0.034328 -0.392392 0.000000
vt -0.034328 -0.065399 0.000000
vt -0.051926 -0.065399 0.000000
vt -0.051926 -0.098566 0.000000
vt -0.147311 -0.065399 0.000000
vt -0.147311 -0.098566 0.000000
vt -0.147311 -0.131421 0.000000
vt -0.147311 -0.164277 0.000000
vt -0.147311 -0.197132 0.000000
vt -0.147311 -0.229987 0.000000
vt -0.147311 -0.262843 0.000000
vt -0.147311 -0.318982 0.000000
vt -0.126602 -0.065399 0.000000
vt -0.126602 -0.098566 0.000000
vt -0.126602 -0.131421 0.000000
vt -0.126602 -0.164277 0.000000
vt -0.126602 -0.197132 0.000000
vt -0.126602 -0.229987 0.000000
vt -0.126602 -0.262843 0.000000
vt -0.126602 -0.318982 0.000000
vt -2.272000 -6.700000 0.000000
vt -2.272000 -8.200000 0.000000
vt -0.850000 -6.700000 0.000000
vt -0.850000 -8.200000 0.000000
vt -0.461880 -6.868182 0.000000
vt -0.461880 -8.231818 0.000000
vt -0.230940 -7.831818 0.000000
vt -0.850000 -15.050000 0.000000
vt -0.461880 -10.959091 0.000000
vt -0.461880 -9.595455 0.000000
vt -0.230940 -8.631818 0.000000
vt -0.230940 -9.195455 0.000000
vt 0.230940 -9.195455 0.000000
vt 0.850000 -15.050000 0.000000
vt -0.230940 -14.086364 0.000000
vt -0.461880 -13.686364 0.000000
vt -0.461880 -12.322727 0.000000
vt -0.230940 -12.722727 0.000000
vt -0.230940 -13.286364 0.000000
vt 0.230940 -13.286364 0.000000
vt 0.850000 -8.200000 0.000000
vt 0.461880 -10.959091 0.000000
vt 0.461880 -12.322727 0.000000
vt 0.461880 -13.686364 0.000000
vt 0.230940 -12.722727 0.000000
vt 2.272000 -8.200000 0.000000
vt 0.850000 -6.700000 0.000000
vt 0.461880 -6.868182 0.000000
vt 0.230940 -7.268182 0.000000
vt 2.272000 -6.700000 0.000000
vt 0.850000 -0.050000 0.000000
vt 0.461880 -2.777273 0.000000
vt 0.461880 -4.140909 0.000000
vt 0.461880 -5.504545 0.000000
vt 0.230940 -4.540909 0.000000
vt 0.230940 -5.104545 0.000000
vt -0.230940 -4.540909 0.000000
vt -0.230940 -5.104545 0.000000
vt -0.461880 -5.504545 0.000000
vt -0.461880 -4.140909 0.000000
vt -0.461880 -2.777273 0.000000
vt -0.850000 -0.050000 0.000000
vt -0.461880 -1.413636 0.000000
vt -0.230940 -1.013636 0.000000
vt 0.230940 -1.013636 0.000000
vt 0.461880 -1.413636 0.000000
vt 0.230940 -1.813636 0.000000
vt 0.230940 -2.377273 0.000000
vt -0.230940 -1.813636 0.000000
vt -0.230940 -2.377273 0.000000
vt -0.230940 -7.268182 0.000000
vt 0.230940 -7.831818 0.000000
vt 0.461880 -8.231818 0.000000
vt 0.461880 -9.595455 0.000000
vt 0.230940 -8.631818 0.000000
vt -0.230940 -6.468182 0.000000
vt -0.230940 -5.904545 0.000000
vt 0.230940 -6.468182 0.000000
vt 0.230940 -5.904545 0.000000
vt -0.230940 -11.922727 0.000000
vt -0.230940 -11.359091 0.000000
vt 0.230940 -11.922727 0.000000
vt 0.230940 -11.359091 0.000000
vt -0.230940 -9.995455 0.000000
vt -0.230940 -10.559091 0.000000
vt 0.230940 -10.559091 0.000000
vt 0.230940 -9.995455 0.000000
vt -0.230940 -3.177273 0.000000
vt 0.230940 -3.740909 0.000000
vt 0.230940 -3.177273 0.000000
vt -0.230940 -3.740909 0.000000
vt 0.230940 -14.086364 0.000000
vt -3.475000 0.157080 0.000000
vt -4.975000 0.157080 0.000000
vt -4.225000 0.104720 0.000000
vt -4.975000 0.104720 0.000000
vt -4.225000 0.052360 0.000000
vt -4.975000 0.052360 0.000000
vt -4.225000 -0.000000 0.000000
vt -4.975000 -0.000000 0.000000
vt -4.225000 -0.052360 0.000000
vt -4.975000 -0.052360 0.000000
vt -4.225000 -0.104720 0.000000
vt -4.975000 -0.104720 0.000000
vt -4.975000 -0.157080 0.000000
vt -3.475000 -0.157080 0.000000
vt -3.475000 -0.104720 0.000000
vt -3.475000 -0.052360 0.000000
vt -3.475000 -0.000000 0.000000
vt -3.475000 0.052360 0.000000
vt -3.475000 0.104720 0.000000
vt 1.750000 4.440000 0.000000
vt 0.250000 4.440000 0.000000
vt 1.750000 0.000000 0.000000
vt 0.250000 0.000000 0.000000
vt -0.236000 -0.196350 0.000000
vt 1.186000 -0.196350 0.000000
vt -0.187227 -0.147262 0.000000
vt 1.184296 -0.130900 0.000000
vt -0.140329 -0.098175 0.000000
vt 1.179301 -0.065450 0.000000
vt -0.097107 -0.049087 0.000000
vt 1.171355 0.000000 0.000000
vt -0.059223 0.000000 0.000000
vt -0.028133 0.049087 0.000000
vt 1.161000 0.065450 0.000000
vt -0.005030 0.098175 0.000000
vt 1.148941 0.130900 0.000000
vt 0.009196 0.147262 0.000000
vt 0.012796 0.171806 0.000000
vt 1.136000 0.196350 0.000000
vt 0.014000 0.196350 0.000000
vt -3.190000 0.196350 0.000000
vt -4.390000 0.196350 0.000000
vt -3.242500 0.130900 0.000000
vt -4.402941 0.130900 0.000000
vt -3.242500 0.065450 0.000000
vt -4.415000 0.065450 0.000000
vt -3.242500 -0.000000 0.000000
vt -4.425355 -0.000000 0.000000
vt -3.242500 -0.065450 0.000000
vt -4.433301 -0.065450 0.000000
vt -3.242500 -0.130900 0.000000
vt -4.438296 -0.130900 0.000000
vt -4.440000 -0.196350 0.000000
vt -2.045000 -0.130900 0.000000
vt 0.000000 -0.196350 0.000000
vt -0.847500 -0.130900 0.000000
vt 0.000000 -0.133675 0.000000
vt 0.000000 -0.071000 0.000000
vt -0.847500 -0.065450 0.000000
vt 0.000000 -0.008325 0.000000
vt -0.847500 -0.000000 0.000000
vt 0.000000 0.054350 0.000000
vt -0.847500 0.065450 0.000000
vt 0.000000 0.117025 0.000000
vt -0.847500 0.130900 0.000000
vt 0.350000 0.117025 0.000000
vt 0.350000 0.143467 0.000000
vt 0.350000 0.169908 0.000000
vt -2.045000 0.130900 0.000000
vt -2.045000 0.065450 0.000000
vt -2.045000 -0.000000 0.000000
vt -2.045000 -0.065450 0.000000
vt 0.350000 0.196350 0.000000
vt 0.000000 0.196350 0.000000
vt -0.000000 -0.065399 0.000000
vt -0.000000 0.000000 0.000000
vt -0.034328 -0.032855 0.000000
vt -0.034905 0.000000 0.000000
vt -0.051926 -0.032855 0.000000
vt -0.069814 0.000000 0.000000
vt -0.069524 -0.032855 0.000000
vt -0.087122 -0.032855 0.000000
vt -0.069524 -0.065399 0.000000
vt -0.087122 -0.065399 0.000000
vt -0.069524 -0.098566 0.000000
vt -0.087122 -0.098566 0.000000
vt -0.069524 -0.131421 0.000000
vt -0.087122 -0.131421 0.000000
vt -0.069524 -0.164277 0.000000
vt -0.087122 -0.164277 0.000000
vt -0.069524 -0.197132 0.000000
vt -0.087122 -0.197132 0.000000
vt -0.069524 -0.229987 0.000000
vt -0.087122 -0.229987 0.000000
vt -0.069524 -0.262843 0.000000
vt -0.087122 -0.262843 0.000000
vt -0.069524 -0.318982 0.000000
vt -0.087122 -0.318982 0.000000
vt -0.069524 -0.375122 0.000000
vt -0.087122 -0.375122 0.000000
vt -0.069524 -0.392392 0.000000
vt -0.104720 0.000000 0.000000
vt -0.104720 -0.032855 0.000000
vt -0.104720 -0.065399 0.000000
vt -0.104720 -0.098566 0.000000
vt -0.104720 -0.131421 0.000000
vt -0.104720 -0.164277 0.000000
vt -0.104720 -0.197132 0.000000
vt -0.104720 -0.229987 0.000000
vt -0.104720 -0.262843 0.000000
vt -0.104720 -0.318982 0.000000
vt -0.104720 -0.375122 0.000000
vt -0.087122 -0.392392 0.000000
vt -0.126602 -0.032855 0.000000
vt -0.139625 0.000000 0.000000
vt -0.147311 -0.032855 0.000000
vt -0.174535 0.000000 0.000000
vt -0.168021 -0.032855 0.000000
vt -0.188730 -0.032855 0.000000
vt -0.168021 -0.065399 0.000000
vt -0.188730 -0.065399 0.000000
vt -0.168021 -0.098566 0.000000
vt -0.188730 -0.098566 0.000000
vt -0.168021 -0.131421 0.000000
vt -0.188730 -0.131421 0.000000
vt -0.168021 -0.164277 0.000000
vt -0.188730 -0.164277 0.000000
vt -0.168021 -0.197132 0.000000
vt -0.188730 -0.197132 0.000000
vt -0.168021 -0.229987 0.000000
vt -0.188730 -0.229987 0.000000
vt -0.168021 -0.262843 0.000000
vt -0.188730 -0.262843 0.000000
vt -0.168021 -0.318982 0.000000
vt -0.188730 -0.318982 0.000000
vt -0.168021 -0.375122 0.000000
vt -0.188730 -0.375122 0.000000
vt -0.168021 -0.392392 0.000000
vt -0.209440 0.000000 0.000000
vt -0.209439 -0.065399 0.000000
vt -0.209439 -0.130797 0.000000
vt -0.209438 -0.196195 0.000000
vt -0.209435 -0.261594 0.000000
vt -0.209439 -0.326992 0.000000
vt -0.209439 -0.392392 0.000000
vt -0.000004 -0.261594 0.000000
vt -0.034328 -0.318982 0.000000
vt -0.000001 -0.326992 0.000000
vt -0.034328 -0.375122 0.000000
vt -0.000001 -0.392392 0.000000
vt -0.000001 -0.196195 0.000000
vt -0.034328 -0.229987 0.000000
vt -0.034328 -0.262843 0.000000
vt -0.051926 -0.262843 0.000000
vt -0.051926 -0.318982 0.000000
vt -0.000000 -0.130797 0.000000
vt -0.034328 -0.164277 0.000000
vt -0.034328 -0.197132 0.000000
vt -0.051926 -0.197132 0.000000
vt -0.051926 -0.229987 0.000000
vt -0.034328 -0.098566 0.000000
vt -0.034328 -0.131421 0.000000
vt -0.051926 -0.131421 0.000000
vt -0.051926 -0.164277 0.000000
vt -0.147311 -0.392392 0.000000
vt -0.147311 -0.375122 0.000000
vt -0.126602 -0.392392 0.000000
vt -0.126602 -0.375122 0.000000
vt -0.104720 -0.392392 0.000000
vt -0.051926 -0.392392 0.000000
vt -0.051926 -0.375122 0.000000
vt -0.034328 -0.392392 0.000000
vt -0.034328 -0.065399 0.000000
vt -0.051926 -0.065399 0.000000
vt -0.051926 -0.098566 0.000000
vt -0.147311 -0.065399 0.000000
vt -0.147311 -0.098566 0.000000
vt -0.147311 -0.131421 0.000000
vt -0.147311 -0.164277 0.000000
vt -0.147311 -0.197132 0.000000
vt -0.147311 -0.229987 0.000000
vt -0.147311 -0.262843 0.000000
vt -0.147311 -0.318982 0.000000
vt -0.126602 -0.065399 0.000000
vt -0.126602 -0.098566 0.000000
vt -0.126602 -0.131421 0.000000
vt -0.126602 -0.164277 0.000000
vt -0.126602 -0.197132 0.000000
vt -0.126602 -0.229987 0.000000
vt -0.126602 -0.262843 0.000000
vt -0.126602 -0.318982 0.000000
vt -0.000000 0.000000 0.000000
vt 3.190000 0.000000 0.000000
vt -0.000000 2.000000 0.000000
vt 3.190000 2.000000 0.000000
vt -1.407532 0.350000 0.000000
vt -1.420011 0.350000 0.000000
vt -1.407532 -0.000000 0.000000
vt -1.420011 -0.000000 0.000000
vt 4.822135 1.495735 0.000000
vt 4.553443 1.715068 0.000000
vt 4.589198 1.465068 0.000000
vt 4.545628 1.653048 0.000000
vt 4.522671 1.594905 0.000000
vt 5.039198 1.585645 0.000000
vt 4.903443 2.315068 0.000000
vt 4.864621 2.320179 0.000000
vt 4.828443 2.335164 0.000000
vt 5.225594 1.728672 0.000000
vt 4.978443 2.335164 0.000000
vt 4.942266 2.320179 0.000000
vt 5.368621 1.915068 0.000000
vt 5.033347 2.390068 0.000000
vt 5.009509 2.359002 0.000000
vt 5.048332 2.426245 0.000000
vt 5.458532 2.132131 0.000000
vt 5.489198 2.365068 0.000000
vt 5.053443 2.465068 0.000000
vt 5.489198 2.565068 0.000000
vt 5.048332 2.503891 0.000000
vt 5.458532 2.798005 0.000000
vt 5.368621 3.015068 0.000000
vt 5.033347 2.540068 0.000000
vt 5.225594 3.201464 0.000000
vt 5.009509 2.571134 0.000000
vt 4.978443 2.594972 0.000000
vt 5.039198 3.344491 0.000000
vt 4.942266 2.609957 0.000000
vt 4.903443 2.615068 0.000000
vt 4.822135 3.434402 0.000000
vt 4.864621 2.609957 0.000000
vt 4.828443 2.594972 0.000000
vt 4.553443 3.215068 0.000000
vt 4.797377 2.571134 0.000000
vt 4.773540 2.540068 0.000000
vt 4.758555 2.503891 0.000000
vt 4.753443 2.465068 0.000000
vt 4.758555 2.426245 0.000000
vt 4.773540 2.390068 0.000000
vt 4.797377 2.359002 0.000000
vt 4.589198 3.465068 0.000000
vt 4.545628 3.277089 0.000000
vt 4.522671 3.335232 0.000000
vt 4.486007 3.385862 0.000000
vt 4.437930 3.425813 0.000000
vt 4.381443 3.465068 0.000000
vt 4.381443 3.452589 0.000000
vt 4.486007 1.544275 0.000000
vt 4.437930 1.504323 0.000000
vt 4.381443 1.465068 0.000000
vt 4.381443 1.477548 0.000000
vt -1.407532 0.350000 0.000000
vt -1.420011 0.350000 0.000000
vt -1.407532 0.000000 0.000000
vt -1.420011 0.000000 0.000000
vt -0.900000 0.250000 0.000000
vt -1.107755 0.250000 0.000000
vt -0.900000 -0.100000 0.000000
vt -1.107755 -0.100000 0.000000
vt -0.207755 -0.100000 0.000000
vt -0.000000 -0.100000 0.000000
vt -0.207755 0.250000 0.000000
vt 0.000000 0.250000 0.000000
vt -0.900000 0.250000 0.000000
vt -1.107755 0.250000 0.000000
vt -0.900000 -0.100000 0.000000
vt -1.107755 -0.100000 0.000000
vt -0.207755 -0.100000 0.000000
vt -0.000000 -0.100000 0.000000
vt -0.207755 0.250000 0.000000
vt 0.000000 0.250000 0.000000
vn -0.034972 0.999388 0.000000
vn -0.034972 0.999388 0.000000
vn 0.210478 0.977599 -0.000000
vn 0.210478 0.977599 -0.000000
vn 0.443147 0.896449 -0.000000
vn 0.443147 0.896449 -0.000000
vn 0.648908 0.760867 -0.000000
vn 0.648908 0.760867 -0.000000
vn 0.815267 0.579085 -0.000000
vn 0.815267 0.579085 -0.000000
vn 0.932123 0.362141 -0.000000
vn 0.932123 0.362141 -0.000000
vn 0.992381 0.123207 -0.000000
vn 0.992381 0.123207 -0.000000
vn 0.992381 -0.123207 0.000000
vn 0.992381 -0.123207 0.000000
vn 0.932123 -0.362141 0.000000
vn 0.932123 -0.362141 0.000000
vn 0.815267 -0.579085 0.000000
vn 0.815267 -0.579085 0.000000
vn 0.648908 -0.760867 0.000000
vn 0.648908 -0.760867 0.000000
vn 0.443147 -0.896449 0.000000
vn 0.443147 -0.896449 0.000000
vn 0.210478 -0.977599 0.000000
vn 0.210478 -0.977599 0.000000
vn -0.034972 -0.999388 0.000000
vn -0.034972 -0.999388 0.000000
vn 0.000000 -0.000000 1.000000
vn 0.000000 -0.000000 1.000000
vn 0.000000 -0.000000 1.000000
vn 0.000000 -0.000000 1.000000
vn 0.000000 -0.000000 1.000000
vn 0.000000 -0.000000 1.000000
vn 0.000000 -0.000000 1.000000
vn 0.000000 -0.000000 1.000000
vn 0.000000 -0.000000 1.000000
vn 0.000000 -0.000000 1.000000
vn 0.000000 -0.000000 1.000000
vn 0.000000 -0.000000 1.000000
vn 0.000000 -0.000000 1.000000
vn 0.000000 -0.000000 1.000000
vn 0.000000 -0.000000 1.000000
vn 0.000000 -0.000000 1.000000
vn 0.000000 -0.000000 1.000000
vn 0.000000 -0.000000 1.000000
vn 0.000000 -0.000000 1.000000
vn 0.000000 -0.000000 1.000000
vn 0.000000 -0.000000 1.000000
vn 0.000000 -0.000000 1.000000
vn 0.000000 -0.000000 1.000000
vn 0.000000 -0.000000 1.000000
vn 0.000000 -0.000000 1.000000
vn 0.000000 -0.000000 1.000000
vn 0.000000 -0.000000 1.000000
vn 0.000000 -0.000000 1.000000
vn 0.000000 -0.000000 1.000000
vn 0.000000 -0.000000 1.000000
vn 0.000000 -0.000000 1.000000
vn 0.000000 -0.000000 1.000000
vn 0.000000 -0.000000 1.000000
vn 0.000000 -0.000000 1.000000
vn 0.000000 -0.000000 1.000000
vn 0.000000 -0.000000 1.000000
vn 0.000000 -0.000000 1.000000
vn 0.000000 -0.000000 1.000000
vn 0.000000 -0.000000 1.000000
vn 0.000000 -0.000000 1.000000
vn 0.000000 -0.000000 1.000000
vn 0.000000 -0.000000 1.000000
vn 0.000000 -0.000000 1.000000
vn 0.000000 -0.000000 1.000000
vn 0.000000 -0.000000 1.000000
vn 0.000000 -0.000000 1.000000
vn 0.000000 -0.000000 1.000000
vn 0.000000 -0.000000 1.000000
vn 0.000000 -0.000000 1.000000
vn 0.000000 -0.000000 1.000000
vn 0.000000 -0.000000 1.000000
vn 0.000000 -0.000000 1.000000
vn 0.000000 -0.000000 1.000000
vn 0.000000 -0.000000 1.000000
vn 0.000000 -0.000000 1.000000
vn 0.000000 -0.000000 1.000000
vn 0.000000 -0.000000 1.000000
vn 0.000000 -0.000000 1.000000
vn 0.000000 -0.000000 1.000000
vn 0.000000 -0.000000 1.000000
vn 0.000000 -0.000000 1.000000
vn 0.000000 -0.000000 1.000000
vn 0.000000 -0.000000 1.000000
vn 0.000000 -0.000000 1.000000
vn 0.000000 -0.000000 1.000000
vn 0.000000 -0.000000 1.000000
vn 0.000000 -0.000000 1.000000
vn 0.000000 -0.000000 1.000000
vn 0.000000 -0.000000 1.000000
vn 0.000000 -0.000000 1.000000
vn 0.000000 -0.000000 1.000000
vn 0.000000 -0.000000 1.000000
vn 0.000000 -0.000000 1.000000
vn 0.000000 -0.000000 1.000000
vn 0.000000 -0.000000 1.000000
vn 0.000000 -0.000000 1.000000
vn 0.000000 -0.000000 1.000000
vn 0.000000 -0.000000 1.000000
vn 0.000000 -0.000000 1.000000
vn 0.000000 -0.000000 1.000000
vn 0.000000 -0.000000 1.000000
vn 0.000000 -0.000000 1.000000
vn 0.000000 -0.000000 1.000000
vn 0.000000 -0.000000 1.000000
vn 0.000000 -0.000000 1.000000
vn 0.000000 -0.000000 1.000000
vn 0.000000 -0.000000 1.000000
vn 0.000000 -0.000000 1.000000
vn 0.000000 -0.000000 1.000000
vn 0.000000 -0.000000 1.000000
vn 0.000000 -0.000000 1.000000
vn 0.000000 -0.000000 1.000000
vn 0.000000 -0.000000 1.000000
vn 0.000000 -0.000000 1.000000
vn 0.000000 -0.000000 1.000000
vn 0.000000 -0.000000 1.000000
vn 0.000000 -0.000000 1.000000
vn 1.000000 0.000000 0.000000
vn 1.000000 0.000000 0.000000
vn 1.000000 0.000000 0.000000
vn 1.000000 0.000000 0.000000
vn -0.000000 0.000000 -1.000000
vn -0.000000 0.000000 -1.000000
vn -0.000000 0.000000 -1.000000
vn -0.000000 0.000000 -1.000000
vn -0.000000 0.000000 -1.000000
vn -0.000000 0.000000 -1.000000
vn -0.000000 0.000000 -1.000000
vn -0.000000 0.000000 -1.000000
vn -0.000000 0.000000 -1.000000
vn -0.000000 0.000000 -1.000000
vn -0.000000 0.000000 -1.000000
vn -0.000000 0.000000 -1.000000
vn -0.000000 0.000000 -1.000000
vn -0.000000 0.000000 -1.000000
vn -0.000000 0.000000 -1.000000
vn -0.000000 0.000000 -1.000000
vn -0.000000 0.000000 -1.000000
vn -0.000000 0.000000 -1.000000
vn -0.000000 0.000000 -1.000000
vn -0.000000 0.000000 -1.000000
vn -0.000000 0.000000 -1.000000
vn -0.000000 0.000000 -1.000000
vn -0.000000 0.000000 -1.000000
vn -0.000000 0.000000 -1.000000
vn -0.000000 0.000000 -1.000000
vn -0.000000 0.000000 -1.000000
vn -0.000000 0.000000 -1.000000
vn -0.000000 0.000000 -1.000000
vn -0.000000 0.000000 -1.000000
vn -0.000000 0.000000 -1.000000
vn -0.000000 0.000000 -1.000000
vn -0.000000 0.000000 -1.000000
vn -0.000000 0.000000 -1.000000
vn -0.000000 0.000000 -1.000000
vn -0.000000 0.000000 -1.000000
vn -0.000000 0.000000 -1.000000
vn -0.000000 0.000000 -1.000000
vn -0.000000 0.000000 -1.000000
vn -0.000000 0.000000 -1.000000
vn -0.000000 0.000000 -1.000000
vn -0.000000 0.000000 -1.000000
vn -0.000000 0.000000 -1.000000
vn -0.000000 0.000000 -1.000000
vn -0.000000 0.000000 -1.000000
vn -0.000000 0.000000 -1.000000
vn -0.000000 0.000000 -1.000000
vn -0.000000 0.000000 -1.000000
vn -0.000000 0.000000 -1.000000
vn -0.000000 0.000000 -1.000000
vn -0.000000 0.000000 -1.000000
vn -0.000000 0.000000 -1.000000
vn -0.000000 0.000000 -1.000000
vn -0.000000 0.000000 -1.000000
vn -0.000000 0.000000 -1.000000
vn -0.000000 0.000000 -1.000000
vn -0.000000 0.000000 -1.000000
vn -0.000000 0.000000 -1.000000
vn -0.000000 0.000000 -1.000000
vn -0.000000 0.000000 -1.000000
vn -0.000000 0.000000 -1.000000
vn -0.000000 0.000000 -1.000000
vn -0.000000 0.000000 -1.000000
vn -0.000000 0.000000 -1.000000
vn -0.000000 0.000000 -1.000000
vn -0.000000 0.000000 -1.000000
vn -0.000000 0.000000 -1.000000
vn -0.000000 0.000000 -1.000000
vn -0.000000 0.000000 -1.000000
vn -0.000000 0.000000 -1.000000
vn -0.000000 0.000000 -1.000000
vn -0.000000 0.000000 -1.000000
vn -0.000000 0.000000 -1.000000
vn -0.000000 0.000000 -1.000000
vn -0.000000 0.000000 -1.000000
vn -0.000000 0.000000 -1.000000
vn -0.000000 0.000000 -1.000000
vn -0.000000 0.000000 -1.000000
vn -0.000000 0.000000 -1.000000
vn -0.000000 0.000000 -1.000000
vn -0.000000 0.000000 -1.000000
vn -0.000000 0.000000 -1.000000
vn -0.000000 0.000000 -1.000000
vn -0.000000 0.000000 -1.000000
vn -0.000000 0.000000 -1.000000
vn -0.000000 0.000000 -1.000000
vn -0.000000 0.000000 -1.000000
vn -0.000000 0.000000 -1.000000
vn -0.000000 0.000000 -1.000000
vn -0.000000 0.000000 -1.000000
vn -0.000000 0.000000 -1.000000
vn -0.000000 0.000000 -1.000000
vn -0.000000 0.000000 -1.000000
vn -0.000000 0.000000 -1.000000
vn -0.000000 0.000000 -1.000000
vn -0.000000 0.000000 -1.000000
vn -0.000000 0.000000 -1.000000
vn -0.000000 0.000000 -1.000000
vn -0.000000 0.000000 -1.000000
vn -0.000000 0.000000 -1.000000
vn -0.000000 0.000000 -1.000000
vn -0.000000 0.000000 -1.000000
vn -0.000000 0.000000 -1.000000
vn -0.000000 0.000000 -1.000000
vn -0.000000 0.000000 -1.000000
vn -0.000000 0.000000 -1.000000
vn -0.000000 0.000000 -1.000000
vn -0.000000 0.000000 -1.000000
vn -0.000000 0.000000 -1.000000
vn -0.000000 0.000000 -1.000000
vn -0.000000 0.000000 -1.000000
vn -0.000000 0.000000 -1.000000
vn -0.000000 0.000000 -1.000000
vn -0.000000 0.000000 -1.000000
vn -0.000000 0.000000 -1.000000
vn -0.000000 0.000000 -1.000000
vn -0.000000 0.000000 -1.000000
vn -0.000000 0.000000 -1.000000
vn -0.000000 0.000000 -1.000000
vn -0.000000 0.000000 -1.000000
vn -0.000000 0.000000 -1.000000
vn -0.000000 0.000000 -1.000000
vn -0.000000 0.000000 -1.000000
vn -0.000000 0.000000 -1.000000
vn -0.000000 0.000000 -1.000000
vn -0.000000 0.000000 -1.000000
vn -0.000000 0.000000 -1.000000
vn -0.000000 0.000000 -1.000000
vn -0.000000 0.000000 -1.000000
vn -0.000000 0.000000 -1.000000
vn -0.000000 0.000000 -1.000000
vn -0.000000 0.000000 -1.000000
vn -0.000000 0.000000 -1.000000
vn -0.000000 0.000000 -1.000000
vn -0.000000 0.000000 -1.000000
vn -0.000000 0.000000 -1.000000
vn -0.000000 0.000000 -1.000000
vn -0.000000 0.000000 -1.000000
vn -0.000000 0.000000 -1.000000
vn -0.000000 0.000000 -1.000000
vn -0.000000 0.000000 -1.000000
vn -0.000000 0.000000 -1.000000
vn -0.000000 0.000000 -1.000000
vn -0.000000 0.000000 -1.000000
vn -0.000000 0.000000 -1.000000
vn -0.000000 0.000000 -1.000000
vn -0.000000 0.000000 -1.000000
vn -0.000000 0.000000 -1.000000
vn -0.000000 0.000000 -1.000000
vn -0.000000 0.000000 -1.000000
vn -0.000000 0.000000 -1.000000
vn -0.000000 0.000000 -1.000000
vn -0.000000 0.000000 -1.000000
vn -0.000000 0.000000 -1.000000
vn -0.000000 0.000000 -1.000000
vn -0.000000 0.000000 -1.000000
vn -0.000000 0.000000 -1.000000
vn -0.000000 0.000000 -1.000000
vn -0.000000 0.000000 -1.000000
vn -0.000000 0.000000 -1.000000
vn -0.000000 0.000000 -1.000000
vn -0.000000 0.000000 -1.000000
vn -0.000000 0.000000 -1.000000
vn -0.000000 0.000000 -1.000000
vn -0.000000 0.000000 -1.000000
vn -0.000000 0.000000 -1.000000
vn -0.000000 0.000000 -1.000000
vn -0.000000 0.000000 -1.000000
vn -0.000000 0.000000 -1.000000
vn -0.000000 0.000000 -1.000000
vn -0.000000 0.000000 -1.000000
vn -0.000000 0.000000 -1.000000
vn -0.000000 0.000000 -1.000000
vn -0.000000 0.000000 -1.000000
vn -0.000000 0.000000 -1.000000
vn -0.000000 0.000000 -1.000000
vn -0.000000 0.000000 -1.000000
vn -0.000000 0.000000 -1.000000
vn -0.000000 0.000000 -1.000000
vn -0.000000 0.000000 -1.000000
vn -0.000000 0.000000 -1.000000
vn -0.000000 0.000000 -1.000000
vn -0.000000 0.000000 -1.000000
vn -0.000000 0.000000 -1.000000
vn -0.000000 0.000000 -1.000000
vn -0.000000 0.000000 -1.000000
vn -0.000000 0.000000 -1.000000
vn -0.000000 0.000000 -1.000000
vn -0.000000 0.000000 -1.000000
vn -0.000000 0.000000 -1.000000
vn -0.000000 0.000000 -1.000000
vn -0.000000 0.000000 -1.000000
vn -0.000000 0.000000 -1.000000
vn -0.000000 0.000000 -1.000000
vn -0.000000 0.000000 -1.000000
vn -0.000000 0.000000 -1.000000
vn -0.000000 0.000000 -1.000000
vn -0.000000 0.000000 -1.000000
vn -0.000000 0.000000 -1.000000
vn -0.000000 0.000000 -1.000000
vn -0.000000 0.000000 -1.000000
vn -0.000000 0.000000 -1.000000
vn -1.000000 0.000000 -0.000000
vn -1.000000 0.000000 -0.000000
vn -0.965926 -0.258819 -0.000000
vn -0.965926 -0.258819 -0.000000
vn -0.866025 -0.500000 -0.000000
vn -0.866025 -0.500000 -0.000000
vn -0.707107 -0.707107 -0.000000
vn -0.707107 -0.707107 -0.000000
vn -0.500000 -0.866025 -0.000000
vn -0.500000 -0.866025 -0.000000
vn -0.258819 -0.965926 -0.000000
vn -0.258819 -0.965926 -0.000000
vn 0.000000 -1.000000 -0.000000
vn 0.000000 -1.000000 -0.000000
vn 0.258819 -0.965926 -0.000000
vn 0.258819 -0.965926 -0.000000
vn 0.500000 -0.866025 -0.000000
vn 0.500000 -0.866025 -0.000000
vn 0.707107 -0.707107 -0.000000
vn 0.707107 -0.707107 -0.000000
vn 0.866025 -0.500000 -0.000000
vn 0.866025 -0.500000 -0.000000
vn 0.965926 -0.258819 -0.000000
vn 0.965926 -0.258819 -0.000000
vn 1.000000 0.000000 0.000000
vn 1.000000 0.000000 0.000000
vn -0.000000 -1.000000 -0.000000
vn -0.000000 -1.000000 -0.000000
vn -0.000000 -1.000000 -0.000000
vn -0.000000 -1.000000 -0.000000
vn 0.866025 -0.500000 -0.000000
vn 0.866025 -0.500000 -0.000000
vn 0.866025 -0.500000 -0.000000
vn 0.866025 -0.500000 -0.000000
vn 0.866025 0.500000 0.000000
vn 0.866025 0.500000 0.000000
vn 0.866025 0.500000 0.000000
vn 0.866025 0.500000 0.000000
vn -0.000000 1.000000 -0.000000
vn -0.000000 1.000000 -0.000000
vn -0.000000 1.000000 -0.000000
vn -0.000000 1.000000 -0.000000
vn -0.866025 0.500000 -0.000000
vn -0.866025 0.500000 -0.000000
vn -0.866025 0.500000 -0.000000
vn -0.866025 0.500000 -0.000000
vn -0.866025 -0.500000 -0.000000
vn -0.866025 -0.500000 -0.000000
vn -0.866025 -0.500000 -0.000000
vn -0.866025 -0.500000 -0.000000
vn -0.000000 -1.000000 -0.000000
vn -0.000000 -1.000000 -0.000000
vn -0.000000 -1.000000 -0.000000
vn -0.000000 -1.000000 -0.000000
vn 0.866025 -0.500000 -0.000000
vn 0.866025 -0.500000 -0.000000
vn 0.866025 -0.500000 -0.000000
vn 0.866025 -0.500000 -0.000000
vn 0.866025 0.500000 0.000000
vn 0.866025 0.500000 0.000000
vn 0.866025 0.500000 0.000000
vn 0.866025 0.500000 0.000000
vn -0.000000 1.000000 -0.000000
vn -0.000000 1.000000 -0.000000
vn -0.000000 1.000000 -0.000000
vn -0.000000 1.000000 -0.000000
vn -0.866025 0.500000 -0.000000
vn -0.866025 0.500000 -0.000000
vn -0.866025 0.500000 -0.000000
vn -0.866025 0.500000 -0.000000
vn -0.866025 -0.500000 -0.000000
vn -0.866025 -0.500000 -0.000000
vn -0.866025 -0.500000 -0.000000
vn -0.866025 -0.500000 -0.000000
vn -0.000000 -1.000000 -0.000000
vn -0.000000 -1.000000 -0.000000
vn -0.000000 -1.000000 -0.000000
vn -0.000000 -1.000000 -0.000000
vn 0.866025 -0.500000 -0.000000
vn 0.866025 -0.500000 -0.000000
vn 0.866025 -0.500000 -0.000000
vn 0.866025 -0.500000 -0.000000
vn 0.866025 0.500000 0.000000
vn 0.866025 0.500000 0.000000
vn 0.866025 0.500000 0.000000
vn 0.866025 0.500000 0.000000
vn -0.000000 1.000000 -0.000000
vn -0.000000 1.000000 -0.000000
vn -0.000000 1.000000 -0.000000
vn -0.000000 1.000000 -0.000000
vn -0.866025 0.500000 -0.000000
vn -0.866025 0.500000 -0.000000
vn -0.866025 0.500000 -0.000000
vn -0.866025 0.500000 -0.000000
vn -0.866025 -0.500000 -0.000000
vn -0.866025 -0.500000 -0.000000
vn -0.866025 -0.500000 -0.000000
vn -0.866025 -0.500000 -0.000000
vn -0.000000 -1.000000 -0.000000
vn -0.000000 -1.000000 -0.000000
vn -0.000000 -1.000000 -0.000000
vn -0.000000 -1.000000 -0.000000
vn 0.866025 -0.500000 -0.000000
vn 0.866025 -0.500000 -0.000000
vn 0.866025 -0.500000 -0.000000
vn 0.866025 -0.500000 -0.000000
vn 0.866025 0.500000 0.000000
vn 0.866025 0.500000 0.000000
vn 0.866025 0.500000 0.000000
vn 0.866025 0.500000 0.000000
vn -0.000000 1.000000 -0.000000
vn -0.000000 1.000000 -0.000000
vn -0.000000 1.000000 -0.000000
vn -0.000000 1.000000 -0.000000
vn -0.866025 0.500000 -0.000000
vn -0.866025 0.500000 -0.000000
vn -0.866025 0.500000 -0.000000
vn -0.866025 0.500000 -0.000000
vn -0.866025 -0.500000 -0.000000
vn -0.866025 -0.500000 -0.000000
vn -0.866025 -0.500000 -0.000000
vn -0.866025 -0.500000 -0.000000
vn -0.000000 -1.000000 -0.000000
vn -0.000000 -1.000000 -0.000000
vn -0.000000 -1.000000 -0.000000
vn -0.000000 -1.000000 -0.000000
vn 0.866025 -0.500000 -0.000000
vn 0.866025 -0.500000 -0.000000
vn 0.866025 -0.500000 -0.000000
vn 0.866025 -0.500000 -0.000000
vn 0.866025 0.500000 0.000000
vn 0.866025 0.500000 0.000000
vn 0.866025 0.500000 0.000000
vn 0.866025 0.500000 0.000000
vn -0.000000 1.000000 -0.000000
vn -0.000000 1.000000 -0.000000
vn -0.000000 1.000000 -0.000000
vn -0.000000 1.000000 -0.000000
vn -0.866025 0.500000 -0.000000
vn -0.866025 0.500000 -0.000000
vn -0.866025 0.500000 -0.000000
vn -0.866025 0.500000 -0.000000
vn -0.866025 -0.500000 -0.000000
vn -0.866025 -0.500000 -0.000000
vn -0.866025 -0.500000 -0.000000
vn -0.866025 -0.500000 -0.000000
vn -0.000000 -1.000000 -0.000000
vn -0.000000 -1.000000 -0.000000
vn -0.000000 -1.000000 -0.000000
vn -0.000000 -1.000000 -0.000000
vn 0.866025 -0.500000 -0.000000
vn 0.866025 -0.500000 -0.000000
vn 0.866025 -0.500000 -0.000000
vn 0.866025 -0.500000 -0.000000
vn 0.866025 0.500000 0.000000
vn 0.866025 0.500000 0.000000
vn 0.866025 0.500000 0.000000
vn 0.866025 0.500000 0.000000
vn -0.000000 1.000000 -0.000000
vn -0.000000 1.000000 -0.000000
vn -0.000000 1.000000 -0.000000
vn -0.000000 1.000000 -0.000000
vn -0.866025 0.500000 -0.000000
vn -0.866025 0.500000 -0.000000
vn -0.866025 0.500000 -0.000000
vn -0.866025 0.500000 -0.000000
vn -0.866025 -0.500000 -0.000000
vn -0.866025 -0.500000 -0.000000
vn -0.866025 -0.500000 -0.000000
vn -0.866025 -0.500000 -0.000000
vn -0.000000 -1.000000 -0.000000
vn -0.000000 -1.000000 -0.000000
vn -0.000000 -1.000000 -0.000000
vn -0.000000 -1.000000 -0.000000
vn 0.866025 -0.500000 -0.000000
vn 0.866025 -0.500000 -0.000000
vn 0.866025 -0.500000 -0.000000
vn 0.866025 -0.500000 -0.000000
vn 0.866025 0.500000 0.000000
vn 0.866025 0.500000 0.000000
vn 0.866025 0.500000 0.000000
vn 0.866025 0.500000 0.000000
vn -0.000000 1.000000 -0.000000
vn -0.000000 1.000000 -0.000000
vn -0.000000 1.000000 -0.000000
vn -0.000000 1.000000 -0.000000
vn -0.866025 0.500000 -0.000000
vn -0.866025 0.500000 -0.000000
vn -0.866025 0.500000 -0.000000
vn -0.866025 0.500000 -0.000000
vn -0.866025 -0.500000 -0.000000
vn -0.866025 -0.500000 -0.000000
vn -0.866025 -0.500000 -0.000000
vn -0.866025 -0.500000 -0.000000
vn -0.000000 -1.000000 -0.000000
vn -0.000000 -1.000000 -0.000000
vn -0.000000 -1.000000 -0.000000
vn -0.000000 -1.000000 -0.000000
vn 0.866025 -0.500000 -0.000000
vn 0.866025 -0.500000 -0.000000
vn 0.866025 -0.500000 -0.000000
vn 0.866025 -0.500000 -0.000000
vn 0.866025 0.500000 0.000000
vn 0.866025 0.500000 0.000000
vn 0.866025 0.500000 0.000000
vn 0.866025 0.500000 0.000000
vn -0.000000 1.000000 -0.000000
vn -0.000000 1.000000 -0.000000
vn -0.000000 1.000000 -0.000000
vn -0.000000 1.000000 -0.000000
vn -0.866025 0.500000 -0.000000
vn -0.866025 0.500000 -0.000000
vn -0.866025 0.500000 -0.000000
vn -0.866025 0.500000 -0.000000
vn -0.866025 -0.500000 -0.000000
vn -0.866025 -0.500000 -0.000000
vn -0.866025 -0.500000 -0.000000
vn -0.866025 -0.500000 -0.000000
vn -0.000000 -1.000000 -0.000000
vn -0.000000 -1.000000 -0.000000
vn -0.000000 -1.000000 -0.000000
vn -0.000000 -1.000000 -0.000000
vn 0.866025 -0.500000 -0.000000
vn 0.866025 -0.500000 -0.000000
vn 0.866025 -0.500000 -0.000000
vn 0.866025 -0.500000 -0.000000
vn 0.866025 0.500000 0.000000
vn 0.866025 0.500000 0.000000
vn 0.866025 0.500000 0.000000
vn 0.866025 0.500000 0.000000
vn -0.000000 1.000000 -0.000000
vn -0.000000 1.000000 -0.000000
vn -0.000000 1.000000 -0.000000
vn -0.000000 1.000000 -0.000000
vn -0.866025 0.500000 -0.000000
vn -0.866025 0.500000 -0.000000
vn -0.866025 0.500000 -0.000000
vn -0.866025 0.500000 -0.000000
vn -0.866025 -0.500000 -0.000000
vn -0.866025 -0.500000 -0.000000
vn -0.866025 -0.500000 -0.000000
vn -0.866025 -0.500000 -0.000000
vn -0.000000 -1.000000 -0.000000
vn -0.000000 -1.000000 -0.000000
vn -0.000000 -1.000000 -0.000000
vn -0.000000 -1.000000 -0.000000
vn 0.866025 -0.500000 -0.000000
vn 0.866025 -0.500000 -0.000000
vn 0.866025 -0.500000 -0.000000
vn 0.866025 -0.500000 -0.000000
vn 0.866025 0.500000 0.000000
vn 0.866025 0.500000 0.000000
vn 0.866025 0.500000 0.000000
vn 0.866025 0.500000 0.000000
vn -0.000000 1.000000 -0.000000
vn -0.000000 1.000000 -0.000000
vn -0.000000 1.000000 -0.000000
vn -0.000000 1.000000 -0.000000
vn -0.866025 0.500000 -0.000000
vn -0.866025 0.500000 -0.000000
vn -0.866025 0.500000 -0.000000
vn -0.866025 0.500000 -0.000000
vn -0.866025 -0.500000 -0.000000
vn -0.866025 -0.500000 -0.000000
vn -0.866025 -0.500000 -0.000000
vn -0.866025 -0.500000 -0.000000
vn 0.500000 -0.000000 -0.866025
vn 0.500000 -0.000000 -0.866025
vn 0.500000 -0.000000 -0.866025
vn 0.500000 -0.000000 -0.866025
vn -0.500000 -0.000000 -0.866025
vn -0.500000 -0.000000 -0.866025
vn -0.500000 -0.000000 -0.866025
vn -0.500000 -0.000000 -0.866025
vn -1.000000 -0.000000 -0.000000
vn -1.000000 -0.000000 -0.000000
vn -1.000000 -0.000000 -0.000000
vn -1.000000 -0.000000 -0.000000
vn -0.500000 -0.000000 0.866025
vn -0.500000 -0.000000 0.866025
vn -0.500000 -0.000000 0.866025
vn -0.500000 -0.000000 0.866025
vn 0.500000 0.000000 0.866025
vn 0.500000 0.000000 0.866025
vn 0.500000 0.000000 0.866025
vn 0.500000 0.000000 0.866025
vn 1.000000 0.000000 0.000000
vn 1.000000 0.000000 0.000000
vn 1.000000 0.000000 0.000000
vn 1.000000 0.000000 0.000000
vn 0.500000 -0.000000 -0.866025
vn 0.500000 -0.000000 -0.866025
vn 0.500000 -0.000000 -0.866025
vn 0.500000 -0.000000 -0.866025
vn -0.500000 -0.000000 -0.866025
vn -0.500000 -0.000000 -0.866025
vn -0.500000 -0.000000 -0.866025
vn -0.500000 -0.000000 -0.866025
vn -1.000000 -0.000000 -0.000000
vn -1.000000 -0.000000 -0.000000
vn -1.000000 -0.000000 -0.000000
vn -1.000000 -0.000000 -0.000000
vn -0.500000 -0.000000 0.866025
vn -0.500000 -0.000000 0.866025
vn -0.500000 -0.000000 0.866025
vn -0.500000 -0.000000 0.866025
vn 0.500000 0.000000 0.866025
vn 0.500000 0.000000 0.866025
vn 0.500000 0.000000 0.866025
vn 0.500000 0.000000 0.866025
vn 1.000000 0.000000 0.000000
vn 1.000000 0.000000 0.000000
vn 1.000000 0.000000 0.000000
vn 1.000000 0.000000 0.000000
vn 0.500000 -0.000000 -0.866025
vn 0.500000 -0.000000 -0.866025
vn 0.500000 -0.000000 -0.866025
vn 0.500000 -0.000000 -0.866025
vn -0.500000 -0.000000 -0.866025
vn -0.500000 -0.000000 -0.866025
vn -0.500000 -0.000000 -0.866025
vn -0.500000 -0.000000 -0.866025
vn -1.000000 -0.000000 -0.000000
vn -1.000000 -0.000000 -0.000000
vn -1.000000 -0.000000 -0.000000
vn -1.000000 -0.000000 -0.000000
vn -0.500000 -0.000000 0.866025
vn -0.500000 -0.000000 0.866025
vn -0.500000 -0.000000 0.866025
vn -0.500000 -0.000000 0.866025
vn 0.500000 0.000000 0.866025
vn 0.500000 0.000000 0.866025
vn 0.500000 0.000000 0.866025
vn 0.500000 0.000000 0.866025
vn 1.000000 0.000000 0.000000
vn 1.000000 0.000000 0.000000
vn 1.000000 0.000000 0.000000
vn 1.000000 0.000000 0.000000
vn 0.500000 -0.000000 -0.866025
vn 0.500000 -0.000000 -0.866025
vn 0.500000 -0.000000 -0.866025
vn 0.500000 -0.000000 -0.866025
vn -0.500000 -0.000000 -0.866025
vn -0.500000 -0.000000 -0.866025
vn -0.500000 -0.000000 -0.866025
vn -0.500000 -0.000000 -0.866025
vn -1.000000 -0.000000 -0.000000
vn -1.000000 -0.000000 -0.000000
vn -1.000000 -0.000000 -0.000000
vn -1.000000 -0.000000 -0.000000
vn -0.500000 -0.000000 0.866025
vn -0.500000 -0.000000 0.866025
vn -0.500000 -0.000000 0.866025
vn -0.500000 -0.000000 0.866025
vn 0.500000 0.000000 0.866025
vn 0.500000 0.000000 0.866025
vn 0.500000 0.000000 0.866025
vn 0.500000 0.000000 0.866025
vn 1.000000 0.000000 0.000000
vn 1.000000 0.000000 0.000000
vn 1.000000 0.000000 0.000000
vn 1.000000 0.000000 0.000000
vn 0.500000 -0.000000 -0.866025
vn 0.500000 -0.000000 -0.866025
vn 0.500000 -0.000000 -0.866025
vn 0.500000 -0.000000 -0.866025
vn -0.500000 -0.000000 -0.866025
vn -0.500000 -0.000000 -0.866025
vn -0.500000 -0.000000 -0.866025
vn -0.500000 -0.000000 -0.866025
vn -1.000000 -0.000000 -0.000000
vn -1.000000 -0.000000 -0.000000
vn -1.000000 -0.000000 -0.000000
vn -1.000000 -0.000000 -0.000000
vn -0.500000 -0.000000 0.866025
vn -0.500000 -0.000000 0.866025
vn -0.500000 -0.000000 0.866025
vn -0.500000 -0.000000 0.866025
vn 0.500000 0.000000 0.866025
vn 0.500000 0.000000 0.866025
vn 0.500000 0.000000 0.866025
vn 0.500000 0.000000 0.866025
vn 1.000000 0.000000 0.000000
vn 1.000000 0.000000 0.000000
vn 1.000000 0.000000 0.000000
vn 1.000000 0.000000 0.000000
vn 0.866025 -0.500000 -0.000000
vn 0.866025 -0.500000 -0.000000
vn 0.866025 -0.500000 -0.000000
vn 0.866025 -0.500000 -0.000000
vn 0.000000 -1.000000 -0.000000
vn 0.000000 -1.000000 -0.000000
vn 0.000000 -1.000000 -0.000000
vn 0.000000 -1.000000 -0.000000
vn -0.866025 -0.500000 0.000000
vn -0.866025 -0.500000 0.000000
vn -0.866025 -0.500000 0.000000
vn -0.866025 -0.500000 0.000000
vn -0.866025 0.500000 -0.000000
vn -0.866025 0.500000 -0.000000
vn -0.866025 0.500000 -0.000000
vn -0.866025 0.500000 -0.000000
vn 0.000000 1.000000 -0.000000
vn 0.000000 1.000000 -0.000000
vn 0.000000 1.000000 -0.000000
vn 0.000000 1.000000 -0.000000
vn 0.866025 0.500000 -0.000000
vn 0.866025 0.500000 -0.000000
vn 0.866025 0.500000 -0.000000
vn 0.866025 0.500000 -0.000000
vn 0.866025 -0.500000 -0.000000
vn 0.866025 -0.500000 -0.000000
vn 0.866025 -0.500000 -0.000000
vn 0.866025 -0.500000 -0.000000
vn 0.000000 -1.000000 -0.000000
vn 0.000000 -1.000000 -0.000000
vn 0.000000 -1.000000 -0.000000
vn 0.000000 -1.000000 -0.000000
vn -0.866025 -0.500000 0.000000
vn -0.866025 -0.500000 0.000000
vn -0.866025 -0.500000 0.000000
vn -0.866025 -0.500000 0.000000
vn -0.866025 0.500000 -0.000000
vn -0.866025 0.500000 -0.000000
vn -0.866025 0.500000 -0.000000
vn -0.866025 0.500000 -0.000000
vn 0.000000 1.000000 -0.000000
vn 0.000000 1.000000 -0.000000
vn 0.000000 1.000000 -0.000000
vn 0.000000 1.000000 -0.000000
vn 0.866025 0.500000 -0.000000
vn 0.866025 0.500000 -0.000000
vn 0.866025 0.500000 -0.000000
vn 0.866025 0.500000 -0.000000
vn 0.500000 0.866025 -0.000000
vn 0.500000 0.866025 -0.000000
vn 0.500000 0.866025 -0.000000
vn 0.500000 0.866025 -0.000000
vn 1.000000 -0.000000 -0.000000
vn 1.000000 -0.000000 -0.000000
vn 1.000000 -0.000000 -0.000000
vn 1.000000 -0.000000 -0.000000
vn 0.500000 -0.866025 -0.000000
vn 0.500000 -0.866025 -0.000000
vn 0.500000 -0.866025 -0.000000
vn 0.500000 -0.866025 -0.000000
vn -0.500000 -0.866025 0.000000
vn -0.500000 -0.866025 0.000000
vn -0.500000 -0.866025 0.000000
vn -0.500000 -0.866025 0.000000
vn -1.000000 0.000000 -0.000000
vn -1.000000 0.000000 -0.000000
vn -1.000000 0.000000 -0.000000
vn -1.000000 0.000000 -0.000000
vn -0.500000 0.866025 -0.000000
vn -0.500000 0.866025 -0.000000
vn -0.500000 0.866025 -0.000000
vn -0.500000 0.866025 -0.000000
vn 0.500000 0.866025 -0.000000
vn 0.500000 0.866025 -0.000000
vn 0.500000 0.866025 -0.000000
vn 0.500000 0.866025 -0.000000
vn 1.000000 -0.000000 -0.000000
vn 1.000000 -0.000000 -0.000000
vn 1.000000 -0.000000 -0.000000
vn 1.000000 -0.000000 -0.000000
vn 0.500000 -0.866025 -0.000000
vn 0.500000 -0.866025 -0.000000
vn 0.500000 -0.866025 -0.000000
vn 0.500000 -0.866025 -0.000000
vn -0.500000 -0.866025 0.000000
vn -0.500000 -0.866025 0.000000
vn -0.500000 -0.866025 0.000000
vn -0.500000 -0.866025 0.000000
vn -1.000000 0.000000 -0.000000
vn -1.000000 0.000000 -0.000000
vn -1.000000 0.000000 -0.000000
vn -1.000000 0.000000 -0.000000
vn -0.500000 0.866025 -0.000000
vn -0.500000 0.866025 -0.000000
vn -0.500000 0.866025 -0.000000
vn -0.500000 0.866025 -0.000000
vn 0.500000 0.866025 -0.000000
vn 0.500000 0.866025 -0.000000
vn 0.500000 0.866025 -0.000000
vn 0.500000 0.866025 -0.000000
vn 1.000000 -0.000000 -0.000000
vn 1.000000 -0.000000 -0.000000
vn 1.000000 -0.000000 -0.000000
vn 1.000000 -0.000000 -0.000000
vn 0.500000 -0.866025 -0.000000
vn 0.500000 -0.866025 -0.000000
vn 0.500000 -0.866025 -0.000000
vn 0.500000 -0.866025 -0.000000
vn -0.500000 -0.866025 0.000000
vn -0.500000 -0.866025 0.000000
vn -0.500000 -0.866025 0.000000
vn -0.500000 -0.866025 0.000000
vn -1.000000 0.000000 -0.000000
vn -1.000000 0.000000 -0.000000
vn -1.000000 0.000000 -0.000000
vn -1.000000 0.000000 -0.000000
vn -0.500000 0.866025 -0.000000
vn -0.500000 0.866025 -0.000000
vn -0.500000 0.866025 -0.000000
vn -0.500000 0.866025 -0.000000
vn 0.500000 0.866025 -0.000000
vn 0.500000 0.866025 -0.000000
vn 0.500000 0.866025 -0.000000
vn 0.500000 0.866025 -0.000000
vn 1.000000 -0.000000 -0.000000
vn 1.000000 -0.000000 -0.000000
vn 1.000000 -0.000000 -0.000000
vn 1.000000 -0.000000 -0.000000
vn 0.500000 -0.866025 -0.000000
vn 0.500000 -0.866025 -0.000000
vn 0.500000 -0.866025 -0.000000
vn 0.500000 -0.866025 -0.000000
vn -0.500000 -0.866025 0.000000
vn -0.500000 -0.866025 0.000000
vn -0.500000 -0.866025 0.000000
vn -0.500000 -0.866025 0.000000
vn -1.000000 0.000000 -0.000000
vn -1.000000 0.000000 -0.000000
vn -1.000000 0.000000 -0.000000
vn -1.000000 0.000000 -0.000000
vn -0.500000 0.866025 -0.000000
vn -0.500000 0.866025 -0.000000
vn -0.500000 0.866025 -0.000000
vn -0.500000 0.866025 -0.000000
vn 0.500000 0.866025 -0.000000
vn 0.500000 0.866025 -0.000000
vn 0.500000 0.866025 -0.000000
vn 0.500000 0.866025 -0.000000
vn 1.000000 -0.000000 -0.000000
vn 1.000000 -0.000000 -0.000000
vn 1.000000 -0.000000 -0.000000
vn 1.000000 -0.000000 -0.000000
vn 0.500000 -0.866025 -0.000000
vn 0.500000 -0.866025 -0.000000
vn 0.500000 -0.866025 -0.000000
vn 0.500000 -0.866025 -0.000000
vn -0.500000 -0.866025 0.000000
vn -0.500000 -0.866025 0.000000
vn -0.500000 -0.866025 0.000000
vn -0.500000 -0.866025 0.000000
vn -1.000000 0.000000 -0.000000
vn -1.000000 0.000000 -0.000000
vn -1.000000 0.000000 -0.000000
vn -1.000000 0.000000 -0.000000
vn -0.500000 0.866025 -0.000000
vn -0.500000 0.866025 -0.000000
vn -0.500000 0.866025 -0.000000
vn -0.500000 0.866025 -0.000000
vn 0.500000 0.866025 -0.000000
vn 0.500000 0.866025 -0.000000
vn 0.500000 0.866025 -0.000000
vn 0.500000 0.866025 -0.000000
vn 1.000000 -0.000000 -0.000000
vn 1.000000 -0.000000 -0.000000
vn 1.000000 -0.000000 -0.000000
vn 1.000000 -0.000000 -0.000000
vn 0.500000 -0.866025 -0.000000
vn 0.500000 -0.866025 -0.000000
vn 0.500000 -0.866025 -0.000000
vn 0.500000 -0.866025 -0.000000
vn -0.500000 -0.866025 0.000000
vn -0.500000 -0.866025 0.000000
vn -0.500000 -0.866025 0.000000
vn -0.500000 -0.866025 0.000000
vn -1.000000 0.000000 -0.000000
vn -1.000000 0.000000 -0.000000
vn -1.000000 0.000000 -0.000000
vn -1.000000 0.000000 -0.000000
vn -0.500000 0.866025 -0.000000
vn -0.500000 0.866025 -0.000000
vn -0.500000 0.866025 -0.000000
vn -0.500000 0.866025 -0.000000
vn 0.500000 0.866025 -0.000000
vn 0.500000 0.866025 -0.000000
vn 0.500000 0.866025 -0.000000
vn 0.500000 0.866025 -0.000000
vn 1.000000 -0.000000 -0.000000
vn 1.000000 -0.000000 -0.000000
vn 1.000000 -0.000000 -0.000000
vn 1.000000 -0.000000 -0.000000
vn 0.500000 -0.866025 -0.000000
vn 0.500000 -0.866025 -0.000000
vn 0.500000 -0.866025 -0.000000
vn 0.500000 -0.866025 -0.000000
vn -0.500000 -0.866025 0.000000
vn -0.500000 -0.866025 0.000000
vn -0.500000 -0.866025 0.000000
vn -0.500000 -0.866025 0.000000
vn -1.000000 0.000000 -0.000000
vn -1.000000 0.000000 -0.000000
vn -1.000000 0.000000 -0.000000
vn -1.000000 0.000000 -0.000000
vn -0.500000 0.866025 -0.000000
vn -0.500000 0.866025 -0.000000
vn -0.500000 0.866025 -0.000000
vn -0.500000 0.866025 -0.000000
vn 0.500000 0.866025 -0.000000
vn 0.500000 0.866025 -0.000000
vn 0.500000 0.866025 -0.000000
vn 0.500000 0.866025 -0.000000
vn 1.000000 -0.000000 -0.000000
vn 1.000000 -0.000000 -0.000000
vn 1.000000 -0.000000 -0.000000
vn 1.000000 -0.000000 -0.000000
vn 0.500000 -0.866025 -0.000000
vn 0.500000 -0.866025 -0.000000
vn 0.500000 -0.866025 -0.000000
vn 0.500000 -0.866025 -0.000000
vn -0.500000 -0.866025 0.000000
vn -0.500000 -0.866025 0.000000
vn -0.500000 -0.866025 0.000000
vn -0.500000 -0.866025 0.000000
vn -1.000000 0.000000 -0.000000
vn -1.000000 0.000000 -0.000000
vn -1.000000 0.000000 -0.000000
vn -1.000000 0.000000 -0.000000
vn -0.500000 0.866025 -0.000000
vn -0.500000 0.866025 -0.000000
vn -0.500000 0.866025 -0.000000
vn -0.500000 0.866025 -0.000000
vn -1.000000 -0.000000 0.000000
vn -1.000000 -0.000000 0.000000
vn -0.965926 0.258819 0.000000
vn -0.965926 0.258819 0.000000
vn -0.866025 0.500000 0.000000
vn -0.866025 0.500000 0.000000
vn -0.707107 0.707107 0.000000
vn -0.707107 0.707107 0.000000
vn -0.500000 0.866025 0.000000
vn -0.500000 0.866025 0.000000
vn -0.258819 0.965926 0.000000
vn -0.258819 0.965926 0.000000
vn -0.000000 1.000000 -0.000000
vn -0.000000 1.000000 -0.000000
vn 0.000000 -0.000000 1.000000
vn 0.000000 -0.000000 1.000000
vn 0.000000 -0.000000 1.000000
vn 0.000000 -0.000000 1.000000
vn 0.000000 -0.000000 1.000000
vn 0.000000 -0.000000 1.000000
vn 0.000000 -0.000000 1.000000
vn 0.000000 -0.000000 1.000000
vn 0.000000 -0.000000 1.000000
vn 0.000000 -0.000000 1.000000
vn 0.000000 -0.000000 1.000000
vn 0.000000 -0.000000 1.000000
vn 0.000000 -0.000000 1.000000
vn 0.000000 -0.000000 1.000000
vn 0.000000 -0.000000 1.000000
vn 0.000000 -0.000000 1.000000
vn 0.000000 -0.000000 1.000000
vn 0.000000 -0.000000 1.000000
vn 0.000000 -0.000000 1.000000
vn 0.000000 -0.000000 1.000000
vn 0.000000 -0.000000 1.000000
vn 0.000000 -0.000000 1.000000
vn 0.000000 -0.000000 1.000000
vn 0.000000 -0.000000 1.000000
vn 0.000000 -0.000000 1.000000
vn 0.000000 -0.000000 1.000000
vn 0.000000 -0.000000 1.000000
vn 0.000000 -0.000000 1.000000
vn 0.000000 -0.000000 1.000000
vn 0.000000 -0.000000 1.000000
vn 0.000000 -0.000000 1.000000
vn 0.000000 -0.000000 1.000000
vn 0.000000 -0.000000 1.000000
vn 0.000000 -0.000000 1.000000
vn 0.000000 -0.000000 1.000000
vn 0.000000 -0.000000 1.000000
vn 0.000000 -0.000000 1.000000
vn 0.000000 -0.000000 1.000000
vn 0.000000 -0.000000 1.000000
vn 0.000000 -0.000000 1.000000
vn 0.000000 -0.000000 1.000000
vn 0.000000 -0.000000 1.000000
vn 0.000000 -0.000000 1.000000
vn 0.000000 -0.000000 1.000000
vn 0.000000 -0.000000 1.000000
vn 0.000000 -0.000000 1.000000
vn 0.000000 -0.000000 1.000000
vn 0.000000 -0.000000 1.000000
vn 0.000000 -0.000000 1.000000
vn 0.000000 -0.000000 1.000000
vn 0.000000 -0.000000 1.000000
vn 0.000000 -0.000000 1.000000
vn -1.000000 0.000000 0.000000
vn -1.000000 0.000000 0.000000
vn -0.000000 -1.000000 -0.000000
vn -0.000000 -1.000000 -0.000000
vn -0.258819 -0.965926 0.000000
vn -0.258819 -0.965926 0.000000
vn -0.500000 -0.866025 0.000000
vn -0.500000 -0.866025 0.000000
vn -0.707107 -0.707107 0.000000
vn -0.707107 -0.707107 0.000000
vn -0.866025 -0.500000 0.000000
vn -0.866025 -0.500000 0.000000
vn -0.965926 -0.258819 0.000000
vn -0.965926 -0.258819 0.000000
vn 1.000000 0.000000 0.000000
vn 1.000000 0.000000 0.000000
vn 0.965926 -0.258819 -0.000000
vn 0.965926 -0.258819 -0.000000
vn 0.866025 -0.500000 -0.000000
vn 0.866025 -0.500000 -0.000000
vn 0.707107 -0.707107 -0.000000
vn 0.707107 -0.707107 -0.000000
vn 0.500000 -0.866025 -0.000000
vn 0.500000 -0.866025 -0.000000
vn 0.258819 -0.965926 -0.000000
vn 0.258819 -0.965926 -0.000000
vn 0.000000 -1.000000 -0.000000
vn 0.000000 -1.000000 -0.000000
vn 1.000000 0.000000 0.000000
vn 1.000000 0.000000 0.000000
vn 0.000000 1.000000 -0.000000
vn 0.000000 1.000000 -0.000000
vn 0.258819 0.965926 -0.000000
vn 0.258819 0.965926 -0.000000
vn 0.500000 0.866025 -0.000000
vn 0.500000 0.866025 -0.000000
vn 0.707107 0.707107 -0.000000
vn 0.707107 0.707107 -0.000000
vn 0.866025 0.500000 -0.000000
vn 0.866025 0.500000 -0.000000
vn 0.965926 0.258819 -0.000000
vn 0.965926 0.258819 -0.000000
vn 0.000000 -1.000000 0.000000
vn 0.000000 -1.000000 0.000000
vn 0.000000 -1.000000 0.000000
vn 0.000000 -1.000000 0.000000
vn 0.000000 1.000000 -0.000000
vn 0.000000 1.000000 -0.000000
vn 0.000000 1.000000 -0.000000
vn 0.000000 1.000000 -0.000000
vn 1.000000 0.000000 0.000000
vn 1.000000 0.000000 0.000000
vn 1.000000 0.000000 0.000000
vn 1.000000 0.000000 0.000000
vn 1.000000 0.000000 0.000000
vn 1.000000 0.000000 0.000000
vn 0.000000 -1.000000 0.000000
vn 0.000000 -1.000000 0.000000
vn 0.000000 -1.000000 0.000000
vn 0.000000 -1.000000 0.000000
vn 0.000000 1.000000 -0.000000
vn 0.000000 1.000000 -0.000000
vn 0.000000 1.000000 -0.000000
vn 0.000000 1.000000 -0.000000
vn -1.000000 -0.000000 -0.000000
vn -1.000000 -0.000000 -0.000000
vn -1.000000 -0.000000 -0.000000
vn -1.000000 -0.000000 -0.000000
vn -1.000000 -0.000000 -0.000000
vn -1.000000 -0.000000 -0.000000
vn 1.000000 -0.000000 -0.000000
vn 1.000000 -0.000000 -0.000000
vn 1.000000 -0.000000 -0.000000
vn 1.000000 -0.000000 -0.000000
vn 0.965926 -0.258819 0.000000
vn 0.965926 -0.258819 0.000000
vn 1.000000 -0.000000 0.000000
vn 1.000000 -0.000000 0.000000
vn 0.965926 0.258819 -0.000000
vn 0.965926 0.258819 -0.000000
vn 0.866025 0.500000 -0.000000
vn 0.866025 0.500000 -0.000000
vn 0.707107 0.707107 -0.000000
vn 0.707107 0.707107 -0.000000
vn 0.500000 0.866025 -0.000000
vn 0.500000 0.866025 -0.000000
vn 0.258819 0.965926 -0.000000
vn 0.258819 0.965926 -0.000000
vn -0.000000 1.000000 0.000000
vn -0.000000 1.000000 0.000000
vn -0.258819 0.965926 0.000000
vn -0.258819 0.965926 0.000000
vn -0.500000 0.866025 0.000000
vn -0.500000 0.866025 0.000000
vn -0.707107 0.707107 0.000000
vn -0.707107 0.707107 0.000000
vn -0.866025 0.500000 0.000000
vn -0.866025 0.500000 0.000000
vn -0.965926 0.258819 0.000000
vn -0.965926 0.258819 0.000000
vn -1.000000 0.000000 0.000000
vn -1.000000 0.000000 0.000000
vn -0.965926 -0.258819 0.000000
vn -0.965926 -0.258819 0.000000
vn -0.866025 -0.500000 0.000000
vn -0.866025 -0.500000 0.000000
vn -0.707107 -0.707107 0.000000
vn -0.707107 -0.707107 0.000000
vn -0.500000 -0.866025 0.000000
vn -0.500000 -0.866025 0.000000
vn -0.258819 -0.965926 0.000000
vn -0.258819 -0.965926 0.000000
vn -0.000000 -1.000000 0.000000
vn -0.000000 -1.000000 0.000000
vn 0.258819 -0.965926 0.000000
vn 0.258819 -0.965926 0.000000
vn 0.500000 -0.866025 0.000000
vn 0.500000 -0.866025 0.000000
vn 0.707107 -0.707107 0.000000
vn 0.707107 -0.707107 0.000000
vn 0.866025 -0.500000 0.000000
vn 0.866025 -0.500000 0.000000
vn 0.965926 -0.258819 0.000000
vn 0.965926 -0.258819 0.000000
vn 1.000000 -0.000000 0.000000
vn 1.000000 -0.000000 0.000000
vn 0.965926 0.258819 -0.000000
vn 0.965926 0.258819 -0.000000
vn 0.866025 0.500000 -0.000000
vn 0.866025 0.500000 -0.000000
vn 0.707107 0.707107 -0.000000
vn 0.707107 0.707107 -0.000000
vn 0.500000 0.866025 -0.000000
vn 0.500000 0.866025 -0.000000
vn 0.258819 0.965926 -0.000000
vn 0.258819 0.965926 -0.000000
vn -0.000000 1.000000 0.000000
vn -0.000000 1.000000 0.000000
vn -0.258819 0.965926 0.000000
vn -0.258819 0.965926 0.000000
vn -0.500000 0.866025 0.000000
vn -0.500000 0.866025 0.000000
vn -0.707107 0.707107 0.000000
vn -0.707107 0.707107 0.000000
vn -0.866025 0.500000 0.000000
vn -0.866025 0.500000 0.000000
vn -0.965926 0.258819 0.000000
vn -0.965926 0.258819 0.000000
vn -1.000000 0.000000 0.000000
vn -1.000000 0.000000 0.000000
vn -0.965926 -0.258819 0.000000
vn -0.965926 -0.258819 0.000000
vn -0.866025 -0.500000 0.000000
vn -0.866025 -0.500000 0.000000
vn -0.707107 -0.707107 0.000000
vn -0.707107 -0.707107 0.000000
vn -0.500000 -0.866025 0.000000
vn -0.500000 -0.866025 0.000000
vn -0.258819 -0.965926 0.000000
vn -0.258819 -0.965926 0.000000
vn -0.000000 -1.000000 0.000000
vn -0.000000 -1.000000 0.000000
vn 0.258819 -0.965926 0.000000
vn 0.258819 -0.965926 0.000000
vn 0.500000 -0.866025 0.000000
vn 0.500000 -0.866025 0.000000
vn 0.707107 -0.707107 0.000000
vn 0.707107 -0.707107 0.000000
vn 0.866025 -0.500000 0.000000
vn 0.866025 -0.500000 0.000000
vn -1.000000 -0.000000 -0.000000
vn -1.000000 -0.000000 -0.000000
vn -1.000000 -0.000000 -0.000000
vn -1.000000 -0.000000 -0.000000
vn 1.000000 -0.000000 -0.000000
vn 1.000000 -0.000000 -0.000000
vn 1.000000 -0.000000 -0.000000
vn 1.000000 -0.000000 -0.000000
vn -0.000000 -0.000000 -1.000000
vn -0.000000 -0.000000 -1.000000
vn -0.000000 -0.000000 -1.000000
vn -0.000000 -0.000000 -1.000000
vn -0.000000 -1.000000 -0.000000
vn -0.000000 -1.000000 -0.000000
vn -0.000000 -1.000000 -0.000000
vn -0.000000 -1.000000 -0.000000
vn -0.000000 -1.000000 -0.000000
vn -0.000000 -1.000000 -0.000000
vn -0.000000 -1.000000 -0.000000
vn -0.000000 -1.000000 -0.000000
vn -0.000000 -1.000000 -0.000000
vn -0.000000 -1.000000 -0.000000
vn -0.000000 -1.000000 -0.000000
vn -0.000000 -1.000000 -0.000000
vn -0.000000 -1.000000 -0.000000
vn -0.000000 -1.000000 -0.000000
vn -0.000000 -1.000000 -0.000000
vn -0.000000 -1.000000 -0.000000
vn -0.000000 -1.000000 -0.000000
vn -0.000000 -1.000000 -0.000000
vn -0.000000 -1.000000 -0.000000
vn -0.000000 -1.000000 -0.000000
vn -0.000000 -1.000000 -0.000000
vn -0.000000 -1.000000 -0.000000
vn -0.000000 -1.000000 -0.000000
vn -0.000000 -1.000000 -0.000000
vn -0.000000 -1.000000 -0.000000
vn -0.000000 -1.000000 -0.000000
vn -0.000000 -1.000000 -0.000000
vn -0.000000 -1.000000 -0.000000
vn -0.000000 -1.000000 -0.000000
vn -0.000000 -1.000000 -0.000000
vn -0.000000 -1.000000 -0.000000
vn -0.000000 -1.000000 -0.000000
vn -0.000000 -1.000000 -0.000000
vn -0.000000 -1.000000 -0.000000
vn -0.000000 -1.000000 -0.000000
vn -0.000000 -1.000000 -0.000000
vn -0.000000 -1.000000 -0.000000
vn -0.000000 -1.000000 -0.000000
vn -0.000000 -1.000000 -0.000000
vn -0.000000 -1.000000 -0.000000
vn 0.000000 -1.000000 -0.000000
vn 0.000000 -1.000000 -0.000000
vn 0.000000 -1.000000 -0.000000
vn 0.000000 -1.000000 -0.000000
vn 0.000000 -1.000000 -0.000000
vn 0.000000 -1.000000 -0.000000
vn 0.000000 -1.000000 -0.000000
vn 0.000000 -1.000000 -0.000000
vn 0.000000 -1.000000 -0.000000
vn -0.000000 1.000000 0.000000
vn -0.000000 1.000000 0.000000
vn -0.000000 1.000000 0.000000
vn -0.000000 1.000000 0.000000
vn -0.000000 1.000000 0.000000
vn -0.000000 1.000000 0.000000
vn -0.000000 1.000000 0.000000
vn -0.000000 1.000000 0.000000
vn -0.000000 1.000000 0.000000
vn 0.000000 -1.000000 -0.000000
vn 0.000000 -1.000000 -0.000000
vn 0.000000 -1.000000 -0.000000
vn 0.000000 -1.000000 -0.000000
vn 0.000000 -1.000000 -0.000000
vn 0.000000 -1.000000 -0.000000
vn 0.000000 -1.000000 -0.000000
vn 0.000000 -1.000000 -0.000000
vn 0.000000 -1.000000 -0.000000
vn -0.000000 1.000000 0.000000
vn -0.000000 1.000000 0.000000
vn -0.000000 1.000000 0.000000
vn -0.000000 1.000000 0.000000
vn -0.000000 1.000000 0.000000
vn -0.000000 1.000000 0.000000
vn -0.000000 1.000000 0.000000
vn -0.000000 1.000000 0.000000
vn -0.000000 1.000000 0.000000
vn -0.000000 1.000000 -0.000000
vn -0.000000 1.000000 -0.000000
vn -0.000000 1.000000 -0.000000
vn -0.000000 1.000000 -0.000000
vn -0.000000 1.000000 -0.000000
vn -0.000000 1.000000 -0.000000
vn -0.000000 1.000000 -0.000000
vn -0.000000 1.000000 -0.000000
vn -0.000000 1.000000 -0.000000
vn -0.000000 1.000000 -0.000000
vn -0.021680 0.000000 -0.999765
vn -0.065000 0.000000 -0.997885
vn -0.000000 0.000000 -1.000000
vn -0.065000 0.000000 -0.997885
vn -0.043350 0.000000 -0.999060
vn -0.065000 0.000000 -0.997885
vn -0.043350 0.000000 -0.999060
vn -0.065000 0.000000 -0.997885
vn -0.310771 0.000000 -0.950485
vn -0.310771 0.000000 -0.950485
vn -0.537072 0.000000 -0.843536
vn -0.537072 0.000000 -0.843536
vn -0.729726 0.000000 -0.683740
vn -0.729726 0.000000 -0.683740
vn -0.876662 0.000000 -0.481107
vn -0.876662 0.000000 -0.481107
vn -0.968675 0.000000 -0.248332
vn -0.968675 0.000000 -0.248332
vn -1.000000 0.000000 -0.000000
vn -1.000000 0.000000 -0.000000
vn -0.000000 0.000000 -1.000000
vn -0.021680 0.000000 -0.999765
vn -0.000000 0.000000 -1.000000
vn -0.000000 -0.000000 -1.000000
vn -0.000000 -0.000000 -1.000000
vn -0.000000 -0.000000 -1.000000
vn -0.000000 -0.000000 -1.000000
vn -0.000000 -0.000000 -1.000000
vn -0.000000 -0.000000 -1.000000
vn -0.000000 -0.000000 -1.000000
vn -0.000000 -0.000000 -1.000000
vn -0.000000 -0.000000 -1.000000
vn -0.000000 -0.000000 -1.000000
vn -0.000000 -0.000000 -1.000000
vn -0.000000 -0.000000 -1.000000
vn -0.000000 -0.000000 -1.000000
vn -0.000000 -0.000000 -1.000000
vn -0.000000 -0.000000 -1.000000
vn -0.000000 -0.000000 -1.000000
vn -0.000000 -0.000000 -1.000000
vn -0.000000 -0.000000 -1.000000
vn -0.000000 -0.000000 -1.000000
vn -0.000000 -0.000000 -1.000000
vn -0.000000 -0.000000 -1.000000
vn -0.000000 -0.000000 -1.000000
vn -0.000000 -0.000000 -1.000000
vn -0.000000 -0.000000 -1.000000
vn -0.000000 -0.000000 -1.000000
vn -0.000000 -0.000000 -1.000000
vn -0.000000 -0.000000 -1.000000
vn -0.000000 -0.000000 -1.000000
vn -0.000000 -0.000000 -1.000000
vn -0.000000 -0.000000 -1.000000
vn -0.000000 -0.000000 -1.000000
vn -0.000000 -0.000000 -1.000000
vn -0.000000 -0.000000 -1.000000
vn -0.000000 -0.000000 -1.000000
vn -0.000000 -0.000000 -1.000000
vn -0.000000 -0.000000 -1.000000
vn -0.000000 -0.000000 -1.000000
vn -0.000000 -0.000000 -1.000000
vn -0.000000 -0.000000 -1.000000
vn -0.000000 -0.000000 -1.000000
vn -0.000000 -0.000000 -1.000000
vn -0.000000 -0.000000 -1.000000
vn -0.000000 -0.000000 -1.000000
vn -0.000000 -0.000000 -1.000000
vn -0.000000 -0.000000 -1.000000
vn -0.000000 -0.000000 -1.000000
vn -0.000000 -0.000000 -1.000000
vn -0.000000 -0.000000 -1.000000
vn -0.000000 -0.000000 -1.000000
vn -0.000000 -0.000000 -1.000000
vn -0.000000 -0.000000 -1.000000
vn -0.000000 -0.000000 -1.000000
vn -0.000000 -0.000000 -1.000000
vn -0.000000 -0.000000 -1.000000
vn -0.000000 -0.000000 -1.000000
vn -0.000000 -0.000000 -1.000000
vn -0.000000 -0.000000 -1.000000
vn -0.000000 -0.000000 -1.000000
vn -0.000000 -0.000000 -1.000000
vn -0.000000 -0.000000 -1.000000
vn -0.000000 -0.000000 -1.000000
vn -0.000000 -0.000000 -1.000000
vn -0.000000 -0.000000 -1.000000
vn 0.065000 -0.000000 -0.997885
vn 0.043350 -0.000000 -0.999060
vn 0.065000 -0.000000 -0.997885
vn 0.065000 -0.000000 -0.997885
vn 0.021680 -0.000000 -0.999765
vn 0.043350 -0.000000 -0.999060
vn 0.021680 -0.000000 -0.999765
vn 0.065000 -0.000000 -0.997885
vn 0.310771 -0.000000 -0.950485
vn 0.310771 -0.000000 -0.950485
vn 0.537072 -0.000000 -0.843536
vn 0.537072 -0.000000 -0.843536
vn 0.729726 -0.000000 -0.683740
vn 0.729726 -0.000000 -0.683740
vn 0.876662 -0.000000 -0.481107
vn 0.876662 -0.000000 -0.481107
vn 0.968675 -0.000000 -0.248332
vn 0.968675 -0.000000 -0.248332
vn 0.063802 -0.195306 -0.978665
vn 0.000000 -0.258819 -0.965926
vn 0.060235 -0.383007 -0.921779
vn 0.000000 -0.500000 -0.866025
vn 0.054411 -0.556015 -0.829389
vn 0.000000 -0.707107 -0.707107
vn 0.046507 -0.707462 -0.705219
vn 0.036765 -0.831772 -0.553899
vn 0.000000 -0.866025 -0.500000
vn 0.025509 -0.924018 -0.381497
vn 0.000000 -0.965926 -0.258819
vn 0.013106 -0.980830 -0.194422
vn 0.000000 -0.258819 -0.965926
vn 0.000000 -0.258819 -0.965926
vn 0.000000 -0.258819 -0.965926
vn 0.000000 -0.500000 -0.866025
vn 0.000000 -0.500000 -0.866025
vn 0.000000 -0.707107 -0.707107
vn 0.000000 -0.707107 -0.707107
vn 0.000000 -0.866025 -0.500000
vn 0.000000 -0.866025 -0.500000
vn 0.000000 -0.965926 -0.258819
vn 0.000000 -0.965926 -0.258819
vn 0.000000 -0.965926 -0.258819
vn 0.000000 -0.500000 -0.866025
vn 0.000000 -0.707107 -0.707107
vn 0.000000 -0.866025 -0.500000
vn 0.000000 -0.965926 -0.258819
vn 0.000000 -0.965926 -0.258819
vn 0.000000 -0.965926 -0.258819
vn 0.000000 -0.965926 -0.258819
vn 0.000000 -0.866025 -0.500000
vn 0.000000 -0.866025 -0.500000
vn 0.000000 -0.866025 -0.500000
vn 0.000000 -0.707107 -0.707107
vn 0.000000 -0.707107 -0.707107
vn 0.000000 -0.500000 -0.866025
vn 0.000000 -0.500000 -0.866025
vn 0.000000 -0.258819 -0.965926
vn 0.000000 -0.258819 -0.965926
vn 0.000000 -0.258819 -0.965926
vn 0.000000 -0.258819 -0.965926
vn 0.000000 -0.258819 -0.965926
vn 0.000000 -0.500000 -0.866025
vn 0.000000 -0.500000 -0.866025
vn 0.000000 -0.707107 -0.707107
vn 0.000000 -0.500000 -0.866025
vn 0.000000 -0.707107 -0.707107
vn 0.000000 -0.866025 -0.500000
vn 0.000000 -0.965926 -0.258819
vn 0.000000 -0.707107 -0.707107
vn 0.000000 -0.866025 -0.500000
vn -0.063802 -0.195306 -0.978665
vn -0.060235 -0.383007 -0.921779
vn -0.054411 -0.556015 -0.829389
vn -0.046507 -0.707462 -0.705219
vn -0.036765 -0.831772 -0.553899
vn -0.025509 -0.924018 -0.381497
vn -0.013106 -0.980830 -0.194422
vn 0.000000 -0.000000 1.000000
vn 0.000000 -0.000000 1.000000
vn 0.000000 0.258819 0.965926
vn 0.000000 0.258819 0.965926
vn 0.000000 0.500000 0.866025
vn 0.000000 0.500000 0.866025
vn 0.000000 0.707107 0.707107
vn 0.000000 0.707107 0.707107
vn 0.000000 0.866025 0.500000
vn 0.000000 0.866025 0.500000
vn 0.000000 0.965926 0.258819
vn 0.000000 0.965926 0.258819
vn -0.000000 1.000000 -0.000000
vn -0.000000 1.000000 -0.000000
vn 0.000000 0.965926 0.258819
vn 0.000000 0.866025 0.500000
vn 0.000000 0.707107 0.707107
vn 0.000000 0.500000 0.866025
vn 0.000000 0.258819 0.965926
vn 0.000000 1.000000 0.000000
vn 0.000000 1.000000 0.000000
vn 0.000000 1.000000 0.000000
vn 0.000000 1.000000 0.000000
vn 0.000000 1.000000 0.000000
vn 0.000000 1.000000 0.000000
vn 0.000000 1.000000 0.000000
vn 0.000000 1.000000 0.000000
vn 0.000000 1.000000 0.000000
vn 0.000000 1.000000 0.000000
vn 0.000000 1.000000 0.000000
vn 0.000000 1.000000 0.000000
vn 0.000000 1.000000 0.000000
vn 0.000000 1.000000 0.000000
vn 0.000000 1.000000 0.000000
vn 0.000000 1.000000 0.000000
vn 0.000000 1.000000 0.000000
vn 0.000000 1.000000 0.000000
vn 0.000000 1.000000 0.000000
vn 0.000000 1.000000 0.000000
vn 0.000000 1.000000 0.000000
vn 0.000000 1.000000 0.000000
vn 0.000000 1.000000 0.000000
vn 0.000000 1.000000 0.000000
vn 0.000000 1.000000 0.000000
vn 0.000000 1.000000 0.000000
vn 0.000000 1.000000 0.000000
vn 0.000000 1.000000 0.000000
vn 0.000000 1.000000 0.000000
vn 0.000000 1.000000 0.000000
vn 0.000000 1.000000 0.000000
vn 0.000000 1.000000 0.000000
vn -1.000000 -0.000000 -0.000000
vn -1.000000 -0.000000 -0.000000
vn -1.000000 -0.000000 -0.000000
vn -1.000000 -0.000000 -0.000000
vn -1.000000 -0.000000 -0.000000
vn -1.000000 -0.000000 -0.000000
vn -1.000000 -0.000000 -0.000000
vn -1.000000 -0.000000 -0.000000
vn -1.000000 -0.000000 -0.000000
vn -1.000000 -0.000000 -0.000000
vn -1.000000 -0.000000 -0.000000
vn -1.000000 -0.000000 -0.000000
vn -0.258819 -0.000000 0.965926
vn -0.258819 -0.000000 0.965926
vn -0.258819 -0.000000 0.965926
vn -0.258819 -0.000000 0.965926
vn -0.500000 -0.000000 0.866025
vn -0.500000 -0.000000 0.866025
vn -0.707107 -0.000000 0.707107
vn -0.555570 -0.000000 0.831470
vn -0.707107 -0.000000 0.707107
vn -0.831470 -0.000000 0.555570
vn -0.866025 -0.000000 0.500000
vn -0.923880 -0.000000 0.382683
vn -0.965926 -0.000000 0.258819
vn -0.980785 -0.000000 0.195090
vn -0.995185 -0.000000 0.098017
vn -0.965926 -0.000000 0.258819
vn -0.965926 -0.000000 0.258819
vn -0.866025 -0.000000 0.500000
vn -0.866025 -0.000000 0.500000
vn -0.707107 -0.000000 0.707107
vn -0.866025 -0.000000 0.500000
vn -0.707107 -0.000000 0.707107
vn -0.500000 -0.000000 0.866025
vn -0.500000 -0.000000 0.866025
vn -0.965926 -0.000000 0.258819
vn -0.965926 -0.000000 0.258819
vn -0.382683 -0.000000 0.923880
vn -0.258819 -0.000000 0.965926
vn -0.195090 -0.000000 0.980785
vn 0.000000 0.000000 1.000000
vn -0.500000 -0.000000 0.866025
vn -0.707107 -0.000000 0.707107
vn -0.707107 -0.000000 0.707107
vn -0.866025 -0.000000 0.500000
vn -0.965926 0.258819 -0.000000
vn -0.965926 0.258819 -0.000000
vn -0.965926 0.258819 -0.000000
vn -0.866025 0.500000 -0.000000
vn -0.866025 0.500000 -0.000000
vn -0.707107 0.707107 -0.000000
vn -0.707107 0.707107 -0.000000
vn -0.500000 0.866025 -0.000000
vn -0.500000 0.866025 -0.000000
vn -0.258819 0.965926 -0.000000
vn -0.258819 0.965926 -0.000000
vn -0.258819 0.965926 -0.000000
vn -0.258819 0.965926 -0.000000
vn -0.258819 0.965926 -0.000000
vn -0.500000 0.866025 -0.000000
vn -0.500000 0.866025 -0.000000
vn -0.707107 0.707107 -0.000000
vn -0.707107 0.707107 -0.000000
vn -0.866025 0.500000 -0.000000
vn -0.866025 0.500000 -0.000000
vn -0.866025 0.500000 -0.000000
vn -0.965926 0.258819 -0.000000
vn -0.965926 0.258819 -0.000000
vn -0.707107 0.707107 -0.000000
vn -0.500000 0.866025 -0.000000
vn -0.259095 -0.000018 0.965852
vn -0.159064 0.249587 0.955199
vn -0.000000 0.258448 0.966025
vn -0.169584 0.372650 0.912345
vn -0.000000 0.500339 0.865830
vn -0.177193 0.489423 0.853854
vn -0.181807 0.596892 0.781452
vn -0.343655 0.463596 0.816688
vn -0.352091 0.566433 0.745107
vn -0.492629 0.425055 0.759371
vn -0.503383 0.520638 0.689595
vn -0.618653 0.378581 0.688436
vn -0.630177 0.465264 0.621616
vn -0.722470 0.328156 0.608564
vn -0.733379 0.404860 0.546117
vn -0.806236 0.276416 0.523046
vn -0.815675 0.342327 0.466355
vn -0.870724 0.226906 0.436296
vn -0.877955 0.281853 0.386980
vn -0.920213 0.177962 0.348624
vn -0.925199 0.222120 0.307684
vn -0.975770 0.097319 0.195965
vn -0.977583 0.122137 0.171504
vn -0.998671 0.022798 0.046216
vn -0.998773 0.028665 0.040373
vn -1.000000 0.000005 0.000010
vn -0.183381 0.695116 0.695116
vn -0.354966 0.661059 0.661059
vn -0.507040 0.609471 0.609471
vn -0.634085 0.546780 0.546780
vn -0.737066 0.477877 0.477877
vn -0.818856 0.405879 0.405879
vn -0.880385 0.335352 0.335352
vn -0.926870 0.265435 0.265435
vn -0.978189 0.146879 0.146879
vn -0.998807 0.034523 0.034523
vn -1.000000 0.000006 0.000009
vn -0.180959 0.800349 0.571573
vn -0.000000 0.865830 0.500339
vn -0.174363 0.880157 0.441499
vn -0.000000 0.966025 0.258448
vn -0.163632 0.939938 0.299569
vn -0.149106 0.977048 0.152130
vn -0.318835 0.904521 0.283171
vn -0.292194 0.945518 0.143591
vn -0.460955 0.848766 0.259071
vn -0.426864 0.894724 0.131361
vn -0.584658 0.778015 0.229929
vn -0.547945 0.828387 0.116322
vn -0.690238 0.695864 0.198355
vn -0.655302 0.748738 0.099852
vn -0.778297 0.605425 0.166479
vn -0.747900 0.658512 0.083716
vn -0.849279 0.510055 0.136269
vn -0.825865 0.559708 0.068361
vn -0.905405 0.411170 0.105742
vn -0.889194 0.454590 0.051791
vn -0.970372 0.234667 0.057538
vn -0.964433 0.262816 0.028229
vn -0.998367 0.055534 0.013406
vn -0.998031 0.062389 0.006461
vn -1.000000 0.000012 0.000003
vn -0.259095 0.965852 -0.000018
vn -0.499834 0.866121 0.000129
vn -0.706894 0.707319 -0.000243
vn -0.866122 0.499826 -0.002649
vn -0.965737 0.259523 -0.000345
vn -1.000000 0.000015 -0.000000
vn -0.866122 -0.002649 0.499826
vn -0.968525 0.047499 0.244344
vn -0.965737 -0.000345 0.259523
vn -0.998262 0.011030 0.057883
vn -1.000000 -0.000000 0.000015
vn -0.706894 -0.000243 0.707319
vn -0.841974 0.113095 0.527531
vn -0.900353 0.087325 0.426308
vn -0.911923 0.132935 0.388232
vn -0.972750 0.072421 0.220257
vn -0.499834 0.000129 0.866121
vn -0.679305 0.164819 0.715108
vn -0.768799 0.138257 0.624366
vn -0.790587 0.208095 0.575908
vn -0.858716 0.170474 0.483265
vn -0.450255 0.215703 0.866454
vn -0.573152 0.191301 0.796807
vn -0.599597 0.286659 0.747202
vn -0.704408 0.247700 0.665172
vn -1.000000 0.000011 0.000004
vn -0.998608 0.048670 0.020329
vn -1.000000 0.000009 0.000006
vn -0.998755 0.041796 0.027238
vn -1.000000 0.000008 0.000008
vn -1.000000 0.000004 0.000011
vn -0.998501 0.016921 0.052053
vn -1.000000 0.000002 0.000013
vn -0.310465 0.235818 0.920870
vn -0.329732 0.352483 0.875804
vn -0.474867 0.322647 0.818780
vn -0.338477 0.843074 0.417924
vn -0.486024 0.785619 0.382862
vn -0.611567 0.714128 0.340598
vn -0.715755 0.633075 0.294808
vn -0.800418 0.545734 0.248002
vn -0.866260 0.456324 0.203374
vn -0.917132 0.365433 0.159147
vn -0.974648 0.206194 0.086865
vn -0.350542 0.763672 0.542149
vn -0.501410 0.707529 0.497987
vn -0.628065 0.638619 0.444635
vn -0.731382 0.561853 0.386526
vn -0.813949 0.480506 0.326499
vn -0.876634 0.399200 0.268610
vn -0.924289 0.317772 0.211448
vn -0.977253 0.177475 0.116102
vn 1.000000 0.000000 0.000000
vn 1.000000 0.000000 0.000000
vn 1.000000 0.000000 0.000000
vn 1.000000 0.000000 0.000000
vn 1.000000 0.000000 0.000000
vn 1.000000 0.000000 0.000000
vn 1.000000 0.000000 0.000000
vn 1.000000 0.000000 0.000000
vn 1.000000 0.000000 0.000000
vn 1.000000 0.000000 0.000000
vn 1.000000 0.000000 0.000000
vn 1.000000 0.000000 0.000000
vn 0.965926 0.000000 0.258819
vn 0.965926 0.000000 0.258819
vn 0.965926 0.000000 0.258819
vn 0.965926 0.000000 0.258819
vn 0.866025 0.000000 0.500000
vn 0.866025 0.000000 0.500000
vn 0.707107 0.000000 0.707107
vn 0.831470 0.000000 0.555570
vn 0.707107 0.000000 0.707107
vn 0.555570 0.000000 0.831470
vn 0.500000 0.000000 0.866025
vn 0.382683 0.000000 0.923880
vn 0.258819 0.000000 0.965926
vn 0.195090 0.000000 0.980785
vn 0.000000 0.000000 1.000000
vn 0.258819 0.000000 0.965926
vn 0.258819 0.000000 0.965926
vn 0.500000 0.000000 0.866025
vn 0.500000 0.000000 0.866025
vn 0.707107 0.000000 0.707107
vn 0.707107 0.000000 0.707107
vn 0.866025 0.000000 0.500000
vn 0.866025 0.000000 0.500000
vn 0.500000 0.000000 0.866025
vn 0.258819 0.000000 0.965926
vn 0.258819 0.000000 0.965926
vn 0.923880 0.000000 0.382683
vn 0.965926 0.000000 0.258819
vn 0.995185 0.000000 0.098017
vn 0.980785 0.000000 0.195090
vn 0.866025 0.000000 0.500000
vn 0.707107 0.000000 0.707107
vn 0.707107 0.000000 0.707107
vn 0.500000 0.000000 0.866025
vn 0.258819 0.965926 0.000000
vn 0.258819 0.965926 0.000000
vn 0.258819 0.965926 0.000000
vn 0.258819 0.965926 0.000000
vn 0.258819 0.965926 0.000000
vn 0.500000 0.866025 0.000000
vn 0.500000 0.866025 0.000000
vn 0.707107 0.707107 0.000000
vn 0.707107 0.707107 0.000000
vn 0.866025 0.500000 0.000000
vn 0.866025 0.500000 0.000000
vn 0.965926 0.258819 0.000000
vn 0.965926 0.258819 0.000000
vn 0.965926 0.258819 0.000000
vn 0.965926 0.258819 0.000000
vn 0.965926 0.258819 0.000000
vn 0.866025 0.500000 0.000000
vn 0.866025 0.500000 0.000000
vn 0.707107 0.707107 0.000000
vn 0.707107 0.707107 0.000000
vn 0.500000 0.866025 0.000000
vn 0.500000 0.866025 0.000000
vn 0.500000 0.866025 0.000000
vn 0.707107 0.707107 0.000000
vn 0.866025 0.500000 0.000000
vn -0.000000 0.258448 0.966025
vn 0.181879 0.246768 0.951854
vn 0.259095 -0.000018 0.965852
vn 0.354263 0.229040 0.906663
vn 0.499834 0.000129 0.866121
vn 0.506242 0.204314 0.837839
vn 0.637756 0.174818 0.750137
vn 0.663822 0.263116 0.700078
vn 0.769736 0.217726 0.600085
vn 0.786230 0.289447 0.545951
vn 0.864333 0.231985 0.446219
vn 0.871881 0.288290 0.395870
vn 0.926631 0.219886 0.304968
vn 0.928286 0.262950 0.262950
vn 0.966104 0.182541 0.182541
vn 0.964732 0.219907 0.144684
vn 0.991325 0.109806 0.072238
vn 0.990340 0.127619 0.054214
vn 1.000000 0.000011 0.000004
vn 0.706894 -0.000243 0.707319
vn 0.746786 0.144278 0.649226
vn 0.851801 0.174115 0.494084
vn 0.921692 0.175995 0.345702
vn 0.965199 0.151830 0.212928
vn 0.991674 0.091059 0.091059
vn 1.000000 0.000009 0.000006
vn 0.834331 0.115266 0.539079
vn 0.866122 -0.002649 0.499826
vn 0.902020 0.085939 0.423053
vn 0.965737 -0.000345 0.259523
vn 0.951677 0.058311 0.301516
vn 0.987995 0.029725 0.151601
vn 0.989604 0.045110 0.136564
vn 1.000000 0.000004 0.000012
vn 1.000000 -0.000000 0.000015
vn 0.866122 0.499826 -0.002649
vn 0.945703 0.323198 0.034464
vn 0.965737 0.259523 -0.000345
vn 0.986467 0.162963 0.018034
vn 1.000000 0.000015 -0.000000
vn 0.706894 0.707319 -0.000243
vn 0.817871 0.571095 0.070266
vn 0.891194 0.450711 0.051313
vn 0.907186 0.407453 0.104859
vn 0.954521 0.289474 0.071384
vn 0.918742 0.361926 0.157869
vn 0.960871 0.254995 0.108192
vn 0.925778 0.314516 0.209795
vn 0.499834 0.866121 0.000129
vn 0.613377 0.782531 0.106835
vn 0.725244 0.682850 0.087959
vn 0.757112 0.629415 0.174980
vn 0.842199 0.520715 0.139844
vn 0.780302 0.568538 0.260562
vn 0.859830 0.466025 0.208598
vn 0.794459 0.501399 0.342686
vn 0.870576 0.407749 0.275387
vn 0.799538 0.424700 0.424700
vn 0.874418 0.343070 0.343070
vn 0.796181 0.358419 0.487474
vn 0.482083 0.867122 0.125279
vn 0.259095 0.965852 -0.000018
vn 0.334368 0.931917 0.140456
vn 0.170772 0.973600 0.151462
vn 0.187249 0.935924 0.298302
vn -0.000000 0.966025 0.258448
vn 0.199407 0.875745 0.439668
vn -0.000000 0.865830 0.500339
vn 0.206863 0.795705 0.569263
vn 0.209569 0.691405 0.691405
vn 0.207776 0.593299 0.777705
vn 0.403697 0.646927 0.646927
vn 0.400506 0.553598 0.730153
vn 0.566021 0.582933 0.582933
vn 0.562177 0.496938 0.661067
vn 0.697772 0.506515 0.506515
vn 0.693933 0.429703 0.577765
vn -0.000000 0.500339 0.865830
vn 0.202523 0.486014 0.850162
vn 0.391137 0.452433 0.801446
vn 0.550863 0.404855 0.729824
vn 0.682592 0.348593 0.642301
vn 0.193857 0.369488 0.908789
vn 1.000000 0.000005 0.000010
vn 0.990753 0.060466 0.121456
vn 1.000000 0.000006 0.000009
vn 0.991443 0.075782 0.106287
vn 1.000000 0.000008 0.000008
vn 1.000000 0.000012 0.000003
vn 0.988721 0.145345 0.036138
vn 1.000000 0.000014 0.000001
vn 0.375670 0.343360 0.860800
vn 0.532164 0.306607 0.789173
vn 0.398878 0.747717 0.530863
vn 0.560214 0.677820 0.476153
vn 0.691967 0.593306 0.411301
vn 0.385576 0.827093 0.408961
vn 0.544141 0.755157 0.365580
vn 0.675845 0.666669 0.314301
vn 0.363866 0.889308 0.277007
vn 0.517881 0.818961 0.247189
vn 0.649471 0.730299 0.211781
vn 0.913481 0.131251 0.385130
vn 0.962490 0.120876 0.242902
vn 0.957981 0.089667 0.272455
vn 0.000000 -1.000000 0.000000
vn 0.000000 -1.000000 0.000000
vn 0.000000 -1.000000 0.000000
vn 0.000000 -1.000000 0.000000
vn 0.000000 -1.000000 0.000000
vn 0.000000 -1.000000 0.000000
vn 0.000000 -1.000000 0.000000
vn 0.000000 -1.000000 0.000000
vn 0.000000 -1.000000 0.000000
vn 0.000000 -1.000000 0.000000
vn 0.000000 -1.000000 0.000000
vn 0.000000 -1.000000 0.000000
vn 0.000000 -1.000000 0.000000
vn 0.000000 -1.000000 0.000000
vn 0.000000 -1.000000 0.000000
vn 0.000000 -1.000000 0.000000
vn 1.000000 0.000000 -0.000000
vn 1.000000 0.000000 -0.000000
vn 1.000000 0.000000 -0.000000
vn 1.000000 0.000000 -0.000000
vn 1.000000 0.000000 -0.000000
vn 1.000000 0.000000 -0.000000
vn 1.000000 0.000000 -0.000000
vn 0.000000 -0.707107 -0.707107
vn 0.000000 -0.707107 -0.707107
vn 0.000000 -0.707107 -0.707107
vn 0.000000 -0.707107 -0.707107
vn 0.000000 -0.707107 -0.707107
vn 0.000000 -0.707107 -0.707107
vn 0.000000 -0.707107 -0.707107
vn 0.000000 -0.707107 -0.707107
vn 0.000000 -0.707107 -0.707107
vn 0.000000 -0.707107 -0.707107
vn 0.000000 -0.707107 -0.707107
vn 0.000000 -0.707107 -0.707107
vn 0.000000 -0.707107 -0.707107
vn 0.000000 -0.707107 -0.707107
vn 0.000000 -0.707107 -0.707107
vn 0.000000 -0.707107 -0.707107
vn 0.000000 -0.707107 -0.707107
vn 0.000000 -0.707107 -0.707107
vn 0.000000 -0.707107 -0.707107
vn 0.000000 -0.707107 -0.707107
vn 0.000000 -0.707107 -0.707107
vn 0.000000 -0.707107 -0.707107
vn 0.258819 0.000000 0.965926
vn 0.258819 0.000000 0.965926
vn 0.000000 0.000000 1.000000
vn 0.258819 0.000000 0.965926
vn 0.258819 0.000000 0.965926
vn 0.500000 0.000000 0.866025
vn 0.500000 0.000000 0.866025
vn 0.707107 0.000000 0.707107
vn 0.555570 0.000000 0.831470
vn 0.707107 0.000000 0.707107
vn 0.831470 0.000000 0.555570
vn 0.866025 0.000000 0.500000
vn 0.923880 0.000000 0.382683
vn 0.965926 0.000000 0.258819
vn 0.980785 0.000000 0.195090
vn 0.995185 0.000000 0.098017
vn 0.965926 0.000000 0.258819
vn 0.965926 0.000000 0.258819
vn 0.866025 0.000000 0.500000
vn 0.866025 0.000000 0.500000
vn 0.707107 0.000000 0.707107
vn 0.707107 0.000000 0.707107
vn 0.500000 0.000000 0.866025
vn 0.500000 0.000000 0.866025
vn 0.866025 0.000000 0.500000
vn 0.965926 0.000000 0.258819
vn 0.965926 0.000000 0.258819
vn 0.382683 0.000000 0.923880
vn 0.258819 0.000000 0.965926
vn 0.195090 0.000000 0.980785
vn 0.000000 0.000000 1.000000
vn 0.500000 0.000000 0.866025
vn 0.707107 0.000000 0.707107
vn 0.707107 0.000000 0.707107
vn 0.866025 0.000000 0.500000
vn -0.965926 -0.000000 0.258819
vn -0.965926 -0.000000 0.258819
vn -1.000000 -0.000000 -0.000000
vn -0.965926 -0.000000 0.258819
vn -0.965926 -0.000000 0.258819
vn -0.866025 -0.000000 0.500000
vn -0.866025 -0.000000 0.500000
vn -0.707107 -0.000000 0.707107
vn -0.831470 -0.000000 0.555570
vn -0.707107 -0.000000 0.707107
vn -0.555570 -0.000000 0.831470
vn -0.500000 -0.000000 0.866025
vn -0.382683 -0.000000 0.923880
vn -0.258819 -0.000000 0.965926
vn -0.195090 -0.000000 0.980785
vn 0.000000 0.000000 1.000000
vn -0.258819 -0.000000 0.965926
vn -0.258819 -0.000000 0.965926
vn -0.500000 -0.000000 0.866025
vn -0.500000 -0.000000 0.866025
vn -0.707107 -0.000000 0.707107
vn -0.707107 -0.000000 0.707107
vn -0.866025 -0.000000 0.500000
vn -0.866025 -0.000000 0.500000
vn -0.500000 -0.000000 0.866025
vn -0.258819 -0.000000 0.965926
vn 0.000000 0.000000 1.000000
vn -0.258819 -0.000000 0.965926
vn -0.923880 -0.000000 0.382683
vn -0.965926 -0.000000 0.258819
vn -0.995185 -0.000000 0.098017
vn -1.000000 -0.000000 -0.000000
vn -0.980785 -0.000000 0.195090
vn -0.866025 -0.000000 0.500000
vn -0.707107 -0.000000 0.707107
vn -0.707107 -0.000000 0.707107
vn -0.500000 -0.000000 0.866025
vn -1.000000 -0.000000 -0.000000
vn -1.000000 -0.000000 -0.000000
vn -1.000000 -0.000000 -0.000000
vn -1.000000 -0.000000 -0.000000
vn -1.000000 -0.000000 -0.000000
vn -0.980785 -0.195090 -0.000000
vn -0.965926 -0.258819 -0.000000
vn -0.965926 -0.258819 -0.000000
vn -0.965926 -0.258819 -0.000000
vn -0.965926 -0.258819 -0.000000
vn -0.866025 -0.500000 -0.000000
vn -0.866025 -0.500000 -0.000000
vn -0.707107 -0.707107 -0.000000
vn -0.707107 -0.707107 -0.000000
vn -0.500000 -0.866025 -0.000000
vn -0.500000 -0.866025 -0.000000
vn -0.258819 -0.965926 -0.000000
vn -0.258819 -0.965926 -0.000000
vn -0.258819 -0.965926 -0.000000
vn -0.098017 -0.995185 -0.000000
vn -0.258819 -0.965926 -0.000000
vn -0.195090 -0.980785 -0.000000
vn -0.382683 -0.923880 -0.000000
vn -0.500000 -0.866025 -0.000000
vn -0.555570 -0.831470 -0.000000
vn -0.707107 -0.707107 -0.000000
vn -0.707107 -0.707107 -0.000000
vn -0.831470 -0.555570 -0.000000
vn -0.866025 -0.500000 -0.000000
vn -0.923880 -0.382683 -0.000000
vn -0.866025 -0.500000 -0.000000
vn -0.707107 -0.707107 -0.000000
vn -0.500000 -0.866025 -0.000000
vn -0.933013 -0.258819 0.250000
vn -0.836516 -0.258819 0.482963
vn -0.683013 -0.258819 0.683013
vn -0.482963 -0.258819 0.836516
vn -0.250000 -0.258819 0.933013
vn 0.000000 -0.258819 0.965926
vn -0.224144 -0.500000 0.836516
vn 0.000000 -0.500000 0.866025
vn -0.183013 -0.707107 0.683013
vn 0.000000 -0.707107 0.707107
vn -0.129410 -0.866025 0.482963
vn 0.000000 -0.866025 0.500000
vn -0.066987 -0.965926 0.250000
vn 0.000000 -0.965926 0.258819
vn -0.836516 -0.500000 0.224144
vn -0.750000 -0.500000 0.433013
vn -0.612372 -0.500000 0.612372
vn -0.433013 -0.500000 0.750000
vn -0.683013 -0.707107 0.183013
vn -0.612372 -0.707107 0.353553
vn -0.500000 -0.707107 0.500000
vn -0.353553 -0.707107 0.612372
vn -0.482963 -0.866025 0.129410
vn -0.433013 -0.866025 0.250000
vn -0.353553 -0.866025 0.353553
vn -0.250000 -0.866025 0.433013
vn -0.250000 -0.965926 0.066987
vn -0.224144 -0.965926 0.129410
vn -0.183013 -0.965926 0.183013
vn -0.129410 -0.965926 0.224144
vn 0.000000 -0.258819 0.965926
vn 0.000000 -0.258819 0.965926
vn 0.000000 -0.258819 0.965926
vn 0.000000 -0.500000 0.866025
vn 0.000000 -0.500000 0.866025
vn 0.000000 -0.707107 0.707107
vn 0.000000 -0.707107 0.707107
vn 0.000000 -0.866025 0.500000
vn 0.000000 -0.866025 0.500000
vn 0.000000 -0.965926 0.258819
vn 0.000000 -0.965926 0.258819
vn 0.000000 -0.965926 0.258819
vn 0.000000 -0.965926 0.258819
vn 0.000000 -0.866025 0.500000
vn 0.000000 -0.866025 0.500000
vn 0.000000 -0.707107 0.707107
vn 0.000000 -0.707107 0.707107
vn 0.000000 -0.500000 0.866025
vn 0.000000 -0.866025 0.500000
vn 0.000000 -0.965926 0.258819
vn 0.000000 -0.965926 0.258819
vn 0.000000 -0.707107 0.707107
vn 0.000000 -0.500000 0.866025
vn 0.000000 -0.258819 0.965926
vn 0.000000 -0.500000 0.866025
vn 0.000000 -0.258819 0.965926
vn 0.000000 -0.258819 0.965926
vn 0.000000 -0.500000 0.866025
vn 0.000000 -0.707107 0.707107
vn 0.000000 -0.866025 0.500000
vn 0.250000 -0.258819 0.933013
vn 0.482963 -0.258819 0.836516
vn 0.683013 -0.258819 0.683013
vn 0.836516 -0.258819 0.482963
vn 0.933013 -0.258819 0.250000
vn 0.965926 -0.258819 0.000000
vn 0.836516 -0.500000 0.224144
vn 0.866025 -0.500000 0.000000
vn 0.683013 -0.707107 0.183013
vn 0.707107 -0.707107 0.000000
vn 0.482963 -0.866025 0.129410
vn 0.500000 -0.866025 0.000000
vn 0.250000 -0.965926 0.066987
vn 0.258819 -0.965926 0.000000
vn 0.224144 -0.500000 0.836516
vn 0.433013 -0.500000 0.750000
vn 0.612372 -0.500000 0.612372
vn 0.750000 -0.500000 0.433013
vn 0.183013 -0.707107 0.683013
vn 0.353553 -0.707107 0.612372
vn 0.500000 -0.707107 0.500000
vn 0.612372 -0.707107 0.353553
vn 0.129410 -0.866025 0.482963
vn 0.250000 -0.866025 0.433013
vn 0.353553 -0.866025 0.353553
vn 0.433013 -0.866025 0.250000
vn 0.066987 -0.965926 0.250000
vn 0.129410 -0.965926 0.224144
vn 0.183013 -0.965926 0.183013
vn 0.224144 -0.965926 0.129410
vn 0.098017 -0.995185 -0.000000
vn 0.258819 -0.965926 -0.000000
vn 0.500000 -0.866025 -0.000000
vn 0.707107 -0.707107 -0.000000
vn 0.866025 -0.500000 -0.000000
vn 0.965926 -0.258819 -0.000000
vn 0.965926 -0.258819 -0.000000
vn 0.965926 -0.258819 -0.000000
vn 0.866025 -0.500000 -0.000000
vn 0.923880 -0.382683 -0.000000
vn 0.831470 -0.555570 -0.000000
vn 0.707107 -0.707107 -0.000000
vn 0.707107 -0.707107 -0.000000
vn 0.555570 -0.831470 -0.000000
vn 0.500000 -0.866025 -0.000000
vn 0.382683 -0.923880 -0.000000
vn 0.258819 -0.965926 -0.000000
vn 0.195090 -0.980785 -0.000000
vn 0.258819 -0.965926 -0.000000
vn 0.980785 -0.195090 -0.000000
vn 0.500000 -0.866025 -0.000000
vn 0.707107 -0.707107 -0.000000
vn 0.866025 -0.500000 -0.000000
vn 0.965926 -0.258819 0.000000
vn 0.965926 -0.258819 0.000000
vn 1.000000 0.000000 0.000000
vn 0.965926 -0.258819 0.000000
vn 0.965926 -0.258819 0.000000
vn 0.866025 -0.500000 0.000000
vn 0.876911 -0.480653 0.000000
vn 0.730256 -0.683173 0.000000
vn 0.707107 -0.707107 0.000000
vn 0.537945 -0.842980 0.000000
vn 0.500000 -0.866025 0.000000
vn 0.312000 -0.950082 0.000000
vn 0.258819 -0.965926 0.000000
vn 0.312000 -0.950082 0.000000
vn 0.209958 -0.977710 0.000000
vn 0.105569 -0.994412 0.000000
vn 0.866025 -0.500000 0.000000
vn 0.866025 -0.500000 0.000000
vn 0.866025 -0.500000 0.000000
vn 0.707107 -0.707107 0.000000
vn 0.707107 -0.707107 0.000000
vn 0.707107 -0.707107 0.000000
vn 0.500000 -0.866025 0.000000
vn 0.500000 -0.866025 0.000000
vn 0.500000 -0.866025 0.000000
vn 0.258819 -0.965926 0.000000
vn 0.258819 -0.965926 0.000000
vn 0.258819 -0.965926 0.000000
vn 0.968739 -0.248082 0.000000
vn 1.000000 -0.000000 0.000000
vn 0.000000 -0.995185 0.098017
vn 0.000000 -0.965926 0.258819
vn 0.000000 -0.980785 0.195090
vn 0.000000 -0.923880 0.382683
vn 0.000000 -0.866025 0.500000
vn 0.000000 -0.831470 0.555570
vn 0.000000 -0.707107 0.707107
vn 0.000000 -0.707107 0.707107
vn 0.000000 -0.555570 0.831470
vn 0.000000 -0.500000 0.866025
vn 0.000000 -0.382683 0.923880
vn 0.000000 -0.258819 0.965926
vn 0.000000 -0.195090 0.980785
vn 0.000000 0.000000 1.000000
vn 0.965852 -0.259095 -0.000018
vn 0.955199 -0.159064 0.249587
vn 0.966025 -0.000000 0.258448
vn 0.912345 -0.169584 0.372650
vn 0.865830 -0.000000 0.500339
vn 0.853854 -0.177193 0.489423
vn 0.781452 -0.181807 0.596892
vn 0.816688 -0.343655 0.463596
vn 0.745107 -0.352091 0.566433
vn 0.759371 -0.492629 0.425055
vn 0.689595 -0.503383 0.520638
vn 0.688436 -0.618653 0.378581
vn 0.621616 -0.630177 0.465264
vn 0.608564 -0.722470 0.328156
vn 0.546117 -0.733379 0.404860
vn 0.523046 -0.806236 0.276416
vn 0.466355 -0.815675 0.342327
vn 0.436296 -0.870724 0.226906
vn 0.386980 -0.877955 0.281853
vn 0.348624 -0.920213 0.177962
vn 0.307684 -0.925199 0.222120
vn 0.195965 -0.975770 0.097319
vn 0.171504 -0.977583 0.122137
vn 0.046216 -0.998671 0.022798
vn 0.040373 -0.998773 0.028665
vn 0.000010 -1.000000 0.000005
vn 0.707107 -0.000000 0.707107
vn 0.695116 -0.183381 0.695116
vn 0.661059 -0.354966 0.661059
vn 0.609471 -0.507040 0.609471
vn 0.546780 -0.634085 0.546780
vn 0.477877 -0.737066 0.477877
vn 0.405879 -0.818856 0.405879
vn 0.335352 -0.880385 0.335352
vn 0.265435 -0.926870 0.265435
vn 0.146879 -0.978189 0.146879
vn 0.034523 -0.998807 0.034523
vn 0.000009 -1.000000 0.000006
vn 0.571573 -0.180959 0.800349
vn 0.500339 -0.000000 0.865830
vn 0.441499 -0.174363 0.880157
vn 0.258448 -0.000000 0.966025
vn 0.299569 -0.163632 0.939938
vn 0.152130 -0.149106 0.977048
vn 0.283171 -0.318835 0.904521
vn 0.143591 -0.292194 0.945518
vn 0.259071 -0.460955 0.848766
vn 0.131361 -0.426864 0.894724
vn 0.229929 -0.584658 0.778015
vn 0.116322 -0.547945 0.828387
vn 0.198355 -0.690238 0.695864
vn 0.099852 -0.655302 0.748738
vn 0.166479 -0.778297 0.605425
vn 0.083716 -0.747900 0.658512
vn 0.136269 -0.849279 0.510055
vn 0.068361 -0.825865 0.559708
vn 0.105742 -0.905405 0.411170
vn 0.051791 -0.889194 0.454590
vn 0.057538 -0.970372 0.234667
vn 0.028229 -0.964433 0.262816
vn 0.013406 -0.998367 0.055534
vn 0.006461 -0.998031 0.062389
vn 0.000003 -1.000000 0.000012
vn -0.000018 -0.259095 0.965852
vn 0.000129 -0.499834 0.866121
vn -0.000243 -0.706894 0.707319
vn -0.002649 -0.866122 0.499826
vn -0.000345 -0.965737 0.259523
vn -0.000000 -1.000000 0.000015
vn 0.499826 -0.866122 -0.002649
vn 0.244344 -0.968525 0.047499
vn 0.259523 -0.965737 -0.000345
vn 0.057883 -0.998262 0.011030
vn 0.000015 -1.000000 -0.000000
vn 0.707319 -0.706894 -0.000243
vn 0.527531 -0.841974 0.113095
vn 0.426308 -0.900353 0.087325
vn 0.388232 -0.911923 0.132935
vn 0.220257 -0.972750 0.072421
vn 0.866121 -0.499834 0.000129
vn 0.715108 -0.679305 0.164819
vn 0.624366 -0.768799 0.138257
vn 0.575908 -0.790587 0.208095
vn 0.483265 -0.858716 0.170474
vn 0.866454 -0.450255 0.215703
vn 0.796807 -0.573152 0.191301
vn 0.747202 -0.599597 0.286659
vn 0.665172 -0.704408 0.247700
vn 0.000004 -1.000000 0.000011
vn 0.020329 -0.998608 0.048670
vn 0.000006 -1.000000 0.000009
vn 0.027238 -0.998755 0.041796
vn 0.000008 -1.000000 0.000008
vn 0.000011 -1.000000 0.000004
vn 0.052053 -0.998501 0.016921
vn 0.000013 -1.000000 0.000002
vn 0.920870 -0.310465 0.235818
vn 0.875804 -0.329732 0.352483
vn 0.818780 -0.474867 0.322647
vn 0.417924 -0.338477 0.843074
vn 0.382862 -0.486024 0.785619
vn 0.340598 -0.611567 0.714128
vn 0.294808 -0.715755 0.633075
vn 0.248002 -0.800418 0.545734
vn 0.203374 -0.866260 0.456324
vn 0.159147 -0.917132 0.365433
vn 0.086865 -0.974648 0.206194
vn 0.542149 -0.350542 0.763672
vn 0.497987 -0.501410 0.707529
vn 0.444635 -0.628065 0.638619
vn 0.386526 -0.731382 0.561853
vn 0.326499 -0.813949 0.480506
vn 0.268610 -0.876634 0.399200
vn 0.211448 -0.924289 0.317772
vn 0.116102 -0.977253 0.177475
vn 1.000000 -0.000000 0.000000
vn 0.965926 -0.000000 0.258819
vn 0.965926 -0.000000 0.258819
vn 0.866025 -0.000000 0.500000
vn 0.866025 -0.000000 0.500000
vn 0.707107 -0.000000 0.707107
vn 0.707107 -0.000000 0.707107
vn 0.500000 -0.000000 0.866025
vn 0.500000 -0.000000 0.866025
vn 0.258819 -0.000000 0.965926
vn 0.258819 -0.000000 0.965926
vn -0.000000 -0.000000 1.000000
vn 0.258819 -0.000000 0.965926
vn 0.500000 -0.000000 0.866025
vn 0.866025 -0.000000 0.500000
vn 0.965926 -0.000000 0.258819
vn 1.000000 -0.000000 0.000000
vn 0.000000 0.195090 0.980785
vn 0.000000 0.258819 0.965926
vn 0.000000 0.382683 0.923880
vn 0.000000 0.500000 0.866025
vn 0.000000 0.555570 0.831470
vn 0.000000 0.707107 0.707107
vn 0.000000 0.707107 0.707107
vn 0.000000 0.831470 0.555570
vn 0.000000 0.866025 0.500000
vn 0.000000 0.923880 0.382683
vn 0.000000 0.965926 0.258819
vn 0.000000 0.980785 0.195090
vn 0.000000 0.995185 0.098017
vn 0.258819 0.965926 0.000000
vn 0.258819 0.965926 0.000000
vn 0.500000 0.866025 0.000000
vn 0.500000 0.866025 0.000000
vn 0.707107 0.707107 0.000000
vn 0.707107 0.707107 0.000000
vn 0.866025 0.500000 0.000000
vn 0.866025 0.500000 0.000000
vn 0.965926 0.258819 0.000000
vn 0.965926 0.258819 0.000000
vn 0.965926 0.258819 0.000000
vn 0.965926 0.258819 0.000000
vn 0.968739 0.248082 0.000000
vn 0.876911 0.480653 0.000000
vn 0.866025 0.500000 0.000000
vn 0.730256 0.683173 0.000000
vn 0.707107 0.707107 0.000000
vn 0.537945 0.842980 0.000000
vn 0.500000 0.866025 0.000000
vn 0.312000 0.950082 0.000000
vn 0.258819 0.965926 0.000000
vn 0.312000 0.950082 0.000000
vn 0.209958 0.977710 0.000000
vn 0.105569 0.994412 0.000000
vn 0.258819 0.965926 0.000000
vn 0.500000 0.866025 0.000000
vn 0.707107 0.707107 0.000000
vn 0.866025 0.500000 0.000000
vn -0.000018 0.259095 0.965852
vn 0.249587 0.159064 0.955199
vn 0.258448 0.000000 0.966025
vn 0.372650 0.169584 0.912345
vn 0.500339 0.000000 0.865830
vn 0.489423 0.177193 0.853854
vn 0.596892 0.181807 0.781452
vn 0.463596 0.343655 0.816688
vn 0.566433 0.352091 0.745107
vn 0.425055 0.492629 0.759371
vn 0.520638 0.503383 0.689595
vn 0.378581 0.618653 0.688436
vn 0.465264 0.630177 0.621616
vn 0.328156 0.722470 0.608564
vn 0.404860 0.733379 0.546117
vn 0.276416 0.806236 0.523046
vn 0.342327 0.815675 0.466355
vn 0.226906 0.870724 0.436296
vn 0.281853 0.877955 0.386980
vn 0.177962 0.920213 0.348624
vn 0.222120 0.925199 0.307684
vn 0.097319 0.975770 0.195965
vn 0.122137 0.977583 0.171504
vn 0.022798 0.998671 0.046216
vn 0.028665 0.998773 0.040373
vn 0.000005 1.000000 0.000010
vn 0.695116 0.183381 0.695116
vn 0.661059 0.354966 0.661059
vn 0.609471 0.507040 0.609471
vn 0.546780 0.634085 0.546780
vn 0.477877 0.737066 0.477877
vn 0.405879 0.818856 0.405879
vn 0.335352 0.880385 0.335352
vn 0.265435 0.926870 0.265435
vn 0.146879 0.978189 0.146879
vn 0.034523 0.998807 0.034523
vn 0.000006 1.000000 0.000009
vn 0.800349 0.180959 0.571573
vn 0.865830 0.000000 0.500339
vn 0.880157 0.174363 0.441499
vn 0.966025 0.000000 0.258448
vn 0.939938 0.163632 0.299569
vn 0.977048 0.149106 0.152130
vn 0.904521 0.318835 0.283171
vn 0.945518 0.292194 0.143591
vn 0.848766 0.460955 0.259071
vn 0.894724 0.426864 0.131361
vn 0.778015 0.584658 0.229929
vn 0.828387 0.547945 0.116322
vn 0.695864 0.690238 0.198355
vn 0.748738 0.655302 0.099852
vn 0.605425 0.778297 0.166479
vn 0.658512 0.747900 0.083716
vn 0.510055 0.849279 0.136269
vn 0.559708 0.825865 0.068361
vn 0.411170 0.905405 0.105742
vn 0.454590 0.889194 0.051791
vn 0.234667 0.970372 0.057538
vn 0.262816 0.964433 0.028229
vn 0.055534 0.998367 0.013406
vn 0.062389 0.998031 0.006461
vn 0.000012 1.000000 0.000003
vn 0.965852 0.259095 -0.000018
vn 0.866121 0.499834 0.000129
vn 0.707319 0.706894 -0.000243
vn 0.499826 0.866122 -0.002649
vn 0.259523 0.965737 -0.000345
vn 0.000015 1.000000 -0.000000
vn -0.002649 0.866122 0.499826
vn 0.047499 0.968525 0.244344
vn -0.000345 0.965737 0.259523
vn 0.011030 0.998262 0.057883
vn -0.000000 1.000000 0.000015
vn -0.000243 0.706894 0.707319
vn 0.113095 0.841974 0.527531
vn 0.087325 0.900353 0.426308
vn 0.132935 0.911923 0.388232
vn 0.072421 0.972750 0.220257
vn 0.000129 0.499834 0.866121
vn 0.164819 0.679305 0.715108
vn 0.138257 0.768799 0.624366
vn 0.208095 0.790587 0.575908
vn 0.170474 0.858716 0.483265
vn 0.215703 0.450255 0.866454
vn 0.191301 0.573152 0.796807
vn 0.286659 0.599597 0.747202
vn 0.247700 0.704408 0.665172
vn 0.000011 1.000000 0.000004
vn 0.048670 0.998608 0.020329
vn 0.000009 1.000000 0.000006
vn 0.041796 0.998755 0.027238
vn 0.000008 1.000000 0.000008
vn 0.000004 1.000000 0.000011
vn 0.016921 0.998501 0.052053
vn 0.000002 1.000000 0.000013
vn 0.235818 0.310465 0.920870
vn 0.352483 0.329732 0.875804
vn 0.322647 0.474867 0.818780
vn 0.843074 0.338477 0.417924
vn 0.785619 0.486024 0.382862
vn 0.714128 0.611567 0.340598
vn 0.633075 0.715755 0.294808
vn 0.545734 0.800418 0.248002
vn 0.456324 0.866260 0.203374
vn 0.365433 0.917132 0.159147
vn 0.206194 0.974648 0.086865
vn 0.763672 0.350542 0.542149
vn 0.707529 0.501410 0.497987
vn 0.638619 0.628065 0.444635
vn 0.561853 0.731382 0.386526
vn 0.480506 0.813949 0.326499
vn 0.399200 0.876634 0.268610
vn 0.317772 0.924289 0.211448
vn 0.177475 0.977253 0.116102
vn -0.965926 0.258819 -0.000000
vn -0.965926 0.258819 -0.000000
vn -1.000000 0.000000 -0.000000
vn -0.965926 0.258819 -0.000000
vn -0.965926 0.258819 -0.000000
vn -0.866025 0.500000 -0.000000
vn -0.876911 0.480653 -0.000000
vn -0.730256 0.683173 -0.000000
vn -0.707107 0.707107 -0.000000
vn -0.537945 0.842980 -0.000000
vn -0.500000 0.866025 -0.000000
vn -0.312000 0.950082 -0.000000
vn -0.258819 0.965926 -0.000000
vn -0.312000 0.950082 -0.000000
vn -0.209958 0.977710 -0.000000
vn -0.105569 0.994412 -0.000000
vn -0.866025 0.500000 -0.000000
vn -0.866025 0.500000 -0.000000
vn -0.866025 0.500000 -0.000000
vn -0.707107 0.707107 -0.000000
vn -0.707107 0.707107 -0.000000
vn -0.707107 0.707107 -0.000000
vn -0.500000 0.866025 -0.000000
vn -0.500000 0.866025 -0.000000
vn -0.500000 0.866025 -0.000000
vn -0.258819 0.965926 -0.000000
vn -0.258819 0.965926 -0.000000
vn -0.258819 0.965926 -0.000000
vn -0.968739 0.248082 -0.000000
vn -1.000000 0.000000 -0.000000
vn 0.000000 0.995185 0.098017
vn 0.000000 0.965926 0.258819
vn 0.000000 0.980785 0.195090
vn 0.000000 0.923880 0.382683
vn 0.000000 0.866025 0.500000
vn 0.000000 0.831470 0.555570
vn 0.000000 0.707107 0.707107
vn 0.000000 0.707107 0.707107
vn 0.000000 0.555570 0.831470
vn 0.000000 0.500000 0.866025
vn 0.000000 0.382683 0.923880
vn 0.000000 0.258819 0.965926
vn 0.000000 0.195090 0.980785
vn 0.000000 0.000000 1.000000
vn -0.965852 0.259095 -0.000018
vn -0.955199 0.159064 0.249587
vn -0.966025 -0.000000 0.258448
vn -0.912345 0.169584 0.372650
vn -0.865830 -0.000000 0.500339
vn -0.853854 0.177193 0.489423
vn -0.781452 0.181807 0.596892
vn -0.816688 0.343655 0.463596
vn -0.745107 0.352091 0.566433
vn -0.759371 0.492629 0.425055
vn -0.689595 0.503383 0.520638
vn -0.688436 0.618653 0.378581
vn -0.621616 0.630177 0.465264
vn -0.608564 0.722470 0.328156
vn -0.546117 0.733379 0.404860
vn -0.523046 0.806236 0.276416
vn -0.466355 0.815675 0.342327
vn -0.436296 0.870724 0.226906
vn -0.386980 0.877955 0.281853
vn -0.348624 0.920213 0.177962
vn -0.307684 0.925199 0.222120
vn -0.195965 0.975770 0.097319
vn -0.171504 0.977583 0.122137
vn -0.046216 0.998671 0.022798
vn -0.040373 0.998773 0.028665
vn -0.000010 1.000000 0.000005
vn -0.707107 -0.000000 0.707107
vn -0.695116 0.183381 0.695116
vn -0.661059 0.354966 0.661059
vn -0.609471 0.507040 0.609471
vn -0.546780 0.634085 0.546780
vn -0.477877 0.737066 0.477877
vn -0.405879 0.818856 0.405879
vn -0.335352 0.880385 0.335352
vn -0.265435 0.926870 0.265435
vn -0.146879 0.978189 0.146879
vn -0.034523 0.998807 0.034523
vn -0.000009 1.000000 0.000006
vn -0.571573 0.180959 0.800349
vn -0.500339 -0.000000 0.865830
vn -0.441499 0.174363 0.880157
vn -0.258448 -0.000000 0.966025
vn -0.299569 0.163632 0.939938
vn -0.152130 0.149106 0.977048
vn -0.283171 0.318835 0.904521
vn -0.143591 0.292194 0.945518
vn -0.259071 0.460955 0.848766
vn -0.131361 0.426864 0.894724
vn -0.229929 0.584658 0.778015
vn -0.116322 0.547945 0.828387
vn -0.198355 0.690238 0.695864
vn -0.099852 0.655302 0.748738
vn -0.166479 0.778297 0.605425
vn -0.083716 0.747900 0.658512
vn -0.136269 0.849279 0.510055
vn -0.068361 0.825865 0.559708
vn -0.105742 0.905405 0.411170
vn -0.051791 0.889194 0.454590
vn -0.057538 0.970372 0.234667
vn -0.028229 0.964433 0.262816
vn -0.013406 0.998367 0.055534
vn -0.006461 0.998031 0.062389
vn -0.000003 1.000000 0.000012
vn 0.000018 0.259095 0.965852
vn -0.000129 0.499834 0.866121
vn 0.000243 0.706894 0.707319
vn 0.002649 0.866122 0.499826
vn 0.000345 0.965737 0.259523
vn 0.000000 1.000000 0.000015
vn -0.499826 0.866122 -0.002649
vn -0.244344 0.968525 0.047499
vn -0.259523 0.965737 -0.000345
vn -0.057883 0.998262 0.011030
vn -0.000015 1.000000 -0.000000
vn -0.707319 0.706894 -0.000243
vn -0.527531 0.841974 0.113095
vn -0.426308 0.900353 0.087325
vn -0.388232 0.911923 0.132935
vn -0.220257 0.972750 0.072421
vn -0.866121 0.499834 0.000129
vn -0.715108 0.679305 0.164819
vn -0.624366 0.768799 0.138257
vn -0.575908 0.790587 0.208095
vn -0.483265 0.858716 0.170474
vn -0.866454 0.450255 0.215703
vn -0.796807 0.573152 0.191301
vn -0.747202 0.599597 0.286659
vn -0.665172 0.704408 0.247700
vn -0.000004 1.000000 0.000011
vn -0.020329 0.998608 0.048670
vn -0.000006 1.000000 0.000009
vn -0.027238 0.998755 0.041796
vn -0.000008 1.000000 0.000008
vn -0.000011 1.000000 0.000004
vn -0.052053 0.998501 0.016921
vn -0.000013 1.000000 0.000002
vn -0.920870 0.310465 0.235818
vn -0.875804 0.329732 0.352483
vn -0.818780 0.474867 0.322647
vn -0.417924 0.338477 0.843074
vn -0.382862 0.486024 0.785619
vn -0.340598 0.611567 0.714128
vn -0.294808 0.715755 0.633075
vn -0.248002 0.800418 0.545734
vn -0.203374 0.866260 0.456324
vn -0.159147 0.917132 0.365433
vn -0.086865 0.974648 0.206194
vn -0.542149 0.350542 0.763672
vn -0.497987 0.501410 0.707529
vn -0.444635 0.628065 0.638619
vn -0.386526 0.731382 0.561853
vn -0.326499 0.813949 0.480506
vn -0.268610 0.876634 0.399200
vn -0.211448 0.924289 0.317772
vn -0.116102 0.977253 0.177475
vn 0.000000 0.000000 1.000000
vn 0.000000 0.000000 1.000000
vn 0.000000 0.000000 1.000000
vn 0.000000 0.000000 1.000000
vn 0.000000 0.000000 1.000000
vn 0.000000 0.000000 1.000000
vn 0.000000 0.000000 1.000000
vn 0.000000 0.000000 1.000000
vn 0.000000 0.000000 1.000000
vn 0.000000 0.000000 1.000000
vn 0.000000 0.000000 1.000000
vn 0.000000 0.000000 1.000000
vn 0.000000 0.000000 1.000000
vn 0.000000 0.000000 1.000000
vn 0.000000 0.000000 1.000000
vn 0.000000 0.000000 1.000000
vn 0.000000 0.000000 1.000000
vn 0.000000 0.000000 1.000000
vn 0.000000 0.000000 1.000000
vn 0.000000 0.000000 1.000000
vn 0.000000 0.000000 1.000000
vn 0.000000 0.000000 1.000000
vn 0.000000 0.000000 1.000000
vn 0.000000 0.000000 1.000000
vn 0.000000 0.000000 1.000000
vn 0.000000 0.000000 1.000000
vn 0.000000 0.000000 1.000000
vn 0.000000 0.000000 1.000000
vn 0.000000 0.000000 1.000000
vn 0.000000 0.000000 1.000000
vn 0.000000 0.000000 1.000000
vn 0.000000 0.000000 1.000000
vn 0.000000 0.000000 1.000000
vn 0.000000 0.000000 1.000000
vn 0.000000 0.000000 1.000000
vn 0.000000 0.000000 1.000000
vn 0.000000 0.000000 1.000000
vn 0.000000 0.000000 1.000000
vn 0.000000 0.000000 1.000000
vn 0.000000 0.000000 1.000000
vn 0.000000 0.000000 1.000000
vn 0.000000 0.000000 1.000000
vn 0.000000 0.000000 1.000000
vn 0.000000 0.000000 1.000000
vn 0.000000 0.000000 1.000000
vn 0.000000 0.000000 1.000000
vn 0.000000 0.000000 1.000000
vn 0.000000 0.000000 1.000000
vn 0.000000 0.000000 1.000000
vn 0.000000 0.000000 1.000000
vn 0.000000 0.000000 1.000000
vn 0.000000 0.000000 1.000000
vn 0.000000 0.000000 1.000000
vn 0.000000 0.000000 1.000000
vn 0.000000 0.000000 1.000000
vn 0.000000 0.000000 1.000000
vn 0.000000 0.000000 1.000000
vn 0.000000 0.000000 1.000000
vn 0.000000 0.000000 1.000000
vn 0.000000 0.000000 1.000000
vn 0.000000 0.000000 1.000000
vn -1.000000 -0.000000 -0.000000
vn -0.965926 0.000000 0.258819
vn -0.965926 0.000000 0.258819
vn -0.866025 0.000000 0.500000
vn -0.866025 0.000000 0.500000
vn -0.707107 0.000000 0.707107
vn -0.707107 0.000000 0.707107
vn -0.500000 0.000000 0.866025
vn -0.500000 0.000000 0.866025
vn -0.258819 0.000000 0.965926
vn -0.258819 0.000000 0.965926
vn -0.258819 0.000000 0.965926
vn -0.500000 0.000000 0.866025
vn -0.866025 0.000000 0.500000
vn -0.965926 0.000000 0.258819
vn -1.000000 0.000000 -0.000000
vn 0.000000 -0.195090 0.980785
vn 0.000000 -0.258819 0.965926
vn 0.000000 -0.382683 0.923880
vn 0.000000 -0.500000 0.866025
vn 0.000000 -0.555570 0.831470
vn 0.000000 -0.707107 0.707107
vn 0.000000 -0.707107 0.707107
vn 0.000000 -0.831470 0.555570
vn 0.000000 -0.866025 0.500000
vn 0.000000 -0.923880 0.382683
vn 0.000000 -0.965926 0.258819
vn 0.000000 -0.980785 0.195090
vn 0.000000 -0.995185 0.098017
vn -0.258819 -0.965926 -0.000000
vn -0.258819 -0.965926 -0.000000
vn -0.500000 -0.866025 -0.000000
vn -0.500000 -0.866025 -0.000000
vn -0.707107 -0.707107 -0.000000
vn -0.707107 -0.707107 -0.000000
vn -0.866025 -0.500000 -0.000000
vn -0.866025 -0.500000 -0.000000
vn -0.965926 -0.258819 -0.000000
vn -0.965926 -0.258819 -0.000000
vn -0.965926 -0.258819 -0.000000
vn -0.965926 -0.258819 -0.000000
vn -0.968739 -0.248082 -0.000000
vn -0.876911 -0.480653 -0.000000
vn -0.866025 -0.500000 -0.000000
vn -0.730256 -0.683173 -0.000000
vn -0.707107 -0.707107 -0.000000
vn -0.537945 -0.842980 -0.000000
vn -0.500000 -0.866025 -0.000000
vn -0.312000 -0.950082 -0.000000
vn -0.258819 -0.965926 -0.000000
vn -0.312000 -0.950082 -0.000000
vn -0.209958 -0.977710 -0.000000
vn -0.105569 -0.994412 -0.000000
vn -0.258819 -0.965926 -0.000000
vn -0.500000 -0.866025 -0.000000
vn -0.707107 -0.707107 -0.000000
vn -0.866025 -0.500000 -0.000000
vn 0.000018 -0.259095 0.965852
vn -0.249587 -0.159064 0.955199
vn -0.258448 -0.000000 0.966025
vn -0.372650 -0.169584 0.912345
vn -0.500339 -0.000000 0.865830
vn -0.489423 -0.177193 0.853854
vn -0.596892 -0.181807 0.781452
vn -0.463596 -0.343655 0.816688
vn -0.566433 -0.352091 0.745107
vn -0.425055 -0.492629 0.759371
vn -0.520638 -0.503383 0.689595
vn -0.378581 -0.618653 0.688436
vn -0.465264 -0.630177 0.621616
vn -0.328156 -0.722470 0.608564
vn -0.404860 -0.733379 0.546117
vn -0.276416 -0.806236 0.523046
vn -0.342327 -0.815675 0.466355
vn -0.226906 -0.870724 0.436296
vn -0.281853 -0.877955 0.386980
vn -0.177962 -0.920213 0.348624
vn -0.222120 -0.925199 0.307684
vn -0.097319 -0.975770 0.195965
vn -0.122137 -0.977583 0.171504
vn -0.022798 -0.998671 0.046216
vn -0.028665 -0.998773 0.040373
vn -0.000005 -1.000000 0.000010
vn -0.695116 -0.183381 0.695116
vn -0.661059 -0.354966 0.661059
vn -0.609471 -0.507040 0.609471
vn -0.546780 -0.634085 0.546780
vn -0.477877 -0.737066 0.477877
vn -0.405879 -0.818856 0.405879
vn -0.335352 -0.880385 0.335352
vn -0.265435 -0.926870 0.265435
vn -0.146879 -0.978189 0.146879
vn -0.034523 -0.998807 0.034523
vn -0.000006 -1.000000 0.000009
vn -0.800349 -0.180959 0.571573
vn -0.865830 -0.000000 0.500339
vn -0.880157 -0.174363 0.441499
vn -0.966025 -0.000000 0.258448
vn -0.939938 -0.163632 0.299569
vn -0.977048 -0.149106 0.152130
vn -0.904521 -0.318835 0.283171
vn -0.945518 -0.292194 0.143591
vn -0.848766 -0.460955 0.259071
vn -0.894724 -0.426864 0.131361
vn -0.778015 -0.584658 0.229929
vn -0.828387 -0.547945 0.116322
vn -0.695864 -0.690238 0.198355
vn -0.748738 -0.655302 0.099852
vn -0.605425 -0.778297 0.166479
vn -0.658512 -0.747900 0.083716
vn -0.510055 -0.849279 0.136269
vn -0.559708 -0.825865 0.068361
vn -0.411170 -0.905405 0.105742
vn -0.454590 -0.889194 0.051791
vn -0.234667 -0.970372 0.057538
vn -0.262816 -0.964433 0.028229
vn -0.055534 -0.998367 0.013406
vn -0.062389 -0.998031 0.006461
vn -0.000012 -1.000000 0.000003
vn -0.965852 -0.259095 -0.000018
vn -0.866121 -0.499834 0.000129
vn -0.707319 -0.706894 -0.000243
vn -0.499826 -0.866122 -0.002649
vn -0.259523 -0.965737 -0.000345
vn -0.000015 -1.000000 -0.000000
vn 0.002649 -0.866122 0.499826
vn -0.047499 -0.968525 0.244344
vn 0.000345 -0.965737 0.259523
vn -0.011030 -0.998262 0.057883
vn 0.000000 -1.000000 0.000015
vn 0.000243 -0.706894 0.707319
vn -0.113095 -0.841974 0.527531
vn -0.087325 -0.900353 0.426308
vn -0.132935 -0.911923 0.388232
vn -0.072421 -0.972750 0.220257
vn -0.000129 -0.499834 0.866121
vn -0.164819 -0.679305 0.715108
vn -0.138257 -0.768799 0.624366
vn -0.208095 -0.790587 0.575908
vn -0.170474 -0.858716 0.483265
vn -0.215703 -0.450255 0.866454
vn -0.191301 -0.573152 0.796807
vn -0.286659 -0.599597 0.747202
vn -0.247700 -0.704408 0.665172
vn -0.000011 -1.000000 0.000004
vn -0.048670 -0.998608 0.020329
vn -0.000009 -1.000000 0.000006
vn -0.041796 -0.998755 0.027238
vn -0.000008 -1.000000 0.000008
vn -0.000004 -1.000000 0.000011
vn -0.016921 -0.998501 0.052053
vn -0.000002 -1.000000 0.000013
vn -0.235818 -0.310465 0.920870
vn -0.352483 -0.329732 0.875804
vn -0.322647 -0.474867 0.818780
vn -0.843074 -0.338477 0.417924
vn -0.785619 -0.486024 0.382862
vn -0.714128 -0.611567 0.340598
vn -0.633075 -0.715755 0.294808
vn -0.545734 -0.800418 0.248002
vn -0.456324 -0.866260 0.203374
vn -0.365433 -0.917132 0.159147
vn -0.206194 -0.974648 0.086865
vn -0.763672 -0.350542 0.542149
vn -0.707529 -0.501410 0.497987
vn -0.638619 -0.628065 0.444635
vn -0.561853 -0.731382 0.386526
vn -0.480506 -0.813949 0.326499
vn -0.399200 -0.876634 0.268610
vn -0.317772 -0.924289 0.211448
vn -0.177475 -0.977253 0.116102
vn -1.000000 -0.000000 -0.000000
vn -1.000000 -0.000000 -0.000000
vn -1.000000 -0.000000 -0.000000
vn -1.000000 -0.000000 -0.000000
vn -1.000000 -0.000000 -0.000000
vn -1.000000 -0.000000 -0.000000
vn 0.000000 -0.000000 1.000000
vn 0.000000 -0.000000 1.000000
vn 0.000000 -0.000000 1.000000
vn 0.000000 -0.000000 1.000000
vn 0.000000 -0.000000 1.000000
vn 0.000000 -0.000000 1.000000
vn 0.000000 -0.000000 1.000000
vn 0.000000 -0.000000 1.000000
vn 0.000000 -0.000000 1.000000
vn 0.000000 -0.000000 1.000000
vn 0.000000 -0.000000 1.000000
vn 0.000000 -0.000000 1.000000
vn 0.000000 -0.000000 1.000000
vn 0.000000 -0.000000 1.000000
vn 0.000000 -0.000000 1.000000
vn 0.000000 -0.000000 1.000000
vn 0.000000 -0.000000 1.000000
vn 0.000000 -0.000000 1.000000
vn 0.000000 -0.000000 1.000000
vn 0.000000 -0.000000 1.000000
vn 0.000000 -0.000000 1.000000
vn 0.000000 -0.000000 1.000000
vn 0.000000 -0.000000 1.000000
vn 0.000000 -0.000000 1.000000
vn 0.000000 -0.000000 1.000000
vn 0.000000 -0.000000 1.000000
vn 0.000000 -0.000000 1.000000
vn 0.000000 -0.000000 1.000000
vn 0.000000 -0.000000 1.000000
vn 0.000000 -0.000000 1.000000
vn 0.000000 -0.000000 1.000000
vn 0.000000 -0.000000 1.000000
vn 0.000000 -0.000000 1.000000
vn 0.000000 -0.000000 1.000000
vn 0.000000 -0.000000 1.000000
vn 0.000000 -0.000000 1.000000
vn 0.000000 -0.000000 1.000000
vn 0.000000 -0.000000 1.000000
vn 0.000000 -0.000000 1.000000
vn 0.000000 -0.000000 1.000000
vn 0.000000 -0.000000 1.000000
vn 0.000000 -0.000000 1.000000
vn 0.000000 -0.000000 1.000000
vn 0.000000 -0.000000 1.000000
vn 0.000000 -0.000000 1.000000
vn 0.000000 -0.000000 1.000000
vn 0.000000 -0.000000 1.000000
vn 0.000000 -0.000000 1.000000
vn 0.000000 -0.000000 1.000000
vn 0.000000 -0.000000 1.000000
vn 0.000000 -0.000000 1.000000
vn 0.000000 -0.000000 1.000000
vn 1.000000 -0.000000 -0.000000
vn 1.000000 -0.000000 -0.000000
vn 1.000000 -0.000000 -0.000000
vn 1.000000 -0.000000 -0.000000
vn -0.000000 -1.000000 -0.000000
vn -0.000000 -1.000000 -0.000000
vn -0.000000 1.000000 -0.000000
vn -0.000000 1.000000 -0.000000
vn -0.000000 1.000000 -0.000000
vn -0.000000 1.000000 -0.000000
vn -0.000000 -1.000000 0.000000
vn -0.000000 -1.000000 0.000000
usemtl Carbon_Fiber_-_Plain
f 113/209/185 114/210/186 140/211/187
f 140/211/187 114/210/186 115/212/188
f 140/211/187 115/212/188 139/213/189
f 139/213/189 115/212/188 116/214/190
f 139/213/189 116/214/190 138/215/191
f 138/215/191 116/214/190 117/216/192
f 138/215/191 117/216/192 137/217/193
f 137/217/193 117/216/192 118/218/194
f 137/217/193 118/218/194 136/219/195
f 136/219/195 118/218/194 119/220/196
f 136/219/195 119/220/196 135/221/197
f 135/221/197 119/220/196 120/222/198
f 135/221/197 120/222/198 134/223/199
f 134/223/199 120/222/198 121/224/200
f 134/223/199 121/224/200 133/225/201
f 133/225/201 121/224/200 122/226/202
f 133/225/201 122/226/202 132/227/203
f 132/227/203 122/226/202 123/228/204
f 132/227/203 123/228/204 131/229/205
f 131/229/205 123/228/204 124/230/206
f 131/229/205 124/230/206 130/231/207
f 130/231/207 124/230/206 125/232/208
f 130/231/207 125/232/208 129/233/209
f 129/233/209 125/232/208 126/234/210
f 129/233/209 126/234/210 128/235/211
f 128/235/211 126/234/210 127/236/212
f 163/237/213 113/238/214 208/239/215
f 208/239/215 113/238/214 140/240/216
f 208/239/215 140/240/216 207/241/217
f 207/241/217 140/240/216 139/242/218
f 207/241/217 139/242/218 138/243/219
f 207/241/217 138/243/219 214/244/220
f 214/244/220 138/243/219 137/245/221
f 214/244/220 137/245/221 136/246/222
f 214/244/220 136/246/222 213/247/223
f 213/247/223 136/246/222 135/248/224
f 213/247/223 135/248/224 134/249/225
f 213/247/223 134/249/225 190/250/226
f 190/250/226 134/249/225 133/251/227
f 190/250/226 133/251/227 132/252/228
f 190/250/226 132/252/228 189/253/229
f 189/253/229 132/252/228 131/254/230
f 189/253/229 131/254/230 130/255/231
f 189/253/229 130/255/231 141/256/232
f 141/256/232 130/255/231 129/257/233
f 141/256/232 129/257/233 128/258/234
f 189/253/229 141/256/232 188/259/235
f 188/259/235 141/256/232 142/260/236
f 188/259/235 142/260/236 193/261/237
f 193/261/237 142/260/236 192/262/238
f 192/262/238 142/260/236 217/263/239
f 192/262/238 217/263/239 191/264/240
f 191/264/240 217/263/239 212/265/241
f 191/264/240 212/265/241 213/247/223
f 143/266/242 211/267/243 142/260/236
f 142/260/236 211/267/243 216/268/244
f 142/260/236 216/268/244 217/263/239
f 144/269/245 169/270/246 143/266/242
f 143/266/242 169/270/246 164/271/247
f 143/266/242 164/271/247 198/272/248
f 198/272/248 164/271/247 223/273/249
f 198/272/248 223/273/249 218/274/250
f 145/275/251 167/276/252 144/269/245
f 144/269/245 167/276/252 168/277/253
f 144/269/245 168/277/253 169/270/246
f 146/278/254 165/279/255 145/275/251
f 145/275/251 165/279/255 166/280/256
f 145/275/251 166/280/256 167/276/252
f 147/281/257 204/282/258 146/278/254
f 146/278/254 204/282/258 205/283/259
f 146/278/254 205/283/259 222/284/260
f 222/284/260 205/283/259 221/285/261
f 221/285/261 205/283/259 200/286/262
f 221/285/261 200/286/262 201/287/263
f 148/288/264 180/289/265 147/281/257
f 147/281/257 180/289/265 181/290/266
f 147/281/257 181/290/266 204/282/258
f 204/282/258 181/290/266 203/291/267
f 203/291/267 181/290/266 176/292/268
f 203/291/267 176/292/268 177/293/269
f 148/288/264 149/294/270 180/289/265
f 180/289/265 149/294/270 150/295/271
f 180/289/265 150/295/271 151/296/272
f 151/296/272 152/297/273 180/289/265
f 180/289/265 152/297/273 179/298/274
f 179/298/274 152/297/273 153/299/275
f 179/298/274 153/299/275 154/300/276
f 179/298/274 154/300/276 178/301/277
f 178/301/277 154/300/276 155/302/278
f 178/301/277 155/302/278 156/303/279
f 156/303/279 157/304/280 178/301/277
f 178/301/277 157/304/280 158/305/281
f 178/301/277 158/305/281 159/306/282
f 160/307/283 202/308/284 159/306/282
f 159/306/282 202/308/284 177/293/269
f 159/306/282 177/293/269 178/301/277
f 161/309/285 171/310/286 160/307/283
f 160/307/283 171/310/286 172/311/287
f 160/307/283 172/311/287 173/312/288
f 171/310/286 161/309/285 170/313/289
f 170/313/289 161/309/285 162/314/290
f 170/313/289 162/314/290 175/315/291
f 175/315/291 162/314/290 163/237/213
f 175/315/291 163/237/213 174/316/292
f 174/316/292 163/237/213 173/312/288
f 173/312/288 163/237/213 196/317/293
f 173/312/288 196/317/293 219/318/294
f 219/318/294 196/317/293 218/274/250
f 218/274/250 196/317/293 197/319/295
f 218/274/250 197/319/295 198/272/248
f 223/273/249 164/271/247 146/278/254
f 146/278/254 164/271/247 165/279/255
f 187/320/296 182/321/297 209/322/298
f 209/322/298 182/321/297 183/323/299
f 209/322/298 183/323/299 208/239/215
f 208/239/215 183/323/299 163/237/213
f 183/323/299 184/324/300 163/237/213
f 163/237/213 184/324/300 195/325/301
f 163/237/213 195/325/301 196/317/293
f 195/325/301 184/324/300 194/326/302
f 194/326/302 184/324/300 185/327/303
f 194/326/302 185/327/303 186/328/304
f 187/320/296 143/266/242 186/328/304
f 186/328/304 143/266/242 199/329/305
f 186/328/304 199/329/305 194/326/302
f 190/250/226 191/264/240 213/247/223
f 198/272/248 199/329/305 143/266/242
f 202/308/284 160/307/283 201/287/263
f 201/287/263 160/307/283 220/330/306
f 201/287/263 220/330/306 221/285/261
f 202/308/284 203/291/267 177/293/269
f 211/267/243 206/331/307 215/332/308
f 215/332/308 206/331/307 207/241/217
f 215/332/308 207/241/217 214/244/220
f 209/322/298 210/333/309 187/320/296
f 187/320/296 210/333/309 143/266/242
f 210/333/309 211/267/243 143/266/242
f 216/268/244 211/267/243 215/332/308
f 173/312/288 219/318/294 160/307/283
f 160/307/283 219/318/294 220/330/306
f 222/284/260 223/273/249 146/278/254
f 127/334/310 224/335/311 128/336/312
f 128/336/312 224/335/311 141/337/313
f 226/338/314 372/339/315 225/340/316
f 225/340/316 372/339/315 373/341/317
f 225/340/316 373/341/317 230/342/318
f 230/342/318 373/341/317 229/343/319
f 229/343/319 373/341/317 374/344/320
f 229/343/319 374/344/320 375/345/321
f 227/346/322 397/347/323 226/338/314
f 226/338/314 397/347/323 306/348/324
f 226/338/314 306/348/324 329/349/325
f 329/349/325 306/348/324 328/350/326
f 328/350/326 306/348/324 307/351/327
f 328/350/326 307/351/327 308/352/328
f 397/347/323 227/346/322 396/353/329
f 396/353/329 227/346/322 228/354/330
f 396/353/329 228/354/330 229/343/319
f 232/355/331 357/356/332 231/357/333
f 231/357/333 357/356/332 358/358/334
f 231/357/333 358/358/334 236/359/335
f 236/359/335 358/358/334 235/360/336
f 235/360/336 358/358/334 332/361/337
f 235/360/336 332/361/337 327/362/338
f 233/363/339 334/364/340 232/355/331
f 232/355/331 334/364/340 335/365/341
f 232/355/331 335/365/341 336/366/342
f 334/364/340 233/363/339 333/367/343
f 333/367/343 233/363/339 234/368/344
f 333/367/343 234/368/344 235/360/336
f 238/369/345 384/370/346 237/371/347
f 237/371/347 384/370/346 385/372/348
f 237/371/347 385/372/348 260/373/349
f 260/373/349 385/372/348 386/374/350
f 260/373/349 386/374/350 387/375/351
f 239/376/352 382/377/353 238/369/345
f 238/369/345 382/377/353 383/378/354
f 238/369/345 383/378/354 384/370/346
f 382/377/353 239/376/352 381/379/355
f 381/379/355 239/376/352 240/380/356
f 381/379/355 240/380/356 241/381/357
f 381/379/355 241/381/357 380/382/358
f 380/382/358 241/381/357 242/383/359
f 380/382/358 242/383/359 243/384/360
f 380/382/358 243/384/360 379/385/361
f 379/385/361 243/384/360 244/386/362
f 379/385/361 244/386/362 245/387/363
f 245/387/363 246/388/364 379/385/361
f 379/385/361 246/388/364 378/389/365
f 378/389/365 246/388/364 247/390/366
f 378/389/365 247/390/366 376/391/367
f 376/391/367 247/390/366 229/343/319
f 376/391/367 229/343/319 375/345/321
f 247/390/366 248/392/368 229/343/319
f 229/343/319 248/392/368 249/393/369
f 229/343/319 249/393/369 250/394/370
f 250/394/370 251/395/371 229/343/319
f 229/343/319 251/395/371 393/396/372
f 229/343/319 393/396/372 394/397/373
f 393/396/372 251/395/371 391/398/374
f 391/398/374 251/395/371 252/399/375
f 391/398/374 252/399/375 390/400/376
f 390/400/376 252/399/375 253/401/377
f 390/400/376 253/401/377 254/402/378
f 254/402/378 255/403/379 390/400/376
f 390/400/376 255/403/379 389/404/380
f 389/404/380 255/403/379 256/405/381
f 389/404/380 256/405/381 257/406/382
f 389/404/380 257/406/382 388/407/383
f 388/407/383 257/406/382 258/408/384
f 388/407/383 258/408/384 259/409/385
f 388/407/383 259/409/385 387/375/351
f 387/375/351 259/409/385 260/373/349
f 284/410/386 261/411/387 232/355/331
f 232/355/331 261/411/387 262/412/388
f 232/355/331 262/412/388 354/413/389
f 354/413/389 262/412/388 263/414/390
f 354/413/389 263/414/390 352/415/391
f 352/415/391 263/414/390 264/416/392
f 352/415/391 264/416/392 351/417/393
f 351/417/393 264/416/392 265/418/394
f 351/417/393 265/418/394 266/419/395
f 266/419/395 267/420/396 351/417/393
f 351/417/393 267/420/396 350/421/397
f 350/421/397 267/420/396 268/422/398
f 350/421/397 268/422/398 269/423/399
f 350/421/397 269/423/399 349/424/400
f 349/424/400 269/423/399 270/425/401
f 349/424/400 270/425/401 271/426/402
f 349/424/400 271/426/402 348/427/403
f 348/427/403 271/426/402 272/428/404
f 348/427/403 272/428/404 347/429/405
f 347/429/405 272/428/404 346/430/406
f 346/430/406 272/428/404 273/431/407
f 346/430/406 273/431/407 345/432/408
f 345/432/408 273/431/407 274/433/409
f 345/432/408 274/433/409 344/434/410
f 344/434/410 274/433/409 343/435/411
f 343/435/411 274/433/409 275/436/412
f 343/435/411 275/436/412 342/437/413
f 342/437/413 275/436/412 276/438/414
f 342/437/413 276/438/414 277/439/415
f 342/437/413 277/439/415 341/440/416
f 341/440/416 277/439/415 278/441/417
f 341/440/416 278/441/417 279/442/418
f 341/440/416 279/442/418 340/443/419
f 340/443/419 279/442/418 280/444/420
f 340/443/419 280/444/420 281/445/421
f 281/445/421 282/446/422 340/443/419
f 340/443/419 282/446/422 339/447/423
f 339/447/423 282/446/422 283/448/424
f 339/447/423 283/448/424 337/449/425
f 337/449/425 283/448/424 284/410/386
f 337/449/425 284/410/386 232/355/331
f 286/450/426 313/451/427 285/452/428
f 285/452/428 313/451/427 314/453/429
f 285/452/428 314/453/429 359/454/430
f 359/454/430 314/453/429 358/358/334
f 358/358/334 314/453/429 309/455/431
f 358/358/334 309/455/431 332/361/337
f 332/361/337 309/455/431 331/456/432
f 331/456/432 309/455/431 310/457/433
f 331/456/432 310/457/433 311/458/434
f 286/450/426 287/459/435 313/451/427
f 313/451/427 287/459/435 312/460/436
f 312/460/436 287/459/435 371/461/437
f 312/460/436 371/461/437 372/339/315
f 287/459/435 288/462/438 371/461/437
f 371/461/437 288/462/438 370/463/439
f 370/463/439 288/462/438 369/464/440
f 369/464/440 288/462/438 368/465/441
f 368/465/441 288/462/438 367/466/442
f 367/466/442 288/462/438 366/467/443
f 366/467/443 288/462/438 289/468/444
f 366/467/443 289/468/444 365/469/445
f 365/469/445 289/468/444 364/470/446
f 364/470/446 289/468/444 290/471/447
f 364/470/446 290/471/447 363/472/448
f 363/472/448 290/471/447 362/473/449
f 362/473/449 290/471/447 361/474/450
f 361/474/450 290/471/447 360/475/451
f 360/475/451 290/471/447 359/454/430
f 359/454/430 290/471/447 285/452/428
f 292/476/452 319/477/453 291/478/454
f 291/478/454 319/477/453 320/479/455
f 291/478/454 320/479/455 333/367/343
f 333/367/343 320/479/455 114/480/456
f 114/480/456 320/479/455 315/481/457
f 114/480/456 315/481/457 115/482/458
f 115/482/458 315/481/457 326/483/459
f 115/482/458 326/483/459 116/484/460
f 116/484/460 326/483/459 117/485/461
f 117/485/461 326/483/459 118/486/462
f 118/486/462 326/483/459 321/487/463
f 118/486/462 321/487/463 119/488/464
f 119/488/464 321/487/463 120/489/465
f 120/489/465 321/487/463 121/490/466
f 121/490/466 321/487/463 302/491/467
f 121/490/466 302/491/467 122/492/468
f 122/492/468 302/491/467 123/493/469
f 123/493/469 302/491/467 124/494/470
f 124/494/470 302/491/467 297/495/471
f 124/494/470 297/495/471 125/496/472
f 125/496/472 297/495/471 126/497/473
f 126/497/473 297/495/471 224/498/474
f 126/497/473 224/498/474 127/499/475
f 292/476/452 293/500/476 319/477/453
f 319/477/453 293/500/476 318/501/477
f 318/501/477 293/500/476 397/347/323
f 318/501/477 397/347/323 317/502/478
f 317/502/478 397/347/323 398/503/479
f 317/502/478 398/503/479 324/504/480
f 324/504/480 398/503/479 323/505/481
f 323/505/481 398/503/479 300/506/482
f 323/505/481 300/506/482 301/507/483
f 293/500/476 294/508/484 397/347/323
f 397/347/323 294/508/484 305/509/485
f 397/347/323 305/509/485 306/348/324
f 305/509/485 294/508/484 304/510/486
f 304/510/486 294/508/484 295/511/487
f 304/510/486 295/511/487 296/512/488
f 291/478/454 333/367/343 296/512/488
f 296/512/488 333/367/343 303/513/489
f 296/512/488 303/513/489 304/510/486
f 224/498/474 297/495/471 405/514/490
f 405/514/490 297/495/471 298/515/491
f 405/514/490 298/515/491 404/516/492
f 404/516/492 298/515/491 299/517/493
f 404/516/492 299/517/493 398/503/479
f 398/503/479 299/517/493 300/506/482
f 302/491/467 321/487/463 301/507/483
f 301/507/483 321/487/463 322/518/494
f 301/507/483 322/518/494 323/505/481
f 303/513/489 333/367/343 308/352/328
f 308/352/328 333/367/343 235/360/336
f 308/352/328 235/360/336 327/362/338
f 312/460/436 372/339/315 311/458/434
f 311/458/434 372/339/315 330/519/495
f 311/458/434 330/519/495 331/456/432
f 326/483/459 315/481/457 325/520/496
f 325/520/496 315/481/457 316/521/497
f 325/520/496 316/521/497 317/502/478
f 324/504/480 325/520/496 317/502/478
f 327/362/338 328/350/326 308/352/328
f 226/338/314 329/349/325 372/339/315
f 372/339/315 329/349/325 330/519/495
f 336/366/342 337/449/425 232/355/331
f 337/449/425 338/522/498 339/447/423
f 352/415/391 353/523/499 354/413/389
f 354/413/389 355/524/500 232/355/331
f 232/355/331 355/524/500 356/525/501
f 232/355/331 356/525/501 357/356/332
f 376/391/367 377/526/502 378/389/365
f 391/398/374 392/527/503 393/396/372
f 394/397/373 395/528/504 229/343/319
f 229/343/319 395/528/504 396/353/329
f 399/529/505 400/530/506 398/503/479
f 398/503/479 400/530/506 401/531/507
f 398/503/479 401/531/507 402/532/508
f 402/532/508 403/533/509 398/503/479
f 398/503/479 403/533/509 404/516/492
f 405/514/490 406/534/510 224/498/474
f 224/498/474 406/534/510 407/535/511
f 224/498/474 407/535/511 408/536/512
f 408/536/512 409/537/513 224/498/474
f 224/498/474 409/537/513 410/538/514
f 147/539/515 371/540/516 148/541/517
f 148/541/517 371/540/516 370/542/518
f 148/541/517 370/542/518 149/543/519
f 149/543/519 370/542/518 369/544/520
f 149/543/519 369/544/520 150/545/521
f 150/545/521 369/544/520 368/546/522
f 150/545/521 368/546/522 151/547/523
f 151/547/523 368/546/522 367/548/524
f 151/547/523 367/548/524 152/549/525
f 152/549/525 367/548/524 366/550/526
f 152/549/525 366/550/526 153/551/527
f 153/551/527 366/550/526 365/552/528
f 153/551/527 365/552/528 154/553/529
f 154/553/529 365/552/528 364/554/530
f 154/553/529 364/554/530 155/555/531
f 155/555/531 364/554/530 363/556/532
f 155/555/531 363/556/532 156/557/533
f 156/557/533 363/556/532 362/558/534
f 156/557/533 362/558/534 157/559/535
f 157/559/535 362/558/534 361/560/536
f 157/559/535 361/560/536 158/561/537
f 158/561/537 361/560/536 360/562/538
f 158/561/537 360/562/538 159/563/539
f 159/563/539 360/562/538 359/564/540
f 411/565/541 412/566/542 414/567/543
f 414/567/543 412/566/542 413/568/544
f 415/569/545 411/570/546 416/571/547
f 416/571/547 411/570/546 414/572/548
f 417/573/549 415/574/550 418/575/551
f 418/575/551 415/574/550 416/576/552
f 419/577/553 417/578/554 420/579/555
f 420/579/555 417/578/554 418/580/556
f 421/581/557 419/582/558 422/583/559
f 422/583/559 419/582/558 420/584/560
f 412/585/561 421/586/562 413/587/563
f 413/587/563 421/586/562 422/588/564
f 423/589/565 424/590/566 426/591/567
f 426/591/567 424/590/566 425/592/568
f 427/593/569 423/594/570 428/595/571
f 428/595/571 423/594/570 426/596/572
f 429/597/573 427/598/574 430/599/575
f 430/599/575 427/598/574 428/600/576
f 431/601/577 429/602/578 432/603/579
f 432/603/579 429/602/578 430/604/580
f 433/605/581 431/606/582 434/607/583
f 434/607/583 431/606/582 432/608/584
f 424/609/585 433/610/586 425/611/587
f 425/611/587 433/610/586 434/612/588
f 435/613/589 436/614/590 438/615/591
f 438/615/591 436/614/590 437/616/592
f 439/617/593 435/618/594 440/619/595
f 440/619/595 435/618/594 438/620/596
f 441/621/597 439/622/598 442/623/599
f 442/623/599 439/622/598 440/624/600
f 443/625/601 441/626/602 444/627/603
f 444/627/603 441/626/602 442/628/604
f 445/629/605 443/630/606 446/631/607
f 446/631/607 443/630/606 444/632/608
f 436/633/609 445/634/610 437/635/611
f 437/635/611 445/634/610 446/636/612
f 447/637/613 448/638/614 450/639/615
f 450/639/615 448/638/614 449/640/616
f 451/641/617 447/642/618 452/643/619
f 452/643/619 447/642/618 450/644/620
f 453/645/621 451/646/622 454/647/623
f 454/647/623 451/646/622 452/648/624
f 455/649/625 453/650/626 456/651/627
f 456/651/627 453/650/626 454/652/628
f 457/653/629 455/654/630 458/655/631
f 458/655/631 455/654/630 456/656/632
f 448/657/633 457/658/634 449/659/635
f 449/659/635 457/658/634 458/660/636
f 459/661/637 460/662/638 462/663/639
f 462/663/639 460/662/638 461/664/640
f 463/665/641 459/666/642 464/667/643
f 464/667/643 459/666/642 462/668/644
f 465/669/645 463/670/646 466/671/647
f 466/671/647 463/670/646 464/672/648
f 467/673/649 465/674/650 468/675/651
f 468/675/651 465/674/650 466/676/652
f 469/677/653 467/678/654 470/679/655
f 470/679/655 467/678/654 468/680/656
f 460/681/657 469/682/658 461/683/659
f 461/683/659 469/682/658 470/684/660
f 471/685/661 472/686/662 474/687/663
f 474/687/663 472/686/662 473/688/664
f 475/689/665 471/690/666 476/691/667
f 476/691/667 471/690/666 474/692/668
f 477/693/669 475/694/670 478/695/671
f 478/695/671 475/694/670 476/696/672
f 479/697/673 477/698/674 480/699/675
f 480/699/675 477/698/674 478/700/676
f 481/701/677 479/702/678 482/703/679
f 482/703/679 479/702/678 480/704/680
f 472/705/681 481/706/682 473/707/683
f 473/707/683 481/706/682 482/708/684
f 483/709/685 484/710/686 486/711/687
f 486/711/687 484/710/686 485/712/688
f 487/713/689 483/714/690 488/715/691
f 488/715/691 483/714/690 486/716/692
f 489/717/693 487/718/694 490/719/695
f 490/719/695 487/718/694 488/720/696
f 491/721/697 489/722/698 492/723/699
f 492/723/699 489/722/698 490/724/700
f 493/725/701 491/726/702 494/727/703
f 494/727/703 491/726/702 492/728/704
f 484/729/705 493/730/706 485/731/707
f 485/731/707 493/730/706 494/732/708
f 495/733/709 496/734/710 498/735/711
f 498/735/711 496/734/710 497/736/712
f 499/737/713 495/738/714 500/739/715
f 500/739/715 495/738/714 498/740/716
f 501/741/717 499/742/718 502/743/719
f 502/743/719 499/742/718 500/744/720
f 503/745/721 501/746/722 504/747/723
f 504/747/723 501/746/722 502/748/724
f 505/749/725 503/750/726 506/751/727
f 506/751/727 503/750/726 504/752/728
f 496/753/729 505/754/730 497/755/731
f 497/755/731 505/754/730 506/756/732
f 507/757/733 508/758/734 510/759/735
f 510/759/735 508/758/734 509/760/736
f 511/761/737 507/762/738 512/763/739
f 512/763/739 507/762/738 510/764/740
f 513/765/741 511/766/742 514/767/743
f 514/767/743 511/766/742 512/768/744
f 515/769/745 513/770/746 516/771/747
f 516/771/747 513/770/746 514/772/748
f 517/773/749 515/774/750 518/775/751
f 518/775/751 515/774/750 516/776/752
f 508/777/753 517/778/754 509/779/755
f 509/779/755 517/778/754 518/780/756
f 519/781/757 520/782/758 522/783/759
f 522/783/759 520/782/758 521/784/760
f 523/785/761 519/786/762 524/787/763
f 524/787/763 519/786/762 522/788/764
f 525/789/765 523/790/766 526/791/767
f 526/791/767 523/790/766 524/792/768
f 527/793/769 525/794/770 528/795/771
f 528/795/771 525/794/770 526/796/772
f 529/797/773 527/798/774 530/799/775
f 530/799/775 527/798/774 528/800/776
f 520/801/777 529/802/778 521/803/779
f 521/803/779 529/802/778 530/804/780
f 531/805/781 532/806/782 534/807/783
f 534/807/783 532/806/782 533/808/784
f 535/809/785 531/810/786 536/811/787
f 536/811/787 531/810/786 534/812/788
f 537/813/789 535/814/790 538/815/791
f 538/815/791 535/814/790 536/816/792
f 539/817/793 537/818/794 540/819/795
f 540/819/795 537/818/794 538/820/796
f 541/821/797 539/822/798 542/823/799
f 542/823/799 539/822/798 540/824/800
f 532/825/801 541/826/802 533/827/803
f 533/827/803 541/826/802 542/828/804
f 543/829/805 544/830/806 546/831/807
f 546/831/807 544/830/806 545/832/808
f 547/833/809 543/834/810 548/835/811
f 548/835/811 543/834/810 546/836/812
f 549/837/813 547/838/814 550/839/815
f 550/839/815 547/838/814 548/840/816
f 551/841/817 549/842/818 552/843/819
f 552/843/819 549/842/818 550/844/820
f 553/845/821 551/846/822 554/847/823
f 554/847/823 551/846/822 552/848/824
f 544/849/825 553/850/826 545/851/827
f 545/851/827 553/850/826 554/852/828
f 555/853/829 556/854/830 558/855/831
f 558/855/831 556/854/830 557/856/832
f 559/857/833 555/858/834 560/859/835
f 560/859/835 555/858/834 558/860/836
f 561/861/837 559/862/838 562/863/839
f 562/863/839 559/862/838 560/864/840
f 563/865/841 561/866/842 564/867/843
f 564/867/843 561/866/842 562/868/844
f 565/869/845 563/870/846 566/871/847
f 566/871/847 563/870/846 564/872/848
f 556/873/849 565/874/850 557/875/851
f 557/875/851 565/874/850 566/876/852
f 567/877/853 568/878/854 570/879/855
f 570/879/855 568/878/854 569/880/856
f 571/881/857 567/882/858 572/883/859
f 572/883/859 567/882/858 570/884/860
f 573/885/861 571/886/862 574/887/863
f 574/887/863 571/886/862 572/888/864
f 575/889/865 573/890/866 576/891/867
f 576/891/867 573/890/866 574/892/868
f 577/893/869 575/894/870 578/895/871
f 578/895/871 575/894/870 576/896/872
f 568/897/873 577/898/874 569/899/875
f 569/899/875 577/898/874 578/900/876
f 579/901/877 580/902/878 582/903/879
f 582/903/879 580/902/878 581/904/880
f 583/905/881 579/906/882 584/907/883
f 584/907/883 579/906/882 582/908/884
f 585/909/885 583/910/886 586/911/887
f 586/911/887 583/910/886 584/912/888
f 587/913/889 585/914/890 588/915/891
f 588/915/891 585/914/890 586/916/892
f 589/917/893 587/918/894 590/919/895
f 590/919/895 587/918/894 588/920/896
f 580/921/897 589/922/898 581/923/899
f 581/923/899 589/922/898 590/924/900
f 168/925/901 167/926/902 228/927/903
f 228/927/903 167/926/902 229/928/904
f 169/929/905 168/930/906 227/931/907
f 227/931/907 168/930/906 228/932/908
f 164/933/909 169/934/910 226/935/911
f 226/935/911 169/934/910 227/936/912
f 165/937/913 164/938/914 225/939/915
f 225/939/915 164/938/914 226/940/916
f 166/941/917 165/942/918 230/943/919
f 230/943/919 165/942/918 225/944/920
f 167/945/921 166/946/922 229/947/923
f 229/947/923 166/946/922 230/948/924
f 174/949/925 173/950/926 234/951/927
f 234/951/927 173/950/926 235/952/928
f 175/953/929 174/954/930 233/955/931
f 233/955/931 174/954/930 234/956/932
f 170/957/933 175/958/934 232/959/935
f 232/959/935 175/958/934 233/960/936
f 171/961/937 170/962/938 231/963/939
f 231/963/939 170/962/938 232/964/940
f 172/965/941 171/966/942 236/967/943
f 236/967/943 171/966/942 231/968/944
f 173/969/945 172/970/946 235/971/947
f 235/971/947 172/970/946 236/972/948
f 222/973/949 221/974/950 330/975/951
f 330/975/951 221/974/950 331/976/952
f 223/977/953 222/978/954 329/979/955
f 329/979/955 222/978/954 330/980/956
f 218/981/957 223/982/958 328/983/959
f 328/983/959 223/982/958 329/984/960
f 219/985/961 218/986/962 327/987/963
f 327/987/963 218/986/962 328/988/964
f 220/989/965 219/990/966 332/991/967
f 332/991/967 219/990/966 327/992/968
f 221/993/969 220/994/970 331/995/971
f 331/995/971 220/994/970 332/996/972
f 216/997/973 215/998/974 324/999/975
f 324/999/975 215/998/974 325/1000/976
f 217/1001/977 216/1002/978 323/1003/979
f 323/1003/979 216/1002/978 324/1004/980
f 212/1005/981 217/1006/982 322/1007/983
f 322/1007/983 217/1006/982 323/1008/984
f 213/1009/985 212/1010/986 321/1011/987
f 321/1011/987 212/1010/986 322/1012/988
f 214/1013/989 213/1014/990 326/1015/991
f 326/1015/991 213/1014/990 321/1016/992
f 215/1017/993 214/1018/994 325/1019/995
f 325/1019/995 214/1018/994 326/1020/996
f 210/1021/997 209/1022/998 318/1023/999
f 318/1023/999 209/1022/998 319/1024/1000
f 211/1025/1001 210/1026/1002 317/1027/1003
f 317/1027/1003 210/1026/1002 318/1028/1004
f 206/1029/1005 211/1030/1006 316/1031/1007
f 316/1031/1007 211/1030/1006 317/1032/1008
f 207/1033/1009 206/1034/1010 315/1035/1011
f 315/1035/1011 206/1034/1010 316/1036/1012
f 208/1037/1013 207/1038/1014 320/1039/1015
f 320/1039/1015 207/1038/1014 315/1040/1016
f 209/1041/1017 208/1042/1018 319/1043/1019
f 319/1043/1019 208/1042/1018 320/1044/1020
f 204/1045/1021 203/1046/1022 312/1047/1023
f 312/1047/1023 203/1046/1022 313/1048/1024
f 205/1049/1025 204/1050/1026 311/1051/1027
f 311/1051/1027 204/1050/1026 312/1052/1028
f 200/1053/1029 205/1054/1030 310/1055/1031
f 310/1055/1031 205/1054/1030 311/1056/1032
f 201/1057/1033 200/1058/1034 309/1059/1035
f 309/1059/1035 200/1058/1034 310/1060/1036
f 202/1061/1037 201/1062/1038 314/1063/1039
f 314/1063/1039 201/1062/1038 309/1064/1040
f 203/1065/1041 202/1066/1042 313/1067/1043
f 313/1067/1043 202/1066/1042 314/1068/1044
f 198/1069/1045 197/1070/1046 306/1071/1047
f 306/1071/1047 197/1070/1046 307/1072/1048
f 199/1073/1049 198/1074/1050 305/1075/1051
f 305/1075/1051 198/1074/1050 306/1076/1052
f 194/1077/1053 199/1078/1054 304/1079/1055
f 304/1079/1055 199/1078/1054 305/1080/1056
f 195/1081/1057 194/1082/1058 303/1083/1059
f 303/1083/1059 194/1082/1058 304/1084/1060
f 196/1085/1061 195/1086/1062 308/1087/1063
f 308/1087/1063 195/1086/1062 303/1088/1064
f 197/1089/1065 196/1090/1066 307/1091/1067
f 307/1091/1067 196/1090/1066 308/1092/1068
f 192/1093/1069 191/1094/1070 300/1095/1071
f 300/1095/1071 191/1094/1070 301/1096/1072
f 193/1097/1073 192/1098/1074 299/1099/1075
f 299/1099/1075 192/1098/1074 300/1100/1076
f 188/1101/1077 193/1102/1078 298/1103/1079
f 298/1103/1079 193/1102/1078 299/1104/1080
f 189/1105/1081 188/1106/1082 297/1107/1083
f 297/1107/1083 188/1106/1082 298/1108/1084
f 190/1109/1085 189/1110/1086 302/1111/1087
f 302/1111/1087 189/1110/1086 297/1112/1088
f 191/1113/1089 190/1114/1090 301/1115/1091
f 301/1115/1091 190/1114/1090 302/1116/1092
f 186/1117/1093 185/1118/1094 294/1119/1095
f 294/1119/1095 185/1118/1094 295/1120/1096
f 187/1121/1097 186/1122/1098 293/1123/1099
f 293/1123/1099 186/1122/1098 294/1124/1100
f 182/1125/1101 187/1126/1102 292/1127/1103
f 292/1127/1103 187/1126/1102 293/1128/1104
f 183/1129/1105 182/1130/1106 291/1131/1107
f 291/1131/1107 182/1130/1106 292/1132/1108
f 184/1133/1109 183/1134/1110 296/1135/1111
f 296/1135/1111 183/1134/1110 291/1136/1112
f 185/1137/1113 184/1138/1114 295/1139/1115
f 295/1139/1115 184/1138/1114 296/1140/1116
f 180/1141/1117 179/1142/1118 288/1143/1119
f 288/1143/1119 179/1142/1118 289/1144/1120
f 181/1145/1121 180/1146/1122 287/1147/1123
f 287/1147/1123 180/1146/1122 288/1148/1124
f 176/1149/1125 181/1150/1126 286/1151/1127
f 286/1151/1127 181/1150/1126 287/1152/1128
f 177/1153/1129 176/1154/1130 285/1155/1131
f 285/1155/1131 176/1154/1130 286/1156/1132
f 178/1157/1133 177/1158/1134 290/1159/1135
f 290/1159/1135 177/1158/1134 285/1160/1136
f 179/1161/1137 178/1162/1138 289/1163/1139
f 289/1163/1139 178/1162/1138 290/1164/1140
f 385/1165/1141 591/1166/1142 386/1167/1143
f 386/1167/1143 591/1166/1142 592/1168/1144
f 386/1167/1143 592/1168/1144 387/1169/1145
f 387/1169/1145 592/1168/1144 593/1170/1146
f 387/1169/1145 593/1170/1146 388/1171/1147
f 388/1171/1147 593/1170/1146 594/1172/1148
f 388/1171/1147 594/1172/1148 389/1173/1149
f 389/1173/1149 594/1172/1148 595/1174/1150
f 389/1173/1149 595/1174/1150 390/1175/1151
f 390/1175/1151 595/1174/1150 596/1176/1152
f 390/1175/1151 596/1176/1152 391/1177/1153
f 391/1177/1153 596/1176/1152 597/1178/1154
f 599/1179/1155 591/1180/1156 598/1181/1157
f 598/1181/1157 591/1180/1156 622/1182/1158
f 598/1181/1157 622/1182/1158 621/1183/1159
f 621/1183/1159 622/1182/1158 623/1184/1160
f 621/1183/1159 623/1184/1160 624/1185/1161
f 600/1186/1162 593/1187/1163 599/1179/1155
f 599/1179/1155 593/1187/1163 592/1188/1164
f 599/1179/1155 592/1188/1164 591/1180/1156
f 593/1187/1163 600/1186/1162 594/1189/1165
f 594/1189/1165 600/1186/1162 601/1190/1166
f 594/1189/1165 601/1190/1166 602/1191/1167
f 594/1189/1165 602/1191/1167 595/1192/1168
f 595/1192/1168 602/1191/1167 603/1193/1169
f 595/1192/1168 603/1193/1169 604/1194/1170
f 595/1192/1168 604/1194/1170 596/1195/1171
f 596/1195/1171 604/1194/1170 605/1196/1172
f 596/1195/1171 605/1196/1172 606/1197/1173
f 596/1195/1171 606/1197/1173 636/1198/1174
f 636/1198/1174 606/1197/1173 607/1199/1175
f 636/1198/1174 607/1199/1175 608/1200/1176
f 608/1200/1176 609/1201/1177 636/1198/1174
f 636/1198/1174 609/1201/1177 610/1202/1178
f 636/1198/1174 610/1202/1178 635/1203/1179
f 635/1203/1179 610/1202/1178 611/1204/1180
f 635/1203/1179 611/1204/1180 612/1205/1181
f 612/1205/1181 613/1206/1182 635/1203/1179
f 635/1203/1179 613/1206/1182 614/1207/1183
f 635/1203/1179 614/1207/1183 627/1208/1184
f 627/1208/1184 614/1207/1183 615/1209/1185
f 627/1208/1184 615/1209/1185 616/1210/1186
f 627/1208/1184 616/1210/1186 626/1211/1187
f 626/1211/1187 616/1210/1186 617/1212/1188
f 626/1211/1187 617/1212/1188 618/1213/1189
f 626/1211/1187 618/1213/1189 625/1214/1190
f 625/1214/1190 618/1213/1189 619/1215/1191
f 625/1214/1190 619/1215/1191 620/1216/1192
f 625/1214/1190 620/1216/1192 624/1185/1161
f 624/1185/1161 620/1216/1192 621/1183/1159
f 596/1195/1171 636/1198/1174 597/1217/1193
f 597/1217/1193 636/1198/1174 637/1218/1194
f 597/1217/1193 637/1218/1194 638/1219/1195
f 627/1208/1184 628/1220/1196 635/1203/1179
f 635/1203/1179 628/1220/1196 634/1221/1197
f 634/1221/1197 628/1220/1196 633/1222/1198
f 633/1222/1198 628/1220/1196 632/1223/1199
f 632/1223/1199 628/1220/1196 631/1224/1200
f 631/1224/1200 628/1220/1196 629/1225/1201
f 631/1224/1200 629/1225/1201 630/1226/1202
f 638/1219/1195 639/1227/1203 597/1217/1193
f 597/1217/1193 639/1227/1203 640/1228/1204
f 597/1217/1193 640/1228/1204 642/1229/1205
f 642/1229/1205 640/1228/1204 641/1230/1206
f 385/1231/1141 384/1232/1207 591/1233/1142
f 591/1233/1142 384/1232/1207 622/1234/1208
f 378/1235/1209 628/1236/1210 379/1237/1211
f 379/1237/1211 628/1236/1210 627/1238/1212
f 379/1237/1211 627/1238/1212 380/1239/1213
f 380/1239/1213 627/1238/1212 626/1240/1214
f 380/1239/1213 626/1240/1214 381/1241/1215
f 381/1241/1215 626/1240/1214 625/1242/1216
f 381/1241/1215 625/1242/1216 382/1243/1217
f 382/1243/1217 625/1242/1216 624/1244/1218
f 382/1243/1217 624/1244/1218 383/1245/1219
f 383/1245/1219 624/1244/1218 623/1246/1220
f 383/1245/1219 623/1246/1220 384/1247/1207
f 384/1247/1207 623/1246/1220 622/1248/1208
f 346/1249/1221 643/1250/1222 347/1251/1223
f 347/1251/1223 643/1250/1222 644/1252/1224
f 347/1251/1223 644/1252/1224 348/1253/1225
f 348/1253/1225 644/1252/1224 645/1254/1226
f 348/1253/1225 645/1254/1226 349/1255/1227
f 349/1255/1227 645/1254/1226 646/1256/1228
f 349/1255/1227 646/1256/1228 350/1257/1229
f 350/1257/1229 646/1256/1228 647/1258/1230
f 350/1257/1229 647/1258/1230 351/1259/1231
f 351/1259/1231 647/1258/1230 648/1260/1232
f 351/1259/1231 648/1260/1232 352/1261/1233
f 352/1261/1233 648/1260/1232 649/1262/1234
f 346/1263/1221 345/1264/1235 643/1265/1222
f 643/1265/1222 345/1264/1235 650/1266/1236
f 339/1267/1237 651/1268/1238 340/1269/1239
f 340/1269/1239 651/1268/1238 652/1270/1240
f 340/1269/1239 652/1270/1240 341/1271/1241
f 341/1271/1241 652/1270/1240 653/1272/1242
f 341/1271/1241 653/1272/1242 342/1273/1243
f 342/1273/1243 653/1272/1242 654/1274/1244
f 342/1273/1243 654/1274/1244 343/1275/1245
f 343/1275/1245 654/1274/1244 655/1276/1246
f 343/1275/1245 655/1276/1246 344/1277/1247
f 344/1277/1247 655/1276/1246 656/1278/1248
f 344/1277/1247 656/1278/1248 345/1279/1235
f 345/1279/1235 656/1278/1248 650/1280/1236
f 161/1281/1249 160/1282/1250 357/1283/1251
f 357/1283/1251 160/1282/1250 358/1284/1252
f 163/1285/1253 162/1286/1254 333/1287/1255
f 333/1287/1255 162/1286/1254 334/1288/1256
f 359/1289/540 358/1290/1257 159/1291/539
f 159/1291/539 358/1290/1257 160/1292/1258
f 113/1293/1259 163/1294/1260 114/1295/1261
f 114/1295/1261 163/1294/1260 333/1296/1262
f 146/1297/1263 145/1298/1264 372/1299/1265
f 372/1299/1265 145/1298/1264 373/1300/1266
f 144/1301/1267 143/1302/1268 396/1303/1269
f 396/1303/1269 143/1302/1268 397/1304/1270
f 147/1305/515 146/1306/1271 371/1307/516
f 371/1307/516 146/1306/1271 372/1308/1272
f 143/1309/1273 142/1310/1274 397/1311/1275
f 397/1311/1275 142/1310/1274 398/1312/1276
f 144/1313/1277 657/1314/1278 145/1315/1279
f 145/1315/1279 657/1314/1278 658/1316/1280
f 260/1317/1281 599/1318/1282 237/1319/1283
f 237/1319/1283 599/1318/1282 598/1320/1284
f 237/1321/1283 598/1322/1284 238/1323/1285
f 238/1323/1285 598/1322/1284 621/1324/1286
f 238/1323/1285 621/1324/1286 239/1325/1287
f 239/1325/1287 621/1324/1286 620/1326/1288
f 239/1325/1287 620/1326/1288 240/1327/1289
f 240/1327/1289 620/1326/1288 619/1328/1290
f 240/1327/1289 619/1328/1290 241/1329/1291
f 241/1329/1291 619/1328/1290 618/1330/1292
f 241/1329/1291 618/1330/1292 242/1331/1293
f 242/1331/1293 618/1330/1292 617/1332/1294
f 242/1331/1293 617/1332/1294 243/1333/1295
f 243/1333/1295 617/1332/1294 616/1334/1296
f 243/1333/1295 616/1334/1296 244/1335/1297
f 244/1335/1297 616/1334/1296 615/1336/1298
f 244/1335/1297 615/1336/1298 245/1337/1299
f 245/1337/1299 615/1336/1298 614/1338/1300
f 245/1337/1299 614/1338/1300 246/1339/1301
f 246/1339/1301 614/1338/1300 613/1340/1302
f 246/1339/1301 613/1340/1302 247/1341/1303
f 247/1341/1303 613/1340/1302 612/1342/1304
f 247/1341/1303 612/1342/1304 248/1343/1305
f 248/1343/1305 612/1342/1304 611/1344/1306
f 248/1343/1305 611/1344/1306 249/1345/1307
f 249/1345/1307 611/1344/1306 610/1346/1308
f 249/1345/1307 610/1346/1308 250/1347/1309
f 250/1347/1309 610/1346/1308 609/1348/1310
f 250/1347/1309 609/1348/1310 251/1349/1311
f 251/1349/1311 609/1348/1310 608/1350/1312
f 251/1349/1311 608/1350/1312 252/1351/1313
f 252/1351/1313 608/1350/1312 607/1352/1314
f 252/1351/1313 607/1352/1314 253/1353/1315
f 253/1353/1315 607/1352/1314 606/1354/1316
f 253/1353/1315 606/1354/1316 254/1355/1317
f 254/1355/1317 606/1354/1316 605/1356/1318
f 254/1355/1317 605/1356/1318 255/1357/1319
f 255/1357/1319 605/1356/1318 604/1358/1320
f 255/1357/1319 604/1358/1320 256/1359/1321
f 256/1359/1321 604/1358/1320 603/1360/1322
f 256/1359/1321 603/1360/1322 257/1361/1323
f 257/1361/1323 603/1360/1322 602/1362/1324
f 257/1361/1323 602/1362/1324 258/1363/1325
f 258/1363/1325 602/1362/1324 601/1364/1326
f 258/1363/1325 601/1364/1326 259/1365/1327
f 259/1365/1327 601/1364/1326 600/1366/1328
f 259/1365/1327 600/1366/1328 260/1317/1281
f 260/1317/1281 600/1366/1328 599/1318/1282
f 284/1367/1329 682/1368/1330 261/1369/1331
f 261/1369/1331 682/1368/1330 659/1370/1332
f 261/1371/1331 659/1372/1332 262/1373/1333
f 262/1373/1333 659/1372/1332 660/1374/1334
f 262/1373/1333 660/1374/1334 263/1375/1335
f 263/1375/1335 660/1374/1334 661/1376/1336
f 263/1375/1335 661/1376/1336 264/1377/1337
f 264/1377/1337 661/1376/1336 662/1378/1338
f 264/1377/1337 662/1378/1338 265/1379/1339
f 265/1379/1339 662/1378/1338 663/1380/1340
f 265/1379/1339 663/1380/1340 266/1381/1341
f 266/1381/1341 663/1380/1340 664/1382/1342
f 266/1381/1341 664/1382/1342 267/1383/1343
f 267/1383/1343 664/1382/1342 665/1384/1344
f 267/1383/1343 665/1384/1344 268/1385/1345
f 268/1385/1345 665/1384/1344 666/1386/1346
f 268/1385/1345 666/1386/1346 269/1387/1347
f 269/1387/1347 666/1386/1346 667/1388/1348
f 269/1387/1347 667/1388/1348 270/1389/1349
f 270/1389/1349 667/1388/1348 668/1390/1350
f 270/1389/1349 668/1390/1350 271/1391/1351
f 271/1391/1351 668/1390/1350 669/1392/1352
f 271/1391/1351 669/1392/1352 272/1393/1353
f 272/1393/1353 669/1392/1352 670/1394/1354
f 272/1393/1353 670/1394/1354 273/1395/1355
f 273/1395/1355 670/1394/1354 671/1396/1356
f 273/1395/1355 671/1396/1356 274/1397/1357
f 274/1397/1357 671/1396/1356 672/1398/1358
f 274/1397/1357 672/1398/1358 275/1399/1359
f 275/1399/1359 672/1398/1358 673/1400/1360
f 275/1399/1359 673/1400/1360 276/1401/1361
f 276/1401/1361 673/1400/1360 674/1402/1362
f 276/1401/1361 674/1402/1362 277/1403/1363
f 277/1403/1363 674/1402/1362 675/1404/1364
f 277/1403/1363 675/1404/1364 278/1405/1365
f 278/1405/1365 675/1404/1364 676/1406/1366
f 278/1405/1365 676/1406/1366 279/1407/1367
f 279/1407/1367 676/1406/1366 677/1408/1368
f 279/1407/1367 677/1408/1368 280/1409/1369
f 280/1409/1369 677/1408/1368 678/1410/1370
f 280/1409/1369 678/1410/1370 281/1411/1371
f 281/1411/1371 678/1410/1370 679/1412/1372
f 281/1411/1371 679/1412/1372 282/1413/1373
f 282/1413/1373 679/1412/1372 680/1414/1374
f 282/1413/1373 680/1414/1374 283/1415/1375
f 283/1415/1375 680/1414/1374 681/1416/1376
f 283/1415/1375 681/1416/1376 284/1367/1329
f 284/1367/1329 681/1416/1376 682/1368/1330
f 683/1417/1377 684/1418/1378 353/1419/1379
f 353/1419/1379 684/1418/1378 354/1420/1380
f 642/1421/1381 641/1422/1382 392/1423/1383
f 392/1423/1383 641/1422/1382 393/1424/1384
f 685/1425/1385 686/1426/1386 688/1427/1387
f 688/1427/1387 686/1426/1386 687/1428/1388
f 690/1429/1389 544/1430/1390 689/1431/1391
f 689/1431/1391 544/1430/1390 577/1432/1392
f 689/1431/1391 577/1432/1392 568/1433/1393
f 544/1430/1390 690/1429/1389 553/1434/1394
f 553/1434/1394 690/1429/1389 691/1435/1395
f 553/1434/1394 691/1435/1395 692/1436/1396
f 553/1434/1394 692/1436/1396 532/1437/1397
f 532/1437/1397 692/1436/1396 142/1438/1398
f 532/1437/1397 142/1438/1398 541/1439/1399
f 541/1439/1399 142/1438/1398 556/1440/1400
f 541/1439/1399 556/1440/1400 539/1441/1401
f 539/1441/1401 556/1440/1400 555/1442/1402
f 539/1441/1401 555/1442/1402 537/1443/1403
f 537/1443/1403 555/1442/1402 559/1444/1404
f 537/1443/1403 559/1444/1404 141/1445/1405
f 141/1445/1405 559/1444/1404 561/1446/1406
f 141/1445/1405 561/1446/1406 583/1447/1407
f 583/1447/1407 561/1446/1406 579/1448/1408
f 579/1448/1408 561/1446/1406 563/1449/1409
f 579/1448/1408 563/1449/1409 580/1450/1410
f 580/1450/1410 563/1449/1409 565/1451/1411
f 580/1450/1410 565/1451/1411 142/1438/1398
f 142/1438/1398 565/1451/1411 556/1440/1400
f 141/1445/1405 587/1452/1412 142/1438/1398
f 142/1438/1398 587/1452/1412 589/1453/1413
f 142/1438/1398 589/1453/1413 580/1450/1410
f 537/1443/1403 141/1445/1405 535/1454/1414
f 535/1454/1414 141/1445/1405 693/1455/1415
f 535/1454/1414 693/1455/1415 549/1456/1416
f 549/1456/1416 693/1455/1415 694/1457/1417
f 549/1456/1416 694/1457/1417 695/1458/1418
f 549/1456/1416 695/1458/1418 547/1459/1419
f 547/1459/1419 695/1458/1418 696/1460/1420
f 547/1459/1419 696/1460/1420 573/1461/1421
f 573/1461/1421 696/1460/1420 571/1462/1422
f 571/1462/1422 696/1460/1420 567/1463/1423
f 567/1463/1423 696/1460/1420 689/1431/1391
f 567/1463/1423 689/1431/1391 568/1433/1393
f 583/1447/1407 585/1464/1424 141/1445/1405
f 141/1445/1405 585/1464/1424 587/1452/1412
f 547/1459/1419 573/1461/1421 543/1465/1425
f 543/1465/1425 573/1461/1421 575/1466/1426
f 543/1465/1425 575/1466/1426 544/1430/1390
f 544/1430/1390 575/1466/1426 577/1432/1392
f 535/1454/1414 549/1456/1416 531/1467/1427
f 531/1467/1427 549/1456/1416 551/1468/1428
f 531/1467/1427 551/1468/1428 532/1437/1397
f 532/1437/1397 551/1468/1428 553/1434/1394
f 698/1469/1429 700/1470/1430 697/1471/1431
f 697/1471/1431 700/1470/1430 701/1472/1432
f 697/1471/1431 701/1472/1432 702/1473/1433
f 698/1469/1429 699/1474/1434 700/1470/1430
f 702/1473/1433 703/1475/1435 697/1471/1431
f 697/1471/1431 703/1475/1435 704/1476/1436
f 697/1471/1431 704/1476/1436 705/1477/1437
f 707/1478/1438 709/1479/1439 706/1480/1440
f 706/1480/1440 709/1479/1439 710/1481/1441
f 706/1480/1440 710/1481/1441 711/1482/1442
f 707/1478/1438 708/1483/1443 709/1479/1439
f 711/1482/1442 712/1484/1444 706/1480/1440
f 706/1480/1440 712/1484/1444 713/1485/1445
f 706/1480/1440 713/1485/1445 657/1486/1446
f 658/1487/1447 715/1488/1448 714/1489/1449
f 714/1489/1449 715/1488/1448 716/1490/1450
f 714/1489/1449 716/1490/1450 717/1491/1451
f 717/1491/1451 718/1492/1452 714/1489/1449
f 714/1489/1449 718/1492/1452 719/1493/1453
f 714/1489/1449 719/1493/1453 721/1494/1454
f 721/1494/1454 719/1493/1453 720/1495/1455
f 723/1496/1456 724/1497/1457 722/1498/1458
f 722/1498/1458 724/1497/1457 725/1499/1459
f 722/1498/1458 725/1499/1459 726/1500/1460
f 726/1500/1460 727/1501/1461 722/1498/1458
f 722/1498/1458 727/1501/1461 728/1502/1462
f 722/1498/1458 728/1502/1462 730/1503/1463
f 730/1503/1463 728/1502/1462 729/1504/1464
f 732/1505/1465 733/1506/1466 731/1507/1467
f 731/1507/1467 733/1506/1466 734/1508/1468
f 731/1507/1467 734/1508/1468 688/1509/1469
f 688/1509/1469 687/1510/1470 731/1507/1467
f 731/1507/1467 687/1510/1470 738/1511/1471
f 738/1511/1471 687/1510/1470 735/1512/1472
f 738/1511/1471 735/1512/1472 736/1513/1473
f 736/1513/1473 737/1514/1474 738/1511/1471
f 740/1515/1475 729/1516/1476 739/1517/1477
f 739/1517/1477 729/1516/1476 699/1518/1478
f 739/1517/1477 699/1518/1478 733/1519/1479
f 733/1519/1479 699/1518/1478 734/1520/1480
f 740/1515/1475 741/1521/1481 729/1516/1476
f 729/1516/1476 741/1521/1481 742/1522/1482
f 729/1516/1476 728/1523/1483 699/1518/1478
f 699/1518/1478 728/1523/1483 700/1524/1484
f 700/1524/1484 728/1523/1483 727/1525/1485
f 700/1524/1484 727/1525/1485 701/1526/1486
f 701/1526/1486 727/1525/1485 726/1527/1487
f 701/1526/1486 726/1527/1487 702/1528/1488
f 702/1528/1488 726/1527/1487 725/1529/1489
f 702/1528/1488 725/1529/1489 703/1530/1490
f 703/1530/1490 725/1529/1489 724/1531/1491
f 703/1530/1490 724/1531/1491 704/1532/1492
f 704/1532/1492 724/1531/1491 705/1533/1493
f 705/1533/1493 724/1531/1491 723/1534/1494
f 739/1517/1477 733/1519/1479 743/1535/1495
f 743/1535/1495 733/1519/1479 732/1536/1496
f 743/1535/1495 732/1536/1496 731/1537/1497
f 739/1538/1477 519/1539/1498 744/1540/1499
f 744/1540/1499 519/1539/1498 523/1541/1500
f 744/1540/1499 523/1541/1500 463/1542/1501
f 463/1542/1501 523/1541/1500 525/1543/1502
f 463/1542/1501 525/1543/1502 459/1544/1503
f 459/1544/1503 525/1543/1502 527/1545/1504
f 459/1544/1503 527/1545/1504 460/1546/1505
f 460/1546/1505 527/1545/1504 469/1547/1506
f 469/1547/1506 527/1545/1504 529/1548/1507
f 469/1547/1506 529/1548/1507 739/1538/1477
f 739/1538/1477 529/1548/1507 520/1549/1508
f 739/1538/1477 520/1549/1508 519/1539/1498
f 469/1547/1506 739/1538/1477 421/1550/1509
f 421/1550/1509 739/1538/1477 743/1551/1495
f 421/1550/1509 743/1551/1495 481/1552/1510
f 481/1552/1510 743/1551/1495 517/1553/1511
f 481/1552/1510 517/1553/1511 508/1554/1512
f 731/1555/1497 493/1556/1513 743/1551/1495
f 743/1551/1495 493/1556/1513 433/1557/1514
f 743/1551/1495 433/1557/1514 457/1558/1515
f 457/1558/1515 433/1557/1514 455/1559/1516
f 455/1559/1516 433/1557/1514 424/1560/1517
f 455/1559/1516 424/1560/1517 423/1561/1518
f 738/1562/1519 443/1563/1520 731/1555/1497
f 731/1555/1497 443/1563/1520 445/1564/1521
f 731/1555/1497 445/1564/1521 505/1565/1522
f 505/1565/1522 445/1564/1521 503/1566/1523
f 503/1566/1523 445/1564/1521 436/1567/1524
f 503/1566/1523 436/1567/1524 435/1568/1525
f 745/1569/1526 487/1570/1527 738/1562/1519
f 738/1562/1519 487/1570/1527 499/1571/1528
f 738/1562/1519 499/1571/1528 439/1572/1529
f 439/1572/1529 499/1571/1528 501/1573/1530
f 439/1572/1529 501/1573/1530 435/1568/1525
f 435/1568/1525 501/1573/1530 503/1566/1523
f 744/1540/1499 415/1574/1531 745/1569/1526
f 745/1569/1526 415/1574/1531 475/1575/1532
f 745/1569/1526 475/1575/1532 511/1576/1533
f 511/1576/1533 475/1575/1532 507/1577/1534
f 507/1577/1534 475/1575/1532 477/1578/1535
f 507/1577/1534 477/1578/1535 479/1579/1536
f 511/1576/1533 513/1580/1537 745/1569/1526
f 745/1569/1526 513/1580/1537 515/1581/1538
f 745/1569/1526 515/1581/1538 743/1551/1495
f 743/1551/1495 515/1581/1538 517/1553/1511
f 481/1552/1510 508/1554/1512 479/1579/1536
f 479/1579/1536 508/1554/1512 507/1577/1534
f 496/1582/1539 491/1583/1540 505/1565/1522
f 505/1565/1522 491/1583/1540 493/1556/1513
f 505/1565/1522 493/1556/1513 731/1555/1497
f 496/1582/1539 495/1584/1541 491/1583/1540
f 491/1583/1540 495/1584/1541 489/1585/1542
f 489/1585/1542 495/1584/1541 499/1571/1528
f 489/1585/1542 499/1571/1528 487/1570/1527
f 433/1557/1514 493/1556/1513 431/1586/1543
f 431/1586/1543 493/1556/1513 484/1587/1544
f 431/1586/1543 484/1587/1544 483/1588/1545
f 431/1586/1543 483/1588/1545 429/1589/1546
f 429/1589/1546 483/1588/1545 487/1570/1527
f 429/1589/1546 487/1570/1527 427/1590/1547
f 427/1590/1547 487/1570/1527 745/1569/1526
f 427/1590/1547 745/1569/1526 451/1591/1548
f 451/1591/1548 745/1569/1526 447/1592/1549
f 447/1592/1549 745/1569/1526 743/1551/1495
f 447/1592/1549 743/1551/1495 448/1593/1550
f 448/1593/1550 743/1551/1495 457/1558/1515
f 421/1550/1509 481/1552/1510 419/1594/1551
f 419/1594/1551 481/1552/1510 472/1595/1552
f 419/1594/1551 472/1595/1552 471/1596/1553
f 419/1594/1551 471/1596/1553 417/1597/1554
f 417/1597/1554 471/1596/1553 475/1575/1532
f 417/1597/1554 475/1575/1532 415/1574/1531
f 467/1598/1555 411/1599/1556 465/1600/1557
f 465/1600/1557 411/1599/1556 415/1574/1531
f 465/1600/1557 415/1574/1531 463/1542/1501
f 463/1542/1501 415/1574/1531 744/1540/1499
f 469/1547/1506 421/1550/1509 467/1598/1555
f 467/1598/1555 421/1550/1509 412/1601/1558
f 467/1598/1555 412/1601/1558 411/1599/1556
f 455/1559/1516 423/1561/1518 453/1602/1559
f 453/1602/1559 423/1561/1518 427/1590/1547
f 453/1602/1559 427/1590/1547 451/1591/1548
f 439/1572/1529 441/1603/1560 738/1562/1519
f 738/1562/1519 441/1603/1560 443/1563/1520
f 746/1604/1561 747/1605/1562 708/1606/1563
f 708/1606/1563 747/1605/1562 738/1607/1519
f 708/1606/1563 738/1607/1519 720/1608/1564
f 720/1608/1564 738/1607/1519 737/1609/1565
f 720/1608/1564 737/1609/1565 736/1610/1566
f 738/1607/1519 747/1605/1562 745/1611/1526
f 745/1611/1526 747/1605/1562 748/1612/1567
f 745/1611/1526 748/1612/1567 744/1613/1499
f 736/1610/1566 735/1614/1568 720/1608/1564
f 720/1608/1564 719/1615/1569 708/1606/1563
f 708/1606/1563 719/1615/1569 709/1616/1570
f 709/1616/1570 719/1615/1569 718/1617/1571
f 709/1616/1570 718/1617/1571 710/1618/1572
f 710/1618/1572 718/1617/1571 717/1619/1573
f 710/1618/1572 717/1619/1573 711/1620/1574
f 711/1620/1574 717/1619/1573 716/1621/1575
f 711/1620/1574 716/1621/1575 712/1622/1576
f 712/1622/1576 716/1621/1575 715/1623/1577
f 712/1622/1576 715/1623/1577 713/1624/1578
f 713/1624/1578 715/1623/1577 657/1625/1278
f 657/1625/1278 715/1623/1577 658/1626/1280
f 746/1627/1561 749/1628/1579 747/1629/1562
f 747/1629/1562 749/1628/1579 748/1630/1567
f 748/1630/1567 749/1628/1579 760/1631/1580
f 748/1630/1567 760/1631/1580 744/1632/1499
f 749/1628/1579 750/1633/1581 760/1631/1580
f 760/1631/1580 750/1633/1581 759/1634/1582
f 759/1634/1582 750/1633/1581 751/1635/1583
f 759/1634/1582 751/1635/1583 758/1636/1584
f 758/1636/1584 751/1635/1583 752/1637/1585
f 758/1636/1584 752/1637/1585 753/1638/1586
f 758/1636/1584 753/1638/1586 757/1639/1587
f 757/1639/1587 753/1638/1586 754/1640/1588
f 757/1639/1587 754/1640/1588 756/1641/1589
f 756/1641/1589 754/1640/1588 755/1642/1590
f 756/1641/1589 755/1642/1590 690/1643/1389
f 690/1643/1389 755/1642/1590 691/1644/1395
f 691/1644/1395 755/1642/1590 692/1645/1396
f 690/1643/1389 689/1646/1391 756/1641/1589
f 760/1647/1580 766/1648/1591 744/1649/1499
f 744/1649/1499 766/1648/1591 767/1650/1592
f 744/1649/1499 767/1650/1592 768/1651/1593
f 768/1651/1593 767/1650/1592 775/1652/1594
f 768/1651/1593 775/1652/1594 776/1653/1595
f 776/1653/1595 775/1652/1594 783/1654/1596
f 776/1653/1595 783/1654/1596 784/1655/1597
f 784/1655/1597 783/1654/1596 791/1656/1598
f 784/1655/1597 791/1656/1598 792/1657/1599
f 792/1657/1599 791/1656/1598 799/1658/1600
f 792/1657/1599 799/1658/1600 800/1659/1601
f 800/1659/1601 799/1658/1600 696/1660/1420
f 800/1659/1601 696/1660/1420 761/1661/1602
f 766/1648/1591 760/1647/1580 773/1662/1603
f 773/1662/1603 760/1647/1580 759/1663/1582
f 773/1662/1603 759/1663/1582 780/1664/1604
f 780/1664/1604 759/1663/1582 758/1665/1584
f 780/1664/1604 758/1665/1584 787/1666/1605
f 787/1666/1605 758/1665/1584 757/1667/1587
f 787/1666/1605 757/1667/1587 794/1668/1606
f 794/1668/1606 757/1667/1587 756/1669/1589
f 794/1668/1606 756/1669/1589 689/1670/1391
f 696/1660/1420 797/1671/1607 689/1670/1391
f 689/1670/1391 797/1671/1607 796/1672/1608
f 689/1670/1391 796/1672/1608 795/1673/1609
f 795/1673/1609 796/1672/1608 788/1674/1610
f 795/1673/1609 788/1674/1610 787/1666/1605
f 787/1666/1605 788/1674/1610 780/1664/1604
f 800/1659/1601 761/1661/1602 793/1675/1611
f 793/1675/1611 761/1661/1602 762/1676/1612
f 793/1675/1611 762/1676/1612 786/1677/1613
f 786/1677/1613 762/1676/1612 763/1678/1614
f 786/1677/1613 763/1678/1614 779/1679/1615
f 779/1679/1615 763/1678/1614 764/1680/1616
f 779/1679/1615 764/1680/1616 772/1681/1617
f 772/1681/1617 764/1680/1616 765/1682/1618
f 772/1681/1617 765/1682/1618 739/1683/1477
f 744/1649/1499 769/1684/1619 739/1683/1477
f 739/1683/1477 769/1684/1619 770/1685/1620
f 739/1683/1477 770/1685/1620 771/1686/1621
f 771/1686/1621 770/1685/1620 778/1687/1622
f 771/1686/1621 778/1687/1622 779/1679/1615
f 779/1679/1615 778/1687/1622 786/1677/1613
f 769/1684/1619 744/1649/1499 768/1651/1593
f 767/1650/1592 766/1648/1591 774/1688/1623
f 774/1688/1623 766/1648/1591 773/1662/1603
f 774/1688/1623 773/1662/1603 781/1689/1624
f 781/1689/1624 773/1662/1603 780/1664/1604
f 781/1689/1624 780/1664/1604 788/1674/1610
f 768/1651/1593 776/1653/1595 769/1684/1619
f 769/1684/1619 776/1653/1595 777/1690/1625
f 769/1684/1619 777/1690/1625 770/1685/1620
f 770/1685/1620 777/1690/1625 778/1687/1622
f 772/1681/1617 739/1683/1477 771/1686/1621
f 779/1679/1615 772/1681/1617 771/1686/1621
f 767/1650/1592 774/1688/1623 775/1652/1594
f 775/1652/1594 774/1688/1623 782/1691/1626
f 775/1652/1594 782/1691/1626 783/1654/1596
f 783/1654/1596 782/1691/1626 790/1692/1627
f 783/1654/1596 790/1692/1627 791/1656/1598
f 791/1656/1598 790/1692/1627 798/1693/1628
f 791/1656/1598 798/1693/1628 799/1658/1600
f 799/1658/1600 798/1693/1628 696/1660/1420
f 782/1691/1626 774/1688/1623 781/1689/1624
f 776/1653/1595 784/1655/1597 777/1690/1625
f 777/1690/1625 784/1655/1597 785/1694/1629
f 777/1690/1625 785/1694/1629 778/1687/1622
f 778/1687/1622 785/1694/1629 786/1677/1613
f 782/1691/1626 781/1689/1624 789/1695/1630
f 789/1695/1630 781/1689/1624 788/1674/1610
f 789/1695/1630 788/1674/1610 796/1672/1608
f 793/1675/1611 786/1677/1613 785/1694/1629
f 793/1675/1611 785/1694/1629 792/1657/1599
f 792/1657/1599 785/1694/1629 784/1655/1597
f 795/1673/1609 787/1666/1605 794/1668/1606
f 782/1691/1626 789/1695/1630 790/1692/1627
f 790/1692/1627 789/1695/1630 797/1671/1607
f 790/1692/1627 797/1671/1607 798/1693/1628
f 798/1693/1628 797/1671/1607 696/1660/1420
f 797/1671/1607 789/1695/1630 796/1672/1608
f 800/1659/1601 793/1675/1611 792/1657/1599
f 689/1670/1391 795/1673/1609 794/1668/1606
f 739/1696/1477 765/1697/1618 740/1698/1475
f 740/1698/1475 765/1697/1618 807/1699/1631
f 740/1698/1475 807/1699/1631 741/1700/1481
f 741/1700/1481 807/1699/1631 742/1701/1482
f 807/1699/1631 765/1697/1618 806/1702/1632
f 806/1702/1632 765/1697/1618 764/1703/1616
f 806/1702/1632 764/1703/1616 805/1704/1633
f 805/1704/1633 764/1703/1616 763/1705/1614
f 805/1704/1633 763/1705/1614 804/1706/1634
f 804/1706/1634 763/1705/1614 803/1707/1635
f 803/1707/1635 763/1705/1614 762/1708/1612
f 803/1707/1635 762/1708/1612 802/1709/1636
f 802/1709/1636 762/1708/1612 761/1710/1602
f 802/1709/1636 761/1710/1602 801/1711/1637
f 801/1711/1637 761/1710/1602 696/1712/1420
f 801/1711/1637 696/1712/1420 695/1713/1418
f 695/1713/1418 694/1714/1417 801/1711/1637
f 801/1711/1637 694/1714/1417 693/1715/1415
f 821/1716/1638 808/1717/1639 822/1718/1640
f 822/1718/1640 808/1717/1639 809/1719/1641
f 822/1718/1640 809/1719/1641 823/1720/1642
f 823/1720/1642 809/1719/1641 810/1721/1643
f 823/1720/1642 810/1721/1643 824/1722/1644
f 824/1722/1644 810/1721/1643 811/1723/1645
f 824/1722/1644 811/1723/1645 825/1724/1646
f 825/1724/1646 811/1723/1645 812/1725/1647
f 825/1724/1646 812/1725/1647 826/1726/1648
f 826/1726/1648 812/1725/1647 813/1727/1649
f 826/1726/1648 813/1727/1649 814/1728/1650
f 814/1728/1650 815/1729/1651 826/1726/1648
f 826/1726/1648 815/1729/1651 816/1730/1652
f 826/1726/1648 816/1730/1652 825/1724/1646
f 825/1724/1646 816/1730/1652 817/1731/1653
f 825/1724/1646 817/1731/1653 824/1722/1644
f 824/1722/1644 817/1731/1653 818/1732/1654
f 824/1722/1644 818/1732/1654 823/1720/1642
f 823/1720/1642 818/1732/1654 819/1733/1655
f 823/1720/1642 819/1733/1655 822/1718/1640
f 822/1718/1640 819/1733/1655 820/1734/1656
f 822/1718/1640 820/1734/1656 821/1716/1638
f 405/1735/1657 538/1736/1658 814/1737/1650
f 814/1737/1650 538/1736/1658 536/1738/1659
f 814/1737/1650 536/1738/1659 550/1739/1660
f 550/1739/1660 536/1738/1659 534/1740/1661
f 550/1739/1660 534/1740/1661 552/1741/1662
f 552/1741/1662 534/1740/1661 554/1742/1663
f 554/1742/1663 534/1740/1661 533/1743/1664
f 554/1742/1663 533/1743/1664 815/1744/1651
f 815/1744/1651 533/1743/1664 542/1745/1665
f 815/1744/1651 542/1745/1665 404/1746/1666
f 404/1746/1666 542/1745/1665 557/1747/1667
f 404/1746/1666 557/1747/1667 566/1748/1668
f 404/1746/1666 588/1749/1669 405/1735/1657
f 405/1735/1657 588/1749/1669 586/1750/1670
f 405/1735/1657 586/1750/1670 584/1751/1671
f 814/1737/1650 570/1752/1672 815/1744/1651
f 815/1744/1651 570/1752/1672 569/1753/1673
f 815/1744/1651 569/1753/1673 578/1754/1674
f 405/1735/1657 584/1751/1671 562/1755/1675
f 562/1755/1675 584/1751/1671 582/1756/1676
f 562/1755/1675 582/1756/1676 564/1757/1677
f 564/1757/1677 582/1756/1676 566/1748/1668
f 566/1748/1668 582/1756/1676 581/1758/1678
f 566/1748/1668 581/1758/1678 404/1746/1666
f 404/1746/1666 581/1758/1678 590/1759/1679
f 404/1746/1666 590/1759/1679 588/1749/1669
f 578/1754/1674 576/1760/1680 546/1761/1681
f 546/1761/1681 576/1760/1680 574/1762/1682
f 546/1761/1681 574/1762/1682 548/1763/1683
f 548/1763/1683 574/1762/1682 814/1737/1650
f 548/1763/1683 814/1737/1650 550/1739/1660
f 574/1762/1682 572/1764/1684 814/1737/1650
f 814/1737/1650 572/1764/1684 570/1752/1672
f 562/1755/1675 560/1765/1685 405/1735/1657
f 405/1735/1657 560/1765/1685 538/1736/1658
f 560/1765/1685 558/1766/1686 538/1736/1658
f 538/1736/1658 558/1766/1686 540/1767/1687
f 540/1767/1687 558/1766/1686 542/1745/1665
f 542/1745/1665 558/1766/1686 557/1747/1667
f 546/1761/1681 545/1768/1688 578/1754/1674
f 578/1754/1674 545/1768/1688 815/1744/1651
f 545/1768/1688 554/1742/1663 815/1744/1651
f 692/1769/1689 755/1770/1690 827/1771/1691
f 827/1771/1691 755/1770/1690 754/1772/1692
f 827/1771/1691 754/1772/1692 753/1773/1693
f 753/1773/1693 752/1774/1694 827/1771/1691
f 827/1771/1691 752/1774/1694 751/1775/1695
f 827/1771/1691 751/1775/1695 750/1776/1696
f 750/1776/1696 749/1777/1697 827/1771/1691
f 827/1771/1691 749/1777/1697 746/1778/1698
f 827/1771/1691 746/1778/1698 707/1779/1699
f 707/1779/1699 746/1778/1698 708/1780/1700
f 828/1781/1701 842/1782/1702 821/1783/1638
f 821/1783/1638 842/1782/1702 843/1784/1703
f 821/1783/1638 843/1784/1703 844/1785/1704
f 844/1785/1704 843/1784/1703 848/1786/1705
f 844/1785/1704 848/1786/1705 849/1787/1706
f 849/1787/1706 848/1786/1705 853/1788/1707
f 849/1787/1706 853/1788/1707 838/1789/1708
f 838/1789/1708 853/1788/1707 837/1790/1709
f 837/1790/1709 853/1788/1707 836/1791/1710
f 836/1791/1710 853/1788/1707 857/1792/1711
f 836/1791/1710 857/1792/1711 835/1793/1712
f 835/1793/1712 857/1792/1711 861/1794/1713
f 835/1793/1712 861/1794/1713 834/1795/1714
f 834/1795/1714 861/1794/1713 833/1796/1715
f 833/1796/1715 861/1794/1713 707/1797/1699
f 707/1797/1699 861/1794/1713 860/1798/1716
f 707/1797/1699 860/1798/1716 859/1799/1717
f 859/1799/1717 860/1798/1716 855/1800/1718
f 859/1799/1717 855/1800/1718 854/1801/1719
f 854/1801/1719 855/1800/1718 850/1802/1720
f 854/1801/1719 850/1802/1720 831/1803/1721
f 831/1803/1721 850/1802/1720 830/1804/1722
f 830/1804/1722 850/1802/1720 846/1805/1723
f 830/1804/1722 846/1805/1723 829/1806/1724
f 829/1806/1724 846/1805/1723 842/1782/1702
f 829/1806/1724 842/1782/1702 828/1781/1701
f 831/1803/1721 832/1807/1725 854/1801/1719
f 854/1801/1719 832/1807/1725 858/1808/1726
f 854/1801/1719 858/1808/1726 859/1799/1717
f 859/1799/1717 858/1808/1726 827/1809/1691
f 859/1799/1717 827/1809/1691 707/1797/1699
f 832/1807/1725 827/1809/1691 858/1808/1726
f 838/1789/1708 839/1810/1727 849/1787/1706
f 849/1787/1706 839/1810/1727 845/1811/1728
f 849/1787/1706 845/1811/1728 844/1785/1704
f 844/1785/1704 845/1811/1728 840/1812/1729
f 844/1785/1704 840/1812/1729 821/1783/1638
f 821/1783/1638 840/1812/1729 841/1813/1730
f 839/1810/1727 840/1812/1729 845/1811/1728
f 843/1784/1703 842/1782/1702 847/1814/1731
f 847/1814/1731 842/1782/1702 846/1805/1723
f 847/1814/1731 846/1805/1723 851/1815/1732
f 851/1815/1732 846/1805/1723 850/1802/1720
f 851/1815/1732 850/1802/1720 855/1800/1718
f 843/1784/1703 847/1814/1731 848/1786/1705
f 848/1786/1705 847/1814/1731 852/1816/1733
f 848/1786/1705 852/1816/1733 853/1788/1707
f 853/1788/1707 852/1816/1733 857/1792/1711
f 852/1816/1733 847/1814/1731 851/1815/1732
f 852/1816/1733 851/1815/1732 856/1817/1734
f 856/1817/1734 851/1815/1732 855/1800/1718
f 856/1817/1734 855/1800/1718 860/1798/1716
f 861/1794/1713 857/1792/1711 856/1817/1734
f 856/1817/1734 857/1792/1711 852/1816/1733
f 861/1794/1713 856/1817/1734 860/1798/1716
f 827/1818/1691 862/1819/1735 692/1820/1689
f 692/1820/1689 862/1819/1735 867/1821/1736
f 692/1820/1689 867/1821/1736 868/1822/1737
f 868/1822/1737 867/1821/1736 871/1823/1738
f 868/1822/1737 871/1823/1738 872/1824/1739
f 872/1824/1739 871/1823/1738 875/1825/1740
f 872/1824/1739 875/1825/1740 401/1826/1741
f 401/1826/1741 875/1825/1740 402/1827/1742
f 402/1827/1742 875/1825/1740 878/1828/1743
f 402/1827/1742 878/1828/1743 403/1829/1744
f 403/1829/1744 878/1828/1743 881/1830/1745
f 403/1829/1744 881/1830/1745 404/1831/1666
f 404/1831/1666 881/1830/1745 880/1832/1746
f 404/1831/1666 880/1832/1746 815/1833/1651
f 815/1833/1651 880/1832/1746 879/1834/1747
f 815/1833/1651 879/1834/1747 866/1835/1748
f 866/1835/1748 879/1834/1747 865/1836/1749
f 865/1836/1749 879/1834/1747 876/1837/1750
f 865/1836/1749 876/1837/1750 864/1838/1751
f 864/1838/1751 876/1837/1750 873/1839/1752
f 864/1838/1751 873/1839/1752 863/1840/1753
f 863/1840/1753 873/1839/1752 870/1841/1754
f 863/1840/1753 870/1841/1754 862/1819/1735
f 862/1819/1735 870/1841/1754 867/1821/1736
f 401/1826/1741 400/1842/1755 872/1824/1739
f 872/1824/1739 400/1842/1755 869/1843/1756
f 872/1824/1739 869/1843/1756 868/1822/1737
f 868/1822/1737 869/1843/1756 142/1844/1274
f 868/1822/1737 142/1844/1274 692/1820/1689
f 400/1842/1755 399/1845/1757 869/1843/1756
f 869/1843/1756 399/1845/1757 142/1844/1274
f 399/1845/1757 398/1846/1276 142/1844/1274
f 871/1823/1738 867/1821/1736 870/1841/1754
f 871/1823/1738 870/1841/1754 874/1847/1758
f 874/1847/1758 870/1841/1754 873/1839/1752
f 874/1847/1758 873/1839/1752 877/1848/1759
f 877/1848/1759 873/1839/1752 876/1837/1750
f 877/1848/1759 876/1837/1750 880/1832/1746
f 880/1832/1746 876/1837/1750 879/1834/1747
f 878/1828/1743 875/1825/1740 874/1847/1758
f 874/1847/1758 875/1825/1740 871/1823/1738
f 878/1828/1743 874/1847/1758 877/1848/1759
f 881/1830/1745 878/1828/1743 877/1848/1759
f 881/1830/1745 877/1848/1759 880/1832/1746
f 828/1849/1760 821/1850/1638 896/1851/1761
f 896/1851/1761 821/1850/1638 820/1852/1762
f 896/1851/1761 820/1852/1762 895/1853/1763
f 895/1853/1763 820/1852/1762 819/1854/1764
f 895/1853/1763 819/1854/1764 894/1855/1765
f 894/1855/1765 819/1854/1764 893/1856/1766
f 894/1855/1765 893/1856/1766 908/1857/1767
f 908/1857/1767 893/1856/1766 909/1858/1768
f 908/1857/1767 909/1858/1768 903/1859/1769
f 903/1859/1769 909/1858/1768 902/1860/1770
f 903/1859/1769 902/1860/1770 921/1861/1771
f 921/1861/1771 902/1860/1770 920/1862/1772
f 921/1861/1771 920/1862/1772 934/1863/1773
f 934/1863/1773 920/1862/1772 935/1864/1774
f 934/1863/1773 935/1864/1774 930/1865/1775
f 930/1865/1775 935/1864/1774 929/1866/1776
f 930/1865/1775 929/1866/1776 949/1867/1777
f 949/1867/1777 929/1866/1776 950/1868/1778
f 949/1867/1777 950/1868/1778 945/1869/1779
f 945/1869/1779 950/1868/1778 944/1870/1780
f 945/1869/1779 944/1870/1780 965/1871/1781
f 965/1871/1781 944/1870/1780 966/1872/1782
f 965/1871/1781 966/1872/1782 961/1873/1783
f 961/1873/1783 966/1872/1782 960/1874/1784
f 961/1873/1783 960/1874/1784 827/1875/1785
f 819/1854/1764 818/1876/1654 893/1856/1766
f 893/1856/1766 818/1876/1654 892/1877/1786
f 893/1856/1766 892/1877/1786 909/1858/1768
f 909/1858/1768 892/1877/1786 910/1878/1787
f 909/1858/1768 910/1878/1787 902/1860/1770
f 902/1860/1770 910/1878/1787 901/1879/1788
f 902/1860/1770 901/1879/1788 920/1862/1772
f 920/1862/1772 901/1879/1788 919/1880/1789
f 920/1862/1772 919/1880/1789 935/1864/1774
f 935/1864/1774 919/1880/1789 936/1881/1790
f 935/1864/1774 936/1881/1790 929/1866/1776
f 929/1866/1776 936/1881/1790 928/1882/1791
f 929/1866/1776 928/1882/1791 950/1868/1778
f 950/1868/1778 928/1882/1791 951/1883/1792
f 950/1868/1778 951/1883/1792 944/1870/1780
f 944/1870/1780 951/1883/1792 943/1884/1793
f 944/1870/1780 943/1884/1793 966/1872/1782
f 966/1872/1782 943/1884/1793 967/1885/1794
f 966/1872/1782 967/1885/1794 960/1874/1784
f 960/1874/1784 967/1885/1794 959/1886/1795
f 960/1874/1784 959/1886/1795 827/1887/1796
f 892/1877/1786 818/1876/1654 891/1888/1797
f 891/1888/1797 818/1876/1654 817/1889/1798
f 891/1888/1797 817/1889/1798 890/1890/1799
f 890/1890/1799 817/1889/1798 816/1891/1800
f 890/1890/1799 816/1891/1800 889/1892/1801
f 889/1892/1801 816/1891/1800 888/1893/1802
f 889/1892/1801 888/1893/1802 913/1894/1803
f 913/1894/1803 888/1893/1802 914/1895/1804
f 913/1894/1803 914/1895/1804 898/1896/1805
f 898/1896/1805 914/1895/1804 897/1897/1806
f 898/1896/1805 897/1897/1806 916/1898/1807
f 916/1898/1807 897/1897/1806 915/1899/1808
f 916/1898/1807 915/1899/1808 939/1900/1809
f 939/1900/1809 915/1899/1808 886/1901/1810
f 939/1900/1809 886/1901/1810 925/1902/1811
f 925/1902/1811 886/1901/1810 924/1903/1812
f 925/1902/1811 924/1903/1812 954/1904/1813
f 954/1904/1813 924/1903/1812 884/1905/1814
f 954/1904/1813 884/1905/1814 940/1906/1815
f 940/1906/1815 884/1905/1814 882/1907/1816
f 940/1906/1815 882/1907/1816 970/1908/1817
f 970/1908/1817 882/1907/1816 971/1909/1818
f 970/1908/1817 971/1909/1818 956/1910/1819
f 956/1910/1819 971/1909/1818 955/1911/1820
f 956/1910/1819 955/1911/1820 827/1912/1821
f 816/1891/1800 815/1913/1651 888/1893/1802
f 888/1893/1802 815/1913/1651 866/1914/1822
f 888/1893/1802 866/1914/1822 914/1895/1804
f 914/1895/1804 866/1914/1822 897/1897/1806
f 866/1914/1822 865/1915/1823 897/1897/1806
f 897/1897/1806 865/1915/1823 915/1899/1808
f 915/1899/1808 865/1915/1823 886/1901/1810
f 886/1901/1810 865/1915/1823 864/1916/1824
f 886/1901/1810 864/1916/1824 924/1903/1812
f 924/1903/1812 864/1916/1824 884/1905/1814
f 864/1916/1824 863/1917/1825 884/1905/1814
f 884/1905/1814 863/1917/1825 882/1907/1816
f 863/1917/1825 862/1918/1826 882/1907/1816
f 882/1907/1816 862/1918/1826 971/1909/1818
f 971/1909/1818 862/1918/1826 955/1911/1820
f 955/1911/1820 862/1918/1826 827/1919/1827
f 831/1920/1828 883/1921/1829 832/1922/1830
f 832/1922/1830 883/1921/1829 963/1923/1831
f 832/1922/1830 963/1923/1831 827/1924/1832
f 830/1925/1833 885/1926/1834 831/1920/1828
f 831/1920/1828 885/1926/1834 947/1927/1835
f 831/1920/1828 947/1927/1835 883/1921/1829
f 883/1921/1829 947/1927/1835 946/1928/1836
f 883/1921/1829 946/1928/1836 964/1929/1837
f 964/1929/1837 946/1928/1836 945/1869/1779
f 964/1929/1837 945/1869/1779 965/1871/1781
f 829/1930/1838 887/1931/1839 830/1925/1833
f 830/1925/1833 887/1931/1839 932/1932/1840
f 830/1925/1833 932/1932/1840 885/1926/1834
f 885/1926/1834 932/1932/1840 931/1933/1841
f 885/1926/1834 931/1933/1841 948/1934/1842
f 948/1934/1842 931/1933/1841 930/1865/1775
f 948/1934/1842 930/1865/1775 949/1867/1777
f 828/1849/1760 905/1935/1843 829/1930/1838
f 829/1930/1838 905/1935/1843 923/1936/1844
f 829/1930/1838 923/1936/1844 887/1931/1839
f 887/1931/1839 923/1936/1844 922/1937/1845
f 887/1931/1839 922/1937/1845 933/1938/1846
f 933/1938/1846 922/1937/1845 921/1861/1771
f 933/1938/1846 921/1861/1771 934/1863/1773
f 956/1910/1819 827/1939/1847 957/1940/1848
f 957/1940/1848 827/1941/1849 958/1942/1850
f 958/1942/1850 827/1943/1851 959/1886/1795
f 961/1873/1783 827/1944/1852 962/1945/1853
f 962/1945/1853 827/1946/1854 963/1923/1831
f 828/1849/1760 906/1947/1855 905/1935/1843
f 905/1935/1843 906/1947/1855 907/1948/1856
f 905/1935/1843 907/1948/1856 904/1949/1857
f 904/1949/1857 907/1948/1856 908/1857/1767
f 904/1949/1857 908/1857/1767 903/1859/1769
f 890/1890/1799 889/1892/1801 912/1950/1858
f 912/1950/1858 889/1892/1801 913/1894/1803
f 912/1950/1858 913/1894/1803 899/1951/1859
f 899/1951/1859 913/1894/1803 898/1896/1805
f 899/1951/1859 898/1896/1805 917/1952/1860
f 917/1952/1860 898/1896/1805 916/1898/1807
f 917/1952/1860 916/1898/1807 938/1953/1861
f 938/1953/1861 916/1898/1807 939/1900/1809
f 938/1953/1861 939/1900/1809 926/1954/1862
f 926/1954/1862 939/1900/1809 925/1902/1811
f 926/1954/1862 925/1902/1811 953/1955/1863
f 953/1955/1863 925/1902/1811 954/1904/1813
f 953/1955/1863 954/1904/1813 941/1956/1864
f 941/1956/1864 954/1904/1813 940/1906/1815
f 941/1956/1864 940/1906/1815 969/1957/1865
f 969/1957/1865 940/1906/1815 970/1908/1817
f 969/1957/1865 970/1908/1817 957/1940/1848
f 957/1940/1848 970/1908/1817 956/1910/1819
f 910/1878/1787 892/1877/1786 891/1888/1797
f 891/1888/1797 890/1890/1799 911/1958/1866
f 911/1958/1866 890/1890/1799 912/1950/1858
f 911/1958/1866 912/1950/1858 900/1959/1867
f 900/1959/1867 912/1950/1858 899/1951/1859
f 900/1959/1867 899/1951/1859 918/1960/1868
f 918/1960/1868 899/1951/1859 917/1952/1860
f 918/1960/1868 917/1952/1860 937/1961/1869
f 937/1961/1869 917/1952/1860 938/1953/1861
f 937/1961/1869 938/1953/1861 927/1962/1870
f 927/1962/1870 938/1953/1861 926/1954/1862
f 927/1962/1870 926/1954/1862 952/1963/1871
f 952/1963/1871 926/1954/1862 953/1955/1863
f 952/1963/1871 953/1955/1863 942/1964/1872
f 942/1964/1872 953/1955/1863 941/1956/1864
f 942/1964/1872 941/1956/1864 968/1965/1873
f 968/1965/1873 941/1956/1864 969/1957/1865
f 968/1965/1873 969/1957/1865 958/1942/1850
f 958/1942/1850 969/1957/1865 957/1940/1848
f 908/1857/1767 907/1948/1856 894/1855/1765
f 894/1855/1765 907/1948/1856 895/1853/1763
f 907/1948/1856 906/1947/1855 895/1853/1763
f 895/1853/1763 906/1947/1855 896/1851/1761
f 900/1959/1867 901/1879/1788 911/1958/1866
f 911/1958/1866 901/1879/1788 910/1878/1787
f 911/1958/1866 910/1878/1787 891/1888/1797
f 901/1879/1788 900/1959/1867 919/1880/1789
f 919/1880/1789 900/1959/1867 918/1960/1868
f 919/1880/1789 918/1960/1868 936/1881/1790
f 936/1881/1790 918/1960/1868 937/1961/1869
f 936/1881/1790 937/1961/1869 928/1882/1791
f 928/1882/1791 937/1961/1869 927/1962/1870
f 928/1882/1791 927/1962/1870 951/1883/1792
f 951/1883/1792 927/1962/1870 952/1963/1871
f 951/1883/1792 952/1963/1871 943/1884/1793
f 943/1884/1793 952/1963/1871 942/1964/1872
f 943/1884/1793 942/1964/1872 967/1885/1794
f 967/1885/1794 942/1964/1872 968/1965/1873
f 967/1885/1794 968/1965/1873 959/1886/1795
f 959/1886/1795 968/1965/1873 958/1942/1850
f 923/1936/1844 905/1935/1843 904/1949/1857
f 921/1861/1771 922/1937/1845 903/1859/1769
f 903/1859/1769 922/1937/1845 904/1949/1857
f 922/1937/1845 923/1936/1844 904/1949/1857
f 906/1947/1855 828/1849/1760 896/1851/1761
f 933/1938/1846 934/1863/1773 931/1933/1841
f 931/1933/1841 934/1863/1773 930/1865/1775
f 887/1931/1839 933/1938/1846 932/1932/1840
f 932/1932/1840 933/1938/1846 931/1933/1841
f 948/1934/1842 949/1867/1777 946/1928/1836
f 946/1928/1836 949/1867/1777 945/1869/1779
f 885/1926/1834 948/1934/1842 947/1927/1835
f 947/1927/1835 948/1934/1842 946/1928/1836
f 964/1929/1837 965/1871/1781 962/1945/1853
f 962/1945/1853 965/1871/1781 961/1873/1783
f 883/1921/1829 964/1929/1837 963/1923/1831
f 963/1923/1831 964/1929/1837 962/1945/1853
f 693/1966/1874 972/1967/1875 801/1968/1876
f 801/1968/1876 972/1967/1875 802/1969/1877
f 802/1969/1877 972/1967/1875 803/1970/1878
f 803/1970/1878 972/1967/1875 804/1971/1879
f 804/1971/1879 972/1967/1875 805/1972/1880
f 805/1972/1880 972/1967/1875 806/1973/1881
f 806/1973/1881 972/1967/1875 807/1974/1882
f 807/1974/1882 972/1967/1875 742/1975/1883
f 742/1975/1883 972/1967/1875 730/1976/1884
f 742/1975/1883 730/1976/1884 729/1977/1885
f 973/1978/1886 987/1979/1887 972/1980/1875
f 972/1980/1875 987/1979/1887 988/1981/1888
f 972/1980/1875 988/1981/1888 989/1982/1889
f 989/1982/1889 988/1981/1888 993/1983/1890
f 989/1982/1889 993/1983/1890 994/1984/1891
f 994/1984/1891 993/1983/1890 998/1985/1892
f 994/1984/1891 998/1985/1892 983/1986/1893
f 983/1986/1893 998/1985/1892 982/1987/1894
f 982/1987/1894 998/1985/1892 981/1988/1895
f 981/1988/1895 998/1985/1892 1002/1989/1896
f 981/1988/1895 1002/1989/1896 980/1990/1897
f 980/1990/1897 1002/1989/1896 1006/1991/1898
f 980/1990/1897 1006/1991/1898 979/1992/1899
f 979/1992/1899 1006/1991/1898 978/1993/1900
f 978/1993/1900 1006/1991/1898 1005/1994/1901
f 978/1993/1900 1005/1994/1901 1004/1995/1902
f 1004/1995/1902 1005/1994/1901 1000/1996/1903
f 1004/1995/1902 1000/1996/1903 999/1997/1904
f 999/1997/1904 1000/1996/1903 995/1998/1905
f 999/1997/1904 995/1998/1905 975/1999/1906
f 975/1999/1906 995/1998/1905 974/2000/1907
f 974/2000/1907 995/1998/1905 991/2001/1908
f 974/2000/1907 991/2001/1908 973/1978/1886
f 973/1978/1886 991/2001/1908 987/1979/1887
f 975/1999/1906 976/2002/1909 999/1997/1904
f 999/1997/1904 976/2002/1909 1003/2003/1910
f 999/1997/1904 1003/2003/1910 1004/1995/1902
f 1004/1995/1902 1003/2003/1910 808/2004/1639
f 1004/1995/1902 808/2004/1639 978/1993/1900
f 976/2002/1909 977/2005/1911 1003/2003/1910
f 1003/2003/1910 977/2005/1911 808/2004/1639
f 983/1986/1893 984/2006/1912 994/1984/1891
f 994/1984/1891 984/2006/1912 990/2007/1913
f 994/1984/1891 990/2007/1913 989/1982/1889
f 989/1982/1889 990/2007/1913 986/2008/1914
f 989/1982/1889 986/2008/1914 972/1980/1875
f 972/1980/1875 986/2008/1914 730/2009/1884
f 984/2006/1912 985/2010/1915 990/2007/1913
f 990/2007/1913 985/2010/1915 986/2008/1914
f 988/1981/1888 987/1979/1887 992/2011/1916
f 992/2011/1916 987/1979/1887 991/2001/1908
f 992/2011/1916 991/2001/1908 996/2012/1917
f 996/2012/1917 991/2001/1908 995/1998/1905
f 996/2012/1917 995/1998/1905 1000/1996/1903
f 988/1981/1888 992/2011/1916 993/1983/1890
f 993/1983/1890 992/2011/1916 997/2013/1918
f 993/1983/1890 997/2013/1918 998/1985/1892
f 998/1985/1892 997/2013/1918 1002/1989/1896
f 997/2013/1918 992/2011/1916 996/2012/1917
f 997/2013/1918 996/2012/1917 1001/2014/1919
f 1001/2014/1919 996/2012/1917 1000/1996/1903
f 1001/2014/1919 1000/1996/1903 1005/1994/1901
f 1006/1991/1898 1002/1989/1896 1001/2014/1919
f 1001/2014/1919 1002/1989/1896 997/2013/1918
f 1006/1991/1898 1001/2014/1919 1005/1994/1901
f 1007/2015/1920 1012/2016/1921 814/2017/1650
f 814/2017/1650 1012/2016/1921 1013/2018/1922
f 814/2017/1650 1013/2018/1922 405/2019/1657
f 405/2019/1657 1013/2018/1922 1014/2020/1923
f 405/2019/1657 1014/2020/1923 406/2021/1924
f 406/2021/1924 1014/2020/1923 407/2022/1925
f 407/2022/1925 1014/2020/1923 1017/2023/1926
f 407/2022/1925 1017/2023/1926 408/2024/1927
f 408/2024/1927 1017/2023/1926 1020/2025/1928
f 408/2024/1927 1020/2025/1928 409/2026/1929
f 409/2026/1929 1020/2025/1928 1023/2027/1930
f 409/2026/1929 1023/2027/1930 410/2028/1931
f 410/2028/1931 1023/2027/1930 1026/2029/1932
f 410/2028/1931 1026/2029/1932 141/2030/313
f 141/2030/313 1026/2029/1932 1025/2031/1933
f 141/2030/313 1025/2031/1933 693/2032/1874
f 693/2032/1874 1025/2031/1933 1024/2033/1934
f 693/2032/1874 1024/2033/1934 1011/2034/1935
f 1011/2034/1935 1024/2033/1934 1021/2035/1936
f 1011/2034/1935 1021/2035/1936 1010/2036/1937
f 1010/2036/1937 1021/2035/1936 1018/2037/1938
f 1010/2036/1937 1018/2037/1938 1009/2038/1939
f 1009/2038/1939 1018/2037/1938 1015/2039/1940
f 1009/2038/1939 1015/2039/1940 1008/2040/1941
f 1008/2040/1941 1015/2039/1940 1012/2016/1921
f 1008/2040/1941 1012/2016/1921 1007/2015/1920
f 1011/2034/1935 972/2041/1875 693/2032/1874
f 141/2030/313 224/2042/311 410/2028/1931
f 1017/2023/1926 1014/2020/1923 1013/2018/1922
f 1013/2018/1922 1012/2016/1921 1016/2043/1942
f 1016/2043/1942 1012/2016/1921 1015/2039/1940
f 1016/2043/1942 1015/2039/1940 1019/2044/1943
f 1019/2044/1943 1015/2039/1940 1018/2037/1938
f 1019/2044/1943 1018/2037/1938 1022/2045/1944
f 1022/2045/1944 1018/2037/1938 1021/2035/1936
f 1022/2045/1944 1021/2035/1936 1025/2031/1933
f 1025/2031/1933 1021/2035/1936 1024/2033/1934
f 1020/2025/1928 1017/2023/1926 1016/2043/1942
f 1016/2043/1942 1017/2023/1926 1013/2018/1922
f 1020/2025/1928 1016/2043/1942 1019/2044/1943
f 1023/2027/1930 1020/2025/1928 1019/2044/1943
f 1023/2027/1930 1019/2044/1943 1022/2045/1944
f 1026/2029/1932 1023/2027/1930 1022/2045/1944
f 1026/2029/1932 1022/2045/1944 1025/2031/1933
f 809/2046/1945 808/2047/1639 1033/2048/1946
f 1033/2048/1946 808/2047/1639 977/2049/1947
f 1033/2048/1946 977/2049/1947 1028/2050/1948
f 1028/2050/1948 977/2049/1947 976/2051/1949
f 1028/2050/1948 976/2051/1949 1057/2052/1950
f 1057/2052/1950 976/2051/1949 1030/2053/1951
f 1057/2052/1950 1030/2053/1951 1058/2054/1952
f 1058/2054/1952 1030/2053/1951 1072/2055/1953
f 1058/2054/1952 1072/2055/1953 1071/2056/1954
f 1071/2056/1954 1072/2055/1953 1076/2057/1955
f 1071/2056/1954 1076/2057/1955 1077/2058/1956
f 1077/2058/1956 1076/2057/1955 1085/2059/1957
f 1077/2058/1956 1085/2059/1957 1086/2060/1958
f 1086/2060/1958 1085/2059/1957 1103/2061/1959
f 1086/2060/1958 1103/2061/1959 1102/2062/1960
f 1102/2062/1960 1103/2061/1959 1096/2063/1961
f 1102/2062/1960 1096/2063/1961 1097/2064/1962
f 1097/2064/1962 1096/2063/1961 972/2065/1963
f 976/2051/1949 975/2066/1964 1030/2053/1951
f 1030/2053/1951 975/2066/1964 1073/2067/1965
f 1030/2053/1951 1073/2067/1965 1072/2055/1953
f 1072/2055/1953 1073/2067/1965 1075/2068/1966
f 1072/2055/1953 1075/2068/1966 1076/2057/1955
f 1076/2057/1955 1075/2068/1966 1084/2069/1967
f 1076/2057/1955 1084/2069/1967 1085/2059/1957
f 1085/2059/1957 1084/2069/1967 1104/2070/1968
f 1085/2059/1957 1104/2070/1968 1103/2061/1959
f 1103/2061/1959 1104/2070/1968 1095/2071/1969
f 1103/2061/1959 1095/2071/1969 1096/2063/1961
f 1096/2063/1961 1095/2071/1969 972/2072/1970
f 1073/2067/1965 975/2066/1964 1074/2073/1971
f 1074/2073/1971 975/2066/1964 974/2074/1972
f 1074/2073/1971 974/2074/1972 1032/2075/1973
f 1032/2075/1973 974/2074/1972 973/2076/1974
f 1032/2075/1973 973/2076/1974 1107/2077/1975
f 1107/2077/1975 973/2076/1974 1091/2078/1976
f 1107/2077/1975 1091/2078/1976 1092/2079/1977
f 1092/2079/1977 1091/2078/1976 972/2080/1978
f 973/2076/1974 972/2081/1979 1091/2078/1976
f 1010/2082/1980 1031/2083/1981 1011/2084/1982
f 1011/2084/1982 1031/2083/1981 1099/2085/1983
f 1011/2084/1982 1099/2085/1983 972/2086/1984
f 1009/2087/1985 1082/2088/1986 1010/2082/1980
f 1010/2082/1980 1082/2088/1986 1090/2089/1987
f 1010/2082/1980 1090/2089/1987 1031/2083/1981
f 1031/2083/1981 1090/2089/1987 1089/2090/1988
f 1031/2083/1981 1089/2090/1988 1100/2091/1989
f 1100/2091/1989 1089/2090/1988 1088/2092/1990
f 1100/2091/1989 1088/2092/1990 1101/2093/1991
f 1101/2093/1991 1088/2092/1990 1087/2094/1992
f 1101/2093/1991 1087/2094/1992 1102/2062/1960
f 1102/2062/1960 1087/2094/1992 1086/2060/1958
f 1008/2095/1993 1029/2096/1994 1009/2087/1985
f 1009/2087/1985 1029/2096/1994 1065/2097/1995
f 1009/2087/1985 1065/2097/1995 1082/2088/1986
f 1082/2088/1986 1065/2097/1995 1066/2098/1996
f 1082/2088/1986 1066/2098/1996 1081/2099/1997
f 1081/2099/1997 1066/2098/1996 1067/2100/1998
f 1081/2099/1997 1067/2100/1998 1080/2101/1999
f 1080/2101/1999 1067/2100/1998 1068/2102/2000
f 1080/2101/1999 1068/2102/2000 1079/2103/2001
f 1079/2103/2001 1068/2102/2000 1069/2104/2002
f 1079/2103/2001 1069/2104/2002 1078/2105/2003
f 1078/2105/2003 1069/2104/2002 1070/2106/2004
f 1078/2105/2003 1070/2106/2004 1077/2058/1956
f 1077/2058/1956 1070/2106/2004 1071/2056/1954
f 1029/2096/1994 1008/2095/1993 1027/2107/2005
f 1027/2107/2005 1008/2095/1993 1007/2108/2006
f 1027/2107/2005 1007/2108/2006 1049/2109/2007
f 1049/2109/2007 1007/2108/2006 1041/2110/2008
f 1049/2109/2007 1041/2110/2008 1040/2111/2009
f 1040/2111/2009 1041/2110/2008 813/2112/2010
f 1040/2111/2009 813/2112/2010 1039/2113/2011
f 1039/2113/2011 813/2112/2010 812/2114/2012
f 1039/2113/2011 812/2114/2012 1038/2115/2013
f 1038/2115/2013 812/2114/2012 811/2116/1645
f 1038/2115/2013 811/2116/1645 1037/2117/2014
f 1037/2117/2014 811/2116/1645 1036/2118/2015
f 1037/2117/2014 1036/2118/2015 1045/2119/2016
f 1045/2119/2016 1036/2118/2015 1044/2120/2017
f 1045/2119/2016 1044/2120/2017 1053/2121/2018
f 1053/2121/2018 1044/2120/2017 1054/2122/2019
f 1053/2121/2018 1054/2122/2019 1061/2123/2020
f 1061/2123/2020 1054/2122/2019 1060/2124/2021
f 1061/2123/2020 1060/2124/2021 1069/2104/2002
f 1069/2104/2002 1060/2124/2021 1070/2106/2004
f 1007/2108/2006 814/2125/1650 1041/2110/2008
f 1041/2110/2008 814/2125/1650 813/2112/2010
f 811/2116/1645 810/2126/2022 1036/2118/2015
f 1036/2118/2015 810/2126/2022 1035/2127/2023
f 1036/2118/2015 1035/2127/2023 1044/2120/2017
f 1044/2120/2017 1035/2127/2023 1043/2128/2024
f 1044/2120/2017 1043/2128/2024 1054/2122/2019
f 1054/2122/2019 1043/2128/2024 1055/2129/2025
f 1054/2122/2019 1055/2129/2025 1060/2124/2021
f 1060/2124/2021 1055/2129/2025 1059/2130/2026
f 1060/2124/2021 1059/2130/2026 1070/2106/2004
f 1070/2106/2004 1059/2130/2026 1071/2056/1954
f 1035/2127/2023 810/2126/2022 1034/2131/2027
f 1034/2131/2027 810/2126/2022 809/2046/1945
f 1034/2131/2027 809/2046/1945 1033/2048/1946
f 1092/2079/1977 972/2132/2028 1093/2133/2029
f 1093/2133/2029 972/2134/2030 1094/2135/2031
f 1094/2135/2031 972/2136/2032 1095/2071/1969
f 1097/2064/1962 972/2137/2033 1098/2138/2034
f 1098/2138/2034 972/2139/2035 1099/2085/1983
f 1043/2128/2024 1035/2127/2023 1034/2131/2027
f 1034/2131/2027 1033/2048/1946 1042/2140/2036
f 1042/2140/2036 1033/2048/1946 1028/2050/1948
f 1042/2140/2036 1028/2050/1948 1056/2141/2037
f 1056/2141/2037 1028/2050/1948 1057/2052/1950
f 1056/2141/2037 1057/2052/1950 1058/2054/1952
f 1038/2115/2013 1037/2117/2014 1046/2142/2038
f 1046/2142/2038 1037/2117/2014 1045/2119/2016
f 1046/2142/2038 1045/2119/2016 1052/2143/2039
f 1052/2143/2039 1045/2119/2016 1053/2121/2018
f 1052/2143/2039 1053/2121/2018 1062/2144/2040
f 1062/2144/2040 1053/2121/2018 1061/2123/2020
f 1062/2144/2040 1061/2123/2020 1068/2102/2000
f 1068/2102/2000 1061/2123/2020 1069/2104/2002
f 1039/2113/2011 1038/2115/2013 1047/2145/2041
f 1047/2145/2041 1038/2115/2013 1046/2142/2038
f 1047/2145/2041 1046/2142/2038 1051/2146/2042
f 1051/2146/2042 1046/2142/2038 1052/2143/2039
f 1051/2146/2042 1052/2143/2039 1063/2147/2043
f 1063/2147/2043 1052/2143/2039 1062/2144/2040
f 1063/2147/2043 1062/2144/2040 1067/2100/1998
f 1067/2100/1998 1062/2144/2040 1068/2102/2000
f 1040/2111/2009 1039/2113/2011 1048/2148/2044
f 1048/2148/2044 1039/2113/2011 1047/2145/2041
f 1048/2148/2044 1047/2145/2041 1050/2149/2045
f 1050/2149/2045 1047/2145/2041 1051/2146/2042
f 1050/2149/2045 1051/2146/2042 1064/2150/2046
f 1064/2150/2046 1051/2146/2042 1063/2147/2043
f 1064/2150/2046 1063/2147/2043 1066/2098/1996
f 1066/2098/1996 1063/2147/2043 1067/2100/1998
f 1055/2129/2025 1043/2128/2024 1042/2140/2036
f 1042/2140/2036 1043/2128/2024 1034/2131/2027
f 1055/2129/2025 1042/2140/2036 1056/2141/2037
f 1027/2107/2005 1049/2109/2007 1048/2148/2044
f 1048/2148/2044 1049/2109/2007 1040/2111/2009
f 1027/2107/2005 1048/2148/2044 1050/2149/2045
f 1027/2107/2005 1050/2149/2045 1029/2096/1994
f 1029/2096/1994 1050/2149/2045 1064/2150/2046
f 1029/2096/1994 1064/2150/2046 1065/2097/1995
f 1065/2097/1995 1064/2150/2046 1066/2098/1996
f 1055/2129/2025 1056/2141/2037 1059/2130/2026
f 1059/2130/2026 1056/2141/2037 1058/2054/1952
f 1059/2130/2026 1058/2054/1952 1071/2056/1954
f 1073/2067/1965 1074/2073/1971 1075/2068/1966
f 1075/2068/1966 1074/2073/1971 1083/2151/2047
f 1075/2068/1966 1083/2151/2047 1084/2069/1967
f 1084/2069/1967 1083/2151/2047 1105/2152/2048
f 1084/2069/1967 1105/2152/2048 1104/2070/1968
f 1104/2070/1968 1105/2152/2048 1094/2135/2031
f 1104/2070/1968 1094/2135/2031 1095/2071/1969
f 1077/2058/1956 1086/2060/1958 1078/2105/2003
f 1078/2105/2003 1086/2060/1958 1087/2094/1992
f 1078/2105/2003 1087/2094/1992 1079/2103/2001
f 1079/2103/2001 1087/2094/1992 1088/2092/1990
f 1079/2103/2001 1088/2092/1990 1080/2101/1999
f 1080/2101/1999 1088/2092/1990 1089/2090/1988
f 1080/2101/1999 1089/2090/1988 1081/2099/1997
f 1081/2099/1997 1089/2090/1988 1090/2089/1987
f 1081/2099/1997 1090/2089/1987 1082/2088/1986
f 1074/2073/1971 1032/2075/1973 1083/2151/2047
f 1083/2151/2047 1032/2075/1973 1106/2153/2049
f 1083/2151/2047 1106/2153/2049 1105/2152/2048
f 1105/2152/2048 1106/2153/2049 1093/2133/2029
f 1105/2152/2048 1093/2133/2029 1094/2135/2031
f 1107/2077/1975 1092/2079/1977 1106/2153/2049
f 1106/2153/2049 1092/2079/1977 1093/2133/2029
f 1101/2093/1991 1102/2062/1960 1097/2064/1962
f 1100/2091/1989 1101/2093/1991 1098/2138/2034
f 1098/2138/2034 1101/2093/1991 1097/2064/1962
f 1031/2083/1981 1100/2091/1989 1099/2085/1983
f 1099/2085/1983 1100/2091/1989 1098/2138/2034
f 1032/2075/1973 1107/2077/1975 1106/2153/2049
f 1109/2154/2050 1111/2155/2051 1108/2156/2052
f 1108/2156/2052 1111/2155/2051 1118/2157/2053
f 1108/2156/2052 1118/2157/2053 1123/2158/2054
f 1123/2158/2054 1118/2157/2053 1122/2159/2055
f 1122/2159/2055 1118/2157/2053 1121/2160/2056
f 1121/2160/2056 1118/2157/2053 1120/2161/2057
f 1120/2161/2057 1118/2157/2053 1119/2162/2058
f 1109/2154/2050 1110/2163/2059 1111/2155/2051
f 1118/2157/2053 1111/2155/2051 1117/2164/2060
f 1117/2164/2060 1111/2155/2051 1112/2165/2061
f 1117/2164/2060 1112/2165/2061 1113/2166/2062
f 1113/2166/2062 1114/2167/2063 1117/2164/2060
f 1117/2164/2060 1114/2167/2063 1115/2168/2064
f 1117/2164/2060 1115/2168/2064 1116/2169/2065
f 698/2170/2066 1124/2171/2067 734/2172/2068
f 734/2172/2068 1124/2171/2067 1125/2173/2069
f 734/2172/2068 1125/2173/2069 688/2174/2070
f 688/2174/2070 1125/2173/2069 685/2175/2071
f 734/2172/2068 699/2176/2072 698/2170/2066
f 1126/2177/2073 1127/2178/2074 1109/2179/2075
f 1109/2179/2075 1127/2178/2074 1128/2180/2076
f 1109/2179/2075 1128/2180/2076 1129/2181/2077
f 1129/2181/2077 1130/2182/2078 1109/2179/2075
f 1109/2179/2075 1130/2182/2078 1131/2183/2079
f 1109/2179/2075 1131/2183/2079 1137/2184/2080
f 1137/2184/2080 1131/2183/2079 1136/2185/2081
f 1136/2185/2081 1131/2183/2079 1132/2186/2082
f 1136/2185/2081 1132/2186/2082 1135/2187/2083
f 1135/2187/2083 1132/2186/2082 1133/2188/2084
f 1135/2187/2083 1133/2188/2084 1125/2189/2085
f 1125/2189/2085 1133/2188/2084 1134/2190/2086
f 1125/2189/2085 1134/2190/2086 685/2191/2087
f 685/2191/2087 1134/2190/2086 686/2192/2088
f 1109/2179/2075 1137/2184/2080 1110/2193/2089
f 1110/2193/2089 1137/2184/2080 1138/2194/2090
f 1110/2193/2089 1138/2194/2090 1139/2195/2091
f 1139/2195/2091 1140/2196/2092 1110/2193/2089
f 1110/2193/2089 1140/2196/2092 1141/2197/2093
f 1110/2193/2089 1141/2197/2093 1142/2198/2094
f 1144/2199/2095 1158/2200/2096 1143/2201/2097
f 1143/2201/2097 1158/2200/2096 1159/2202/2098
f 1143/2201/2097 1159/2202/2098 1160/2203/2099
f 1160/2203/2099 1159/2202/2098 1164/2204/2100
f 1160/2203/2099 1164/2204/2100 1165/2205/2101
f 1165/2205/2101 1164/2204/2100 1169/2206/2102
f 1165/2205/2101 1169/2206/2102 1154/2207/2103
f 1154/2207/2103 1169/2206/2102 1153/2208/2104
f 1153/2208/2104 1169/2206/2102 1152/2209/2105
f 1152/2209/2105 1169/2206/2102 1173/2210/2106
f 1152/2209/2105 1173/2210/2106 1151/2211/2107
f 1151/2211/2107 1173/2210/2106 1177/2212/2108
f 1151/2211/2107 1177/2212/2108 1150/2213/2109
f 1150/2213/2109 1177/2212/2108 1149/2214/2110
f 1149/2214/2110 1177/2212/2108 1176/2215/2111
f 1149/2214/2110 1176/2215/2111 1175/2216/2112
f 1175/2216/2112 1176/2215/2111 1171/2217/2113
f 1175/2216/2112 1171/2217/2113 1170/2218/2114
f 1170/2218/2114 1171/2217/2113 1166/2219/2115
f 1170/2218/2114 1166/2219/2115 1146/2220/2116
f 1146/2220/2116 1166/2219/2115 1145/2221/2117
f 1145/2221/2117 1166/2219/2115 1162/2222/2118
f 1145/2221/2117 1162/2222/2118 1144/2199/2095
f 1144/2199/2095 1162/2222/2118 1158/2200/2096
f 1146/2220/2116 1147/2223/2119 1170/2218/2114
f 1170/2218/2114 1147/2223/2119 1174/2224/2120
f 1170/2218/2114 1174/2224/2120 1175/2216/2112
f 1175/2216/2112 1174/2224/2120 1149/2214/2110
f 1147/2223/2119 1148/2225/2121 1174/2224/2120
f 1174/2224/2120 1148/2225/2121 1149/2214/2110
f 1148/2225/2121 1124/2226/2067 1149/2214/2110
f 1149/2214/2110 1124/2226/2067 698/2227/2066
f 1154/2207/2103 1155/2228/2122 1165/2205/2101
f 1165/2205/2101 1155/2228/2122 1161/2229/2123
f 1165/2205/2101 1161/2229/2123 1160/2203/2099
f 1160/2203/2099 1161/2229/2123 1156/2230/2124
f 1160/2203/2099 1156/2230/2124 1143/2201/2097
f 1143/2201/2097 1156/2230/2124 1157/2231/2125
f 1155/2228/2122 1156/2230/2124 1161/2229/2123
f 1159/2202/2098 1158/2200/2096 1163/2232/2126
f 1163/2232/2126 1158/2200/2096 1162/2222/2118
f 1163/2232/2126 1162/2222/2118 1167/2233/2127
f 1167/2233/2127 1162/2222/2118 1166/2219/2115
f 1167/2233/2127 1166/2219/2115 1171/2217/2113
f 1159/2202/2098 1163/2232/2126 1164/2204/2100
f 1164/2204/2100 1163/2232/2126 1168/2234/2128
f 1164/2204/2100 1168/2234/2128 1169/2206/2102
f 1169/2206/2102 1168/2234/2128 1173/2210/2106
f 1168/2234/2128 1163/2232/2126 1167/2233/2127
f 1168/2234/2128 1167/2233/2127 1172/2235/2129
f 1172/2235/2129 1167/2233/2127 1171/2217/2113
f 1172/2235/2129 1171/2217/2113 1176/2215/2111
f 1177/2212/2108 1173/2210/2106 1172/2235/2129
f 1172/2235/2129 1173/2210/2106 1168/2234/2128
f 1177/2212/2108 1172/2235/2129 1176/2215/2111
f 1179/2236/2130 1194/2237/2131 1178/2238/2132
f 1178/2238/2132 1194/2237/2131 1195/2239/2133
f 1178/2238/2132 1195/2239/2133 1196/2240/2134
f 1196/2240/2134 1195/2239/2133 1200/2241/2135
f 1196/2240/2134 1200/2241/2135 1201/2242/2136
f 1201/2242/2136 1200/2241/2135 1205/2243/2137
f 1201/2242/2136 1205/2243/2137 1190/2244/2138
f 1190/2244/2138 1205/2243/2137 1189/2245/2139
f 1189/2245/2139 1205/2243/2137 1188/2246/2140
f 1188/2246/2140 1205/2243/2137 1209/2247/2141
f 1188/2246/2140 1209/2247/2141 1187/2248/2142
f 1187/2248/2142 1209/2247/2141 1213/2249/2143
f 1187/2248/2142 1213/2249/2143 1186/2250/2144
f 1186/2250/2144 1213/2249/2143 1185/2251/2145
f 1185/2251/2145 1213/2249/2143 1212/2252/2146
f 1185/2251/2145 1212/2252/2146 1211/2253/2147
f 1211/2253/2147 1212/2252/2146 1207/2254/2148
f 1211/2253/2147 1207/2254/2148 1206/2255/2149
f 1206/2255/2149 1207/2254/2148 1202/2256/2150
f 1206/2255/2149 1202/2256/2150 1181/2257/2151
f 1181/2257/2151 1202/2256/2150 1180/2258/2152
f 1180/2258/2152 1202/2256/2150 1198/2259/2153
f 1180/2258/2152 1198/2259/2153 1179/2236/2130
f 1179/2236/2130 1198/2259/2153 1194/2237/2131
f 1181/2257/2151 1182/2260/2154 1206/2255/2149
f 1206/2255/2149 1182/2260/2154 1210/2261/2155
f 1206/2255/2149 1210/2261/2155 1211/2253/2147
f 1211/2253/2147 1210/2261/2155 1184/2262/2156
f 1211/2253/2147 1184/2262/2156 1185/2251/2145
f 1182/2260/2154 1183/2263/2157 1210/2261/2155
f 1210/2261/2155 1183/2263/2157 1184/2262/2156
f 1190/2244/2138 1191/2264/2158 1201/2242/2136
f 1201/2242/2136 1191/2264/2158 1197/2265/2159
f 1201/2242/2136 1197/2265/2159 1196/2240/2134
f 1196/2240/2134 1197/2265/2159 1193/2266/2160
f 1196/2240/2134 1193/2266/2160 1178/2238/2132
f 1178/2238/2132 1193/2266/2160 721/2267/2161
f 1191/2264/2158 1192/2268/2162 1197/2265/2159
f 1197/2265/2159 1192/2268/2162 1193/2266/2160
f 1195/2239/2133 1194/2237/2131 1199/2269/2163
f 1199/2269/2163 1194/2237/2131 1198/2259/2153
f 1199/2269/2163 1198/2259/2153 1203/2270/2164
f 1203/2270/2164 1198/2259/2153 1202/2256/2150
f 1203/2270/2164 1202/2256/2150 1207/2254/2148
f 1195/2239/2133 1199/2269/2163 1200/2241/2135
f 1200/2241/2135 1199/2269/2163 1204/2271/2165
f 1200/2241/2135 1204/2271/2165 1205/2243/2137
f 1205/2243/2137 1204/2271/2165 1209/2247/2141
f 1204/2271/2165 1199/2269/2163 1203/2270/2164
f 1204/2271/2165 1203/2270/2164 1208/2272/2166
f 1208/2272/2166 1203/2270/2164 1207/2254/2148
f 1208/2272/2166 1207/2254/2148 1212/2252/2146
f 1213/2249/2143 1209/2247/2141 1208/2272/2166
f 1208/2272/2166 1209/2247/2141 1204/2271/2165
f 1213/2249/2143 1208/2272/2166 1212/2252/2146
f 1178/2273/2132 735/2274/2167 1134/2275/2168
f 1134/2275/2168 735/2274/2167 687/2276/2169
f 1134/2275/2168 687/2276/2169 686/2277/2170
f 1178/2273/2132 721/2278/2161 735/2274/2167
f 735/2274/2167 721/2278/2161 720/2279/2171
f 1133/2280/2172 1219/2281/2173 1134/2282/2168
f 1134/2282/2168 1219/2281/2173 1220/2283/2174
f 1134/2282/2168 1220/2283/2174 1178/2284/2132
f 1178/2284/2132 1220/2283/2174 1221/2285/2175
f 1178/2284/2132 1221/2285/2175 1218/2286/2176
f 1218/2286/2176 1221/2285/2175 1217/2287/2177
f 1217/2287/2177 1221/2285/2175 1224/2288/2178
f 1217/2287/2177 1224/2288/2178 1216/2289/2179
f 1216/2289/2179 1224/2288/2178 1227/2290/2180
f 1216/2289/2179 1227/2290/2180 1215/2291/2181
f 1215/2291/2181 1227/2290/2180 1230/2292/2182
f 1215/2291/2181 1230/2292/2182 1214/2293/2183
f 1214/2293/2183 1230/2292/2182 1233/2294/2184
f 1214/2293/2183 1233/2294/2184 1108/2295/2052
f 1108/2295/2052 1233/2294/2184 1232/2296/2185
f 1108/2295/2052 1232/2296/2185 1126/2297/2186
f 1126/2297/2186 1232/2296/2185 1231/2298/2187
f 1126/2297/2186 1231/2298/2187 1127/2299/2188
f 1127/2299/2188 1231/2298/2187 1128/2300/2189
f 1128/2300/2189 1231/2298/2187 1228/2301/2190
f 1128/2300/2189 1228/2301/2190 1129/2302/2191
f 1129/2302/2191 1228/2301/2190 1225/2303/2192
f 1129/2302/2191 1225/2303/2192 1130/2304/2193
f 1130/2304/2193 1225/2303/2192 1131/2305/2194
f 1131/2305/2194 1225/2303/2192 1222/2306/2195
f 1131/2305/2194 1222/2306/2195 1132/2307/2196
f 1132/2307/2196 1222/2306/2195 1219/2281/2173
f 1132/2307/2196 1219/2281/2173 1133/2280/2172
f 1126/2297/2186 1109/2308/2050 1108/2295/2052
f 1224/2288/2178 1221/2285/2175 1220/2283/2174
f 1220/2283/2174 1219/2281/2173 1223/2309/2197
f 1223/2309/2197 1219/2281/2173 1222/2306/2195
f 1223/2309/2197 1222/2306/2195 1226/2310/2198
f 1226/2310/2198 1222/2306/2195 1225/2303/2192
f 1226/2310/2198 1225/2303/2192 1229/2311/2199
f 1229/2311/2199 1225/2303/2192 1228/2301/2190
f 1229/2311/2199 1228/2301/2190 1232/2296/2185
f 1232/2296/2185 1228/2301/2190 1231/2298/2187
f 1227/2290/2180 1224/2288/2178 1223/2309/2197
f 1223/2309/2197 1224/2288/2178 1220/2283/2174
f 1227/2290/2180 1223/2309/2197 1226/2310/2198
f 1230/2292/2182 1227/2290/2180 1226/2310/2198
f 1230/2292/2182 1226/2310/2198 1229/2311/2199
f 1233/2294/2184 1230/2292/2182 1229/2311/2199
f 1233/2294/2184 1229/2311/2199 1232/2296/2185
f 1178/2312/2132 1218/2313/2176 1179/2314/2130
f 1179/2314/2130 1218/2313/2176 1243/2315/2200
f 1179/2314/2130 1243/2315/2200 1180/2316/2152
f 1180/2316/2152 1243/2315/2200 1248/2317/2201
f 1180/2316/2152 1248/2317/2201 1181/2318/2151
f 1181/2318/2151 1248/2317/2201 1253/2319/2202
f 1181/2318/2151 1253/2319/2202 1182/2320/2154
f 1182/2320/2154 1253/2319/2202 1258/2321/2203
f 1182/2320/2154 1258/2321/2203 1183/2322/2157
f 1183/2322/2157 1258/2321/2203 1263/2323/2204
f 1183/2322/2157 1263/2323/2204 1184/2324/2156
f 1184/2324/2156 1263/2323/2204 1238/2325/2205
f 1238/2325/2205 1263/2323/2204 1262/2326/2206
f 1238/2325/2205 1262/2326/2206 1237/2327/2207
f 1237/2327/2207 1262/2326/2206 1261/2328/2208
f 1237/2327/2207 1261/2328/2208 1236/2329/2209
f 1236/2329/2209 1261/2328/2208 1260/2330/2210
f 1236/2329/2209 1260/2330/2210 1235/2331/2211
f 1235/2331/2211 1260/2330/2210 1259/2332/2212
f 1235/2331/2211 1259/2332/2212 1234/2333/2213
f 1234/2333/2213 1259/2332/2212 1119/2334/2058
f 1234/2333/2213 1119/2334/2058 1118/2335/2053
f 1218/2313/2176 1217/2336/2177 1243/2315/2200
f 1243/2315/2200 1217/2336/2177 1242/2337/2214
f 1243/2315/2200 1242/2337/2214 1248/2317/2201
f 1248/2317/2201 1242/2337/2214 1247/2338/2215
f 1248/2317/2201 1247/2338/2215 1253/2319/2202
f 1253/2319/2202 1247/2338/2215 1252/2339/2216
f 1253/2319/2202 1252/2339/2216 1258/2321/2203
f 1258/2321/2203 1252/2339/2216 1257/2340/2217
f 1258/2321/2203 1257/2340/2217 1263/2323/2204
f 1263/2323/2204 1257/2340/2217 1262/2326/2206
f 1217/2336/2177 1216/2341/2179 1242/2337/2214
f 1242/2337/2214 1216/2341/2179 1241/2342/2218
f 1242/2337/2214 1241/2342/2218 1247/2338/2215
f 1247/2338/2215 1241/2342/2218 1246/2343/2219
f 1247/2338/2215 1246/2343/2219 1252/2339/2216
f 1252/2339/2216 1246/2343/2219 1251/2344/2220
f 1252/2339/2216 1251/2344/2220 1257/2340/2217
f 1257/2340/2217 1251/2344/2220 1256/2345/2221
f 1257/2340/2217 1256/2345/2221 1262/2326/2206
f 1262/2326/2206 1256/2345/2221 1261/2328/2208
f 1216/2341/2179 1215/2346/2181 1241/2342/2218
f 1241/2342/2218 1215/2346/2181 1240/2347/2222
f 1241/2342/2218 1240/2347/2222 1246/2343/2219
f 1246/2343/2219 1240/2347/2222 1245/2348/2223
f 1246/2343/2219 1245/2348/2223 1251/2344/2220
f 1251/2344/2220 1245/2348/2223 1250/2349/2224
f 1251/2344/2220 1250/2349/2224 1256/2345/2221
f 1256/2345/2221 1250/2349/2224 1255/2350/2225
f 1256/2345/2221 1255/2350/2225 1261/2328/2208
f 1261/2328/2208 1255/2350/2225 1260/2330/2210
f 1215/2346/2181 1214/2351/2183 1240/2347/2222
f 1240/2347/2222 1214/2351/2183 1239/2352/2226
f 1240/2347/2222 1239/2352/2226 1245/2348/2223
f 1245/2348/2223 1239/2352/2226 1244/2353/2227
f 1245/2348/2223 1244/2353/2227 1250/2349/2224
f 1250/2349/2224 1244/2353/2227 1249/2354/2228
f 1250/2349/2224 1249/2354/2228 1255/2350/2225
f 1255/2350/2225 1249/2354/2228 1254/2355/2229
f 1255/2350/2225 1254/2355/2229 1260/2330/2210
f 1260/2330/2210 1254/2355/2229 1259/2332/2212
f 1214/2351/2183 1108/2356/2052 1239/2352/2226
f 1239/2352/2226 1108/2356/2052 1123/2357/2054
f 1239/2352/2226 1123/2357/2054 1244/2353/2227
f 1244/2353/2227 1123/2357/2054 1122/2358/2055
f 1244/2353/2227 1122/2358/2055 1249/2354/2228
f 1249/2354/2228 1122/2358/2055 1121/2359/2056
f 1249/2354/2228 1121/2359/2056 1254/2355/2229
f 1254/2355/2229 1121/2359/2056 1120/2360/2057
f 1254/2355/2229 1120/2360/2057 1259/2332/2212
f 1259/2332/2212 1120/2360/2057 1119/2334/2058
f 1238/2361/2205 1269/2362/2230 1184/2363/2156
f 1184/2363/2156 1269/2362/2230 1270/2364/2231
f 1184/2363/2156 1270/2364/2231 1271/2365/2232
f 1271/2365/2232 1270/2364/2231 1276/2366/2233
f 1271/2365/2232 1276/2366/2233 1277/2367/2234
f 1277/2367/2234 1276/2366/2233 1282/2368/2235
f 1277/2367/2234 1282/2368/2235 1283/2369/2236
f 1283/2369/2236 1282/2368/2235 1288/2370/2237
f 1283/2369/2236 1288/2370/2237 1265/2371/2238
f 1265/2371/2238 1288/2370/2237 1264/2372/2239
f 1264/2372/2239 1288/2370/2237 1293/2373/2240
f 1264/2372/2239 1293/2373/2240 1117/2374/2060
f 1117/2374/2060 1293/2373/2240 1292/2375/2241
f 1117/2374/2060 1292/2375/2241 1291/2376/2242
f 1291/2376/2242 1292/2375/2241 1286/2377/2243
f 1291/2376/2242 1286/2377/2243 1285/2378/2244
f 1285/2378/2244 1286/2377/2243 1280/2379/2245
f 1285/2378/2244 1280/2379/2245 1279/2380/2246
f 1279/2380/2246 1280/2379/2245 1274/2381/2247
f 1279/2380/2246 1274/2381/2247 1237/2382/2207
f 1237/2382/2207 1274/2381/2247 1238/2361/2205
f 1238/2361/2205 1274/2381/2247 1269/2362/2230
f 1237/2382/2207 1236/2383/2209 1279/2380/2246
f 1279/2380/2246 1236/2383/2209 1284/2384/2248
f 1279/2380/2246 1284/2384/2248 1285/2378/2244
f 1285/2378/2244 1284/2384/2248 1290/2385/2249
f 1285/2378/2244 1290/2385/2249 1291/2376/2242
f 1291/2376/2242 1290/2385/2249 1118/2386/2053
f 1291/2376/2242 1118/2386/2053 1117/2374/2060
f 1236/2383/2209 1235/2387/2211 1284/2384/2248
f 1284/2384/2248 1235/2387/2211 1289/2388/2250
f 1284/2384/2248 1289/2388/2250 1290/2385/2249
f 1290/2385/2249 1289/2388/2250 1118/2386/2053
f 1235/2387/2211 1234/2389/2213 1289/2388/2250
f 1289/2388/2250 1234/2389/2213 1118/2386/2053
f 1265/2371/2238 1266/2390/2251 1283/2369/2236
f 1283/2369/2236 1266/2390/2251 1278/2391/2252
f 1283/2369/2236 1278/2391/2252 1277/2367/2234
f 1277/2367/2234 1278/2391/2252 1272/2392/2253
f 1277/2367/2234 1272/2392/2253 1271/2365/2232
f 1271/2365/2232 1272/2392/2253 1143/2393/2097
f 1271/2365/2232 1143/2393/2097 1184/2363/2156
f 1266/2390/2251 1267/2394/2254 1278/2391/2252
f 1278/2391/2252 1267/2394/2254 1273/2395/2255
f 1278/2391/2252 1273/2395/2255 1272/2392/2253
f 1272/2392/2253 1273/2395/2255 1143/2393/2097
f 1267/2394/2254 1268/2396/2256 1273/2395/2255
f 1273/2395/2255 1268/2396/2256 1143/2393/2097
f 1270/2364/2231 1269/2362/2230 1275/2397/2257
f 1275/2397/2257 1269/2362/2230 1274/2381/2247
f 1275/2397/2257 1274/2381/2247 1280/2379/2245
f 1270/2364/2231 1275/2397/2257 1276/2366/2233
f 1276/2366/2233 1275/2397/2257 1281/2398/2258
f 1276/2366/2233 1281/2398/2258 1282/2368/2235
f 1282/2368/2235 1281/2398/2258 1287/2399/2259
f 1282/2368/2235 1287/2399/2259 1288/2370/2237
f 1288/2370/2237 1287/2399/2259 1293/2373/2240
f 1281/2398/2258 1275/2397/2257 1280/2379/2245
f 1287/2399/2259 1281/2398/2258 1286/2377/2243
f 1286/2377/2243 1281/2398/2258 1280/2379/2245
f 1293/2373/2240 1287/2399/2259 1292/2375/2241
f 1292/2375/2241 1287/2399/2259 1286/2377/2243
f 1143/2400/2097 1268/2401/2256 1144/2402/2095
f 1144/2402/2095 1268/2401/2256 1303/2403/2260
f 1144/2402/2095 1303/2403/2260 1145/2404/2117
f 1145/2404/2117 1303/2403/2260 1308/2405/2261
f 1145/2404/2117 1308/2405/2261 1146/2406/2116
f 1146/2406/2116 1308/2405/2261 1313/2407/2262
f 1146/2406/2116 1313/2407/2262 1147/2408/2119
f 1147/2408/2119 1313/2407/2262 1318/2409/2263
f 1147/2408/2119 1318/2409/2263 1148/2410/2121
f 1148/2410/2121 1318/2409/2263 1323/2411/2264
f 1148/2410/2121 1323/2411/2264 1124/2412/2067
f 1124/2412/2067 1323/2411/2264 1298/2413/2265
f 1298/2413/2265 1323/2411/2264 1322/2414/2266
f 1298/2413/2265 1322/2414/2266 1297/2415/2267
f 1297/2415/2267 1322/2414/2266 1321/2416/2268
f 1297/2415/2267 1321/2416/2268 1296/2417/2269
f 1296/2417/2269 1321/2416/2268 1320/2418/2270
f 1296/2417/2269 1320/2418/2270 1295/2419/2271
f 1295/2419/2271 1320/2418/2270 1319/2420/2272
f 1295/2419/2271 1319/2420/2272 1294/2421/2273
f 1294/2421/2273 1319/2420/2272 1112/2422/2061
f 1294/2421/2273 1112/2422/2061 1111/2423/2051
f 1268/2401/2256 1267/2424/2254 1303/2403/2260
f 1303/2403/2260 1267/2424/2254 1302/2425/2274
f 1303/2403/2260 1302/2425/2274 1308/2405/2261
f 1308/2405/2261 1302/2425/2274 1307/2426/2275
f 1308/2405/2261 1307/2426/2275 1313/2407/2262
f 1313/2407/2262 1307/2426/2275 1312/2427/2276
f 1313/2407/2262 1312/2427/2276 1318/2409/2263
f 1318/2409/2263 1312/2427/2276 1317/2428/2277
f 1318/2409/2263 1317/2428/2277 1323/2411/2264
f 1323/2411/2264 1317/2428/2277 1322/2414/2266
f 1267/2424/2254 1266/2429/2251 1302/2425/2274
f 1302/2425/2274 1266/2429/2251 1301/2430/2278
f 1302/2425/2274 1301/2430/2278 1307/2426/2275
f 1307/2426/2275 1301/2430/2278 1306/2431/2279
f 1307/2426/2275 1306/2431/2279 1312/2427/2276
f 1312/2427/2276 1306/2431/2279 1311/2432/2280
f 1312/2427/2276 1311/2432/2280 1317/2428/2277
f 1317/2428/2277 1311/2432/2280 1316/2433/2281
f 1317/2428/2277 1316/2433/2281 1322/2414/2266
f 1322/2414/2266 1316/2433/2281 1321/2416/2268
f 1266/2429/2251 1265/2434/2238 1301/2430/2278
f 1301/2430/2278 1265/2434/2238 1300/2435/2282
f 1301/2430/2278 1300/2435/2282 1306/2431/2279
f 1306/2431/2279 1300/2435/2282 1305/2436/2283
f 1306/2431/2279 1305/2436/2283 1311/2432/2280
f 1311/2432/2280 1305/2436/2283 1310/2437/2284
f 1311/2432/2280 1310/2437/2284 1316/2433/2281
f 1316/2433/2281 1310/2437/2284 1315/2438/2285
f 1316/2433/2281 1315/2438/2285 1321/2416/2268
f 1321/2416/2268 1315/2438/2285 1320/2418/2270
f 1265/2434/2238 1264/2439/2239 1300/2435/2282
f 1300/2435/2282 1264/2439/2239 1299/2440/2286
f 1300/2435/2282 1299/2440/2286 1305/2436/2283
f 1305/2436/2283 1299/2440/2286 1304/2441/2287
f 1305/2436/2283 1304/2441/2287 1310/2437/2284
f 1310/2437/2284 1304/2441/2287 1309/2442/2288
f 1310/2437/2284 1309/2442/2288 1315/2438/2285
f 1315/2438/2285 1309/2442/2288 1314/2443/2289
f 1315/2438/2285 1314/2443/2289 1320/2418/2270
f 1320/2418/2270 1314/2443/2289 1319/2420/2272
f 1264/2439/2239 1117/2444/2060 1299/2440/2286
f 1299/2440/2286 1117/2444/2060 1116/2445/2065
f 1299/2440/2286 1116/2445/2065 1304/2441/2287
f 1304/2441/2287 1116/2445/2065 1115/2446/2064
f 1304/2441/2287 1115/2446/2064 1309/2442/2288
f 1309/2442/2288 1115/2446/2064 1114/2447/2063
f 1309/2442/2288 1114/2447/2063 1314/2443/2289
f 1314/2443/2289 1114/2447/2063 1113/2448/2062
f 1314/2443/2289 1113/2448/2062 1319/2420/2272
f 1319/2420/2272 1113/2448/2062 1112/2422/2061
f 1110/2449/2059 1142/2450/2290 1111/2451/2051
f 1111/2451/2051 1142/2450/2290 1294/2452/2273
f 1294/2452/2273 1142/2450/2290 1326/2453/2291
f 1294/2452/2273 1326/2453/2291 1295/2454/2271
f 1295/2454/2271 1326/2453/2291 1329/2455/2292
f 1295/2454/2271 1329/2455/2292 1296/2456/2269
f 1296/2456/2269 1329/2455/2292 1332/2457/2293
f 1296/2456/2269 1332/2457/2293 1297/2458/2267
f 1297/2458/2267 1332/2457/2293 1335/2459/2294
f 1297/2458/2267 1335/2459/2294 1298/2460/2265
f 1298/2460/2265 1335/2459/2294 1338/2461/2295
f 1298/2460/2265 1338/2461/2295 1124/2462/2067
f 1124/2462/2067 1338/2461/2295 1337/2463/2296
f 1124/2462/2067 1337/2463/2296 1336/2464/2297
f 1336/2464/2297 1337/2463/2296 1333/2465/2298
f 1336/2464/2297 1333/2465/2298 1136/2466/2299
f 1136/2466/2299 1333/2465/2298 1137/2467/2300
f 1137/2467/2300 1333/2465/2298 1330/2468/2301
f 1137/2467/2300 1330/2468/2301 1138/2469/2302
f 1138/2469/2302 1330/2468/2301 1139/2470/2303
f 1139/2470/2303 1330/2468/2301 1327/2471/2304
f 1139/2470/2303 1327/2471/2304 1140/2472/2305
f 1140/2472/2305 1327/2471/2304 1324/2473/2306
f 1140/2472/2305 1324/2473/2306 1141/2474/2307
f 1141/2474/2307 1324/2473/2306 1142/2450/2290
f 1142/2450/2290 1324/2473/2306 1325/2475/2308
f 1142/2450/2290 1325/2475/2308 1326/2453/2291
f 1326/2453/2291 1325/2475/2308 1329/2455/2292
f 1136/2466/2299 1135/2476/2309 1336/2464/2297
f 1336/2464/2297 1135/2476/2309 1124/2462/2067
f 1135/2476/2309 1125/2477/2069 1124/2462/2067
f 1325/2475/2308 1324/2473/2306 1328/2478/2310
f 1328/2478/2310 1324/2473/2306 1327/2471/2304
f 1328/2478/2310 1327/2471/2304 1331/2479/2311
f 1331/2479/2311 1327/2471/2304 1330/2468/2301
f 1331/2479/2311 1330/2468/2301 1334/2480/2312
f 1334/2480/2312 1330/2468/2301 1333/2465/2298
f 1334/2480/2312 1333/2465/2298 1337/2463/2296
f 1332/2457/2293 1329/2455/2292 1328/2478/2310
f 1328/2478/2310 1329/2455/2292 1325/2475/2308
f 1332/2457/2293 1328/2478/2310 1331/2479/2311
f 1335/2459/2294 1332/2457/2293 1331/2479/2311
f 1335/2459/2294 1331/2479/2311 1334/2480/2312
f 1338/2461/2295 1335/2459/2294 1334/2480/2312
f 1338/2461/2295 1334/2480/2312 1337/2463/2296
f 1340/2481/2313 1350/2482/2314 1339/2483/2315
f 1339/2483/2315 1350/2482/2314 1351/2484/2316
f 1339/2483/2315 1351/2484/2316 1352/2485/2317
f 1352/2485/2317 1351/2484/2316 1355/2486/2318
f 1352/2485/2317 1355/2486/2318 1347/2487/2319
f 1347/2487/2319 1355/2486/2318 1346/2488/2320
f 1346/2488/2320 1355/2486/2318 1358/2489/2321
f 1346/2488/2320 1358/2489/2321 1345/2490/2322
f 1345/2490/2322 1358/2489/2321 1361/2491/2323
f 1345/2490/2322 1361/2491/2323 684/2492/2324
f 684/2492/2324 1361/2491/2323 1364/2493/2325
f 684/2492/2324 1364/2493/2325 354/2494/2326
f 354/2494/2326 1364/2493/2325 355/2495/2327
f 355/2495/2327 1364/2493/2325 356/2496/2328
f 356/2496/2328 1364/2493/2325 161/2497/1249
f 356/2496/2328 161/2497/1249 357/2498/1251
f 1340/2481/2313 1341/2499/2329 1350/2482/2314
f 1350/2482/2314 1341/2499/2329 1353/2500/2330
f 1350/2482/2314 1353/2500/2330 1354/2501/2331
f 1354/2501/2331 1353/2500/2330 1357/2502/2332
f 1354/2501/2331 1357/2502/2332 1358/2489/2321
f 1358/2489/2321 1357/2502/2332 1361/2491/2323
f 1341/2499/2329 1342/2503/2333 1353/2500/2330
f 1353/2500/2330 1342/2503/2333 1356/2504/2334
f 1353/2500/2330 1356/2504/2334 1357/2502/2332
f 1357/2502/2332 1356/2504/2334 1360/2505/2335
f 1357/2502/2332 1360/2505/2335 1361/2491/2323
f 1361/2491/2323 1360/2505/2335 1364/2493/2325
f 1342/2503/2333 1343/2506/2336 1356/2504/2334
f 1356/2504/2334 1343/2506/2336 1359/2507/2337
f 1356/2504/2334 1359/2507/2337 1360/2505/2335
f 1360/2505/2335 1359/2507/2337 1363/2508/2338
f 1360/2505/2335 1363/2508/2338 1364/2493/2325
f 1364/2493/2325 1363/2508/2338 161/2497/1249
f 1343/2506/2336 1344/2509/2339 1359/2507/2337
f 1359/2507/2337 1344/2509/2339 1362/2510/2340
f 1359/2507/2337 1362/2510/2340 1363/2508/2338
f 1363/2508/2338 1362/2510/2340 705/2511/1437
f 1363/2508/2338 705/2511/1437 161/2497/1249
f 1344/2509/2339 697/2512/1431 1362/2510/2340
f 1362/2510/2340 697/2512/1431 705/2511/1437
f 1347/2487/2319 1348/2513/2341 1352/2485/2317
f 1352/2485/2317 1348/2513/2341 1339/2483/2315
f 1348/2513/2341 1349/2514/2342 1339/2483/2315
f 1355/2486/2318 1351/2484/2316 1354/2501/2331
f 1354/2501/2331 1351/2484/2316 1350/2482/2314
f 1358/2489/2321 1355/2486/2318 1354/2501/2331
f 698/2515/1429 697/2516/1431 1149/2517/2343
f 1149/2517/2343 697/2516/1431 1365/2518/2344
f 1149/2517/2343 1365/2518/2344 1150/2519/2345
f 1150/2519/2345 1365/2518/2344 1151/2520/2346
f 1151/2520/2346 1365/2518/2344 1366/2521/2347
f 1151/2520/2346 1366/2521/2347 1152/2522/2348
f 1152/2522/2348 1366/2521/2347 1367/2523/2349
f 1152/2522/2348 1367/2523/2349 1153/2524/2350
f 1153/2524/2350 1367/2523/2349 1154/2525/2351
f 1154/2525/2351 1367/2523/2349 1368/2526/2352
f 1154/2525/2351 1368/2526/2352 1155/2527/2353
f 1155/2527/2353 1368/2526/2352 1369/2528/2354
f 1155/2527/2353 1369/2528/2354 1156/2529/2355
f 1156/2529/2355 1369/2528/2354 1370/2530/2356
f 1156/2529/2355 1370/2530/2356 1157/2531/2125
f 1340/2532/2357 1339/2533/2315 1390/2534/2358
f 1390/2534/2358 1339/2533/2315 1371/2535/2359
f 1390/2534/2358 1371/2535/2359 1389/2536/2360
f 1389/2536/2360 1371/2535/2359 1372/2537/2361
f 1389/2536/2360 1372/2537/2361 1388/2538/2362
f 1388/2538/2362 1372/2537/2361 1387/2539/2363
f 1388/2538/2362 1387/2539/2363 1402/2540/2364
f 1402/2540/2364 1387/2539/2363 1403/2541/2365
f 1402/2540/2364 1403/2541/2365 1397/2542/2366
f 1397/2542/2366 1403/2541/2365 1396/2543/2367
f 1397/2542/2366 1396/2543/2367 1415/2544/2368
f 1415/2544/2368 1396/2543/2367 1414/2545/2369
f 1415/2544/2368 1414/2545/2369 1428/2546/2370
f 1428/2546/2370 1414/2545/2369 1429/2547/2371
f 1428/2546/2370 1429/2547/2371 1424/2548/2372
f 1424/2548/2372 1429/2547/2371 1423/2549/2373
f 1424/2548/2372 1423/2549/2373 1443/2550/2374
f 1443/2550/2374 1423/2549/2373 1444/2551/2375
f 1443/2550/2374 1444/2551/2375 1439/2552/2376
f 1439/2552/2376 1444/2551/2375 1438/2553/2377
f 1439/2552/2376 1438/2553/2377 1459/2554/2378
f 1459/2554/2378 1438/2553/2377 1460/2555/2379
f 1459/2554/2378 1460/2555/2379 1455/2556/2380
f 1455/2556/2380 1460/2555/2379 1454/2557/2381
f 1455/2556/2380 1454/2557/2381 697/2558/2382
f 1372/2537/2361 1373/2559/2383 1387/2539/2363
f 1387/2539/2363 1373/2559/2383 1386/2560/2384
f 1387/2539/2363 1386/2560/2384 1403/2541/2365
f 1403/2541/2365 1386/2560/2384 1404/2561/2385
f 1403/2541/2365 1404/2561/2385 1396/2543/2367
f 1396/2543/2367 1404/2561/2385 1395/2562/2386
f 1396/2543/2367 1395/2562/2386 1414/2545/2369
f 1414/2545/2369 1395/2562/2386 1413/2563/2387
f 1414/2545/2369 1413/2563/2387 1429/2547/2371
f 1429/2547/2371 1413/2563/2387 1430/2564/2388
f 1429/2547/2371 1430/2564/2388 1423/2549/2373
f 1423/2549/2373 1430/2564/2388 1422/2565/2389
f 1423/2549/2373 1422/2565/2389 1444/2551/2375
f 1444/2551/2375 1422/2565/2389 1445/2566/2390
f 1444/2551/2375 1445/2566/2390 1438/2553/2377
f 1438/2553/2377 1445/2566/2390 1437/2567/2391
f 1438/2553/2377 1437/2567/2391 1460/2555/2379
f 1460/2555/2379 1437/2567/2391 1461/2568/2392
f 1460/2555/2379 1461/2568/2392 1454/2557/2381
f 1454/2557/2381 1461/2568/2392 1453/2569/2393
f 1454/2557/2381 1453/2569/2393 697/2570/2394
f 1386/2560/2384 1373/2559/2383 1385/2571/2395
f 1385/2571/2395 1373/2559/2383 1374/2572/2396
f 1385/2571/2395 1374/2572/2396 1384/2573/2397
f 1384/2573/2397 1374/2572/2396 1375/2574/2398
f 1384/2573/2397 1375/2574/2398 1383/2575/2399
f 1383/2575/2399 1375/2574/2398 1382/2576/2400
f 1383/2575/2399 1382/2576/2400 1407/2577/2401
f 1407/2577/2401 1382/2576/2400 1408/2578/2402
f 1407/2577/2401 1408/2578/2402 1392/2579/2403
f 1392/2579/2403 1408/2578/2402 1391/2580/2404
f 1392/2579/2403 1391/2580/2404 1410/2581/2405
f 1410/2581/2405 1391/2580/2404 1409/2582/2406
f 1410/2581/2405 1409/2582/2406 1433/2583/2407
f 1433/2583/2407 1409/2582/2406 1380/2584/2408
f 1433/2583/2407 1380/2584/2408 1419/2585/2409
f 1419/2585/2409 1380/2584/2408 1418/2586/2410
f 1419/2585/2409 1418/2586/2410 1448/2587/2411
f 1448/2587/2411 1418/2586/2410 1378/2588/2412
f 1448/2587/2411 1378/2588/2412 1434/2589/2413
f 1434/2589/2413 1378/2588/2412 1376/2590/2414
f 1434/2589/2413 1376/2590/2414 1464/2591/2415
f 1464/2591/2415 1376/2590/2414 1465/2592/2416
f 1464/2591/2415 1465/2592/2416 1450/2593/2417
f 1450/2593/2417 1465/2592/2416 1449/2594/2418
f 1450/2593/2417 1449/2594/2418 697/2595/2419
f 1375/2574/2398 1370/2596/2356 1382/2576/2400
f 1382/2576/2400 1370/2596/2356 1369/2597/2420
f 1382/2576/2400 1369/2597/2420 1408/2578/2402
f 1408/2578/2402 1369/2597/2420 1391/2580/2404
f 1369/2597/2420 1368/2598/2421 1391/2580/2404
f 1391/2580/2404 1368/2598/2421 1409/2582/2406
f 1409/2582/2406 1368/2598/2421 1380/2584/2408
f 1380/2584/2408 1368/2598/2421 1367/2599/2422
f 1380/2584/2408 1367/2599/2422 1418/2586/2410
f 1418/2586/2410 1367/2599/2422 1378/2588/2412
f 1367/2599/2422 1366/2600/2423 1378/2588/2412
f 1378/2588/2412 1366/2600/2423 1376/2590/2414
f 1366/2600/2423 1365/2601/2424 1376/2590/2414
f 1376/2590/2414 1365/2601/2424 1465/2592/2416
f 1465/2592/2416 1365/2601/2424 1449/2594/2418
f 1449/2594/2418 1365/2601/2424 697/2602/2425
f 1343/2603/2426 1377/2604/2427 1344/2605/2428
f 1344/2605/2428 1377/2604/2427 1457/2606/2429
f 1344/2605/2428 1457/2606/2429 697/2607/2430
f 1342/2608/2431 1379/2609/2432 1343/2603/2426
f 1343/2603/2426 1379/2609/2432 1441/2610/2433
f 1343/2603/2426 1441/2610/2433 1377/2604/2427
f 1377/2604/2427 1441/2610/2433 1440/2611/2434
f 1377/2604/2427 1440/2611/2434 1458/2612/2435
f 1458/2612/2435 1440/2611/2434 1439/2552/2376
f 1458/2612/2435 1439/2552/2376 1459/2554/2378
f 1341/2613/2436 1381/2614/2437 1342/2608/2431
f 1342/2608/2431 1381/2614/2437 1426/2615/2438
f 1342/2608/2431 1426/2615/2438 1379/2609/2432
f 1379/2609/2432 1426/2615/2438 1425/2616/2439
f 1379/2609/2432 1425/2616/2439 1442/2617/2440
f 1442/2617/2440 1425/2616/2439 1424/2548/2372
f 1442/2617/2440 1424/2548/2372 1443/2550/2374
f 1340/2532/2357 1399/2618/2441 1341/2613/2436
f 1341/2613/2436 1399/2618/2441 1417/2619/2442
f 1341/2613/2436 1417/2619/2442 1381/2614/2437
f 1381/2614/2437 1417/2619/2442 1416/2620/2443
f 1381/2614/2437 1416/2620/2443 1427/2621/2444
f 1427/2621/2444 1416/2620/2443 1415/2544/2368
f 1427/2621/2444 1415/2544/2368 1428/2546/2370
f 1450/2593/2417 697/2622/2445 1451/2623/2446
f 1451/2623/2446 697/2624/2447 1452/2625/2448
f 1452/2625/2448 697/2626/2449 1453/2569/2393
f 1455/2556/2380 697/2627/2450 1456/2628/2451
f 1456/2628/2451 697/2629/2452 1457/2606/2429
f 1340/2532/2357 1400/2630/2453 1399/2618/2441
f 1399/2618/2441 1400/2630/2453 1401/2631/2454
f 1399/2618/2441 1401/2631/2454 1398/2632/2455
f 1398/2632/2455 1401/2631/2454 1402/2540/2364
f 1398/2632/2455 1402/2540/2364 1397/2542/2366
f 1384/2573/2397 1383/2575/2399 1406/2633/2456
f 1406/2633/2456 1383/2575/2399 1407/2577/2401
f 1406/2633/2456 1407/2577/2401 1393/2634/2457
f 1393/2634/2457 1407/2577/2401 1392/2579/2403
f 1393/2634/2457 1392/2579/2403 1411/2635/2458
f 1411/2635/2458 1392/2579/2403 1410/2581/2405
f 1411/2635/2458 1410/2581/2405 1432/2636/2459
f 1432/2636/2459 1410/2581/2405 1433/2583/2407
f 1432/2636/2459 1433/2583/2407 1420/2637/2460
f 1420/2637/2460 1433/2583/2407 1419/2585/2409
f 1420/2637/2460 1419/2585/2409 1447/2638/2461
f 1447/2638/2461 1419/2585/2409 1448/2587/2411
f 1447/2638/2461 1448/2587/2411 1435/2639/2462
f 1435/2639/2462 1448/2587/2411 1434/2589/2413
f 1435/2639/2462 1434/2589/2413 1463/2640/2463
f 1463/2640/2463 1434/2589/2413 1464/2591/2415
f 1463/2640/2463 1464/2591/2415 1451/2623/2446
f 1451/2623/2446 1464/2591/2415 1450/2593/2417
f 1404/2561/2385 1386/2560/2384 1385/2571/2395
f 1385/2571/2395 1384/2573/2397 1405/2641/2464
f 1405/2641/2464 1384/2573/2397 1406/2633/2456
f 1405/2641/2464 1406/2633/2456 1394/2642/2465
f 1394/2642/2465 1406/2633/2456 1393/2634/2457
f 1394/2642/2465 1393/2634/2457 1412/2643/2466
f 1412/2643/2466 1393/2634/2457 1411/2635/2458
f 1412/2643/2466 1411/2635/2458 1431/2644/2467
f 1431/2644/2467 1411/2635/2458 1432/2636/2459
f 1431/2644/2467 1432/2636/2459 1421/2645/2468
f 1421/2645/2468 1432/2636/2459 1420/2637/2460
f 1421/2645/2468 1420/2637/2460 1446/2646/2469
f 1446/2646/2469 1420/2637/2460 1447/2638/2461
f 1446/2646/2469 1447/2638/2461 1436/2647/2470
f 1436/2647/2470 1447/2638/2461 1435/2639/2462
f 1436/2647/2470 1435/2639/2462 1462/2648/2471
f 1462/2648/2471 1435/2639/2462 1463/2640/2463
f 1462/2648/2471 1463/2640/2463 1452/2625/2448
f 1452/2625/2448 1463/2640/2463 1451/2623/2446
f 1402/2540/2364 1401/2631/2454 1388/2538/2362
f 1388/2538/2362 1401/2631/2454 1389/2536/2360
f 1401/2631/2454 1400/2630/2453 1389/2536/2360
f 1389/2536/2360 1400/2630/2453 1390/2534/2358
f 1394/2642/2465 1395/2562/2386 1405/2641/2464
f 1405/2641/2464 1395/2562/2386 1404/2561/2385
f 1405/2641/2464 1404/2561/2385 1385/2571/2395
f 1395/2562/2386 1394/2642/2465 1413/2563/2387
f 1413/2563/2387 1394/2642/2465 1412/2643/2466
f 1413/2563/2387 1412/2643/2466 1430/2564/2388
f 1430/2564/2388 1412/2643/2466 1431/2644/2467
f 1430/2564/2388 1431/2644/2467 1422/2565/2389
f 1422/2565/2389 1431/2644/2467 1421/2645/2468
f 1422/2565/2389 1421/2645/2468 1445/2566/2390
f 1445/2566/2390 1421/2645/2468 1446/2646/2469
f 1445/2566/2390 1446/2646/2469 1437/2567/2391
f 1437/2567/2391 1446/2646/2469 1436/2647/2470
f 1437/2567/2391 1436/2647/2470 1461/2568/2392
f 1461/2568/2392 1436/2647/2470 1462/2648/2471
f 1461/2568/2392 1462/2648/2471 1453/2569/2393
f 1453/2569/2393 1462/2648/2471 1452/2625/2448
f 1417/2619/2442 1399/2618/2441 1398/2632/2455
f 1415/2544/2368 1416/2620/2443 1397/2542/2366
f 1397/2542/2366 1416/2620/2443 1398/2632/2455
f 1416/2620/2443 1417/2619/2442 1398/2632/2455
f 1400/2630/2453 1340/2532/2357 1390/2534/2358
f 1427/2621/2444 1428/2546/2370 1425/2616/2439
f 1425/2616/2439 1428/2546/2370 1424/2548/2372
f 1381/2614/2437 1427/2621/2444 1426/2615/2438
f 1426/2615/2438 1427/2621/2444 1425/2616/2439
f 1442/2617/2440 1443/2550/2374 1440/2611/2434
f 1440/2611/2434 1443/2550/2374 1439/2552/2376
f 1379/2609/2432 1442/2617/2440 1441/2610/2433
f 1441/2610/2433 1442/2617/2440 1440/2611/2434
f 1458/2612/2435 1459/2554/2378 1456/2628/2451
f 1456/2628/2451 1459/2554/2378 1455/2556/2380
f 1377/2604/2427 1458/2612/2435 1457/2606/2429
f 1457/2606/2429 1458/2612/2435 1456/2628/2451
f 1339/2649/2315 1466/2650/2472 1473/2651/2473
f 1473/2651/2473 1466/2650/2472 1467/2652/2474
f 1473/2651/2473 1467/2652/2474 1474/2653/2475
f 1474/2653/2475 1467/2652/2474 1468/2654/2476
f 1474/2653/2475 1468/2654/2476 1475/2655/2477
f 1475/2655/2477 1468/2654/2476 1469/2656/2478
f 1475/2655/2477 1469/2656/2478 1476/2657/2479
f 1476/2657/2479 1469/2656/2478 1470/2658/2480
f 1476/2657/2479 1470/2658/2480 1477/2659/2481
f 1477/2659/2481 1470/2658/2480 1471/2660/2482
f 1477/2659/2481 1471/2660/2482 1472/2661/2483
f 1472/2661/2483 1370/2662/2356 1477/2659/2481
f 1477/2659/2481 1370/2662/2356 1375/2663/2484
f 1477/2659/2481 1375/2663/2484 1476/2657/2479
f 1476/2657/2479 1375/2663/2484 1374/2664/2485
f 1476/2657/2479 1374/2664/2485 1475/2655/2477
f 1475/2655/2477 1374/2664/2485 1373/2665/2383
f 1475/2655/2477 1373/2665/2383 1474/2653/2475
f 1474/2653/2475 1373/2665/2383 1372/2666/2486
f 1474/2653/2475 1372/2666/2486 1473/2651/2473
f 1473/2651/2473 1372/2666/2486 1371/2667/2487
f 1473/2651/2473 1371/2667/2487 1339/2649/2315
f 1466/2668/2472 1339/2669/2315 1478/2670/2488
f 1478/2670/2488 1339/2669/2315 1349/2671/2342
f 978/2672/1900 1472/2673/2483 979/2674/2489
f 979/2674/2489 1472/2673/2483 1479/2675/2490
f 979/2674/2489 1479/2675/2490 980/2676/2491
f 980/2676/2491 1479/2675/2490 1480/2677/2492
f 980/2676/2491 1480/2677/2492 981/2678/2493
f 981/2678/2493 1480/2677/2492 1481/2679/2494
f 981/2678/2493 1481/2679/2494 982/2680/2495
f 982/2680/2495 1481/2679/2494 983/2681/2496
f 983/2681/2496 1481/2679/2494 1482/2682/2497
f 983/2681/2496 1482/2682/2497 984/2683/2498
f 984/2683/2498 1482/2682/2497 1483/2684/2499
f 984/2683/2498 1483/2684/2499 985/2685/2500
f 985/2685/2500 1483/2684/2499 986/2686/2501
f 986/2686/2501 1483/2684/2499 722/2687/1458
f 986/2686/2501 722/2687/1458 730/2688/1463
f 723/2689/1456 722/2690/1458 1494/2691/2502
f 1494/2691/2502 722/2690/1458 1484/2692/2503
f 1494/2691/2502 1484/2692/2503 1497/2693/2504
f 1497/2693/2504 1484/2692/2503 1485/2694/2505
f 1497/2693/2504 1485/2694/2505 1500/2695/2506
f 1500/2695/2506 1485/2694/2505 1486/2696/2507
f 1500/2695/2506 1486/2696/2507 1503/2697/2508
f 1503/2697/2508 1486/2696/2507 1487/2698/2509
f 1503/2697/2508 1487/2698/2509 1506/2699/2510
f 1506/2699/2510 1487/2698/2509 1488/2700/2511
f 1506/2699/2510 1488/2700/2511 1466/2701/2472
f 1506/2699/2510 1466/2701/2472 1507/2702/2512
f 1507/2702/2512 1466/2701/2472 1478/2703/2488
f 1507/2702/2512 1478/2703/2488 1508/2704/2513
f 1508/2704/2513 1478/2703/2488 1489/2705/2514
f 1508/2704/2513 1489/2705/2514 1490/2706/2515
f 1508/2704/2513 1490/2706/2515 1505/2707/2516
f 1505/2707/2516 1490/2706/2515 1491/2708/2517
f 1505/2707/2516 1491/2708/2517 1502/2709/2518
f 1502/2709/2518 1491/2708/2517 1492/2710/2519
f 1502/2709/2518 1492/2710/2519 1499/2711/2520
f 1499/2711/2520 1492/2710/2519 1493/2712/2521
f 1499/2711/2520 1493/2712/2521 1496/2713/2522
f 1496/2713/2522 1493/2712/2521 337/2714/2523
f 1496/2713/2522 337/2714/2523 336/2715/2524
f 336/2715/2524 335/2716/2525 1496/2713/2522
f 1496/2713/2522 335/2716/2525 723/2689/1456
f 1496/2713/2522 723/2689/1456 1495/2717/2526
f 1495/2717/2526 723/2689/1456 1494/2691/2502
f 1495/2717/2526 1494/2691/2502 1498/2718/2527
f 1498/2718/2527 1494/2691/2502 1497/2693/2504
f 1498/2718/2527 1497/2693/2504 1501/2719/2528
f 1501/2719/2528 1497/2693/2504 1500/2695/2506
f 1501/2719/2528 1500/2695/2506 1504/2720/2529
f 1504/2720/2529 1500/2695/2506 1503/2697/2508
f 1504/2720/2529 1503/2697/2508 1507/2702/2512
f 1507/2702/2512 1503/2697/2508 1506/2699/2510
f 334/2721/1256 162/2722/1254 335/2716/2525
f 335/2716/2525 162/2722/1254 723/2689/1456
f 1499/2711/2520 1496/2713/2522 1495/2717/2526
f 1499/2711/2520 1495/2717/2526 1498/2718/2527
f 1502/2709/2518 1499/2711/2520 1498/2718/2527
f 1502/2709/2518 1498/2718/2527 1501/2719/2528
f 1505/2707/2516 1502/2709/2518 1501/2719/2528
f 1505/2707/2516 1501/2719/2528 1504/2720/2529
f 1508/2704/2513 1505/2707/2516 1504/2720/2529
f 1508/2704/2513 1504/2720/2529 1507/2702/2512
f 1479/2723/2530 1472/2724/2483 1523/2725/2531
f 1523/2725/2531 1472/2724/2483 1471/2726/2532
f 1523/2725/2531 1471/2726/2532 1522/2727/2533
f 1522/2727/2533 1471/2726/2532 1470/2728/2534
f 1522/2727/2533 1470/2728/2534 1521/2729/2535
f 1521/2729/2535 1470/2728/2534 1520/2730/2536
f 1521/2729/2535 1520/2730/2536 1535/2731/2537
f 1535/2731/2537 1520/2730/2536 1536/2732/2538
f 1535/2731/2537 1536/2732/2538 1530/2733/2539
f 1530/2733/2539 1536/2732/2538 1529/2734/2540
f 1530/2733/2539 1529/2734/2540 1548/2735/2541
f 1548/2735/2541 1529/2734/2540 1547/2736/2542
f 1548/2735/2541 1547/2736/2542 1561/2737/2543
f 1561/2737/2543 1547/2736/2542 1562/2738/2544
f 1561/2737/2543 1562/2738/2544 1557/2739/2545
f 1557/2739/2545 1562/2738/2544 1556/2740/2546
f 1557/2739/2545 1556/2740/2546 1576/2741/2547
f 1576/2741/2547 1556/2740/2546 1577/2742/2548
f 1576/2741/2547 1577/2742/2548 1572/2743/2549
f 1572/2743/2549 1577/2742/2548 1571/2744/2550
f 1572/2743/2549 1571/2744/2550 1592/2745/2551
f 1592/2745/2551 1571/2744/2550 1593/2746/2552
f 1592/2745/2551 1593/2746/2552 1588/2747/2553
f 1588/2747/2553 1593/2746/2552 1587/2748/2554
f 1588/2747/2553 1587/2748/2554 722/2749/2555
f 1470/2728/2534 1469/2750/2478 1520/2730/2536
f 1520/2730/2536 1469/2750/2478 1519/2751/2556
f 1520/2730/2536 1519/2751/2556 1536/2732/2538
f 1536/2732/2538 1519/2751/2556 1537/2752/2557
f 1536/2732/2538 1537/2752/2557 1529/2734/2540
f 1529/2734/2540 1537/2752/2557 1528/2753/2558
f 1529/2734/2540 1528/2753/2558 1547/2736/2542
f 1547/2736/2542 1528/2753/2558 1546/2754/2559
f 1547/2736/2542 1546/2754/2559 1562/2738/2544
f 1562/2738/2544 1546/2754/2559 1563/2755/2560
f 1562/2738/2544 1563/2755/2560 1556/2740/2546
f 1556/2740/2546 1563/2755/2560 1555/2756/2561
f 1556/2740/2546 1555/2756/2561 1577/2742/2548
f 1577/2742/2548 1555/2756/2561 1578/2757/2562
f 1577/2742/2548 1578/2757/2562 1571/2744/2550
f 1571/2744/2550 1578/2757/2562 1570/2758/2563
f 1571/2744/2550 1570/2758/2563 1593/2746/2552
f 1593/2746/2552 1570/2758/2563 1594/2759/2564
f 1593/2746/2552 1594/2759/2564 1587/2748/2554
f 1587/2748/2554 1594/2759/2564 1586/2760/2565
f 1587/2748/2554 1586/2760/2565 722/2761/2566
f 1519/2751/2556 1469/2750/2478 1518/2762/2567
f 1518/2762/2567 1469/2750/2478 1468/2763/2568
f 1518/2762/2567 1468/2763/2568 1517/2764/2569
f 1517/2764/2569 1468/2763/2568 1467/2765/2570
f 1517/2764/2569 1467/2765/2570 1516/2766/2571
f 1516/2766/2571 1467/2765/2570 1515/2767/2572
f 1516/2766/2571 1515/2767/2572 1540/2768/2573
f 1540/2768/2573 1515/2767/2572 1541/2769/2574
f 1540/2768/2573 1541/2769/2574 1525/2770/2575
f 1525/2770/2575 1541/2769/2574 1524/2771/2576
f 1525/2770/2575 1524/2771/2576 1543/2772/2577
f 1543/2772/2577 1524/2771/2576 1542/2773/2578
f 1543/2772/2577 1542/2773/2578 1566/2774/2579
f 1566/2774/2579 1542/2773/2578 1513/2775/2580
f 1566/2774/2579 1513/2775/2580 1552/2776/2581
f 1552/2776/2581 1513/2775/2580 1551/2777/2582
f 1552/2776/2581 1551/2777/2582 1581/2778/2583
f 1581/2778/2583 1551/2777/2582 1511/2779/2584
f 1581/2778/2583 1511/2779/2584 1567/2780/2585
f 1567/2780/2585 1511/2779/2584 1509/2781/2586
f 1567/2780/2585 1509/2781/2586 1597/2782/2587
f 1597/2782/2587 1509/2781/2586 1598/2783/2588
f 1597/2782/2587 1598/2783/2588 1583/2784/2589
f 1583/2784/2589 1598/2783/2588 1582/2785/2590
f 1583/2784/2589 1582/2785/2590 722/2786/2591
f 1467/2765/2570 1466/2787/2472 1515/2767/2572
f 1515/2767/2572 1466/2787/2472 1488/2788/2592
f 1515/2767/2572 1488/2788/2592 1541/2769/2574
f 1541/2769/2574 1488/2788/2592 1524/2771/2576
f 1488/2788/2592 1487/2789/2593 1524/2771/2576
f 1524/2771/2576 1487/2789/2593 1542/2773/2578
f 1542/2773/2578 1487/2789/2593 1513/2775/2580
f 1513/2775/2580 1487/2789/2593 1486/2790/2594
f 1513/2775/2580 1486/2790/2594 1551/2777/2582
f 1551/2777/2582 1486/2790/2594 1511/2779/2584
f 1486/2790/2594 1485/2791/2595 1511/2779/2584
f 1511/2779/2584 1485/2791/2595 1509/2781/2586
f 1485/2791/2595 1484/2792/2596 1509/2781/2586
f 1509/2781/2586 1484/2792/2596 1598/2783/2588
f 1598/2783/2588 1484/2792/2596 1582/2785/2590
f 1582/2785/2590 1484/2792/2596 722/2793/2597
f 1482/2794/2598 1510/2795/2599 1483/2796/2600
f 1483/2796/2600 1510/2795/2599 1590/2797/2601
f 1483/2796/2600 1590/2797/2601 722/2798/2602
f 1481/2799/2603 1512/2800/2604 1482/2794/2598
f 1482/2794/2598 1512/2800/2604 1574/2801/2605
f 1482/2794/2598 1574/2801/2605 1510/2795/2599
f 1510/2795/2599 1574/2801/2605 1573/2802/2606
f 1510/2795/2599 1573/2802/2606 1591/2803/2607
f 1591/2803/2607 1573/2802/2606 1572/2743/2549
f 1591/2803/2607 1572/2743/2549 1592/2745/2551
f 1480/2804/2608 1514/2805/2609 1481/2799/2603
f 1481/2799/2603 1514/2805/2609 1559/2806/2610
f 1481/2799/2603 1559/2806/2610 1512/2800/2604
f 1512/2800/2604 1559/2806/2610 1558/2807/2611
f 1512/2800/2604 1558/2807/2611 1575/2808/2612
f 1575/2808/2612 1558/2807/2611 1557/2739/2545
f 1575/2808/2612 1557/2739/2545 1576/2741/2547
f 1479/2723/2530 1532/2809/2613 1480/2804/2608
f 1480/2804/2608 1532/2809/2613 1550/2810/2614
f 1480/2804/2608 1550/2810/2614 1514/2805/2609
f 1514/2805/2609 1550/2810/2614 1549/2811/2615
f 1514/2805/2609 1549/2811/2615 1560/2812/2616
f 1560/2812/2616 1549/2811/2615 1548/2735/2541
f 1560/2812/2616 1548/2735/2541 1561/2737/2543
f 1583/2784/2589 722/2813/2617 1584/2814/2618
f 1584/2814/2618 722/2815/2619 1585/2816/2620
f 1585/2816/2620 722/2817/2621 1586/2760/2565
f 1588/2747/2553 722/2818/2622 1589/2819/2623
f 1589/2819/2623 722/2820/2624 1590/2797/2601
f 1479/2723/2530 1533/2821/2625 1532/2809/2613
f 1532/2809/2613 1533/2821/2625 1534/2822/2626
f 1532/2809/2613 1534/2822/2626 1531/2823/2627
f 1531/2823/2627 1534/2822/2626 1535/2731/2537
f 1531/2823/2627 1535/2731/2537 1530/2733/2539
f 1517/2764/2569 1516/2766/2571 1539/2824/2628
f 1539/2824/2628 1516/2766/2571 1540/2768/2573
f 1539/2824/2628 1540/2768/2573 1526/2825/2629
f 1526/2825/2629 1540/2768/2573 1525/2770/2575
f 1526/2825/2629 1525/2770/2575 1544/2826/2630
f 1544/2826/2630 1525/2770/2575 1543/2772/2577
f 1544/2826/2630 1543/2772/2577 1565/2827/2631
f 1565/2827/2631 1543/2772/2577 1566/2774/2579
f 1565/2827/2631 1566/2774/2579 1553/2828/2632
f 1553/2828/2632 1566/2774/2579 1552/2776/2581
f 1553/2828/2632 1552/2776/2581 1580/2829/2633
f 1580/2829/2633 1552/2776/2581 1581/2778/2583
f 1580/2829/2633 1581/2778/2583 1568/2830/2634
f 1568/2830/2634 1581/2778/2583 1567/2780/2585
f 1568/2830/2634 1567/2780/2585 1596/2831/2635
f 1596/2831/2635 1567/2780/2585 1597/2782/2587
f 1596/2831/2635 1597/2782/2587 1584/2814/2618
f 1584/2814/2618 1597/2782/2587 1583/2784/2589
f 1537/2752/2557 1519/2751/2556 1518/2762/2567
f 1518/2762/2567 1517/2764/2569 1538/2832/2636
f 1538/2832/2636 1517/2764/2569 1539/2824/2628
f 1538/2832/2636 1539/2824/2628 1527/2833/2637
f 1527/2833/2637 1539/2824/2628 1526/2825/2629
f 1527/2833/2637 1526/2825/2629 1545/2834/2638
f 1545/2834/2638 1526/2825/2629 1544/2826/2630
f 1545/2834/2638 1544/2826/2630 1564/2835/2639
f 1564/2835/2639 1544/2826/2630 1565/2827/2631
f 1564/2835/2639 1565/2827/2631 1554/2836/2640
f 1554/2836/2640 1565/2827/2631 1553/2828/2632
f 1554/2836/2640 1553/2828/2632 1579/2837/2641
f 1579/2837/2641 1553/2828/2632 1580/2829/2633
f 1579/2837/2641 1580/2829/2633 1569/2838/2642
f 1569/2838/2642 1580/2829/2633 1568/2830/2634
f 1569/2838/2642 1568/2830/2634 1595/2839/2643
f 1595/2839/2643 1568/2830/2634 1596/2831/2635
f 1595/2839/2643 1596/2831/2635 1585/2816/2620
f 1585/2816/2620 1596/2831/2635 1584/2814/2618
f 1535/2731/2537 1534/2822/2626 1521/2729/2535
f 1521/2729/2535 1534/2822/2626 1522/2727/2533
f 1534/2822/2626 1533/2821/2625 1522/2727/2533
f 1522/2727/2533 1533/2821/2625 1523/2725/2531
f 1527/2833/2637 1528/2753/2558 1538/2832/2636
f 1538/2832/2636 1528/2753/2558 1537/2752/2557
f 1538/2832/2636 1537/2752/2557 1518/2762/2567
f 1528/2753/2558 1527/2833/2637 1546/2754/2559
f 1546/2754/2559 1527/2833/2637 1545/2834/2638
f 1546/2754/2559 1545/2834/2638 1563/2755/2560
f 1563/2755/2560 1545/2834/2638 1564/2835/2639
f 1563/2755/2560 1564/2835/2639 1555/2756/2561
f 1555/2756/2561 1564/2835/2639 1554/2836/2640
f 1555/2756/2561 1554/2836/2640 1578/2757/2562
f 1578/2757/2562 1554/2836/2640 1579/2837/2641
f 1578/2757/2562 1579/2837/2641 1570/2758/2563
f 1570/2758/2563 1579/2837/2641 1569/2838/2642
f 1570/2758/2563 1569/2838/2642 1594/2759/2564
f 1594/2759/2564 1569/2838/2642 1595/2839/2643
f 1594/2759/2564 1595/2839/2643 1586/2760/2565
f 1586/2760/2565 1595/2839/2643 1585/2816/2620
f 1550/2810/2614 1532/2809/2613 1531/2823/2627
f 1548/2735/2541 1549/2811/2615 1530/2733/2539
f 1530/2733/2539 1549/2811/2615 1531/2823/2627
f 1549/2811/2615 1550/2810/2614 1531/2823/2627
f 1533/2821/2625 1479/2723/2530 1523/2725/2531
f 1560/2812/2616 1561/2737/2543 1558/2807/2611
f 1558/2807/2611 1561/2737/2543 1557/2739/2545
f 1514/2805/2609 1560/2812/2616 1559/2806/2610
f 1559/2806/2610 1560/2812/2616 1558/2807/2611
f 1575/2808/2612 1576/2741/2547 1573/2802/2606
f 1573/2802/2606 1576/2741/2547 1572/2743/2549
f 1512/2800/2604 1575/2808/2612 1574/2801/2605
f 1574/2801/2605 1575/2808/2612 1573/2802/2606
f 1591/2803/2607 1592/2745/2551 1589/2819/2623
f 1589/2819/2623 1592/2745/2551 1588/2747/2553
f 1510/2795/2599 1591/2803/2607 1590/2797/2601
f 1590/2797/2601 1591/2803/2607 1589/2819/2623
f 1600/2840/2644 1605/2841/2645 1599/2842/2646
f 1599/2842/2646 1605/2841/2645 1606/2843/2647
f 1599/2842/2646 1606/2843/2647 1607/2844/2648
f 1607/2844/2648 1606/2843/2647 1610/2845/2649
f 1607/2844/2648 1610/2845/2649 638/2846/2650
f 638/2846/2650 1610/2845/2649 639/2847/2651
f 639/2847/2651 1610/2845/2649 1613/2848/2652
f 639/2847/2651 1613/2848/2652 640/2849/2653
f 640/2849/2653 1613/2848/2652 1616/2850/2654
f 640/2849/2653 1616/2850/2654 641/2851/2655
f 641/2851/2655 1616/2850/2654 1619/2852/2656
f 641/2851/2655 1619/2852/2656 393/2853/2657
f 393/2853/2657 1619/2852/2656 394/2854/2658
f 394/2854/2658 1619/2852/2656 395/2855/2659
f 395/2855/2659 1619/2852/2656 144/2856/1267
f 395/2855/2659 144/2856/1267 396/2857/1269
f 1600/2840/2644 1601/2858/2660 1605/2841/2645
f 1605/2841/2645 1601/2858/2660 1608/2859/2661
f 1605/2841/2645 1608/2859/2661 1609/2860/2662
f 1609/2860/2662 1608/2859/2661 1612/2861/2663
f 1609/2860/2662 1612/2861/2663 1613/2848/2652
f 1613/2848/2652 1612/2861/2663 1616/2850/2654
f 1601/2858/2660 1602/2862/2664 1608/2859/2661
f 1608/2859/2661 1602/2862/2664 1611/2863/2665
f 1608/2859/2661 1611/2863/2665 1612/2861/2663
f 1612/2861/2663 1611/2863/2665 1615/2864/2666
f 1612/2861/2663 1615/2864/2666 1616/2850/2654
f 1616/2850/2654 1615/2864/2666 1619/2852/2656
f 1602/2862/2664 1603/2865/2667 1611/2863/2665
f 1611/2863/2665 1603/2865/2667 1614/2866/2668
f 1611/2863/2665 1614/2866/2668 1615/2864/2666
f 1615/2864/2666 1614/2866/2668 1618/2867/2669
f 1615/2864/2666 1618/2867/2669 1619/2852/2656
f 1619/2852/2656 1618/2867/2669 144/2856/1267
f 1603/2865/2667 1604/2868/2670 1614/2866/2668
f 1614/2866/2668 1604/2868/2670 1617/2869/2671
f 1614/2866/2668 1617/2869/2671 1618/2867/2669
f 1618/2867/2669 1617/2869/2671 657/2870/1446
f 1618/2867/2669 657/2870/1446 144/2856/1267
f 1604/2868/2670 706/2871/1440 1617/2869/2671
f 1617/2869/2671 706/2871/1440 657/2870/1446
f 638/2846/2650 637/2872/2672 1607/2844/2648
f 1607/2844/2648 637/2872/2672 1599/2842/2646
f 637/2872/2672 636/2873/2673 1599/2842/2646
f 1610/2845/2649 1606/2843/2647 1609/2860/2662
f 1609/2860/2662 1606/2843/2647 1605/2841/2645
f 1613/2848/2652 1610/2845/2649 1609/2860/2662
f 707/2874/1438 706/2875/1440 833/2876/2674
f 833/2876/2674 706/2875/1440 1620/2877/2675
f 833/2876/2674 1620/2877/2675 834/2878/2676
f 834/2878/2676 1620/2877/2675 835/2879/2677
f 835/2879/2677 1620/2877/2675 1621/2880/2678
f 835/2879/2677 1621/2880/2678 836/2881/2679
f 836/2881/2679 1621/2880/2678 1622/2882/2680
f 836/2881/2679 1622/2882/2680 837/2883/2681
f 837/2883/2681 1622/2882/2680 838/2884/2682
f 838/2884/2682 1622/2882/2680 1623/2885/2683
f 838/2884/2682 1623/2885/2683 839/2886/2684
f 839/2886/2684 1623/2885/2683 1624/2887/2685
f 839/2886/2684 1624/2887/2685 840/2888/2686
f 840/2888/2686 1624/2887/2685 1625/2889/2687
f 840/2888/2686 1625/2889/2687 841/2890/1730
f 1600/2891/2688 1599/2892/2646 1645/2893/2689
f 1645/2893/2689 1599/2892/2646 1626/2894/2690
f 1645/2893/2689 1626/2894/2690 1644/2895/2691
f 1644/2895/2691 1626/2894/2690 1627/2896/2692
f 1644/2895/2691 1627/2896/2692 1643/2897/2693
f 1643/2897/2693 1627/2896/2692 1642/2898/2694
f 1643/2897/2693 1642/2898/2694 1657/2899/2695
f 1657/2899/2695 1642/2898/2694 1658/2900/2696
f 1657/2899/2695 1658/2900/2696 1652/2901/2697
f 1652/2901/2697 1658/2900/2696 1651/2902/2698
f 1652/2901/2697 1651/2902/2698 1670/2903/2699
f 1670/2903/2699 1651/2902/2698 1669/2904/2700
f 1670/2903/2699 1669/2904/2700 1683/2905/2701
f 1683/2905/2701 1669/2904/2700 1684/2906/2702
f 1683/2905/2701 1684/2906/2702 1679/2907/2703
f 1679/2907/2703 1684/2906/2702 1678/2908/2704
f 1679/2907/2703 1678/2908/2704 1698/2909/2705
f 1698/2909/2705 1678/2908/2704 1699/2910/2706
f 1698/2909/2705 1699/2910/2706 1694/2911/2707
f 1694/2911/2707 1699/2910/2706 1693/2912/2708
f 1694/2911/2707 1693/2912/2708 1714/2913/2709
f 1714/2913/2709 1693/2912/2708 1715/2914/2710
f 1714/2913/2709 1715/2914/2710 1710/2915/2711
f 1710/2915/2711 1715/2914/2710 1709/2916/2712
f 1710/2915/2711 1709/2916/2712 706/2917/2713
f 1627/2896/2692 1628/2918/2714 1642/2898/2694
f 1642/2898/2694 1628/2918/2714 1641/2919/2715
f 1642/2898/2694 1641/2919/2715 1658/2900/2696
f 1658/2900/2696 1641/2919/2715 1659/2920/2716
f 1658/2900/2696 1659/2920/2716 1651/2902/2698
f 1651/2902/2698 1659/2920/2716 1650/2921/2717
f 1651/2902/2698 1650/2921/2717 1669/2904/2700
f 1669/2904/2700 1650/2921/2717 1668/2922/2718
f 1669/2904/2700 1668/2922/2718 1684/2906/2702
f 1684/2906/2702 1668/2922/2718 1685/2923/2719
f 1684/2906/2702 1685/2923/2719 1678/2908/2704
f 1678/2908/2704 1685/2923/2719 1677/2924/2720
f 1678/2908/2704 1677/2924/2720 1699/2910/2706
f 1699/2910/2706 1677/2924/2720 1700/2925/2721
f 1699/2910/2706 1700/2925/2721 1693/2912/2708
f 1693/2912/2708 1700/2925/2721 1692/2926/2722
f 1693/2912/2708 1692/2926/2722 1715/2914/2710
f 1715/2914/2710 1692/2926/2722 1716/2927/2723
f 1715/2914/2710 1716/2927/2723 1709/2916/2712
f 1709/2916/2712 1716/2927/2723 1708/2928/2724
f 1709/2916/2712 1708/2928/2724 706/2929/2725
f 1641/2919/2715 1628/2918/2714 1640/2930/2726
f 1640/2930/2726 1628/2918/2714 1629/2931/2727
f 1640/2930/2726 1629/2931/2727 1639/2932/2728
f 1639/2932/2728 1629/2931/2727 1630/2933/2729
f 1639/2932/2728 1630/2933/2729 1638/2934/2730
f 1638/2934/2730 1630/2933/2729 1637/2935/2731
f 1638/2934/2730 1637/2935/2731 1662/2936/2732
f 1662/2936/2732 1637/2935/2731 1663/2937/2733
f 1662/2936/2732 1663/2937/2733 1647/2938/2734
f 1647/2938/2734 1663/2937/2733 1646/2939/2735
f 1647/2938/2734 1646/2939/2735 1665/2940/2736
f 1665/2940/2736 1646/2939/2735 1664/2941/2737
f 1665/2940/2736 1664/2941/2737 1688/2942/2738
f 1688/2942/2738 1664/2941/2737 1635/2943/2739
f 1688/2942/2738 1635/2943/2739 1674/2944/2740
f 1674/2944/2740 1635/2943/2739 1673/2945/2741
f 1674/2944/2740 1673/2945/2741 1703/2946/2742
f 1703/2946/2742 1673/2945/2741 1633/2947/2743
f 1703/2946/2742 1633/2947/2743 1689/2948/2744
f 1689/2948/2744 1633/2947/2743 1631/2949/2745
f 1689/2948/2744 1631/2949/2745 1719/2950/2746
f 1719/2950/2746 1631/2949/2745 1720/2951/2747
f 1719/2950/2746 1720/2951/2747 1705/2952/2748
f 1705/2952/2748 1720/2951/2747 1704/2953/2749
f 1705/2952/2748 1704/2953/2749 706/2954/2750
f 1630/2933/2729 1625/2955/2687 1637/2935/2731
f 1637/2935/2731 1625/2955/2687 1624/2956/2751
f 1637/2935/2731 1624/2956/2751 1663/2937/2733
f 1663/2937/2733 1624/2956/2751 1646/2939/2735
f 1624/2956/2751 1623/2957/2752 1646/2939/2735
f 1646/2939/2735 1623/2957/2752 1664/2941/2737
f 1664/2941/2737 1623/2957/2752 1635/2943/2739
f 1635/2943/2739 1623/2957/2752 1622/2958/2753
f 1635/2943/2739 1622/2958/2753 1673/2945/2741
f 1673/2945/2741 1622/2958/2753 1633/2947/2743
f 1622/2958/2753 1621/2959/2754 1633/2947/2743
f 1633/2947/2743 1621/2959/2754 1631/2949/2745
f 1621/2959/2754 1620/2960/2755 1631/2949/2745
f 1631/2949/2745 1620/2960/2755 1720/2951/2747
f 1720/2951/2747 1620/2960/2755 1704/2953/2749
f 1704/2953/2749 1620/2960/2755 706/2961/2756
f 1603/2962/2757 1632/2963/2758 1604/2964/2759
f 1604/2964/2759 1632/2963/2758 1712/2965/2760
f 1604/2964/2759 1712/2965/2760 706/2966/2761
f 1602/2967/2762 1634/2968/2763 1603/2962/2757
f 1603/2962/2757 1634/2968/2763 1696/2969/2764
f 1603/2962/2757 1696/2969/2764 1632/2963/2758
f 1632/2963/2758 1696/2969/2764 1695/2970/2765
f 1632/2963/2758 1695/2970/2765 1713/2971/2766
f 1713/2971/2766 1695/2970/2765 1694/2911/2707
f 1713/2971/2766 1694/2911/2707 1714/2913/2709
f 1601/2972/2767 1636/2973/2768 1602/2967/2762
f 1602/2967/2762 1636/2973/2768 1681/2974/2769
f 1602/2967/2762 1681/2974/2769 1634/2968/2763
f 1634/2968/2763 1681/2974/2769 1680/2975/2770
f 1634/2968/2763 1680/2975/2770 1697/2976/2771
f 1697/2976/2771 1680/2975/2770 1679/2907/2703
f 1697/2976/2771 1679/2907/2703 1698/2909/2705
f 1600/2891/2688 1654/2977/2772 1601/2972/2767
f 1601/2972/2767 1654/2977/2772 1672/2978/2773
f 1601/2972/2767 1672/2978/2773 1636/2973/2768
f 1636/2973/2768 1672/2978/2773 1671/2979/2774
f 1636/2973/2768 1671/2979/2774 1682/2980/2775
f 1682/2980/2775 1671/2979/2774 1670/2903/2699
f 1682/2980/2775 1670/2903/2699 1683/2905/2701
f 1705/2952/2748 706/2981/2776 1706/2982/2777
f 1706/2982/2777 706/2983/2778 1707/2984/2779
f 1707/2984/2779 706/2985/2780 1708/2928/2724
f 1710/2915/2711 706/2986/2781 1711/2987/2782
f 1711/2987/2782 706/2988/2783 1712/2965/2760
f 1600/2891/2688 1655/2989/2784 1654/2977/2772
f 1654/2977/2772 1655/2989/2784 1656/2990/2785
f 1654/2977/2772 1656/2990/2785 1653/2991/2786
f 1653/2991/2786 1656/2990/2785 1657/2899/2695
f 1653/2991/2786 1657/2899/2695 1652/2901/2697
f 1639/2932/2728 1638/2934/2730 1661/2992/2787
f 1661/2992/2787 1638/2934/2730 1662/2936/2732
f 1661/2992/2787 1662/2936/2732 1648/2993/2788
f 1648/2993/2788 1662/2936/2732 1647/2938/2734
f 1648/2993/2788 1647/2938/2734 1666/2994/2789
f 1666/2994/2789 1647/2938/2734 1665/2940/2736
f 1666/2994/2789 1665/2940/2736 1687/2995/2790
f 1687/2995/2790 1665/2940/2736 1688/2942/2738
f 1687/2995/2790 1688/2942/2738 1675/2996/2791
f 1675/2996/2791 1688/2942/2738 1674/2944/2740
f 1675/2996/2791 1674/2944/2740 1702/2997/2792
f 1702/2997/2792 1674/2944/2740 1703/2946/2742
f 1702/2997/2792 1703/2946/2742 1690/2998/2793
f 1690/2998/2793 1703/2946/2742 1689/2948/2744
f 1690/2998/2793 1689/2948/2744 1718/2999/2794
f 1718/2999/2794 1689/2948/2744 1719/2950/2746
f 1718/2999/2794 1719/2950/2746 1706/2982/2777
f 1706/2982/2777 1719/2950/2746 1705/2952/2748
f 1659/2920/2716 1641/2919/2715 1640/2930/2726
f 1640/2930/2726 1639/2932/2728 1660/3000/2795
f 1660/3000/2795 1639/2932/2728 1661/2992/2787
f 1660/3000/2795 1661/2992/2787 1649/3001/2796
f 1649/3001/2796 1661/2992/2787 1648/2993/2788
f 1649/3001/2796 1648/2993/2788 1667/3002/2797
f 1667/3002/2797 1648/2993/2788 1666/2994/2789
f 1667/3002/2797 1666/2994/2789 1686/3003/2798
f 1686/3003/2798 1666/2994/2789 1687/2995/2790
f 1686/3003/2798 1687/2995/2790 1676/3004/2799
f 1676/3004/2799 1687/2995/2790 1675/2996/2791
f 1676/3004/2799 1675/2996/2791 1701/3005/2800
f 1701/3005/2800 1675/2996/2791 1702/2997/2792
f 1701/3005/2800 1702/2997/2792 1691/3006/2801
f 1691/3006/2801 1702/2997/2792 1690/2998/2793
f 1691/3006/2801 1690/2998/2793 1717/3007/2802
f 1717/3007/2802 1690/2998/2793 1718/2999/2794
f 1717/3007/2802 1718/2999/2794 1707/2984/2779
f 1707/2984/2779 1718/2999/2794 1706/2982/2777
f 1657/2899/2695 1656/2990/2785 1643/2897/2693
f 1643/2897/2693 1656/2990/2785 1644/2895/2691
f 1656/2990/2785 1655/2989/2784 1644/2895/2691
f 1644/2895/2691 1655/2989/2784 1645/2893/2689
f 1649/3001/2796 1650/2921/2717 1660/3000/2795
f 1660/3000/2795 1650/2921/2717 1659/2920/2716
f 1660/3000/2795 1659/2920/2716 1640/2930/2726
f 1650/2921/2717 1649/3001/2796 1668/2922/2718
f 1668/2922/2718 1649/3001/2796 1667/3002/2797
f 1668/2922/2718 1667/3002/2797 1685/2923/2719
f 1685/2923/2719 1667/3002/2797 1686/3003/2798
f 1685/2923/2719 1686/3003/2798 1677/2924/2720
f 1677/2924/2720 1686/3003/2798 1676/3004/2799
f 1677/2924/2720 1676/3004/2799 1700/2925/2721
f 1700/2925/2721 1676/3004/2799 1701/3005/2800
f 1700/2925/2721 1701/3005/2800 1692/2926/2722
f 1692/2926/2722 1701/3005/2800 1691/3006/2801
f 1692/2926/2722 1691/3006/2801 1716/2927/2723
f 1716/2927/2723 1691/3006/2801 1717/3007/2802
f 1716/2927/2723 1717/3007/2802 1708/2928/2724
f 1708/2928/2724 1717/3007/2802 1707/2984/2779
f 1672/2978/2773 1654/2977/2772 1653/2991/2786
f 1670/2903/2699 1671/2979/2774 1652/2901/2697
f 1652/2901/2697 1671/2979/2774 1653/2991/2786
f 1671/2979/2774 1672/2978/2773 1653/2991/2786
f 1655/2989/2784 1600/2891/2688 1645/2893/2689
f 1682/2980/2775 1683/2905/2701 1680/2975/2770
f 1680/2975/2770 1683/2905/2701 1679/2907/2703
f 1636/2973/2768 1682/2980/2775 1681/2974/2769
f 1681/2974/2769 1682/2980/2775 1680/2975/2770
f 1697/2976/2771 1698/2909/2705 1695/2970/2765
f 1695/2970/2765 1698/2909/2705 1694/2911/2707
f 1634/2968/2763 1697/2976/2771 1696/2969/2764
f 1696/2969/2764 1697/2976/2771 1695/2970/2765
f 1713/2971/2766 1714/2913/2709 1711/2987/2782
f 1711/2987/2782 1714/2913/2709 1710/2915/2711
f 1632/2963/2758 1713/2971/2766 1712/2965/2760
f 1712/2965/2760 1713/2971/2766 1711/2987/2782
f 1625/3008/2687 1721/3009/2803 841/3010/1730
f 841/3010/1730 1721/3009/2803 1185/3011/2145
f 841/3010/1730 1185/3011/2145 512/3012/2804
f 512/3012/2804 1185/3011/2145 452/3013/2805
f 512/3012/2804 452/3013/2805 450/3014/2806
f 1184/3015/2156 488/3016/2807 1185/3011/2145
f 1185/3011/2145 488/3016/2807 428/3017/2808
f 1185/3011/2145 428/3017/2808 452/3013/2805
f 452/3013/2805 428/3017/2808 454/3018/2809
f 454/3018/2809 428/3017/2808 426/3019/2810
f 454/3018/2809 426/3019/2810 425/3020/2811
f 1143/3021/2097 442/3022/2812 1184/3015/2156
f 1184/3015/2156 442/3022/2812 440/3023/2813
f 1184/3015/2156 440/3023/2813 500/3024/2814
f 500/3024/2814 440/3023/2813 502/3025/2815
f 502/3025/2815 440/3023/2813 438/3026/2816
f 502/3025/2815 438/3026/2816 437/3027/2817
f 1157/3028/2125 494/3029/2818 1143/3021/2097
f 1143/3021/2097 494/3029/2818 506/3030/2819
f 1143/3021/2097 506/3030/2819 446/3031/2820
f 446/3031/2820 506/3030/2819 504/3032/2821
f 446/3031/2820 504/3032/2821 437/3027/2817
f 437/3027/2817 504/3032/2821 502/3025/2815
f 1370/3033/2356 978/3034/1900 1157/3028/2125
f 1157/3028/2125 978/3034/1900 518/3035/2822
f 1157/3028/2125 518/3035/2822 516/3036/2823
f 1370/3033/2356 1472/3037/2483 978/3034/1900
f 808/3038/1639 470/3039/2824 978/3034/1900
f 978/3034/1900 470/3039/2824 422/3040/2825
f 978/3034/1900 422/3040/2825 482/3041/2826
f 482/3041/2826 422/3040/2825 420/3042/2827
f 482/3041/2826 420/3042/2827 473/3043/2828
f 473/3043/2828 420/3042/2827 418/3044/2829
f 473/3043/2828 418/3044/2829 474/3045/2830
f 474/3045/2830 418/3044/2829 476/3046/2831
f 476/3046/2831 418/3044/2829 416/3047/2832
f 476/3046/2831 416/3047/2832 841/3010/1730
f 841/3010/1730 416/3047/2832 464/3048/2833
f 841/3010/1730 464/3048/2833 821/3049/1638
f 821/3049/1638 464/3048/2833 524/3050/2834
f 821/3049/1638 524/3050/2834 522/3051/2835
f 821/3049/1638 521/3052/2836 808/3038/1639
f 808/3038/1639 521/3052/2836 530/3053/2837
f 808/3038/1639 530/3053/2837 470/3039/2824
f 470/3039/2824 530/3053/2837 528/3054/2838
f 470/3039/2824 528/3054/2838 461/3055/2839
f 461/3055/2839 528/3054/2838 526/3056/2840
f 461/3055/2839 526/3056/2840 462/3057/2841
f 462/3057/2841 526/3056/2840 464/3048/2833
f 464/3048/2833 526/3056/2840 524/3050/2834
f 522/3051/2835 521/3052/2836 821/3049/1638
f 514/3058/2842 450/3014/2806 516/3036/2823
f 516/3036/2823 450/3014/2806 449/3059/2843
f 516/3036/2823 449/3059/2843 1157/3028/2125
f 1157/3028/2125 449/3059/2843 458/3060/2844
f 1157/3028/2125 458/3060/2844 434/3061/2845
f 434/3061/2845 458/3060/2844 456/3062/2846
f 434/3061/2845 456/3062/2846 425/3020/2811
f 425/3020/2811 456/3062/2846 454/3018/2809
f 514/3058/2842 512/3012/2804 450/3014/2806
f 512/3012/2804 510/3063/2847 841/3010/1730
f 841/3010/1730 510/3063/2847 478/3064/2848
f 841/3010/1730 478/3064/2848 476/3046/2831
f 510/3063/2847 509/3065/2849 478/3064/2848
f 478/3064/2848 509/3065/2849 480/3066/2850
f 480/3066/2850 509/3065/2849 978/3034/1900
f 480/3066/2850 978/3034/1900 482/3041/2826
f 509/3065/2849 518/3035/2822 978/3034/1900
f 498/3067/2851 490/3068/2852 500/3024/2814
f 500/3024/2814 490/3068/2852 488/3016/2807
f 500/3024/2814 488/3016/2807 1184/3015/2156
f 498/3067/2851 497/3069/2853 490/3068/2852
f 490/3068/2852 497/3069/2853 492/3070/2854
f 492/3070/2854 497/3069/2853 506/3030/2819
f 492/3070/2854 506/3030/2819 494/3029/2818
f 428/3017/2808 488/3016/2807 430/3071/2855
f 430/3071/2855 488/3016/2807 486/3072/2856
f 430/3071/2855 486/3072/2856 485/3073/2857
f 430/3071/2855 485/3073/2857 432/3074/2858
f 432/3074/2858 485/3073/2857 494/3029/2818
f 432/3074/2858 494/3029/2818 434/3061/2845
f 434/3061/2845 494/3029/2818 1157/3028/2125
f 466/3075/2859 413/3076/2860 468/3077/2861
f 468/3077/2861 413/3076/2860 422/3040/2825
f 468/3077/2861 422/3040/2825 470/3039/2824
f 464/3048/2833 416/3047/2832 466/3075/2859
f 466/3075/2859 416/3047/2832 414/3078/2862
f 466/3075/2859 414/3078/2862 413/3076/2860
f 446/3031/2820 444/3079/2863 1143/3021/2097
f 1143/3021/2097 444/3079/2863 442/3022/2812
f 1599/3080/2646 1722/3081/2864 1728/3082/2865
f 1728/3082/2865 1722/3081/2864 1723/3083/2866
f 1728/3082/2865 1723/3083/2866 1729/3084/2867
f 1729/3084/2867 1723/3083/2866 1724/3085/2868
f 1729/3084/2867 1724/3085/2868 1730/3086/2869
f 1730/3086/2869 1724/3085/2868 1725/3087/2870
f 1730/3086/2869 1725/3087/2870 1731/3088/2871
f 1731/3088/2871 1725/3087/2870 1726/3089/2872
f 1731/3088/2871 1726/3089/2872 1732/3090/2873
f 1732/3090/2873 1726/3089/2872 1727/3091/2874
f 1732/3090/2873 1727/3091/2874 1721/3092/2803
f 1721/3092/2803 1625/3093/2687 1732/3090/2873
f 1732/3090/2873 1625/3093/2687 1630/3094/2875
f 1732/3090/2873 1630/3094/2875 1731/3088/2871
f 1731/3088/2871 1630/3094/2875 1629/3095/2876
f 1731/3088/2871 1629/3095/2876 1730/3086/2869
f 1730/3086/2869 1629/3095/2876 1628/3096/2714
f 1730/3086/2869 1628/3096/2714 1729/3084/2867
f 1729/3084/2867 1628/3096/2714 1627/3097/2877
f 1729/3084/2867 1627/3097/2877 1728/3082/2865
f 1728/3082/2865 1627/3097/2877 1626/3098/2878
f 1728/3082/2865 1626/3098/2878 1599/3080/2646
f 1722/3099/2864 1599/3100/2646 635/3101/2879
f 635/3101/2879 1599/3100/2646 636/3102/2673
f 1185/3103/2145 1721/3104/2803 1186/3105/2880
f 1186/3105/2880 1721/3104/2803 1733/3106/2881
f 1186/3105/2880 1733/3106/2881 1187/3107/2882
f 1187/3107/2882 1733/3106/2881 1734/3108/2883
f 1187/3107/2882 1734/3108/2883 1188/3109/2884
f 1188/3109/2884 1734/3108/2883 1735/3110/2885
f 1188/3109/2884 1735/3110/2885 1189/3111/2886
f 1189/3111/2886 1735/3110/2885 1190/3112/2887
f 1190/3112/2887 1735/3110/2885 1736/3113/2888
f 1190/3112/2887 1736/3113/2888 1191/3114/2889
f 1191/3114/2889 1736/3113/2888 1737/3115/2890
f 1191/3114/2889 1737/3115/2890 1192/3116/2891
f 1192/3116/2891 1737/3115/2890 1193/3117/2892
f 1193/3117/2892 1737/3115/2890 714/3118/1449
f 1193/3117/2892 714/3118/1449 721/3119/1454
f 658/3120/1447 714/3121/1449 1743/3122/2893
f 1743/3122/2893 714/3121/1449 1738/3123/2894
f 1743/3122/2893 1738/3123/2894 1746/3124/2895
f 1746/3124/2895 1738/3123/2894 1739/3125/2896
f 1746/3124/2895 1739/3125/2896 1749/3126/2897
f 1749/3126/2897 1739/3125/2896 1740/3127/2898
f 1749/3126/2897 1740/3127/2898 1752/3128/2899
f 1752/3128/2899 1740/3127/2898 1741/3129/2900
f 1752/3128/2899 1741/3129/2900 1755/3130/2901
f 1755/3130/2901 1741/3129/2900 1742/3131/2902
f 1755/3130/2901 1742/3131/2902 1722/3132/2864
f 1755/3130/2901 1722/3132/2864 1756/3133/2903
f 1756/3133/2903 1722/3132/2864 635/3134/2879
f 1756/3133/2903 635/3134/2879 1757/3135/2904
f 1757/3135/2904 635/3134/2879 634/3136/2905
f 1757/3135/2904 634/3136/2905 633/3137/2906
f 1757/3135/2904 633/3137/2906 1754/3138/2907
f 1754/3138/2907 633/3137/2906 632/3139/2908
f 1754/3138/2907 632/3139/2908 1751/3140/2909
f 1751/3140/2909 632/3139/2908 631/3141/2910
f 1751/3140/2909 631/3141/2910 1748/3142/2911
f 1748/3142/2911 631/3141/2910 630/3143/2912
f 1748/3142/2911 630/3143/2912 1745/3144/2913
f 1745/3144/2913 630/3143/2912 376/3145/2914
f 1745/3144/2913 376/3145/2914 375/3146/2915
f 375/3146/2915 374/3147/2916 1745/3144/2913
f 1745/3144/2913 374/3147/2916 658/3120/1447
f 1745/3144/2913 658/3120/1447 1744/3148/2917
f 1744/3148/2917 658/3120/1447 1743/3122/2893
f 1744/3148/2917 1743/3122/2893 1747/3149/2918
f 1747/3149/2918 1743/3122/2893 1746/3124/2895
f 1747/3149/2918 1746/3124/2895 1750/3150/2919
f 1750/3150/2919 1746/3124/2895 1749/3126/2897
f 1750/3150/2919 1749/3126/2897 1753/3151/2920
f 1753/3151/2920 1749/3126/2897 1752/3128/2899
f 1753/3151/2920 1752/3128/2899 1756/3133/2903
f 1756/3133/2903 1752/3128/2899 1755/3130/2901
f 373/3152/1266 145/3153/1264 374/3147/2916
f 374/3147/2916 145/3153/1264 658/3120/1447
f 1748/3142/2911 1745/3144/2913 1744/3148/2917
f 1748/3142/2911 1744/3148/2917 1747/3149/2918
f 1751/3140/2909 1748/3142/2911 1747/3149/2918
f 1751/3140/2909 1747/3149/2918 1750/3150/2919
f 1754/3138/2907 1751/3140/2909 1750/3150/2919
f 1754/3138/2907 1750/3150/2919 1753/3151/2920
f 1757/3135/2904 1754/3138/2907 1753/3151/2920
f 1757/3135/2904 1753/3151/2920 1756/3133/2903
f 1733/3154/2921 1721/3155/2803 1772/3156/2922
f 1772/3156/2922 1721/3155/2803 1727/3157/2923
f 1772/3156/2922 1727/3157/2923 1771/3158/2924
f 1771/3158/2924 1727/3157/2923 1726/3159/2925
f 1771/3158/2924 1726/3159/2925 1770/3160/2926
f 1770/3160/2926 1726/3159/2925 1769/3161/2927
f 1770/3160/2926 1769/3161/2927 1784/3162/2928
f 1784/3162/2928 1769/3161/2927 1785/3163/2929
f 1784/3162/2928 1785/3163/2929 1779/3164/2930
f 1779/3164/2930 1785/3163/2929 1778/3165/2931
f 1779/3164/2930 1778/3165/2931 1797/3166/2932
f 1797/3166/2932 1778/3165/2931 1796/3167/2933
f 1797/3166/2932 1796/3167/2933 1810/3168/2934
f 1810/3168/2934 1796/3167/2933 1811/3169/2935
f 1810/3168/2934 1811/3169/2935 1806/3170/2936
f 1806/3170/2936 1811/3169/2935 1805/3171/2937
f 1806/3170/2936 1805/3171/2937 1825/3172/2938
f 1825/3172/2938 1805/3171/2937 1826/3173/2939
f 1825/3172/2938 1826/3173/2939 1821/3174/2940
f 1821/3174/2940 1826/3173/2939 1820/3175/2941
f 1821/3174/2940 1820/3175/2941 1841/3176/2942
f 1841/3176/2942 1820/3175/2941 1842/3177/2943
f 1841/3176/2942 1842/3177/2943 1837/3178/2944
f 1837/3178/2944 1842/3177/2943 1836/3179/2945
f 1837/3178/2944 1836/3179/2945 714/3180/2946
f 1726/3159/2925 1725/3181/2870 1769/3161/2927
f 1769/3161/2927 1725/3181/2870 1768/3182/2947
f 1769/3161/2927 1768/3182/2947 1785/3163/2929
f 1785/3163/2929 1768/3182/2947 1786/3183/2948
f 1785/3163/2929 1786/3183/2948 1778/3165/2931
f 1778/3165/2931 1786/3183/2948 1777/3184/2949
f 1778/3165/2931 1777/3184/2949 1796/3167/2933
f 1796/3167/2933 1777/3184/2949 1795/3185/2950
f 1796/3167/2933 1795/3185/2950 1811/3169/2935
f 1811/3169/2935 1795/3185/2950 1812/3186/2951
f 1811/3169/2935 1812/3186/2951 1805/3171/2937
f 1805/3171/2937 1812/3186/2951 1804/3187/2952
f 1805/3171/2937 1804/3187/2952 1826/3173/2939
f 1826/3173/2939 1804/3187/2952 1827/3188/2953
f 1826/3173/2939 1827/3188/2953 1820/3175/2941
f 1820/3175/2941 1827/3188/2953 1819/3189/2954
f 1820/3175/2941 1819/3189/2954 1842/3177/2943
f 1842/3177/2943 1819/3189/2954 1843/3190/2955
f 1842/3177/2943 1843/3190/2955 1836/3179/2945
f 1836/3179/2945 1843/3190/2955 1835/3191/2956
f 1836/3179/2945 1835/3191/2956 714/3192/2957
f 1768/3182/2947 1725/3181/2870 1767/3193/2958
f 1767/3193/2958 1725/3181/2870 1724/3194/2959
f 1767/3193/2958 1724/3194/2959 1766/3195/2960
f 1766/3195/2960 1724/3194/2959 1723/3196/2961
f 1766/3195/2960 1723/3196/2961 1765/3197/2962
f 1765/3197/2962 1723/3196/2961 1764/3198/2963
f 1765/3197/2962 1764/3198/2963 1789/3199/2964
f 1789/3199/2964 1764/3198/2963 1790/3200/2965
f 1789/3199/2964 1790/3200/2965 1774/3201/2966
f 1774/3201/2966 1790/3200/2965 1773/3202/2967
f 1774/3201/2966 1773/3202/2967 1792/3203/2968
f 1792/3203/2968 1773/3202/2967 1791/3204/2969
f 1792/3203/2968 1791/3204/2969 1815/3205/2970
f 1815/3205/2970 1791/3204/2969 1762/3206/2971
f 1815/3205/2970 1762/3206/2971 1801/3207/2972
f 1801/3207/2972 1762/3206/2971 1800/3208/2973
f 1801/3207/2972 1800/3208/2973 1830/3209/2974
f 1830/3209/2974 1800/3208/2973 1760/3210/2975
f 1830/3209/2974 1760/3210/2975 1816/3211/2976
f 1816/3211/2976 1760/3210/2975 1758/3212/2977
f 1816/3211/2976 1758/3212/2977 1846/3213/2978
f 1846/3213/2978 1758/3212/2977 1847/3214/2979
f 1846/3213/2978 1847/3214/2979 1832/3215/2980
f 1832/3215/2980 1847/3214/2979 1831/3216/2981
f 1832/3215/2980 1831/3216/2981 714/3217/2982
f 1723/3196/2961 1722/3218/2864 1764/3198/2963
f 1764/3198/2963 1722/3218/2864 1742/3219/2983
f 1764/3198/2963 1742/3219/2983 1790/3200/2965
f 1790/3200/2965 1742/3219/2983 1773/3202/2967
f 1742/3219/2983 1741/3220/2984 1773/3202/2967
f 1773/3202/2967 1741/3220/2984 1791/3204/2969
f 1791/3204/2969 1741/3220/2984 1762/3206/2971
f 1762/3206/2971 1741/3220/2984 1740/3221/2985
f 1762/3206/2971 1740/3221/2985 1800/3208/2973
f 1800/3208/2973 1740/3221/2985 1760/3210/2975
f 1740/3221/2985 1739/3222/2986 1760/3210/2975
f 1760/3210/2975 1739/3222/2986 1758/3212/2977
f 1739/3222/2986 1738/3223/2987 1758/3212/2977
f 1758/3212/2977 1738/3223/2987 1847/3214/2979
f 1847/3214/2979 1738/3223/2987 1831/3216/2981
f 1831/3216/2981 1738/3223/2987 714/3224/2988
f 1736/3225/2989 1759/3226/2990 1737/3227/2991
f 1737/3227/2991 1759/3226/2990 1839/3228/2992
f 1737/3227/2991 1839/3228/2992 714/3229/2993
f 1735/3230/2994 1761/3231/2995 1736/3225/2989
f 1736/3225/2989 1761/3231/2995 1823/3232/2996
f 1736/3225/2989 1823/3232/2996 1759/3226/2990
f 1759/3226/2990 1823/3232/2996 1822/3233/2997
f 1759/3226/2990 1822/3233/2997 1840/3234/2998
f 1840/3234/2998 1822/3233/2997 1821/3174/2940
f 1840/3234/2998 1821/3174/2940 1841/3176/2942
f 1734/3235/2999 1763/3236/3000 1735/3230/2994
f 1735/3230/2994 1763/3236/3000 1808/3237/3001
f 1735/3230/2994 1808/3237/3001 1761/3231/2995
f 1761/3231/2995 1808/3237/3001 1807/3238/3002
f 1761/3231/2995 1807/3238/3002 1824/3239/3003
f 1824/3239/3003 1807/3238/3002 1806/3170/2936
f 1824/3239/3003 1806/3170/2936 1825/3172/2938
f 1733/3154/2921 1781/3240/3004 1734/3235/2999
f 1734/3235/2999 1781/3240/3004 1799/3241/3005
f 1734/3235/2999 1799/3241/3005 1763/3236/3000
f 1763/3236/3000 1799/3241/3005 1798/3242/3006
f 1763/3236/3000 1798/3242/3006 1809/3243/3007
f 1809/3243/3007 1798/3242/3006 1797/3166/2932
f 1809/3243/3007 1797/3166/2932 1810/3168/2934
f 1832/3215/2980 714/3244/3008 1833/3245/3009
f 1833/3245/3009 714/3246/3010 1834/3247/3011
f 1834/3247/3011 714/3248/3012 1835/3191/2956
f 1837/3178/2944 714/3249/3013 1838/3250/3014
f 1838/3250/3014 714/3251/3015 1839/3228/2992
f 1733/3154/2921 1782/3252/3016 1781/3240/3004
f 1781/3240/3004 1782/3252/3016 1783/3253/3017
f 1781/3240/3004 1783/3253/3017 1780/3254/3018
f 1780/3254/3018 1783/3253/3017 1784/3162/2928
f 1780/3254/3018 1784/3162/2928 1779/3164/2930
f 1766/3195/2960 1765/3197/2962 1788/3255/3019
f 1788/3255/3019 1765/3197/2962 1789/3199/2964
f 1788/3255/3019 1789/3199/2964 1775/3256/3020
f 1775/3256/3020 1789/3199/2964 1774/3201/2966
f 1775/3256/3020 1774/3201/2966 1793/3257/3021
f 1793/3257/3021 1774/3201/2966 1792/3203/2968
f 1793/3257/3021 1792/3203/2968 1814/3258/3022
f 1814/3258/3022 1792/3203/2968 1815/3205/2970
f 1814/3258/3022 1815/3205/2970 1802/3259/3023
f 1802/3259/3023 1815/3205/2970 1801/3207/2972
f 1802/3259/3023 1801/3207/2972 1829/3260/3024
f 1829/3260/3024 1801/3207/2972 1830/3209/2974
f 1829/3260/3024 1830/3209/2974 1817/3261/3025
f 1817/3261/3025 1830/3209/2974 1816/3211/2976
f 1817/3261/3025 1816/3211/2976 1845/3262/3026
f 1845/3262/3026 1816/3211/2976 1846/3213/2978
f 1845/3262/3026 1846/3213/2978 1833/3245/3009
f 1833/3245/3009 1846/3213/2978 1832/3215/2980
f 1786/3183/2948 1768/3182/2947 1767/3193/2958
f 1767/3193/2958 1766/3195/2960 1787/3263/3027
f 1787/3263/3027 1766/3195/2960 1788/3255/3019
f 1787/3263/3027 1788/3255/3019 1776/3264/3028
f 1776/3264/3028 1788/3255/3019 1775/3256/3020
f 1776/3264/3028 1775/3256/3020 1794/3265/3029
f 1794/3265/3029 1775/3256/3020 1793/3257/3021
f 1794/3265/3029 1793/3257/3021 1813/3266/3030
f 1813/3266/3030 1793/3257/3021 1814/3258/3022
f 1813/3266/3030 1814/3258/3022 1803/3267/3031
f 1803/3267/3031 1814/3258/3022 1802/3259/3023
f 1803/3267/3031 1802/3259/3023 1828/3268/3032
f 1828/3268/3032 1802/3259/3023 1829/3260/3024
f 1828/3268/3032 1829/3260/3024 1818/3269/3033
f 1818/3269/3033 1829/3260/3024 1817/3261/3025
f 1818/3269/3033 1817/3261/3025 1844/3270/3034
f 1844/3270/3034 1817/3261/3025 1845/3262/3026
f 1844/3270/3034 1845/3262/3026 1834/3247/3011
f 1834/3247/3011 1845/3262/3026 1833/3245/3009
f 1784/3162/2928 1783/3253/3017 1770/3160/2926
f 1770/3160/2926 1783/3253/3017 1771/3158/2924
f 1783/3253/3017 1782/3252/3016 1771/3158/2924
f 1771/3158/2924 1782/3252/3016 1772/3156/2922
f 1776/3264/3028 1777/3184/2949 1787/3263/3027
f 1787/3263/3027 1777/3184/2949 1786/3183/2948
f 1787/3263/3027 1786/3183/2948 1767/3193/2958
f 1777/3184/2949 1776/3264/3028 1795/3185/2950
f 1795/3185/2950 1776/3264/3028 1794/3265/3029
f 1795/3185/2950 1794/3265/3029 1812/3186/2951
f 1812/3186/2951 1794/3265/3029 1813/3266/3030
f 1812/3186/2951 1813/3266/3030 1804/3187/2952
f 1804/3187/2952 1813/3266/3030 1803/3267/3031
f 1804/3187/2952 1803/3267/3031 1827/3188/2953
f 1827/3188/2953 1803/3267/3031 1828/3268/3032
f 1827/3188/2953 1828/3268/3032 1819/3189/2954
f 1819/3189/2954 1828/3268/3032 1818/3269/3033
f 1819/3189/2954 1818/3269/3033 1843/3190/2955
f 1843/3190/2955 1818/3269/3033 1844/3270/3034
f 1843/3190/2955 1844/3270/3034 1835/3191/2956
f 1835/3191/2956 1844/3270/3034 1834/3247/3011
f 1799/3241/3005 1781/3240/3004 1780/3254/3018
f 1797/3166/2932 1798/3242/3006 1779/3164/2930
f 1779/3164/2930 1798/3242/3006 1780/3254/3018
f 1798/3242/3006 1799/3241/3005 1780/3254/3018
f 1782/3252/3016 1733/3154/2921 1772/3156/2922
f 1809/3243/3007 1810/3168/2934 1807/3238/3002
f 1807/3238/3002 1810/3168/2934 1806/3170/2936
f 1763/3236/3000 1809/3243/3007 1808/3237/3001
f 1808/3237/3001 1809/3243/3007 1807/3238/3002
f 1824/3239/3003 1825/3172/2938 1822/3233/2997
f 1822/3233/2997 1825/3172/2938 1821/3174/2940
f 1761/3231/2995 1824/3239/3003 1823/3232/2996
f 1823/3232/2996 1824/3239/3003 1822/3233/2997
f 1840/3234/2998 1841/3176/2942 1838/3250/3014
f 1838/3250/3014 1841/3176/2942 1837/3178/2944
f 1759/3226/2990 1840/3234/2998 1839/3228/2992
f 1839/3228/2992 1840/3234/2998 1838/3250/3014
f 161/3271/3035 705/3272/1493 162/3273/3036
f 162/3273/3036 705/3272/1493 723/3274/1494
f 338/3275/3037 337/3276/3038 1848/3277/3039
f 1848/3277/3039 337/3276/3038 1493/3278/3040
f 648/3279/3041 1349/3280/3042 649/3281/3043
f 649/3281/3043 1349/3280/3042 1348/3282/3044
f 649/3281/3043 1348/3282/3044 1347/3283/3045
f 647/3284/3046 665/3285/3047 648/3279/3041
f 648/3279/3041 665/3285/3047 664/3286/3048
f 648/3279/3041 664/3286/3048 663/3287/3049
f 646/3288/3050 667/3289/3051 647/3284/3046
f 647/3284/3046 667/3289/3051 666/3290/3052
f 647/3284/3046 666/3290/3052 665/3285/3047
f 645/3291/3053 669/3292/3054 646/3288/3050
f 646/3288/3050 669/3292/3054 668/3293/3055
f 646/3288/3050 668/3293/3055 667/3289/3051
f 669/3292/3054 645/3291/3053 670/3294/3056
f 670/3294/3056 645/3291/3053 644/3295/3057
f 670/3294/3056 644/3295/3057 643/3296/3058
f 670/3294/3056 643/3296/3058 671/3297/3059
f 671/3297/3059 643/3296/3058 650/3298/3060
f 671/3297/3059 650/3298/3060 672/3299/3061
f 672/3299/3061 650/3298/3060 656/3300/3062
f 672/3299/3061 656/3300/3062 655/3301/3063
f 672/3299/3061 655/3301/3063 673/3302/3064
f 673/3302/3064 655/3301/3063 654/3303/3065
f 673/3302/3064 654/3303/3065 674/3304/3066
f 674/3304/3066 654/3303/3065 675/3305/3067
f 675/3305/3067 654/3303/3065 653/3306/3068
f 675/3305/3067 653/3306/3068 676/3307/3069
f 676/3307/3069 653/3306/3068 677/3308/3070
f 677/3308/3070 653/3306/3068 652/3309/3071
f 677/3308/3070 652/3309/3071 678/3310/3072
f 678/3310/3072 652/3309/3071 679/3311/3073
f 679/3311/3073 652/3309/3071 1478/3312/3074
f 679/3311/3073 1478/3312/3074 680/3313/3075
f 680/3313/3075 1478/3312/3074 681/3314/3076
f 681/3314/3076 1478/3312/3074 682/3315/3077
f 682/3315/3077 1478/3312/3074 659/3316/3078
f 659/3316/3078 1478/3312/3074 1349/3280/3042
f 659/3316/3078 1349/3280/3042 660/3317/3079
f 660/3317/3079 1349/3280/3042 661/3318/3080
f 661/3318/3080 1349/3280/3042 662/3319/3081
f 662/3319/3081 1349/3280/3042 663/3287/3049
f 663/3287/3049 1349/3280/3042 648/3279/3041
f 652/3309/3071 651/3320/3082 1478/3312/3074
f 1478/3312/3074 651/3320/3082 1489/3321/3083
f 1489/3321/3083 651/3320/3082 1490/3322/3084
f 1490/3322/3084 651/3320/3082 1491/3323/3085
f 1491/3323/3085 651/3320/3082 1492/3324/3086
f 1492/3324/3086 651/3320/3082 1848/3325/3087
f 1492/3324/3086 1848/3325/3087 1493/3326/3088
f 1347/3283/3045 1346/3327/3089 649/3281/3043
f 649/3281/3043 1346/3327/3089 1345/3328/3090
f 649/3281/3043 1345/3328/3090 683/3329/3091
f 683/3329/3091 1345/3328/3090 684/3330/3092
f 377/3331/3093 376/3332/3094 629/3333/3095
f 629/3333/3095 376/3332/3094 630/3334/3096
f 649/3335/1234 683/3336/3097 352/3337/1233
f 352/3337/1233 683/3336/3097 353/3338/3098
f 339/3339/1237 338/3340/3099 651/3341/1238
f 651/3341/1238 338/3340/3099 1848/3342/3100
f 597/3343/1154 642/3344/3101 391/3345/1153
f 391/3345/1153 642/3344/3101 392/3346/3102
f 378/3347/1209 377/3348/3103 628/3349/1210
f 628/3349/1210 377/3348/3103 629/3350/3104
# 1848 vertices
# 3350 texture params
# 3104 normals
# 3804 facets

# 2 groups
