# WaveFront *.obj file (generated by Autodesk ATF)

mtllib Caixa_up_livox.mtl

g Body1

v 2.300000 7.100000 0.000000
v 2.310222 7.177646 0.000000
v 2.340192 7.250000 0.000000
v 2.387868 7.312132 0.000000
v 2.450000 7.359808 0.000000
v 2.522354 7.389778 0.000000
v 2.600000 7.400000 0.000000
v 2.600000 7.400000 0.200000
v 2.522354 7.389778 0.200000
v 2.450000 7.359808 0.200000
v 2.387868 7.312132 0.200000
v 2.340192 7.250000 0.200000
v 2.310222 7.177646 0.200000
v 2.300000 7.100000 0.200000
v 4.800000 7.400000 0.000000
v 4.800000 7.400000 0.200000
v 2.600000 1.000000 0.000000
v 2.522354 1.010222 0.000000
v 2.450000 1.040192 0.000000
v 2.387868 1.087868 0.000000
v 2.340192 1.150000 0.000000
v 2.310222 1.222354 0.000000
v 2.300000 1.300000 0.000000
v 2.300000 1.300000 0.200000
v 2.310222 1.222354 0.200000
v 2.340192 1.150000 0.200000
v 2.387868 1.087868 0.200000
v 2.450000 1.040192 0.200000
v 2.522354 1.010222 0.200000
v 2.600000 1.000000 0.200000
v 5.100000 1.300000 0.000000
v 5.089778 1.222354 0.000000
v 5.059808 1.150000 0.000000
v 5.012132 1.087868 0.000000
v 4.950000 1.040192 0.000000
v 4.877646 1.010222 0.000000
v 4.800000 1.000000 0.000000
v 4.800000 1.000000 0.200000
v 4.877646 1.010222 0.200000
v 4.950000 1.040192 0.200000
v 5.012132 1.087868 0.200000
v 5.059808 1.150000 0.200000
v 5.089778 1.222354 0.200000
v 5.100000 1.300000 0.200000
v 4.877646 7.389778 0.000000
v 4.950000 7.359808 0.000000
v 5.012132 7.312132 0.000000
v 5.059808 7.250000 0.000000
v 5.089778 7.177646 0.000000
v 5.100000 7.100000 0.000000
v 5.100000 7.100000 0.200000
v 5.089778 7.177646 0.200000
v 5.059808 7.250000 0.200000
v 5.012132 7.312132 0.200000
v 4.950000 7.359808 0.200000
v 4.877646 7.389778 0.200000
v 5.550000 0.600000 0.200000
v 5.555111 0.561177 0.200000
v 5.570096 0.525000 0.200000
v 5.593934 0.493934 0.200000
v 5.625000 0.470096 0.200000
v 5.661177 0.455111 0.200000
v 5.700000 0.450000 0.200000
v 5.738823 0.455111 0.200000
v 5.775000 0.470096 0.200000
v 5.806066 0.493934 0.200000
v 5.829904 0.525000 0.200000
v 5.844889 0.561177 0.200000
v 5.850000 0.600000 0.200000
v 5.844889 0.638823 0.200000
v 5.829904 0.675000 0.200000
v 5.806066 0.706066 0.200000
v 5.775000 0.729904 0.200000
v 5.738823 0.744889 0.200000
v 5.700000 0.750000 0.200000
v 5.661177 0.744889 0.200000
v 5.625000 0.729904 0.200000
v 5.593934 0.706066 0.200000
v 5.570096 0.675000 0.200000
v 5.555111 0.638823 0.200000
v 5.550000 0.600000 0.000000
v 5.555111 0.638823 0.000000
v 5.570096 0.675000 0.000000
v 5.593934 0.706066 0.000000
v 5.625000 0.729904 0.000000
v 5.661177 0.744889 0.000000
v 5.700000 0.750000 0.000000
v 5.738823 0.744889 0.000000
v 5.775000 0.729904 0.000000
v 5.806066 0.706066 0.000000
v 5.829904 0.675000 0.000000
v 5.844889 0.638823 0.000000
v 5.850000 0.600000 0.000000
v 5.844889 0.561177 0.000000
v 5.829904 0.525000 0.000000
v 5.806066 0.493934 0.000000
v 5.775000 0.470096 0.000000
v 5.738823 0.455111 0.000000
v 5.700000 0.450000 0.000000
v 5.661177 0.455111 0.000000
v 5.625000 0.470096 0.000000
v 5.593934 0.493934 0.000000
v 5.570096 0.525000 0.000000
v 5.555111 0.561177 0.000000
v 0.450000 0.600000 0.200000
v 0.455111 0.561177 0.200000
v 0.470096 0.525000 0.200000
v 0.493934 0.493934 0.200000
v 0.525000 0.470096 0.200000
v 0.561177 0.455111 0.200000
v 0.600000 0.450000 0.200000
v 0.638823 0.455111 0.200000
v 0.675000 0.470096 0.200000
v 0.706066 0.493934 0.200000
v 0.729904 0.525000 0.200000
v 0.744889 0.561177 0.200000
v 0.750000 0.600000 0.200000
v 0.744889 0.638823 0.200000
v 0.729904 0.675000 0.200000
v 0.706066 0.706066 0.200000
v 0.675000 0.729904 0.200000
v 0.638823 0.744889 0.200000
v 0.600000 0.750000 0.200000
v 0.561177 0.744889 0.200000
v 0.525000 0.729904 0.200000
v 0.493934 0.706066 0.200000
v 0.470096 0.675000 0.200000
v 0.455111 0.638823 0.200000
v 0.450000 0.600000 0.000000
v 0.455111 0.638823 0.000000
v 0.470096 0.675000 0.000000
v 0.493934 0.706066 0.000000
v 0.525000 0.729904 0.000000
v 0.561177 0.744889 0.000000
v 0.600000 0.750000 0.000000
v 0.638823 0.744889 0.000000
v 0.675000 0.729904 0.000000
v 0.706066 0.706066 0.000000
v 0.729904 0.675000 0.000000
v 0.744889 0.638823 0.000000
v 0.750000 0.600000 0.000000
v 0.744889 0.561177 0.000000
v 0.729904 0.525000 0.000000
v 0.706066 0.493934 0.000000
v 0.675000 0.470096 0.000000
v 0.638823 0.455111 0.000000
v 0.600000 0.450000 0.000000
v 0.561177 0.455111 0.000000
v 0.525000 0.470096 0.000000
v 0.493934 0.493934 0.000000
v 0.470096 0.525000 0.000000
v 0.455111 0.561177 0.000000
v 6.650000 0.600000 0.200000
v 6.655111 0.561177 0.200000
v 6.670096 0.525000 0.200000
v 6.693934 0.493934 0.200000
v 6.725000 0.470096 0.200000
v 6.761177 0.455111 0.200000
v 6.800000 0.450000 0.200000
v 6.838823 0.455111 0.200000
v 6.875000 0.470096 0.200000
v 6.906066 0.493934 0.200000
v 6.929904 0.525000 0.200000
v 6.944889 0.561177 0.200000
v 6.950000 0.600000 0.200000
v 6.944889 0.638823 0.200000
v 6.929904 0.675000 0.200000
v 6.906066 0.706066 0.200000
v 6.875000 0.729904 0.200000
v 6.838823 0.744889 0.200000
v 6.800000 0.750000 0.200000
v 6.761177 0.744889 0.200000
v 6.725000 0.729904 0.200000
v 6.693934 0.706066 0.200000
v 6.670096 0.675000 0.200000
v 6.655111 0.638823 0.200000
v 6.650000 0.600000 0.000000
v 6.655111 0.638823 0.000000
v 6.670096 0.675000 0.000000
v 6.693934 0.706066 0.000000
v 6.725000 0.729904 0.000000
v 6.761177 0.744889 0.000000
v 6.800000 0.750000 0.000000
v 6.838823 0.744889 0.000000
v 6.875000 0.729904 0.000000
v 6.906066 0.706066 0.000000
v 6.929904 0.675000 0.000000
v 6.944889 0.638823 0.000000
v 6.950000 0.600000 0.000000
v 6.944889 0.561177 0.000000
v 6.929904 0.525000 0.000000
v 6.906066 0.493934 0.000000
v 6.875000 0.470096 0.000000
v 6.838823 0.455111 0.000000
v 6.800000 0.450000 0.000000
v 6.761177 0.455111 0.000000
v 6.725000 0.470096 0.000000
v 6.693934 0.493934 0.000000
v 6.670096 0.525000 0.000000
v 6.655111 0.561177 0.000000
v 1.550000 7.800000 0.200000
v 1.555111 7.761177 0.200000
v 1.570096 7.725000 0.200000
v 1.593934 7.693934 0.200000
v 1.625000 7.670096 0.200000
v 1.661177 7.655111 0.200000
v 1.700000 7.650000 0.200000
v 1.738823 7.655111 0.200000
v 1.775000 7.670096 0.200000
v 1.806066 7.693934 0.200000
v 1.829904 7.725000 0.200000
v 1.844889 7.761177 0.200000
v 1.850000 7.800000 0.200000
v 1.844889 7.838823 0.200000
v 1.829904 7.875000 0.200000
v 1.806066 7.906066 0.200000
v 1.775000 7.929904 0.200000
v 1.738823 7.944889 0.200000
v 1.700000 7.950000 0.200000
v 1.661177 7.944889 0.200000
v 1.625000 7.929904 0.200000
v 1.593934 7.906066 0.200000
v 1.570096 7.875000 0.200000
v 1.555111 7.838823 0.200000
v 1.550000 7.800000 0.000000
v 1.555111 7.838823 0.000000
v 1.570096 7.875000 0.000000
v 1.593934 7.906066 0.000000
v 1.625000 7.929904 0.000000
v 1.661177 7.944889 0.000000
v 1.700000 7.950000 0.000000
v 1.738823 7.944889 0.000000
v 1.775000 7.929904 0.000000
v 1.806066 7.906066 0.000000
v 1.829904 7.875000 0.000000
v 1.844889 7.838823 0.000000
v 1.850000 7.800000 0.000000
v 1.844889 7.761177 0.000000
v 1.829904 7.725000 0.000000
v 1.806066 7.693934 0.000000
v 1.775000 7.670096 0.000000
v 1.738823 7.655111 0.000000
v 1.700000 7.650000 0.000000
v 1.661177 7.655111 0.000000
v 1.625000 7.670096 0.000000
v 1.593934 7.693934 0.000000
v 1.570096 7.725000 0.000000
v 1.555111 7.761177 0.000000
v 1.550000 0.600000 0.200000
v 1.555111 0.561177 0.200000
v 1.570096 0.525000 0.200000
v 1.593934 0.493934 0.200000
v 1.625000 0.470096 0.200000
v 1.661177 0.455111 0.200000
v 1.700000 0.450000 0.200000
v 1.738823 0.455111 0.200000
v 1.775000 0.470096 0.200000
v 1.806066 0.493934 0.200000
v 1.829904 0.525000 0.200000
v 1.844889 0.561177 0.200000
v 1.850000 0.600000 0.200000
v 1.844889 0.638823 0.200000
v 1.829904 0.675000 0.200000
v 1.806066 0.706066 0.200000
v 1.775000 0.729904 0.200000
v 1.738823 0.744889 0.200000
v 1.700000 0.750000 0.200000
v 1.661177 0.744889 0.200000
v 1.625000 0.729904 0.200000
v 1.593934 0.706066 0.200000
v 1.570096 0.675000 0.200000
v 1.555111 0.638823 0.200000
v 1.550000 0.600000 0.000000
v 1.555111 0.638823 0.000000
v 1.570096 0.675000 0.000000
v 1.593934 0.706066 0.000000
v 1.625000 0.729904 0.000000
v 1.661177 0.744889 0.000000
v 1.700000 0.750000 0.000000
v 1.738823 0.744889 0.000000
v 1.775000 0.729904 0.000000
v 1.806066 0.706066 0.000000
v 1.829904 0.675000 0.000000
v 1.844889 0.638823 0.000000
v 1.850000 0.600000 0.000000
v 1.844889 0.561177 0.000000
v 1.829904 0.525000 0.000000
v 1.806066 0.493934 0.000000
v 1.775000 0.470096 0.000000
v 1.738823 0.455111 0.000000
v 1.700000 0.450000 0.000000
v 1.661177 0.455111 0.000000
v 1.625000 0.470096 0.000000
v 1.593934 0.493934 0.000000
v 1.570096 0.525000 0.000000
v 1.555111 0.561177 0.000000
v 0.450000 7.800000 0.200000
v 0.455111 7.761177 0.200000
v 0.470096 7.725000 0.200000
v 0.493934 7.693934 0.200000
v 0.525000 7.670096 0.200000
v 0.561177 7.655111 0.200000
v 0.600000 7.650000 0.200000
v 0.638823 7.655111 0.200000
v 0.675000 7.670096 0.200000
v 0.706066 7.693934 0.200000
v 0.729904 7.725000 0.200000
v 0.744889 7.761177 0.200000
v 0.750000 7.800000 0.200000
v 0.744889 7.838823 0.200000
v 0.729904 7.875000 0.200000
v 0.706066 7.906066 0.200000
v 0.675000 7.929904 0.200000
v 0.638823 7.944889 0.200000
v 0.600000 7.950000 0.200000
v 0.561177 7.944889 0.200000
v 0.525000 7.929904 0.200000
v 0.493934 7.906066 0.200000
v 0.470096 7.875000 0.200000
v 0.455111 7.838823 0.200000
v 0.450000 7.800000 0.000000
v 0.455111 7.838823 0.000000
v 0.470096 7.875000 0.000000
v 0.493934 7.906066 0.000000
v 0.525000 7.929904 0.000000
v 0.561177 7.944889 0.000000
v 0.600000 7.950000 0.000000
v 0.638823 7.944889 0.000000
v 0.675000 7.929904 0.000000
v 0.706066 7.906066 0.000000
v 0.729904 7.875000 0.000000
v 0.744889 7.838823 0.000000
v 0.750000 7.800000 0.000000
v 0.744889 7.761177 0.000000
v 0.729904 7.725000 0.000000
v 0.706066 7.693934 0.000000
v 0.675000 7.670096 0.000000
v 0.638823 7.655111 0.000000
v 0.600000 7.650000 0.000000
v 0.561177 7.655111 0.000000
v 0.525000 7.670096 0.000000
v 0.493934 7.693934 0.000000
v 0.470096 7.725000 0.000000
v 0.455111 7.761177 0.000000
v 6.650000 7.800000 0.200000
v 6.655111 7.761177 0.200000
v 6.670096 7.725000 0.200000
v 6.693934 7.693934 0.200000
v 6.725000 7.670096 0.200000
v 6.761177 7.655111 0.200000
v 6.800000 7.650000 0.200000
v 6.838823 7.655111 0.200000
v 6.875000 7.670096 0.200000
v 6.906066 7.693934 0.200000
v 6.929904 7.725000 0.200000
v 6.944889 7.761177 0.200000
v 6.950000 7.800000 0.200000
v 6.944889 7.838823 0.200000
v 6.929904 7.875000 0.200000
v 6.906066 7.906066 0.200000
v 6.875000 7.929904 0.200000
v 6.838823 7.944889 0.200000
v 6.800000 7.950000 0.200000
v 6.761177 7.944889 0.200000
v 6.725000 7.929904 0.200000
v 6.693934 7.906066 0.200000
v 6.670096 7.875000 0.200000
v 6.655111 7.838823 0.200000
v 6.650000 7.800000 0.000000
v 6.655111 7.838823 0.000000
v 6.670096 7.875000 0.000000
v 6.693934 7.906066 0.000000
v 6.725000 7.929904 0.000000
v 6.761177 7.944889 0.000000
v 6.800000 7.950000 0.000000
v 6.838823 7.944889 0.000000
v 6.875000 7.929904 0.000000
v 6.906066 7.906066 0.000000
v 6.929904 7.875000 0.000000
v 6.944889 7.838823 0.000000
v 6.950000 7.800000 0.000000
v 6.944889 7.761177 0.000000
v 6.929904 7.725000 0.000000
v 6.906066 7.693934 0.000000
v 6.875000 7.670096 0.000000
v 6.838823 7.655111 0.000000
v 6.800000 7.650000 0.000000
v 6.761177 7.655111 0.000000
v 6.725000 7.670096 0.000000
v 6.693934 7.693934 0.000000
v 6.670096 7.725000 0.000000
v 6.655111 7.761177 0.000000
v 5.550000 7.800000 0.200000
v 5.555111 7.761177 0.200000
v 5.570096 7.725000 0.200000
v 5.593934 7.693934 0.200000
v 5.625000 7.670096 0.200000
v 5.661177 7.655111 0.200000
v 5.700000 7.650000 0.200000
v 5.738823 7.655111 0.200000
v 5.775000 7.670096 0.200000
v 5.806066 7.693934 0.200000
v 5.829904 7.725000 0.200000
v 5.844889 7.761177 0.200000
v 5.850000 7.800000 0.200000
v 5.844889 7.838823 0.200000
v 5.829904 7.875000 0.200000
v 5.806066 7.906066 0.200000
v 5.775000 7.929904 0.200000
v 5.738823 7.944889 0.200000
v 5.700000 7.950000 0.200000
v 5.661177 7.944889 0.200000
v 5.625000 7.929904 0.200000
v 5.593934 7.906066 0.200000
v 5.570096 7.875000 0.200000
v 5.555111 7.838823 0.200000
v 5.550000 7.800000 0.000000
v 5.555111 7.838823 0.000000
v 5.570096 7.875000 0.000000
v 5.593934 7.906066 0.000000
v 5.625000 7.929904 0.000000
v 5.661177 7.944889 0.000000
v 5.700000 7.950000 0.000000
v 5.738823 7.944889 0.000000
v 5.775000 7.929904 0.000000
v 5.806066 7.906066 0.000000
v 5.829904 7.875000 0.000000
v 5.844889 7.838823 0.000000
v 5.850000 7.800000 0.000000
v 5.844889 7.761177 0.000000
v 5.829904 7.725000 0.000000
v 5.806066 7.693934 0.000000
v 5.775000 7.670096 0.000000
v 5.738823 7.655111 0.000000
v 5.700000 7.650000 0.000000
v 5.661177 7.655111 0.000000
v 5.625000 7.670096 0.000000
v 5.593934 7.693934 0.000000
v 5.570096 7.725000 0.000000
v 5.555111 7.761177 0.000000
v 1.150000 2.400000 0.200000
v 1.155111 2.361177 0.200000
v 1.170096 2.325000 0.200000
v 1.193934 2.293934 0.200000
v 1.225000 2.270096 0.200000
v 1.261177 2.255111 0.200000
v 1.300000 2.250000 0.200000
v 1.338823 2.255111 0.200000
v 1.375000 2.270096 0.200000
v 1.406066 2.293934 0.200000
v 1.429904 2.325000 0.200000
v 1.444889 2.361177 0.200000
v 1.450000 2.400000 0.200000
v 1.444889 2.438823 0.200000
v 1.429904 2.475000 0.200000
v 1.406066 2.506066 0.200000
v 1.375000 2.529904 0.200000
v 1.338823 2.544889 0.200000
v 1.300000 2.550000 0.200000
v 1.261177 2.544889 0.200000
v 1.225000 2.529904 0.200000
v 1.193934 2.506066 0.200000
v 1.170096 2.475000 0.200000
v 1.155111 2.438823 0.200000
v 1.150000 2.400000 0.000000
v 1.155111 2.438823 0.000000
v 1.170096 2.475000 0.000000
v 1.193934 2.506066 0.000000
v 1.225000 2.529904 0.000000
v 1.261177 2.544889 0.000000
v 1.300000 2.550000 0.000000
v 1.338823 2.544889 0.000000
v 1.375000 2.529904 0.000000
v 1.406066 2.506066 0.000000
v 1.429904 2.475000 0.000000
v 1.444889 2.438823 0.000000
v 1.450000 2.400000 0.000000
v 1.444889 2.361177 0.000000
v 1.429904 2.325000 0.000000
v 1.406066 2.293934 0.000000
v 1.375000 2.270096 0.000000
v 1.338823 2.255111 0.000000
v 1.300000 2.250000 0.000000
v 1.261177 2.255111 0.000000
v 1.225000 2.270096 0.000000
v 1.193934 2.293934 0.000000
v 1.170096 2.325000 0.000000
v 1.155111 2.361177 0.000000
v 5.950000 6.000000 0.200000
v 5.955111 5.961177 0.200000
v 5.970096 5.925000 0.200000
v 5.993934 5.893934 0.200000
v 6.025000 5.870096 0.200000
v 6.061177 5.855111 0.200000
v 6.100000 5.850000 0.200000
v 6.138823 5.855111 0.200000
v 6.175000 5.870096 0.200000
v 6.206066 5.893934 0.200000
v 6.229904 5.925000 0.200000
v 6.244889 5.961177 0.200000
v 6.250000 6.000000 0.200000
v 6.244889 6.038823 0.200000
v 6.229904 6.075000 0.200000
v 6.206066 6.106066 0.200000
v 6.175000 6.129904 0.200000
v 6.138823 6.144889 0.200000
v 6.100000 6.150000 0.200000
v 6.061177 6.144889 0.200000
v 6.025000 6.129904 0.200000
v 5.993934 6.106066 0.200000
v 5.970096 6.075000 0.200000
v 5.955111 6.038823 0.200000
v 5.950000 6.000000 0.000000
v 5.955111 6.038823 0.000000
v 5.970096 6.075000 0.000000
v 5.993934 6.106066 0.000000
v 6.025000 6.129904 0.000000
v 6.061177 6.144889 0.000000
v 6.100000 6.150000 0.000000
v 6.138823 6.144889 0.000000
v 6.175000 6.129904 0.000000
v 6.206066 6.106066 0.000000
v 6.229904 6.075000 0.000000
v 6.244889 6.038823 0.000000
v 6.250000 6.000000 0.000000
v 6.244889 5.961177 0.000000
v 6.229904 5.925000 0.000000
v 6.206066 5.893934 0.000000
v 6.175000 5.870096 0.000000
v 6.138823 5.855111 0.000000
v 6.100000 5.850000 0.000000
v 6.061177 5.855111 0.000000
v 6.025000 5.870096 0.000000
v 5.993934 5.893934 0.000000
v 5.970096 5.925000 0.000000
v 5.955111 5.961177 0.000000
v 1.150000 6.000000 0.200000
v 1.155111 5.961177 0.200000
v 1.170096 5.925000 0.200000
v 1.193934 5.893934 0.200000
v 1.225000 5.870096 0.200000
v 1.261177 5.855111 0.200000
v 1.300000 5.850000 0.200000
v 1.338823 5.855111 0.200000
v 1.375000 5.870096 0.200000
v 1.406066 5.893934 0.200000
v 1.429904 5.925000 0.200000
v 1.444889 5.961177 0.200000
v 1.450000 6.000000 0.200000
v 1.444889 6.038823 0.200000
v 1.429904 6.075000 0.200000
v 1.406066 6.106066 0.200000
v 1.375000 6.129904 0.200000
v 1.338823 6.144889 0.200000
v 1.300000 6.150000 0.200000
v 1.261177 6.144889 0.200000
v 1.225000 6.129904 0.200000
v 1.193934 6.106066 0.200000
v 1.170096 6.075000 0.200000
v 1.155111 6.038823 0.200000
v 1.150000 6.000000 0.000000
v 1.155111 6.038823 0.000000
v 1.170096 6.075000 0.000000
v 1.193934 6.106066 0.000000
v 1.225000 6.129904 0.000000
v 1.261177 6.144889 0.000000
v 1.300000 6.150000 0.000000
v 1.338823 6.144889 0.000000
v 1.375000 6.129904 0.000000
v 1.406066 6.106066 0.000000
v 1.429904 6.075000 0.000000
v 1.444889 6.038823 0.000000
v 1.450000 6.000000 0.000000
v 1.444889 5.961177 0.000000
v 1.429904 5.925000 0.000000
v 1.406066 5.893934 0.000000
v 1.375000 5.870096 0.000000
v 1.338823 5.855111 0.000000
v 1.300000 5.850000 0.000000
v 1.261177 5.855111 0.000000
v 1.225000 5.870096 0.000000
v 1.193934 5.893934 0.000000
v 1.170096 5.925000 0.000000
v 1.155111 5.961177 0.000000
v 5.950000 2.400000 0.200000
v 5.955111 2.361177 0.200000
v 5.970096 2.325000 0.200000
v 5.993934 2.293934 0.200000
v 6.025000 2.270096 0.200000
v 6.061177 2.255111 0.200000
v 6.100000 2.250000 0.200000
v 6.138823 2.255111 0.200000
v 6.175000 2.270096 0.200000
v 6.206066 2.293934 0.200000
v 6.229904 2.325000 0.200000
v 6.244889 2.361177 0.200000
v 6.250000 2.400000 0.200000
v 6.244889 2.438823 0.200000
v 6.229904 2.475000 0.200000
v 6.206066 2.506066 0.200000
v 6.175000 2.529904 0.200000
v 6.138823 2.544889 0.200000
v 6.100000 2.550000 0.200000
v 6.061177 2.544889 0.200000
v 6.025000 2.529904 0.200000
v 5.993934 2.506066 0.200000
v 5.970096 2.475000 0.200000
v 5.955111 2.438823 0.200000
v 5.950000 2.400000 0.000000
v 5.955111 2.438823 0.000000
v 5.970096 2.475000 0.000000
v 5.993934 2.506066 0.000000
v 6.025000 2.529904 0.000000
v 6.061177 2.544889 0.000000
v 6.100000 2.550000 0.000000
v 6.138823 2.544889 0.000000
v 6.175000 2.529904 0.000000
v 6.206066 2.506066 0.000000
v 6.229904 2.475000 0.000000
v 6.244889 2.438823 0.000000
v 6.250000 2.400000 0.000000
v 6.244889 2.361177 0.000000
v 6.229904 2.325000 0.000000
v 6.206066 2.293934 0.000000
v 6.175000 2.270096 0.000000
v 6.138823 2.255111 0.000000
v 6.100000 2.250000 0.000000
v 6.061177 2.255111 0.000000
v 6.025000 2.270096 0.000000
v 5.993934 2.293934 0.000000
v 5.970096 2.325000 0.000000
v 5.955111 2.361177 0.000000
v 7.100000 8.400000 0.000000
v 0.300000 8.400000 0.000000
v 0.300000 8.400000 0.200000
v 7.100000 8.400000 0.200000
v 7.400000 8.100000 0.000000
v 7.389778 8.177646 0.000000
v 7.359808 8.250000 0.000000
v 7.312132 8.312132 0.000000
v 7.250000 8.359808 0.000000
v 7.177646 8.389778 0.000000
v 7.177646 8.389778 0.200000
v 7.250000 8.359808 0.200000
v 7.312132 8.312132 0.200000
v 7.359808 8.250000 0.200000
v 7.389778 8.177646 0.200000
v 7.400000 8.100000 0.200000
v 7.400000 0.300000 0.000000
v 7.400000 0.300000 0.200000
v 7.100000 0.000000 0.000000
v 7.177646 0.010222 0.000000
v 7.250000 0.040192 0.000000
v 7.312132 0.087868 0.000000
v 7.359808 0.150000 0.000000
v 7.389778 0.222354 0.000000
v 7.389778 0.222354 0.200000
v 7.359808 0.150000 0.200000
v 7.312132 0.087868 0.200000
v 7.250000 0.040192 0.200000
v 7.177646 0.010222 0.200000
v 7.100000 0.000000 0.200000
v 0.300000 0.000000 0.000000
v 0.300000 0.000000 0.200000
v 0.000000 0.300000 0.000000
v 0.010222 0.222354 0.000000
v 0.040192 0.150000 0.000000
v 0.087868 0.087868 0.000000
v 0.150000 0.040192 0.000000
v 0.222354 0.010222 0.000000
v 0.222354 0.010222 0.200000
v 0.150000 0.040192 0.200000
v 0.087868 0.087868 0.200000
v 0.040192 0.150000 0.200000
v 0.010222 0.222354 0.200000
v 0.000000 0.300000 0.200000
v -0.000000 8.100000 0.000000
v -0.000000 8.100000 0.200000
v 0.222354 8.389778 0.000000
v 0.150000 8.359808 0.000000
v 0.087868 8.312132 0.000000
v 0.040192 8.250000 0.000000
v 0.010222 8.177646 0.000000
v 0.010222 8.177646 0.200000
v 0.040192 8.250000 0.200000
v 0.087868 8.312132 0.200000
v 0.150000 8.359808 0.200000
v 0.222354 8.389778 0.200000
vt 0.200000 0.235619 0.000000
vt 0.000000 0.235619 0.000000
vt 0.200000 0.157080 0.000000
vt 0.000000 0.157080 0.000000
vt 0.200000 0.078540 0.000000
vt 0.000000 0.078540 0.000000
vt 0.200000 -0.000000 0.000000
vt 0.000000 -0.000000 0.000000
vt 0.200000 -0.078540 0.000000
vt 0.000000 -0.078540 0.000000
vt 0.200000 -0.157080 0.000000
vt 0.000000 -0.157080 0.000000
vt 0.200000 -0.235619 0.000000
vt 0.000000 -0.235619 0.000000
vt -2.500000 0.000000 0.000000
vt -0.300000 0.000000 0.000000
vt -2.500000 0.200000 0.000000
vt -0.300000 0.200000 0.000000
vt 0.200000 0.235619 0.000000
vt 0.000000 0.235619 0.000000
vt 0.200000 0.157080 0.000000
vt -0.000000 0.157080 0.000000
vt 0.200000 0.078540 0.000000
vt 0.000000 0.078540 0.000000
vt 0.200000 0.000000 0.000000
vt 0.000000 0.000000 0.000000
vt 0.200000 -0.078540 0.000000
vt 0.000000 -0.078540 0.000000
vt 0.200000 -0.157080 0.000000
vt 0.000000 -0.157080 0.000000
vt 0.200000 -0.235619 0.000000
vt 0.000000 -0.235619 0.000000
vt -0.300000 0.200000 0.000000
vt -6.100000 0.200000 0.000000
vt -0.300000 0.000000 0.000000
vt -6.100000 0.000000 0.000000
vt 0.200000 0.235619 0.000000
vt -0.000000 0.235619 0.000000
vt 0.200000 0.157080 0.000000
vt 0.000000 0.157080 0.000000
vt 0.200000 0.078540 0.000000
vt -0.000000 0.078540 0.000000
vt 0.200000 0.000000 0.000000
vt -0.000000 0.000000 0.000000
vt 0.200000 -0.078540 0.000000
vt -0.000000 -0.078540 0.000000
vt 0.200000 -0.157080 0.000000
vt -0.000000 -0.157080 0.000000
vt 0.200000 -0.235619 0.000000
vt 0.000000 -0.235619 0.000000
vt -0.300000 0.200000 0.000000
vt -2.500000 0.200000 0.000000
vt -0.300000 0.000000 0.000000
vt -2.500000 0.000000 0.000000
vt 0.200000 0.235619 0.000000
vt 0.000000 0.235619 0.000000
vt 0.200000 0.157080 0.000000
vt 0.000000 0.157080 0.000000
vt 0.200000 0.078540 0.000000
vt 0.000000 0.078540 0.000000
vt 0.200000 0.000000 0.000000
vt 0.000000 0.000000 0.000000
vt 0.200000 -0.078540 0.000000
vt -0.000000 -0.078540 0.000000
vt 0.200000 -0.157080 0.000000
vt 0.000000 -0.157080 0.000000
vt 0.200000 -0.235619 0.000000
vt -0.000000 -0.235619 0.000000
vt -0.300000 0.200000 0.000000
vt -6.100000 0.200000 0.000000
vt -0.300000 0.000000 0.000000
vt -6.100000 0.000000 0.000000
vt 0.200000 -0.431969 0.000000
vt 0.000000 -0.431969 0.000000
vt 0.200000 -0.471239 0.000000
vt 0.000000 -0.471239 0.000000
vt 0.200000 0.471239 0.000000
vt 0.000000 0.471239 0.000000
vt 0.200000 0.431969 0.000000
vt 0.000000 0.431969 0.000000
vt 0.200000 0.392699 0.000000
vt 0.000000 0.392699 0.000000
vt 0.200000 0.353429 0.000000
vt -0.000000 0.353429 0.000000
vt 0.200000 0.314159 0.000000
vt 0.000000 0.314159 0.000000
vt 0.200000 0.274889 0.000000
vt -0.000000 0.274889 0.000000
vt 0.200000 0.235619 0.000000
vt 0.000000 0.235619 0.000000
vt 0.200000 0.196350 0.000000
vt -0.000000 0.196350 0.000000
vt 0.200000 0.157080 0.000000
vt 0.000000 0.157080 0.000000
vt 0.200000 0.117810 0.000000
vt -0.000000 0.117810 0.000000
vt 0.200000 0.078540 0.000000
vt 0.000000 0.078540 0.000000
vt 0.200000 0.039270 0.000000
vt 0.000000 0.039270 0.000000
vt 0.200000 0.000000 0.000000
vt 0.000000 0.000000 0.000000
vt 0.200000 -0.039270 0.000000
vt 0.000000 -0.039270 0.000000
vt 0.200000 -0.078540 0.000000
vt 0.000000 -0.078540 0.000000
vt 0.200000 -0.117810 0.000000
vt -0.000000 -0.117810 0.000000
vt 0.200000 -0.157080 0.000000
vt 0.000000 -0.157080 0.000000
vt 0.200000 -0.196350 0.000000
vt -0.000000 -0.196350 0.000000
vt 0.200000 -0.235619 0.000000
vt 0.000000 -0.235619 0.000000
vt 0.200000 -0.274889 0.000000
vt -0.000000 -0.274889 0.000000
vt 0.200000 -0.314159 0.000000
vt -0.000000 -0.314159 0.000000
vt 0.200000 -0.353429 0.000000
vt -0.000000 -0.353429 0.000000
vt 0.200000 -0.392699 0.000000
vt 0.000000 -0.392699 0.000000
vt 0.200000 -0.431969 0.000000
vt -0.000000 -0.431969 0.000000
vt 0.200000 -0.471239 0.000000
vt 0.000000 -0.471239 0.000000
vt 0.200000 0.471239 0.000000
vt 0.000000 0.471239 0.000000
vt 0.200000 0.431969 0.000000
vt -0.000000 0.431969 0.000000
vt 0.200000 0.392699 0.000000
vt 0.000000 0.392699 0.000000
vt 0.200000 0.353429 0.000000
vt 0.000000 0.353429 0.000000
vt 0.200000 0.314159 0.000000
vt 0.000000 0.314159 0.000000
vt 0.200000 0.274889 0.000000
vt 0.000000 0.274889 0.000000
vt 0.200000 0.235619 0.000000
vt 0.000000 0.235619 0.000000
vt 0.200000 0.196350 0.000000
vt 0.000000 0.196350 0.000000
vt 0.200000 0.157080 0.000000
vt -0.000000 0.157080 0.000000
vt 0.200000 0.117810 0.000000
vt -0.000000 0.117810 0.000000
vt 0.200000 0.078540 0.000000
vt 0.000000 0.078540 0.000000
vt 0.200000 0.039270 0.000000
vt -0.000000 0.039270 0.000000
vt 0.200000 0.000000 0.000000
vt 0.000000 0.000000 0.000000
vt 0.200000 -0.039270 0.000000
vt 0.000000 -0.039270 0.000000
vt 0.200000 -0.078540 0.000000
vt -0.000000 -0.078540 0.000000
vt 0.200000 -0.117810 0.000000
vt 0.000000 -0.117810 0.000000
vt 0.200000 -0.157080 0.000000
vt -0.000000 -0.157080 0.000000
vt 0.200000 -0.196350 0.000000
vt -0.000000 -0.196350 0.000000
vt 0.200000 -0.235619 0.000000
vt 0.000000 -0.235619 0.000000
vt 0.200000 -0.274889 0.000000
vt 0.000000 -0.274889 0.000000
vt 0.200000 -0.314159 0.000000
vt 0.000000 -0.314159 0.000000
vt 0.200000 -0.353429 0.000000
vt 0.000000 -0.353429 0.000000
vt 0.200000 -0.392699 0.000000
vt -0.000000 -0.392699 0.000000
vt 0.200000 -0.431969 0.000000
vt 0.000000 -0.431969 0.000000
vt 0.200000 -0.471239 0.000000
vt 0.000000 -0.471239 0.000000
vt 0.200000 0.471239 0.000000
vt 0.000000 0.471239 0.000000
vt 0.200000 0.431969 0.000000
vt 0.000000 0.431969 0.000000
vt 0.200000 0.392699 0.000000
vt 0.000000 0.392699 0.000000
vt 0.200000 0.353429 0.000000
vt -0.000000 0.353429 0.000000
vt 0.200000 0.314159 0.000000
vt 0.000000 0.314159 0.000000
vt 0.200000 0.274889 0.000000
vt -0.000000 0.274889 0.000000
vt 0.200000 0.235619 0.000000
vt 0.000000 0.235619 0.000000
vt 0.200000 0.196350 0.000000
vt -0.000000 0.196350 0.000000
vt 0.200000 0.157080 0.000000
vt 0.000000 0.157080 0.000000
vt 0.200000 0.117810 0.000000
vt -0.000000 0.117810 0.000000
vt 0.200000 0.078540 0.000000
vt 0.000000 0.078540 0.000000
vt 0.200000 0.039270 0.000000
vt 0.000000 0.039270 0.000000
vt 0.200000 0.000000 0.000000
vt 0.000000 0.000000 0.000000
vt 0.200000 -0.039270 0.000000
vt 0.000000 -0.039270 0.000000
vt 0.200000 -0.078540 0.000000
vt 0.000000 -0.078540 0.000000
vt 0.200000 -0.117810 0.000000
vt -0.000000 -0.117810 0.000000
vt 0.200000 -0.157080 0.000000
vt 0.000000 -0.157080 0.000000
vt 0.200000 -0.196350 0.000000
vt -0.000000 -0.196350 0.000000
vt 0.200000 -0.235619 0.000000
vt 0.000000 -0.235619 0.000000
vt 0.200000 -0.274889 0.000000
vt -0.000000 -0.274889 0.000000
vt 0.200000 -0.314159 0.000000
vt -0.000000 -0.314159 0.000000
vt 0.200000 -0.353429 0.000000
vt -0.000000 -0.353429 0.000000
vt 0.200000 -0.392699 0.000000
vt 0.000000 -0.392699 0.000000
vt 0.200000 -0.431969 0.000000
vt 0.000000 -0.431969 0.000000
vt 0.200000 -0.471239 0.000000
vt 0.000000 -0.471239 0.000000
vt 0.200000 0.471239 0.000000
vt 0.000000 0.471239 0.000000
vt 0.200000 0.431969 0.000000
vt -0.000000 0.431969 0.000000
vt 0.200000 0.392699 0.000000
vt -0.000000 0.392699 0.000000
vt 0.200000 0.353429 0.000000
vt -0.000000 0.353429 0.000000
vt 0.200000 0.314159 0.000000
vt 0.000000 0.314159 0.000000
vt 0.200000 0.274889 0.000000
vt 0.000000 0.274889 0.000000
vt 0.200000 0.235619 0.000000
vt 0.000000 0.235619 0.000000
vt 0.200000 0.196350 0.000000
vt 0.000000 0.196350 0.000000
vt 0.200000 0.157080 0.000000
vt 0.000000 0.157080 0.000000
vt 0.200000 0.117810 0.000000
vt -0.000000 0.117810 0.000000
vt 0.200000 0.078540 0.000000
vt 0.000000 0.078540 0.000000
vt 0.200000 0.039270 0.000000
vt -0.000000 0.039270 0.000000
vt 0.200000 0.000000 0.000000
vt 0.000000 0.000000 0.000000
vt 0.200000 -0.039270 0.000000
vt -0.000000 -0.039270 0.000000
vt 0.200000 -0.078540 0.000000
vt -0.000000 -0.078540 0.000000
vt 0.200000 -0.117810 0.000000
vt 0.000000 -0.117810 0.000000
vt 0.200000 -0.157080 0.000000
vt 0.000000 -0.157080 0.000000
vt 0.200000 -0.196350 0.000000
vt 0.000000 -0.196350 0.000000
vt 0.200000 -0.235619 0.000000
vt 0.000000 -0.235619 0.000000
vt 0.200000 -0.274889 0.000000
vt 0.000000 -0.274889 0.000000
vt 0.200000 -0.314159 0.000000
vt 0.000000 -0.314159 0.000000
vt 0.200000 -0.353429 0.000000
vt -0.000000 -0.353429 0.000000
vt 0.200000 -0.392699 0.000000
vt 0.000000 -0.392699 0.000000
vt 0.200000 -0.431969 0.000000
vt 0.000000 -0.431969 0.000000
vt 0.200000 -0.471239 0.000000
vt 0.000000 -0.471239 0.000000
vt 0.200000 0.471239 0.000000
vt 0.000000 0.471239 0.000000
vt 0.200000 0.431969 0.000000
vt -0.000000 0.431969 0.000000
vt 0.200000 0.392699 0.000000
vt -0.000000 0.392699 0.000000
vt 0.200000 0.353429 0.000000
vt 0.000000 0.353429 0.000000
vt 0.200000 0.314159 0.000000
vt 0.000000 0.314159 0.000000
vt 0.200000 0.274889 0.000000
vt -0.000000 0.274889 0.000000
vt 0.200000 0.235619 0.000000
vt 0.000000 0.235619 0.000000
vt 0.200000 0.196350 0.000000
vt 0.000000 0.196350 0.000000
vt 0.200000 0.157080 0.000000
vt 0.000000 0.157080 0.000000
vt 0.200000 0.117810 0.000000
vt 0.000000 0.117810 0.000000
vt 0.200000 0.078540 0.000000
vt 0.000000 0.078540 0.000000
vt 0.200000 0.039270 0.000000
vt -0.000000 0.039270 0.000000
vt 0.200000 0.000000 0.000000
vt 0.000000 0.000000 0.000000
vt 0.200000 -0.039270 0.000000
vt -0.000000 -0.039270 0.000000
vt 0.200000 -0.078540 0.000000
vt -0.000000 -0.078540 0.000000
vt 0.200000 -0.117810 0.000000
vt 0.000000 -0.117810 0.000000
vt 0.200000 -0.157080 0.000000
vt 0.000000 -0.157080 0.000000
vt 0.200000 -0.196350 0.000000
vt -0.000000 -0.196350 0.000000
vt 0.200000 -0.235619 0.000000
vt 0.000000 -0.235619 0.000000
vt 0.200000 -0.274889 0.000000
vt 0.000000 -0.274889 0.000000
vt 0.200000 -0.314159 0.000000
vt -0.000000 -0.314159 0.000000
vt 0.200000 -0.353429 0.000000
vt 0.000000 -0.353429 0.000000
vt 0.200000 -0.392699 0.000000
vt 0.000000 -0.392699 0.000000
vt 0.200000 -0.431969 0.000000
vt -0.000000 -0.431969 0.000000
vt 0.200000 -0.471239 0.000000
vt 0.000000 -0.471239 0.000000
vt 0.200000 0.471239 0.000000
vt 0.000000 0.471239 0.000000
vt 0.200000 0.431969 0.000000
vt -0.000000 0.431969 0.000000
vt 0.200000 0.392699 0.000000
vt -0.000000 0.392699 0.000000
vt 0.200000 0.353429 0.000000
vt 0.000000 0.353429 0.000000
vt 0.200000 0.314159 0.000000
vt -0.000000 0.314159 0.000000
vt 0.200000 0.274889 0.000000
vt -0.000000 0.274889 0.000000
vt 0.200000 0.235619 0.000000
vt -0.000000 0.235619 0.000000
vt 0.200000 0.196350 0.000000
vt -0.000000 0.196350 0.000000
vt 0.200000 0.157080 0.000000
vt -0.000000 0.157080 0.000000
vt 0.200000 0.117810 0.000000
vt 0.000000 0.117810 0.000000
vt 0.200000 0.078540 0.000000
vt -0.000000 0.078540 0.000000
vt 0.200000 0.039270 0.000000
vt -0.000000 0.039270 0.000000
vt 0.200000 0.000000 0.000000
vt 0.000000 0.000000 0.000000
vt 0.200000 -0.039270 0.000000
vt -0.000000 -0.039270 0.000000
vt 0.200000 -0.078540 0.000000
vt -0.000000 -0.078540 0.000000
vt 0.200000 -0.117810 0.000000
vt 0.000000 -0.117810 0.000000
vt 0.200000 -0.157080 0.000000
vt -0.000000 -0.157080 0.000000
vt 0.200000 -0.196350 0.000000
vt -0.000000 -0.196350 0.000000
vt 0.200000 -0.235619 0.000000
vt -0.000000 -0.235619 0.000000
vt 0.200000 -0.274889 0.000000
vt -0.000000 -0.274889 0.000000
vt 0.200000 -0.314159 0.000000
vt -0.000000 -0.314159 0.000000
vt 0.200000 -0.353429 0.000000
vt 0.000000 -0.353429 0.000000
vt 0.200000 -0.392699 0.000000
vt -0.000000 -0.392699 0.000000
vt 0.200000 -0.431969 0.000000
vt 0.000000 -0.431969 0.000000
vt 0.200000 -0.471239 0.000000
vt 0.000000 -0.471239 0.000000
vt 0.200000 0.471239 0.000000
vt 0.000000 0.471239 0.000000
vt 0.200000 0.431969 0.000000
vt 0.000000 0.431969 0.000000
vt 0.200000 0.392699 0.000000
vt 0.000000 0.392699 0.000000
vt 0.200000 0.353429 0.000000
vt -0.000000 0.353429 0.000000
vt 0.200000 0.314159 0.000000
vt 0.000000 0.314159 0.000000
vt 0.200000 0.274889 0.000000
vt 0.000000 0.274889 0.000000
vt 0.200000 0.235619 0.000000
vt 0.000000 0.235619 0.000000
vt 0.200000 0.196350 0.000000
vt 0.000000 0.196350 0.000000
vt 0.200000 0.157080 0.000000
vt 0.000000 0.157080 0.000000
vt 0.200000 0.117810 0.000000
vt -0.000000 0.117810 0.000000
vt 0.200000 0.078540 0.000000
vt 0.000000 0.078540 0.000000
vt 0.200000 0.039270 0.000000
vt 0.000000 0.039270 0.000000
vt 0.200000 0.000000 0.000000
vt 0.000000 0.000000 0.000000
vt 0.200000 -0.039270 0.000000
vt 0.000000 -0.039270 0.000000
vt 0.200000 -0.078540 0.000000
vt 0.000000 -0.078540 0.000000
vt 0.200000 -0.117810 0.000000
vt 0.000000 -0.117810 0.000000
vt 0.200000 -0.157080 0.000000
vt 0.000000 -0.157080 0.000000
vt 0.200000 -0.196350 0.000000
vt 0.000000 -0.196350 0.000000
vt 0.200000 -0.235619 0.000000
vt 0.000000 -0.235619 0.000000
vt 0.200000 -0.274889 0.000000
vt 0.000000 -0.274889 0.000000
vt 0.200000 -0.314159 0.000000
vt 0.000000 -0.314159 0.000000
vt 0.200000 -0.353429 0.000000
vt -0.000000 -0.353429 0.000000
vt 0.200000 -0.392699 0.000000
vt 0.000000 -0.392699 0.000000
vt 0.200000 -0.431969 0.000000
vt 0.000000 -0.431969 0.000000
vt 0.200000 -0.471239 0.000000
vt 0.000000 -0.471239 0.000000
vt 0.200000 0.471239 0.000000
vt 0.000000 0.471239 0.000000
vt 0.200000 0.431969 0.000000
vt 0.000000 0.431969 0.000000
vt 0.200000 0.392699 0.000000
vt 0.000000 0.392699 0.000000
vt 0.200000 0.353429 0.000000
vt -0.000000 0.353429 0.000000
vt 0.200000 0.314159 0.000000
vt 0.000000 0.314159 0.000000
vt 0.200000 0.274889 0.000000
vt 0.000000 0.274889 0.000000
vt 0.200000 0.235619 0.000000
vt 0.000000 0.235619 0.000000
vt 0.200000 0.196350 0.000000
vt 0.000000 0.196350 0.000000
vt 0.200000 0.157080 0.000000
vt 0.000000 0.157080 0.000000
vt 0.200000 0.117810 0.000000
vt -0.000000 0.117810 0.000000
vt 0.200000 0.078540 0.000000
vt 0.000000 0.078540 0.000000
vt 0.200000 0.039270 0.000000
vt 0.000000 0.039270 0.000000
vt 0.200000 0.000000 0.000000
vt 0.000000 0.000000 0.000000
vt 0.200000 -0.039270 0.000000
vt 0.000000 -0.039270 0.000000
vt 0.200000 -0.078540 0.000000
vt 0.000000 -0.078540 0.000000
vt 0.200000 -0.117810 0.000000
vt 0.000000 -0.117810 0.000000
vt 0.200000 -0.157080 0.000000
vt 0.000000 -0.157080 0.000000
vt 0.200000 -0.196350 0.000000
vt 0.000000 -0.196350 0.000000
vt 0.200000 -0.235619 0.000000
vt 0.000000 -0.235619 0.000000
vt 0.200000 -0.274889 0.000000
vt 0.000000 -0.274889 0.000000
vt 0.200000 -0.314159 0.000000
vt 0.000000 -0.314159 0.000000
vt 0.200000 -0.353429 0.000000
vt -0.000000 -0.353429 0.000000
vt 0.200000 -0.392699 0.000000
vt 0.000000 -0.392699 0.000000
vt 0.200000 -0.431969 0.000000
vt 0.000000 -0.431969 0.000000
vt 0.200000 -0.471239 0.000000
vt 0.000000 -0.471239 0.000000
vt 0.200000 0.471239 0.000000
vt 0.000000 0.471239 0.000000
vt 0.200000 0.431969 0.000000
vt -0.000000 0.431969 0.000000
vt 0.200000 0.392699 0.000000
vt -0.000000 0.392699 0.000000
vt 0.200000 0.353429 0.000000
vt -0.000000 0.353429 0.000000
vt 0.200000 0.314159 0.000000
vt -0.000000 0.314159 0.000000
vt 0.200000 0.274889 0.000000
vt 0.000000 0.274889 0.000000
vt 0.200000 0.235619 0.000000
vt -0.000000 0.235619 0.000000
vt 0.200000 0.196350 0.000000
vt 0.000000 0.196350 0.000000
vt 0.200000 0.157080 0.000000
vt 0.000000 0.157080 0.000000
vt 0.200000 0.117810 0.000000
vt -0.000000 0.117810 0.000000
vt 0.200000 0.078540 0.000000
vt -0.000000 0.078540 0.000000
vt 0.200000 0.039270 0.000000
vt -0.000000 0.039270 0.000000
vt 0.200000 0.000000 0.000000
vt 0.000000 0.000000 0.000000
vt 0.200000 -0.039270 0.000000
vt -0.000000 -0.039270 0.000000
vt 0.200000 -0.078540 0.000000
vt -0.000000 -0.078540 0.000000
vt 0.200000 -0.117810 0.000000
vt -0.000000 -0.117810 0.000000
vt 0.200000 -0.157080 0.000000
vt -0.000000 -0.157080 0.000000
vt 0.200000 -0.196350 0.000000
vt 0.000000 -0.196350 0.000000
vt 0.200000 -0.235619 0.000000
vt -0.000000 -0.235619 0.000000
vt 0.200000 -0.274889 0.000000
vt 0.000000 -0.274889 0.000000
vt 0.200000 -0.314159 0.000000
vt 0.000000 -0.314159 0.000000
vt 0.200000 -0.353429 0.000000
vt -0.000000 -0.353429 0.000000
vt 0.200000 -0.392699 0.000000
vt -0.000000 -0.392699 0.000000
vt 0.200000 -0.431969 0.000000
vt 0.000000 -0.431969 0.000000
vt 0.200000 -0.471239 0.000000
vt 0.000000 -0.471239 0.000000
vt 0.200000 0.471239 0.000000
vt 0.000000 0.471239 0.000000
vt 0.200000 0.431969 0.000000
vt 0.000000 0.431969 0.000000
vt 0.200000 0.392699 0.000000
vt 0.000000 0.392699 0.000000
vt 0.200000 0.353429 0.000000
vt -0.000000 0.353429 0.000000
vt 0.200000 0.314159 0.000000
vt 0.000000 0.314159 0.000000
vt 0.200000 0.274889 0.000000
vt 0.000000 0.274889 0.000000
vt 0.200000 0.235619 0.000000
vt 0.000000 0.235619 0.000000
vt 0.200000 0.196350 0.000000
vt 0.000000 0.196350 0.000000
vt 0.200000 0.157080 0.000000
vt 0.000000 0.157080 0.000000
vt 0.200000 0.117810 0.000000
vt -0.000000 0.117810 0.000000
vt 0.200000 0.078540 0.000000
vt 0.000000 0.078540 0.000000
vt 0.200000 0.039270 0.000000
vt 0.000000 0.039270 0.000000
vt 0.200000 0.000000 0.000000
vt 0.000000 0.000000 0.000000
vt 0.200000 -0.039270 0.000000
vt 0.000000 -0.039270 0.000000
vt 0.200000 -0.078540 0.000000
vt 0.000000 -0.078540 0.000000
vt 0.200000 -0.117810 0.000000
vt 0.000000 -0.117810 0.000000
vt 0.200000 -0.157080 0.000000
vt 0.000000 -0.157080 0.000000
vt 0.200000 -0.196350 0.000000
vt 0.000000 -0.196350 0.000000
vt 0.200000 -0.235619 0.000000
vt 0.000000 -0.235619 0.000000
vt 0.200000 -0.274889 0.000000
vt 0.000000 -0.274889 0.000000
vt 0.200000 -0.314159 0.000000
vt 0.000000 -0.314159 0.000000
vt 0.200000 -0.353429 0.000000
vt -0.000000 -0.353429 0.000000
vt 0.200000 -0.392699 0.000000
vt 0.000000 -0.392699 0.000000
vt 0.200000 -0.431969 0.000000
vt 0.000000 -0.431969 0.000000
vt 0.200000 -0.471239 0.000000
vt 0.000000 -0.471239 0.000000
vt 0.200000 0.471239 0.000000
vt 0.000000 0.471239 0.000000
vt 0.200000 0.431969 0.000000
vt 0.000000 0.431969 0.000000
vt 0.200000 0.392699 0.000000
vt -0.000000 0.392699 0.000000
vt 0.200000 0.353429 0.000000
vt 0.000000 0.353429 0.000000
vt 0.200000 0.314159 0.000000
vt -0.000000 0.314159 0.000000
vt 0.200000 0.274889 0.000000
vt 0.000000 0.274889 0.000000
vt 0.200000 0.235619 0.000000
vt -0.000000 0.235619 0.000000
vt 0.200000 0.196350 0.000000
vt 0.000000 0.196350 0.000000
vt 0.200000 0.157080 0.000000
vt 0.000000 0.157080 0.000000
vt 0.200000 0.117810 0.000000
vt 0.000000 0.117810 0.000000
vt 0.200000 0.078540 0.000000
vt -0.000000 0.078540 0.000000
vt 0.200000 0.039270 0.000000
vt 0.000000 0.039270 0.000000
vt 0.200000 0.000000 0.000000
vt 0.000000 0.000000 0.000000
vt 0.200000 -0.039270 0.000000
vt 0.000000 -0.039270 0.000000
vt 0.200000 -0.078540 0.000000
vt -0.000000 -0.078540 0.000000
vt 0.200000 -0.117810 0.000000
vt 0.000000 -0.117810 0.000000
vt 0.200000 -0.157080 0.000000
vt -0.000000 -0.157080 0.000000
vt 0.200000 -0.196350 0.000000
vt 0.000000 -0.196350 0.000000
vt 0.200000 -0.235619 0.000000
vt -0.000000 -0.235619 0.000000
vt 0.200000 -0.274889 0.000000
vt 0.000000 -0.274889 0.000000
vt 0.200000 -0.314159 0.000000
vt 0.000000 -0.314159 0.000000
vt 0.200000 -0.353429 0.000000
vt 0.000000 -0.353429 0.000000
vt 0.200000 -0.392699 0.000000
vt -0.000000 -0.392699 0.000000
vt 0.200000 -0.431969 0.000000
vt 0.000000 -0.431969 0.000000
vt 0.200000 -0.471239 0.000000
vt 0.000000 -0.471239 0.000000
vt 0.200000 0.471239 0.000000
vt 0.000000 0.471239 0.000000
vt 0.200000 0.431969 0.000000
vt 0.000000 0.431969 0.000000
vt 0.200000 0.392699 0.000000
vt 0.000000 0.392699 0.000000
vt 0.200000 0.353429 0.000000
vt -0.000000 0.353429 0.000000
vt 0.200000 0.314159 0.000000
vt -0.000000 0.314159 0.000000
vt 0.200000 0.274889 0.000000
vt -0.000000 0.274889 0.000000
vt 0.200000 0.235619 0.000000
vt 0.000000 0.235619 0.000000
vt 0.200000 0.196350 0.000000
vt -0.000000 0.196350 0.000000
vt 0.200000 0.157080 0.000000
vt 0.000000 0.157080 0.000000
vt 0.200000 0.117810 0.000000
vt -0.000000 0.117810 0.000000
vt 0.200000 0.078540 0.000000
vt 0.000000 0.078540 0.000000
vt 0.200000 0.039270 0.000000
vt 0.000000 0.039270 0.000000
vt 0.200000 0.000000 0.000000
vt 0.000000 0.000000 0.000000
vt 0.200000 -0.039270 0.000000
vt 0.000000 -0.039270 0.000000
vt 0.200000 -0.078540 0.000000
vt 0.000000 -0.078540 0.000000
vt 0.200000 -0.117810 0.000000
vt -0.000000 -0.117810 0.000000
vt 0.200000 -0.157080 0.000000
vt -0.000000 -0.157080 0.000000
vt 0.200000 -0.196350 0.000000
vt -0.000000 -0.196350 0.000000
vt 0.200000 -0.235619 0.000000
vt 0.000000 -0.235619 0.000000
vt 0.200000 -0.274889 0.000000
vt -0.000000 -0.274889 0.000000
vt 0.200000 -0.314159 0.000000
vt 0.000000 -0.314159 0.000000
vt 0.200000 -0.353429 0.000000
vt -0.000000 -0.353429 0.000000
vt 0.200000 -0.392699 0.000000
vt 0.000000 -0.392699 0.000000
vt 0.000000 0.000000 0.000000
vt 6.800000 0.000000 0.000000
vt 0.000000 0.200000 0.000000
vt 6.800000 0.200000 0.000000
vt -0.200000 0.000000 0.000000
vt -0.000000 0.000000 0.000000
vt -0.200000 0.078540 0.000000
vt -0.000000 0.078540 0.000000
vt -0.200000 0.157080 0.000000
vt -0.000000 0.157080 0.000000
vt -0.200000 0.235619 0.000000
vt -0.000000 0.235619 0.000000
vt -0.200000 0.314159 0.000000
vt -0.000000 0.314159 0.000000
vt -0.200000 0.392699 0.000000
vt -0.000000 0.392699 0.000000
vt -0.200000 0.471239 0.000000
vt -0.000000 0.471239 0.000000
vt 0.000000 0.000000 0.000000
vt 7.800000 0.000000 0.000000
vt 0.000000 0.200000 0.000000
vt 7.800000 0.200000 0.000000
vt -0.200000 0.000000 0.000000
vt -0.000000 0.000000 0.000000
vt -0.200000 0.078540 0.000000
vt -0.000000 0.078540 0.000000
vt -0.200000 0.157080 0.000000
vt -0.000000 0.157080 0.000000
vt -0.200000 0.235619 0.000000
vt -0.000000 0.235619 0.000000
vt -0.200000 0.314159 0.000000
vt -0.000000 0.314159 0.000000
vt -0.200000 0.392699 0.000000
vt -0.000000 0.392699 0.000000
vt -0.200000 0.471239 0.000000
vt -0.000000 0.471239 0.000000
vt 0.000000 0.000000 0.000000
vt 6.800000 0.000000 0.000000
vt -0.000000 0.200000 0.000000
vt 6.800000 0.200000 0.000000
vt -0.200000 -0.000000 0.000000
vt -0.000000 0.000000 0.000000
vt -0.200000 0.078540 0.000000
vt -0.000000 0.078540 0.000000
vt -0.200000 0.157080 0.000000
vt -0.000000 0.157080 0.000000
vt -0.200000 0.235619 0.000000
vt -0.000000 0.235619 0.000000
vt -0.200000 0.314159 0.000000
vt -0.000000 0.314159 0.000000
vt -0.200000 0.392699 0.000000
vt -0.000000 0.392699 0.000000
vt -0.200000 0.471239 0.000000
vt -0.000000 0.471239 0.000000
vt 0.000000 0.000000 0.000000
vt 7.800000 0.000000 0.000000
vt 0.000000 0.200000 0.000000
vt 7.800000 0.200000 0.000000
vt -0.200000 0.000000 0.000000
vt -0.000000 0.000000 0.000000
vt -0.200000 0.078540 0.000000
vt -0.000000 0.078540 0.000000
vt -0.200000 0.157080 0.000000
vt -0.000000 0.157080 0.000000
vt -0.200000 0.235619 0.000000
vt -0.000000 0.235619 0.000000
vt -0.200000 0.314159 0.000000
vt -0.000000 0.314159 0.000000
vt -0.200000 0.392699 0.000000
vt -0.000000 0.392699 0.000000
vt -0.200000 0.471239 0.000000
vt -0.000000 0.471239 0.000000
vt 1.100000 3.200000 0.000000
vt -1.893934 3.706066 0.000000
vt -1.100000 3.200000 0.000000
vt -1.870096 3.675000 0.000000
vt -1.855111 3.638823 0.000000
vt 1.177646 3.189778 0.000000
vt 1.855111 3.638823 0.000000
vt 1.870096 3.675000 0.000000
vt 1.893934 3.706066 0.000000
vt 1.850000 3.600000 0.000000
vt 1.250000 3.159808 0.000000
vt 1.855111 3.561177 0.000000
vt 1.312132 3.112132 0.000000
vt 1.870096 3.525000 0.000000
vt 1.359808 3.050000 0.000000
vt 1.893934 3.493934 0.000000
vt 1.389778 2.977646 0.000000
vt 1.925000 3.470096 0.000000
vt 1.961177 3.455111 0.000000
vt 1.400000 2.900000 0.000000
vt 2.000000 3.450000 0.000000
vt 2.325000 1.929904 0.000000
vt 2.038823 3.455111 0.000000
vt 2.361177 1.944889 0.000000
vt 2.075000 3.470096 0.000000
vt 2.400000 1.950000 0.000000
vt 2.438823 1.944889 0.000000
vt 1.400000 -2.900000 0.000000
vt 2.270096 1.725000 0.000000
vt 2.255111 1.761177 0.000000
vt 2.250000 1.800000 0.000000
vt 1.389778 -2.977646 0.000000
vt 1.961177 -3.455111 0.000000
vt 2.000000 -3.450000 0.000000
vt 2.325000 -1.929904 0.000000
vt 2.038823 -3.455111 0.000000
vt 2.361177 -1.944889 0.000000
vt 2.075000 -3.470096 0.000000
vt 2.400000 -1.950000 0.000000
vt 2.438823 -1.944889 0.000000
vt 2.106066 -3.493934 0.000000
vt 2.993934 -3.493934 0.000000
vt 2.970096 -3.525000 0.000000
vt 2.129904 -3.525000 0.000000
vt 2.955111 -3.561177 0.000000
vt 2.144889 -3.561177 0.000000
vt 2.950000 -3.600000 0.000000
vt 2.150000 -3.600000 0.000000
vt 2.955111 -3.638823 0.000000
vt 2.144889 -3.638823 0.000000
vt 2.970096 -3.675000 0.000000
vt 2.129904 -3.675000 0.000000
vt 2.993934 -3.706066 0.000000
vt 2.106066 -3.706066 0.000000
vt 3.025000 -3.729904 0.000000
vt 2.075000 -3.729904 0.000000
vt 3.400000 -4.200000 0.000000
vt 2.038823 -3.744889 0.000000
vt 2.000000 -3.750000 0.000000
vt 1.359808 -3.050000 0.000000
vt 1.893934 -3.493934 0.000000
vt 1.925000 -3.470096 0.000000
vt 1.870096 -3.525000 0.000000
vt 1.312132 -3.112132 0.000000
vt 1.855111 -3.561177 0.000000
vt 1.250000 -3.159808 0.000000
vt 1.850000 -3.600000 0.000000
vt 1.177646 -3.189778 0.000000
vt 1.855111 -3.638823 0.000000
vt 1.100000 -3.200000 0.000000
vt 1.870096 -3.675000 0.000000
vt 1.893934 -3.706066 0.000000
vt -1.100000 -3.200000 0.000000
vt -1.893934 -3.706066 0.000000
vt -1.870096 -3.675000 0.000000
vt -1.855111 -3.638823 0.000000
vt -1.177646 -3.189778 0.000000
vt -1.850000 -3.600000 0.000000
vt -1.250000 -3.159808 0.000000
vt -1.855111 -3.561177 0.000000
vt -1.312132 -3.112132 0.000000
vt -1.870096 -3.525000 0.000000
vt -1.359808 -3.050000 0.000000
vt -1.893934 -3.493934 0.000000
vt -1.389778 -2.977646 0.000000
vt -1.925000 -3.470096 0.000000
vt -1.961177 -3.455111 0.000000
vt -1.400000 -2.900000 0.000000
vt -2.000000 -3.450000 0.000000
vt -2.325000 -1.929904 0.000000
vt -2.038823 -3.455111 0.000000
vt -2.361177 -1.944889 0.000000
vt -2.075000 -3.470096 0.000000
vt -2.400000 -1.950000 0.000000
vt -2.438823 -1.944889 0.000000
vt -1.400000 2.900000 0.000000
vt -2.270096 1.725000 0.000000
vt -2.270096 -1.725000 0.000000
vt -2.255111 -1.761177 0.000000
vt -1.389778 2.977646 0.000000
vt -1.961177 3.455111 0.000000
vt -2.000000 3.450000 0.000000
vt -2.325000 1.929904 0.000000
vt -2.038823 3.455111 0.000000
vt -2.361177 1.944889 0.000000
vt -2.075000 3.470096 0.000000
vt -2.400000 1.950000 0.000000
vt -2.438823 1.944889 0.000000
vt -2.106066 3.493934 0.000000
vt -2.993934 3.493934 0.000000
vt -2.970096 3.525000 0.000000
vt -2.129904 3.525000 0.000000
vt -2.955111 3.561177 0.000000
vt -2.144889 3.561177 0.000000
vt -2.950000 3.600000 0.000000
vt -2.150000 3.600000 0.000000
vt -2.955111 3.638823 0.000000
vt -2.144889 3.638823 0.000000
vt -2.970096 3.675000 0.000000
vt -2.129904 3.675000 0.000000
vt -2.993934 3.706066 0.000000
vt -2.106066 3.706066 0.000000
vt -3.025000 3.729904 0.000000
vt -2.075000 3.729904 0.000000
vt -3.400000 4.200000 0.000000
vt -2.038823 3.744889 0.000000
vt -2.000000 3.750000 0.000000
vt -1.359808 3.050000 0.000000
vt -1.893934 3.493934 0.000000
vt -1.925000 3.470096 0.000000
vt -1.870096 3.525000 0.000000
vt -1.312132 3.112132 0.000000
vt -1.855111 3.561177 0.000000
vt -1.250000 3.159808 0.000000
vt -1.850000 3.600000 0.000000
vt -1.177646 3.189778 0.000000
vt 2.255111 -1.838823 0.000000
vt 2.250000 -1.800000 0.000000
vt 2.255111 -1.761177 0.000000
vt 2.270096 -1.725000 0.000000
vt 2.293934 -1.693934 0.000000
vt 2.293934 1.693934 0.000000
vt 2.325000 1.670096 0.000000
vt 2.325000 -1.670096 0.000000
vt 2.361177 1.655111 0.000000
vt 2.361177 -1.655111 0.000000
vt 2.400000 1.650000 0.000000
vt 2.400000 -1.650000 0.000000
vt 2.438823 -1.655111 0.000000
vt 2.438823 1.655111 0.000000
vt 2.475000 -1.670096 0.000000
vt 2.475000 1.670096 0.000000
vt 2.506066 -1.693934 0.000000
vt 2.506066 1.693934 0.000000
vt 2.529904 -1.725000 0.000000
vt 2.529904 1.725000 0.000000
vt 2.544889 1.761177 0.000000
vt 2.544889 -1.761177 0.000000
vt 3.700000 -3.900000 0.000000
vt 2.550000 -1.800000 0.000000
vt 3.206066 -3.493934 0.000000
vt 2.544889 -1.838823 0.000000
vt 3.175000 -3.470096 0.000000
vt 3.138823 -3.455111 0.000000
vt 2.529904 -1.875000 0.000000
vt 3.100000 -3.450000 0.000000
vt 2.506066 -1.906066 0.000000
vt 3.061177 -3.455111 0.000000
vt 2.475000 -1.929904 0.000000
vt 3.025000 -3.470096 0.000000
vt 2.293934 -1.906066 0.000000
vt 2.270096 -1.875000 0.000000
vt -2.544889 1.838823 0.000000
vt -3.206066 3.493934 0.000000
vt -2.550000 1.800000 0.000000
vt -3.700000 3.900000 0.000000
vt -2.544889 1.761177 0.000000
vt -3.700000 -3.900000 0.000000
vt -2.544889 -1.761177 0.000000
vt -2.550000 -1.800000 0.000000
vt -3.206066 -3.493934 0.000000
vt -2.544889 -1.838823 0.000000
vt -3.175000 -3.470096 0.000000
vt -3.138823 -3.455111 0.000000
vt -2.529904 1.875000 0.000000
vt -3.138823 3.455111 0.000000
vt -3.175000 3.470096 0.000000
vt -3.100000 3.450000 0.000000
vt -2.506066 1.906066 0.000000
vt -3.061177 3.455111 0.000000
vt -2.475000 1.929904 0.000000
vt -3.025000 3.470096 0.000000
vt -2.293934 1.906066 0.000000
vt -2.270096 1.875000 0.000000
vt -2.255111 1.838823 0.000000
vt -2.250000 1.800000 0.000000
vt -2.255111 1.761177 0.000000
vt -2.293934 1.693934 0.000000
vt -2.293934 -1.693934 0.000000
vt -2.325000 1.670096 0.000000
vt -2.325000 -1.670096 0.000000
vt -2.361177 1.655111 0.000000
vt -2.361177 -1.655111 0.000000
vt -2.400000 1.650000 0.000000
vt -2.400000 -1.650000 0.000000
vt -2.438823 -1.655111 0.000000
vt -2.438823 1.655111 0.000000
vt -2.475000 -1.670096 0.000000
vt -2.475000 1.670096 0.000000
vt -2.506066 -1.693934 0.000000
vt -2.506066 1.693934 0.000000
vt -2.529904 -1.725000 0.000000
vt -2.529904 1.725000 0.000000
vt 2.255111 1.838823 0.000000
vt 2.270096 1.875000 0.000000
vt 2.293934 1.906066 0.000000
vt 2.475000 1.929904 0.000000
vt 3.025000 3.470096 0.000000
vt 2.993934 3.493934 0.000000
vt 2.106066 3.493934 0.000000
vt 2.129904 3.525000 0.000000
vt 2.970096 3.525000 0.000000
vt 2.144889 3.561177 0.000000
vt 2.955111 3.561177 0.000000
vt 2.150000 3.600000 0.000000
vt 2.950000 3.600000 0.000000
vt 2.144889 3.638823 0.000000
vt 2.955111 3.638823 0.000000
vt 2.129904 3.675000 0.000000
vt 2.970096 3.675000 0.000000
vt 2.106066 3.706066 0.000000
vt 2.993934 3.706066 0.000000
vt 2.075000 3.729904 0.000000
vt 3.025000 3.729904 0.000000
vt 3.400000 4.200000 0.000000
vt 3.061177 3.744889 0.000000
vt 3.100000 3.750000 0.000000
vt 3.061177 3.455111 0.000000
vt 2.506066 1.906066 0.000000
vt 3.100000 3.450000 0.000000
vt 2.529904 1.875000 0.000000
vt 3.138823 3.455111 0.000000
vt 2.544889 1.838823 0.000000
vt 3.175000 3.470096 0.000000
vt 3.206066 3.493934 0.000000
vt 2.550000 1.800000 0.000000
vt 3.700000 3.900000 0.000000
vt -2.250000 -1.800000 0.000000
vt -2.255111 -1.838823 0.000000
vt -2.270096 -1.875000 0.000000
vt -2.293934 -1.906066 0.000000
vt -2.475000 -1.929904 0.000000
vt -3.025000 -3.470096 0.000000
vt -2.993934 -3.493934 0.000000
vt -2.106066 -3.493934 0.000000
vt -2.129904 -3.525000 0.000000
vt -2.970096 -3.525000 0.000000
vt -2.144889 -3.561177 0.000000
vt -2.955111 -3.561177 0.000000
vt -2.150000 -3.600000 0.000000
vt -2.950000 -3.600000 0.000000
vt -2.144889 -3.638823 0.000000
vt -2.955111 -3.638823 0.000000
vt -2.129904 -3.675000 0.000000
vt -2.970096 -3.675000 0.000000
vt -2.106066 -3.706066 0.000000
vt -2.993934 -3.706066 0.000000
vt -2.075000 -3.729904 0.000000
vt -3.025000 -3.729904 0.000000
vt -3.400000 -4.200000 0.000000
vt -3.061177 -3.744889 0.000000
vt -3.100000 -3.750000 0.000000
vt -3.061177 -3.455111 0.000000
vt -2.506066 -1.906066 0.000000
vt -3.100000 -3.450000 0.000000
vt -2.529904 -1.875000 0.000000
vt 1.925000 3.729904 0.000000
vt -1.925000 3.729904 0.000000
vt -1.961177 3.744889 0.000000
vt 1.961177 3.744889 0.000000
vt 2.000000 3.750000 0.000000
vt 2.038823 3.744889 0.000000
vt 3.138823 3.744889 0.000000
vt 3.175000 3.729904 0.000000
vt 3.206066 3.706066 0.000000
vt 3.477646 4.189778 0.000000
vt 3.229904 3.675000 0.000000
vt 3.550000 4.159808 0.000000
vt 3.612132 4.112132 0.000000
vt 3.659808 4.050000 0.000000
vt 3.689778 3.977646 0.000000
vt 3.244889 3.638823 0.000000
vt 3.250000 3.600000 0.000000
vt 3.244889 3.561177 0.000000
vt 3.229904 3.525000 0.000000
vt -3.244889 3.561177 0.000000
vt -3.250000 3.600000 0.000000
vt -3.244889 3.638823 0.000000
vt -3.229904 3.675000 0.000000
vt -3.206066 3.706066 0.000000
vt -3.477646 4.189778 0.000000
vt -3.550000 4.159808 0.000000
vt -3.612132 4.112132 0.000000
vt -3.175000 3.729904 0.000000
vt -3.138823 3.744889 0.000000
vt -3.100000 3.750000 0.000000
vt -3.061177 3.744889 0.000000
vt -3.229904 3.525000 0.000000
vt 1.925000 -3.729904 0.000000
vt -1.925000 -3.729904 0.000000
vt 1.961177 -3.744889 0.000000
vt -1.961177 -3.744889 0.000000
vt -2.000000 -3.750000 0.000000
vt -2.038823 -3.744889 0.000000
vt 3.229904 -3.525000 0.000000
vt 3.244889 -3.561177 0.000000
vt 3.250000 -3.600000 0.000000
vt 3.244889 -3.638823 0.000000
vt 3.229904 -3.675000 0.000000
vt 3.689778 -3.977646 0.000000
vt 3.659808 -4.050000 0.000000
vt 3.612132 -4.112132 0.000000
vt 3.550000 -4.159808 0.000000
vt 3.477646 -4.189778 0.000000
vt 3.206066 -3.706066 0.000000
vt 3.175000 -3.729904 0.000000
vt 3.138823 -3.744889 0.000000
vt 3.100000 -3.750000 0.000000
vt 3.061177 -3.744889 0.000000
vt -3.244889 -3.638823 0.000000
vt -3.250000 -3.600000 0.000000
vt -3.244889 -3.561177 0.000000
vt -3.229904 -3.525000 0.000000
vt -3.138823 -3.744889 0.000000
vt -3.175000 -3.729904 0.000000
vt -3.206066 -3.706066 0.000000
vt -3.477646 -4.189778 0.000000
vt -3.229904 -3.675000 0.000000
vt -3.550000 -4.159808 0.000000
vt -3.612132 -4.112132 0.000000
vt -3.659808 -4.050000 0.000000
vt -3.689778 -3.977646 0.000000
vt -3.659808 4.050000 0.000000
vt -3.689778 3.977646 0.000000
vt 1.100000 3.200000 0.000000
vt -1.893934 3.706066 0.000000
vt -1.100000 3.200000 0.000000
vt -1.870096 3.675000 0.000000
vt -1.855111 3.638823 0.000000
vt 1.177646 3.189778 0.000000
vt 1.855111 3.638823 0.000000
vt 1.870096 3.675000 0.000000
vt 1.893934 3.706066 0.000000
vt 1.850000 3.600000 0.000000
vt 1.250000 3.159808 0.000000
vt 1.855111 3.561177 0.000000
vt 1.312132 3.112132 0.000000
vt 1.870096 3.525000 0.000000
vt 1.359808 3.050000 0.000000
vt 1.893934 3.493934 0.000000
vt 1.389778 2.977646 0.000000
vt 1.925000 3.470096 0.000000
vt 1.961177 3.455111 0.000000
vt 1.400000 2.900000 0.000000
vt 2.000000 3.450000 0.000000
vt 2.325000 1.929904 0.000000
vt 2.038823 3.455111 0.000000
vt 2.361177 1.944889 0.000000
vt 2.075000 3.470096 0.000000
vt 2.400000 1.950000 0.000000
vt 2.438823 1.944889 0.000000
vt 1.400000 -2.900000 0.000000
vt 2.270096 1.725000 0.000000
vt 2.255111 1.761177 0.000000
vt 2.250000 1.800000 0.000000
vt 1.389778 -2.977646 0.000000
vt 1.961177 -3.455111 0.000000
vt 2.000000 -3.450000 0.000000
vt 2.325000 -1.929904 0.000000
vt 2.038823 -3.455111 0.000000
vt 2.361177 -1.944889 0.000000
vt 2.075000 -3.470096 0.000000
vt 2.400000 -1.950000 0.000000
vt 2.438823 -1.944889 0.000000
vt 2.106066 -3.493934 0.000000
vt 2.993934 -3.493934 0.000000
vt 2.970096 -3.525000 0.000000
vt 2.129904 -3.525000 0.000000
vt 2.955111 -3.561177 0.000000
vt 2.144889 -3.561177 0.000000
vt 2.950000 -3.600000 0.000000
vt 2.150000 -3.600000 0.000000
vt 2.955111 -3.638823 0.000000
vt 2.144889 -3.638823 0.000000
vt 2.970096 -3.675000 0.000000
vt 2.129904 -3.675000 0.000000
vt 2.993934 -3.706066 0.000000
vt 2.106066 -3.706066 0.000000
vt 3.025000 -3.729904 0.000000
vt 2.075000 -3.729904 0.000000
vt 3.400000 -4.200000 0.000000
vt 2.038823 -3.744889 0.000000
vt 2.000000 -3.750000 0.000000
vt 1.359808 -3.050000 0.000000
vt 1.893934 -3.493934 0.000000
vt 1.925000 -3.470096 0.000000
vt 1.870096 -3.525000 0.000000
vt 1.312132 -3.112132 0.000000
vt 1.855111 -3.561177 0.000000
vt 1.250000 -3.159808 0.000000
vt 1.850000 -3.600000 0.000000
vt 1.177646 -3.189778 0.000000
vt 1.855111 -3.638823 0.000000
vt 1.100000 -3.200000 0.000000
vt 1.870096 -3.675000 0.000000
vt 1.893934 -3.706066 0.000000
vt -1.100000 -3.200000 0.000000
vt -1.893934 -3.706066 0.000000
vt -1.870096 -3.675000 0.000000
vt -1.855111 -3.638823 0.000000
vt -1.177646 -3.189778 0.000000
vt -1.850000 -3.600000 0.000000
vt -1.250000 -3.159808 0.000000
vt -1.855111 -3.561177 0.000000
vt -1.312132 -3.112132 0.000000
vt -1.870096 -3.525000 0.000000
vt -1.359808 -3.050000 0.000000
vt -1.893934 -3.493934 0.000000
vt -1.389778 -2.977646 0.000000
vt -1.925000 -3.470096 0.000000
vt -1.961177 -3.455111 0.000000
vt -1.400000 -2.900000 0.000000
vt -2.000000 -3.450000 0.000000
vt -2.325000 -1.929904 0.000000
vt -2.038823 -3.455111 0.000000
vt -2.361177 -1.944889 0.000000
vt -2.075000 -3.470096 0.000000
vt -2.400000 -1.950000 0.000000
vt -2.438823 -1.944889 0.000000
vt -1.400000 2.900000 0.000000
vt -2.270096 1.725000 0.000000
vt -2.270096 -1.725000 0.000000
vt -2.255111 -1.761177 0.000000
vt -1.389778 2.977646 0.000000
vt -1.961177 3.455111 0.000000
vt -2.000000 3.450000 0.000000
vt -2.325000 1.929904 0.000000
vt -2.038823 3.455111 0.000000
vt -2.361177 1.944889 0.000000
vt -2.075000 3.470096 0.000000
vt -2.400000 1.950000 0.000000
vt -2.438823 1.944889 0.000000
vt -2.106066 3.493934 0.000000
vt -2.993934 3.493934 0.000000
vt -2.970096 3.525000 0.000000
vt -2.129904 3.525000 0.000000
vt -2.955111 3.561177 0.000000
vt -2.144889 3.561177 0.000000
vt -2.950000 3.600000 0.000000
vt -2.150000 3.600000 0.000000
vt -2.955111 3.638823 0.000000
vt -2.144889 3.638823 0.000000
vt -2.970096 3.675000 0.000000
vt -2.129904 3.675000 0.000000
vt -2.993934 3.706066 0.000000
vt -2.106066 3.706066 0.000000
vt -3.025000 3.729904 0.000000
vt -2.075000 3.729904 0.000000
vt -3.400000 4.200000 0.000000
vt -2.038823 3.744889 0.000000
vt -2.000000 3.750000 0.000000
vt -1.359808 3.050000 0.000000
vt -1.893934 3.493934 0.000000
vt -1.925000 3.470096 0.000000
vt -1.870096 3.525000 0.000000
vt -1.312132 3.112132 0.000000
vt -1.855111 3.561177 0.000000
vt -1.250000 3.159808 0.000000
vt -1.850000 3.600000 0.000000
vt -1.177646 3.189778 0.000000
vt -2.250000 -1.800000 0.000000
vt -2.255111 -1.838823 0.000000
vt -2.270096 -1.875000 0.000000
vt -2.293934 -1.906066 0.000000
vt -2.475000 -1.929904 0.000000
vt -3.025000 -3.470096 0.000000
vt -2.993934 -3.493934 0.000000
vt -2.106066 -3.493934 0.000000
vt -2.129904 -3.525000 0.000000
vt -2.970096 -3.525000 0.000000
vt -2.144889 -3.561177 0.000000
vt -2.955111 -3.561177 0.000000
vt -2.150000 -3.600000 0.000000
vt -2.950000 -3.600000 0.000000
vt -2.144889 -3.638823 0.000000
vt -2.955111 -3.638823 0.000000
vt -2.129904 -3.675000 0.000000
vt -2.970096 -3.675000 0.000000
vt -2.106066 -3.706066 0.000000
vt -2.993934 -3.706066 0.000000
vt -2.075000 -3.729904 0.000000
vt -3.025000 -3.729904 0.000000
vt -3.400000 -4.200000 0.000000
vt -3.061177 -3.744889 0.000000
vt -3.100000 -3.750000 0.000000
vt -3.061177 -3.455111 0.000000
vt -2.506066 -1.906066 0.000000
vt -3.100000 -3.450000 0.000000
vt -2.529904 -1.875000 0.000000
vt -3.138823 -3.455111 0.000000
vt -2.544889 -1.838823 0.000000
vt -3.175000 -3.470096 0.000000
vt -3.206066 -3.493934 0.000000
vt -2.550000 -1.800000 0.000000
vt -3.700000 -3.900000 0.000000
vt -2.544889 -1.761177 0.000000
vt -2.544889 1.761177 0.000000
vt -2.529904 -1.725000 0.000000
vt -2.529904 1.725000 0.000000
vt -2.506066 1.693934 0.000000
vt -2.506066 -1.693934 0.000000
vt -2.475000 1.670096 0.000000
vt -2.475000 -1.670096 0.000000
vt -2.438823 1.655111 0.000000
vt -2.438823 -1.655111 0.000000
vt -2.400000 1.650000 0.000000
vt -2.400000 -1.650000 0.000000
vt -2.361177 -1.655111 0.000000
vt -2.361177 1.655111 0.000000
vt -2.325000 -1.670096 0.000000
vt -2.325000 1.670096 0.000000
vt -2.293934 -1.693934 0.000000
vt -2.293934 1.693934 0.000000
vt 2.544889 1.761177 0.000000
vt 3.700000 3.900000 0.000000
vt 2.550000 1.800000 0.000000
vt 3.206066 3.493934 0.000000
vt 2.544889 1.838823 0.000000
vt 3.175000 3.470096 0.000000
vt 3.138823 3.455111 0.000000
vt 2.529904 1.725000 0.000000
vt 2.529904 -1.725000 0.000000
vt 2.544889 -1.761177 0.000000
vt 3.700000 -3.900000 0.000000
vt 2.550000 -1.800000 0.000000
vt 3.206066 -3.493934 0.000000
vt 2.544889 -1.838823 0.000000
vt 3.175000 -3.470096 0.000000
vt 3.138823 -3.455111 0.000000
vt 2.529904 -1.875000 0.000000
vt 3.100000 -3.450000 0.000000
vt 2.506066 -1.906066 0.000000
vt 3.061177 -3.455111 0.000000
vt 2.475000 -1.929904 0.000000
vt 3.025000 -3.470096 0.000000
vt 2.506066 1.693934 0.000000
vt 2.506066 -1.693934 0.000000
vt 2.475000 1.670096 0.000000
vt 2.475000 -1.670096 0.000000
vt 2.438823 1.655111 0.000000
vt 2.438823 -1.655111 0.000000
vt 2.400000 1.650000 0.000000
vt 2.400000 -1.650000 0.000000
vt 2.361177 -1.655111 0.000000
vt 2.361177 1.655111 0.000000
vt 2.325000 -1.670096 0.000000
vt 2.325000 1.670096 0.000000
vt 2.293934 -1.693934 0.000000
vt 2.293934 1.693934 0.000000
vt 2.270096 -1.725000 0.000000
vt 2.255111 1.838823 0.000000
vt 2.270096 1.875000 0.000000
vt 2.293934 1.906066 0.000000
vt 2.475000 1.929904 0.000000
vt 3.025000 3.470096 0.000000
vt 2.993934 3.493934 0.000000
vt 2.106066 3.493934 0.000000
vt 2.129904 3.525000 0.000000
vt 2.970096 3.525000 0.000000
vt 2.144889 3.561177 0.000000
vt 2.955111 3.561177 0.000000
vt 2.150000 3.600000 0.000000
vt 2.950000 3.600000 0.000000
vt 2.144889 3.638823 0.000000
vt 2.955111 3.638823 0.000000
vt 2.129904 3.675000 0.000000
vt 2.970096 3.675000 0.000000
vt 2.106066 3.706066 0.000000
vt 2.993934 3.706066 0.000000
vt 2.075000 3.729904 0.000000
vt 3.025000 3.729904 0.000000
vt 3.400000 4.200000 0.000000
vt 3.061177 3.744889 0.000000
vt 3.100000 3.750000 0.000000
vt 3.061177 3.455111 0.000000
vt 2.506066 1.906066 0.000000
vt 3.100000 3.450000 0.000000
vt 2.529904 1.875000 0.000000
vt -2.255111 1.838823 0.000000
vt -2.250000 1.800000 0.000000
vt -2.255111 1.761177 0.000000
vt -3.700000 3.900000 0.000000
vt -2.550000 1.800000 0.000000
vt -3.206066 3.493934 0.000000
vt -2.544889 1.838823 0.000000
vt -3.175000 3.470096 0.000000
vt -3.138823 3.455111 0.000000
vt -2.529904 1.875000 0.000000
vt -3.100000 3.450000 0.000000
vt -2.506066 1.906066 0.000000
vt -3.061177 3.455111 0.000000
vt -2.475000 1.929904 0.000000
vt -3.025000 3.470096 0.000000
vt -2.293934 1.906066 0.000000
vt -2.270096 1.875000 0.000000
vt 2.293934 -1.906066 0.000000
vt 2.270096 -1.875000 0.000000
vt 2.255111 -1.838823 0.000000
vt 2.250000 -1.800000 0.000000
vt 2.255111 -1.761177 0.000000
vt -1.961177 3.744889 0.000000
vt 1.961177 3.744889 0.000000
vt 2.000000 3.750000 0.000000
vt 2.038823 3.744889 0.000000
vt 1.925000 3.729904 0.000000
vt -1.925000 3.729904 0.000000
vt -3.229904 3.525000 0.000000
vt -3.244889 3.561177 0.000000
vt -3.250000 3.600000 0.000000
vt -3.244889 3.638823 0.000000
vt -3.229904 3.675000 0.000000
vt -3.689778 3.977646 0.000000
vt -3.659808 4.050000 0.000000
vt -3.612132 4.112132 0.000000
vt -3.550000 4.159808 0.000000
vt -3.477646 4.189778 0.000000
vt -3.206066 3.706066 0.000000
vt -3.175000 3.729904 0.000000
vt -3.138823 3.744889 0.000000
vt -3.100000 3.750000 0.000000
vt -3.061177 3.744889 0.000000
vt 3.244889 3.638823 0.000000
vt 3.250000 3.600000 0.000000
vt 3.244889 3.561177 0.000000
vt 3.229904 3.525000 0.000000
vt 3.138823 3.744889 0.000000
vt 3.175000 3.729904 0.000000
vt 3.206066 3.706066 0.000000
vt 3.477646 4.189778 0.000000
vt 3.229904 3.675000 0.000000
vt 3.550000 4.159808 0.000000
vt 3.612132 4.112132 0.000000
vt 3.659808 4.050000 0.000000
vt 3.689778 3.977646 0.000000
vt 1.961177 -3.744889 0.000000
vt -1.961177 -3.744889 0.000000
vt -2.000000 -3.750000 0.000000
vt -2.038823 -3.744889 0.000000
vt -1.925000 -3.729904 0.000000
vt 1.925000 -3.729904 0.000000
vt -3.138823 -3.744889 0.000000
vt -3.175000 -3.729904 0.000000
vt -3.206066 -3.706066 0.000000
vt -3.477646 -4.189778 0.000000
vt -3.229904 -3.675000 0.000000
vt -3.550000 -4.159808 0.000000
vt -3.612132 -4.112132 0.000000
vt -3.659808 -4.050000 0.000000
vt -3.689778 -3.977646 0.000000
vt -3.244889 -3.638823 0.000000
vt -3.250000 -3.600000 0.000000
vt -3.244889 -3.561177 0.000000
vt -3.229904 -3.525000 0.000000
vt 3.244889 -3.561177 0.000000
vt 3.250000 -3.600000 0.000000
vt 3.244889 -3.638823 0.000000
vt 3.229904 -3.675000 0.000000
vt 3.206066 -3.706066 0.000000
vt 3.477646 -4.189778 0.000000
vt 3.550000 -4.159808 0.000000
vt 3.612132 -4.112132 0.000000
vt 3.175000 -3.729904 0.000000
vt 3.138823 -3.744889 0.000000
vt 3.100000 -3.750000 0.000000
vt 3.061177 -3.744889 0.000000
vt 3.229904 -3.525000 0.000000
vt 3.659808 -4.050000 0.000000
vt 3.689778 -3.977646 0.000000
vn 1.000000 -0.000000 -0.000000
vn 1.000000 -0.000000 -0.000000
vn 0.965926 -0.258819 -0.000000
vn 0.965926 -0.258819 -0.000000
vn 0.866025 -0.500000 -0.000000
vn 0.866025 -0.500000 -0.000000
vn 0.707107 -0.707107 -0.000000
vn 0.707107 -0.707107 -0.000000
vn 0.500000 -0.866025 -0.000000
vn 0.500000 -0.866025 -0.000000
vn 0.258819 -0.965926 -0.000000
vn 0.258819 -0.965926 -0.000000
vn -0.000000 -1.000000 0.000000
vn -0.000000 -1.000000 0.000000
vn -0.000000 -1.000000 0.000000
vn -0.000000 -1.000000 0.000000
vn 0.000000 1.000000 0.000000
vn 0.000000 1.000000 0.000000
vn 0.258819 0.965926 -0.000000
vn 0.258819 0.965926 -0.000000
vn 0.500000 0.866025 -0.000000
vn 0.500000 0.866025 -0.000000
vn 0.707107 0.707107 -0.000000
vn 0.707107 0.707107 -0.000000
vn 0.866025 0.500000 -0.000000
vn 0.866025 0.500000 -0.000000
vn 0.965926 0.258819 -0.000000
vn 0.965926 0.258819 -0.000000
vn 1.000000 0.000000 -0.000000
vn 1.000000 0.000000 -0.000000
vn -1.000000 0.000000 -0.000000
vn -1.000000 0.000000 -0.000000
vn -0.965926 0.258819 -0.000000
vn -0.965926 0.258819 -0.000000
vn -0.866025 0.500000 -0.000000
vn -0.866025 0.500000 -0.000000
vn -0.707107 0.707107 -0.000000
vn -0.707107 0.707107 -0.000000
vn -0.500000 0.866025 -0.000000
vn -0.500000 0.866025 -0.000000
vn -0.258819 0.965926 -0.000000
vn -0.258819 0.965926 -0.000000
vn 0.000000 1.000000 -0.000000
vn 0.000000 1.000000 -0.000000
vn -0.258819 -0.965926 -0.000000
vn -0.258819 -0.965926 -0.000000
vn -0.500000 -0.866025 -0.000000
vn -0.500000 -0.866025 -0.000000
vn -0.707107 -0.707107 -0.000000
vn -0.707107 -0.707107 -0.000000
vn -0.866025 -0.500000 -0.000000
vn -0.866025 -0.500000 -0.000000
vn -0.965926 -0.258819 -0.000000
vn -0.965926 -0.258819 -0.000000
vn -1.000000 0.000000 -0.000000
vn -1.000000 0.000000 -0.000000
vn 0.965926 0.258819 -0.000000
vn 0.965926 0.258819 -0.000000
vn 1.000000 0.000000 -0.000000
vn 1.000000 0.000000 -0.000000
vn 0.965926 -0.258819 0.000000
vn 0.965926 -0.258819 0.000000
vn 0.866025 -0.500000 0.000000
vn 0.866025 -0.500000 0.000000
vn 0.707107 -0.707107 0.000000
vn 0.707107 -0.707107 0.000000
vn 0.500000 -0.866025 0.000000
vn 0.500000 -0.866025 0.000000
vn 0.258819 -0.965926 0.000000
vn 0.258819 -0.965926 0.000000
vn -0.000000 -1.000000 0.000000
vn -0.000000 -1.000000 0.000000
vn -0.258819 -0.965926 0.000000
vn -0.258819 -0.965926 0.000000
vn -0.500000 -0.866025 0.000000
vn -0.500000 -0.866025 0.000000
vn -0.707107 -0.707107 0.000000
vn -0.707107 -0.707107 0.000000
vn -0.866025 -0.500000 0.000000
vn -0.866025 -0.500000 0.000000
vn -0.965926 -0.258819 0.000000
vn -0.965926 -0.258819 0.000000
vn -1.000000 0.000000 0.000000
vn -1.000000 0.000000 0.000000
vn -0.965926 0.258819 0.000000
vn -0.965926 0.258819 0.000000
vn -0.866025 0.500000 0.000000
vn -0.866025 0.500000 0.000000
vn -0.707107 0.707107 0.000000
vn -0.707107 0.707107 0.000000
vn -0.500000 0.866025 0.000000
vn -0.500000 0.866025 0.000000
vn -0.258819 0.965926 0.000000
vn -0.258819 0.965926 0.000000
vn -0.000000 1.000000 0.000000
vn -0.000000 1.000000 0.000000
vn 0.258819 0.965926 -0.000000
vn 0.258819 0.965926 -0.000000
vn 0.500000 0.866025 -0.000000
vn 0.500000 0.866025 -0.000000
vn 0.707107 0.707107 -0.000000
vn 0.707107 0.707107 -0.000000
vn 0.866025 0.500000 -0.000000
vn 0.866025 0.500000 -0.000000
vn 0.965926 0.258819 -0.000000
vn 0.965926 0.258819 -0.000000
vn 1.000000 0.000000 -0.000000
vn 1.000000 0.000000 -0.000000
vn 0.965926 -0.258819 0.000000
vn 0.965926 -0.258819 0.000000
vn 0.866025 -0.500000 0.000000
vn 0.866025 -0.500000 0.000000
vn 0.707107 -0.707107 0.000000
vn 0.707107 -0.707107 0.000000
vn 0.500000 -0.866025 0.000000
vn 0.500000 -0.866025 0.000000
vn 0.258819 -0.965926 0.000000
vn 0.258819 -0.965926 0.000000
vn -0.000000 -1.000000 0.000000
vn -0.000000 -1.000000 0.000000
vn -0.258819 -0.965926 0.000000
vn -0.258819 -0.965926 0.000000
vn -0.500000 -0.866025 0.000000
vn -0.500000 -0.866025 0.000000
vn -0.707107 -0.707107 0.000000
vn -0.707107 -0.707107 0.000000
vn -0.866025 -0.500000 0.000000
vn -0.866025 -0.500000 0.000000
vn -0.965926 -0.258819 0.000000
vn -0.965926 -0.258819 0.000000
vn -1.000000 0.000000 0.000000
vn -1.000000 0.000000 0.000000
vn -0.965926 0.258819 0.000000
vn -0.965926 0.258819 0.000000
vn -0.866025 0.500000 0.000000
vn -0.866025 0.500000 0.000000
vn -0.707107 0.707107 0.000000
vn -0.707107 0.707107 0.000000
vn -0.500000 0.866025 0.000000
vn -0.500000 0.866025 0.000000
vn -0.258819 0.965926 0.000000
vn -0.258819 0.965926 0.000000
vn -0.000000 1.000000 0.000000
vn -0.000000 1.000000 0.000000
vn 0.258819 0.965926 -0.000000
vn 0.258819 0.965926 -0.000000
vn 0.500000 0.866025 -0.000000
vn 0.500000 0.866025 -0.000000
vn 0.707107 0.707107 -0.000000
vn 0.707107 0.707107 -0.000000
vn 0.866025 0.500000 -0.000000
vn 0.866025 0.500000 -0.000000
vn 0.965926 0.258819 -0.000000
vn 0.965926 0.258819 -0.000000
vn 1.000000 0.000000 -0.000000
vn 1.000000 0.000000 -0.000000
vn 0.965926 -0.258819 0.000000
vn 0.965926 -0.258819 0.000000
vn 0.866025 -0.500000 0.000000
vn 0.866025 -0.500000 0.000000
vn 0.707107 -0.707107 0.000000
vn 0.707107 -0.707107 0.000000
vn 0.500000 -0.866025 0.000000
vn 0.500000 -0.866025 0.000000
vn 0.258819 -0.965926 0.000000
vn 0.258819 -0.965926 0.000000
vn -0.000000 -1.000000 0.000000
vn -0.000000 -1.000000 0.000000
vn -0.258819 -0.965926 0.000000
vn -0.258819 -0.965926 0.000000
vn -0.500000 -0.866025 0.000000
vn -0.500000 -0.866025 0.000000
vn -0.707107 -0.707107 0.000000
vn -0.707107 -0.707107 0.000000
vn -0.866025 -0.500000 0.000000
vn -0.866025 -0.500000 0.000000
vn -0.965926 -0.258819 0.000000
vn -0.965926 -0.258819 0.000000
vn -1.000000 0.000000 0.000000
vn -1.000000 0.000000 0.000000
vn -0.965926 0.258819 0.000000
vn -0.965926 0.258819 0.000000
vn -0.866025 0.500000 0.000000
vn -0.866025 0.500000 0.000000
vn -0.707107 0.707107 0.000000
vn -0.707107 0.707107 0.000000
vn -0.500000 0.866025 0.000000
vn -0.500000 0.866025 0.000000
vn -0.258819 0.965926 0.000000
vn -0.258819 0.965926 0.000000
vn -0.000000 1.000000 0.000000
vn -0.000000 1.000000 0.000000
vn 0.258819 0.965926 -0.000000
vn 0.258819 0.965926 -0.000000
vn 0.500000 0.866025 -0.000000
vn 0.500000 0.866025 -0.000000
vn 0.707107 0.707107 -0.000000
vn 0.707107 0.707107 -0.000000
vn 0.866025 0.500000 -0.000000
vn 0.866025 0.500000 -0.000000
vn 0.965926 0.258819 -0.000000
vn 0.965926 0.258819 -0.000000
vn 1.000000 0.000000 -0.000000
vn 1.000000 0.000000 -0.000000
vn 0.965926 -0.258819 0.000000
vn 0.965926 -0.258819 0.000000
vn 0.866025 -0.500000 0.000000
vn 0.866025 -0.500000 0.000000
vn 0.707107 -0.707107 0.000000
vn 0.707107 -0.707107 0.000000
vn 0.500000 -0.866025 0.000000
vn 0.500000 -0.866025 0.000000
vn 0.258819 -0.965926 0.000000
vn 0.258819 -0.965926 0.000000
vn -0.000000 -1.000000 0.000000
vn -0.000000 -1.000000 0.000000
vn -0.258819 -0.965926 0.000000
vn -0.258819 -0.965926 0.000000
vn -0.500000 -0.866025 0.000000
vn -0.500000 -0.866025 0.000000
vn -0.707107 -0.707107 0.000000
vn -0.707107 -0.707107 0.000000
vn -0.866025 -0.500000 0.000000
vn -0.866025 -0.500000 0.000000
vn -0.965926 -0.258819 0.000000
vn -0.965926 -0.258819 0.000000
vn -1.000000 0.000000 0.000000
vn -1.000000 0.000000 0.000000
vn -0.965926 0.258819 0.000000
vn -0.965926 0.258819 0.000000
vn -0.866025 0.500000 0.000000
vn -0.866025 0.500000 0.000000
vn -0.707107 0.707107 0.000000
vn -0.707107 0.707107 0.000000
vn -0.500000 0.866025 0.000000
vn -0.500000 0.866025 0.000000
vn -0.258819 0.965926 0.000000
vn -0.258819 0.965926 0.000000
vn -0.000000 1.000000 0.000000
vn -0.000000 1.000000 0.000000
vn 0.258819 0.965926 -0.000000
vn 0.258819 0.965926 -0.000000
vn 0.500000 0.866025 -0.000000
vn 0.500000 0.866025 -0.000000
vn 0.707107 0.707107 -0.000000
vn 0.707107 0.707107 -0.000000
vn 0.866025 0.500000 -0.000000
vn 0.866025 0.500000 -0.000000
vn 0.965926 0.258819 -0.000000
vn 0.965926 0.258819 -0.000000
vn 1.000000 0.000000 -0.000000
vn 1.000000 0.000000 -0.000000
vn 0.965926 -0.258819 0.000000
vn 0.965926 -0.258819 0.000000
vn 0.866025 -0.500000 0.000000
vn 0.866025 -0.500000 0.000000
vn 0.707107 -0.707107 0.000000
vn 0.707107 -0.707107 0.000000
vn 0.500000 -0.866025 0.000000
vn 0.500000 -0.866025 0.000000
vn 0.258819 -0.965926 0.000000
vn 0.258819 -0.965926 0.000000
vn -0.000000 -1.000000 0.000000
vn -0.000000 -1.000000 0.000000
vn -0.258819 -0.965926 0.000000
vn -0.258819 -0.965926 0.000000
vn -0.500000 -0.866025 0.000000
vn -0.500000 -0.866025 0.000000
vn -0.707107 -0.707107 0.000000
vn -0.707107 -0.707107 0.000000
vn -0.866025 -0.500000 0.000000
vn -0.866025 -0.500000 0.000000
vn -0.965926 -0.258819 0.000000
vn -0.965926 -0.258819 0.000000
vn -1.000000 0.000000 0.000000
vn -1.000000 0.000000 0.000000
vn -0.965926 0.258819 0.000000
vn -0.965926 0.258819 0.000000
vn -0.866025 0.500000 0.000000
vn -0.866025 0.500000 0.000000
vn -0.707107 0.707107 0.000000
vn -0.707107 0.707107 0.000000
vn -0.500000 0.866025 0.000000
vn -0.500000 0.866025 0.000000
vn -0.258819 0.965926 0.000000
vn -0.258819 0.965926 0.000000
vn -0.000000 1.000000 0.000000
vn -0.000000 1.000000 0.000000
vn 0.258819 0.965926 -0.000000
vn 0.258819 0.965926 -0.000000
vn 0.500000 0.866025 -0.000000
vn 0.500000 0.866025 -0.000000
vn 0.707107 0.707107 -0.000000
vn 0.707107 0.707107 -0.000000
vn 0.866025 0.500000 -0.000000
vn 0.866025 0.500000 -0.000000
vn 0.965926 0.258819 -0.000000
vn 0.965926 0.258819 -0.000000
vn 1.000000 0.000000 -0.000000
vn 1.000000 0.000000 -0.000000
vn 0.965926 -0.258819 0.000000
vn 0.965926 -0.258819 0.000000
vn 0.866025 -0.500000 0.000000
vn 0.866025 -0.500000 0.000000
vn 0.707107 -0.707107 0.000000
vn 0.707107 -0.707107 0.000000
vn 0.500000 -0.866025 0.000000
vn 0.500000 -0.866025 0.000000
vn 0.258819 -0.965926 0.000000
vn 0.258819 -0.965926 0.000000
vn -0.000000 -1.000000 0.000000
vn -0.000000 -1.000000 0.000000
vn -0.258819 -0.965926 0.000000
vn -0.258819 -0.965926 0.000000
vn -0.500000 -0.866025 0.000000
vn -0.500000 -0.866025 0.000000
vn -0.707107 -0.707107 0.000000
vn -0.707107 -0.707107 0.000000
vn -0.866025 -0.500000 0.000000
vn -0.866025 -0.500000 0.000000
vn -0.965926 -0.258819 0.000000
vn -0.965926 -0.258819 0.000000
vn -1.000000 0.000000 0.000000
vn -1.000000 0.000000 0.000000
vn -0.965926 0.258819 0.000000
vn -0.965926 0.258819 0.000000
vn -0.866025 0.500000 0.000000
vn -0.866025 0.500000 0.000000
vn -0.707107 0.707107 0.000000
vn -0.707107 0.707107 0.000000
vn -0.500000 0.866025 0.000000
vn -0.500000 0.866025 0.000000
vn -0.258819 0.965926 0.000000
vn -0.258819 0.965926 0.000000
vn -0.000000 1.000000 0.000000
vn -0.000000 1.000000 0.000000
vn 0.258819 0.965926 -0.000000
vn 0.258819 0.965926 -0.000000
vn 0.500000 0.866025 -0.000000
vn 0.500000 0.866025 -0.000000
vn 0.707107 0.707107 -0.000000
vn 0.707107 0.707107 -0.000000
vn 0.866025 0.500000 -0.000000
vn 0.866025 0.500000 -0.000000
vn 0.965926 0.258819 -0.000000
vn 0.965926 0.258819 -0.000000
vn 1.000000 0.000000 -0.000000
vn 1.000000 0.000000 -0.000000
vn 0.965926 -0.258819 0.000000
vn 0.965926 -0.258819 0.000000
vn 0.866025 -0.500000 0.000000
vn 0.866025 -0.500000 0.000000
vn 0.707107 -0.707107 0.000000
vn 0.707107 -0.707107 0.000000
vn 0.500000 -0.866025 0.000000
vn 0.500000 -0.866025 0.000000
vn 0.258819 -0.965926 0.000000
vn 0.258819 -0.965926 0.000000
vn -0.000000 -1.000000 0.000000
vn -0.000000 -1.000000 0.000000
vn -0.258819 -0.965926 0.000000
vn -0.258819 -0.965926 0.000000
vn -0.500000 -0.866025 0.000000
vn -0.500000 -0.866025 0.000000
vn -0.707107 -0.707107 0.000000
vn -0.707107 -0.707107 0.000000
vn -0.866025 -0.500000 0.000000
vn -0.866025 -0.500000 0.000000
vn -0.965926 -0.258819 0.000000
vn -0.965926 -0.258819 0.000000
vn -1.000000 0.000000 0.000000
vn -1.000000 0.000000 0.000000
vn -0.965926 0.258819 0.000000
vn -0.965926 0.258819 0.000000
vn -0.866025 0.500000 0.000000
vn -0.866025 0.500000 0.000000
vn -0.707107 0.707107 0.000000
vn -0.707107 0.707107 0.000000
vn -0.500000 0.866025 0.000000
vn -0.500000 0.866025 0.000000
vn -0.258819 0.965926 0.000000
vn -0.258819 0.965926 0.000000
vn -0.000000 1.000000 0.000000
vn -0.000000 1.000000 0.000000
vn 0.258819 0.965926 -0.000000
vn 0.258819 0.965926 -0.000000
vn 0.500000 0.866025 -0.000000
vn 0.500000 0.866025 -0.000000
vn 0.707107 0.707107 -0.000000
vn 0.707107 0.707107 -0.000000
vn 0.866025 0.500000 -0.000000
vn 0.866025 0.500000 -0.000000
vn 0.965926 0.258819 -0.000000
vn 0.965926 0.258819 -0.000000
vn 1.000000 0.000000 -0.000000
vn 1.000000 0.000000 -0.000000
vn 0.965926 -0.258819 0.000000
vn 0.965926 -0.258819 0.000000
vn 0.866025 -0.500000 0.000000
vn 0.866025 -0.500000 0.000000
vn 0.707107 -0.707107 0.000000
vn 0.707107 -0.707107 0.000000
vn 0.500000 -0.866025 0.000000
vn 0.500000 -0.866025 0.000000
vn 0.258819 -0.965926 0.000000
vn 0.258819 -0.965926 0.000000
vn -0.000000 -1.000000 0.000000
vn -0.000000 -1.000000 0.000000
vn -0.258819 -0.965926 0.000000
vn -0.258819 -0.965926 0.000000
vn -0.500000 -0.866025 0.000000
vn -0.500000 -0.866025 0.000000
vn -0.707107 -0.707107 0.000000
vn -0.707107 -0.707107 0.000000
vn -0.866025 -0.500000 0.000000
vn -0.866025 -0.500000 0.000000
vn -0.965926 -0.258819 0.000000
vn -0.965926 -0.258819 0.000000
vn -1.000000 0.000000 0.000000
vn -1.000000 0.000000 0.000000
vn -0.965926 0.258819 0.000000
vn -0.965926 0.258819 0.000000
vn -0.866025 0.500000 0.000000
vn -0.866025 0.500000 0.000000
vn -0.707107 0.707107 0.000000
vn -0.707107 0.707107 0.000000
vn -0.500000 0.866025 0.000000
vn -0.500000 0.866025 0.000000
vn -0.258819 0.965926 0.000000
vn -0.258819 0.965926 0.000000
vn -0.000000 1.000000 0.000000
vn -0.000000 1.000000 0.000000
vn 0.258819 0.965926 -0.000000
vn 0.258819 0.965926 -0.000000
vn 0.500000 0.866025 -0.000000
vn 0.500000 0.866025 -0.000000
vn 0.707107 0.707107 -0.000000
vn 0.707107 0.707107 -0.000000
vn 0.866025 0.500000 -0.000000
vn 0.866025 0.500000 -0.000000
vn 0.965926 0.258819 -0.000000
vn 0.965926 0.258819 -0.000000
vn 1.000000 0.000000 -0.000000
vn 1.000000 0.000000 -0.000000
vn 0.965926 -0.258819 0.000000
vn 0.965926 -0.258819 0.000000
vn 0.866025 -0.500000 0.000000
vn 0.866025 -0.500000 0.000000
vn 0.707107 -0.707107 0.000000
vn 0.707107 -0.707107 0.000000
vn 0.500000 -0.866025 0.000000
vn 0.500000 -0.866025 0.000000
vn 0.258819 -0.965926 0.000000
vn 0.258819 -0.965926 0.000000
vn -0.000000 -1.000000 0.000000
vn -0.000000 -1.000000 0.000000
vn -0.258819 -0.965926 0.000000
vn -0.258819 -0.965926 0.000000
vn -0.500000 -0.866025 0.000000
vn -0.500000 -0.866025 0.000000
vn -0.707107 -0.707107 0.000000
vn -0.707107 -0.707107 0.000000
vn -0.866025 -0.500000 0.000000
vn -0.866025 -0.500000 0.000000
vn -0.965926 -0.258819 0.000000
vn -0.965926 -0.258819 0.000000
vn -1.000000 0.000000 0.000000
vn -1.000000 0.000000 0.000000
vn -0.965926 0.258819 0.000000
vn -0.965926 0.258819 0.000000
vn -0.866025 0.500000 0.000000
vn -0.866025 0.500000 0.000000
vn -0.707107 0.707107 0.000000
vn -0.707107 0.707107 0.000000
vn -0.500000 0.866025 0.000000
vn -0.500000 0.866025 0.000000
vn -0.258819 0.965926 0.000000
vn -0.258819 0.965926 0.000000
vn -0.000000 1.000000 0.000000
vn -0.000000 1.000000 0.000000
vn 0.258819 0.965926 -0.000000
vn 0.258819 0.965926 -0.000000
vn 0.500000 0.866025 -0.000000
vn 0.500000 0.866025 -0.000000
vn 0.707107 0.707107 -0.000000
vn 0.707107 0.707107 -0.000000
vn 0.866025 0.500000 -0.000000
vn 0.866025 0.500000 -0.000000
vn 0.965926 0.258819 -0.000000
vn 0.965926 0.258819 -0.000000
vn 1.000000 0.000000 -0.000000
vn 1.000000 0.000000 -0.000000
vn 0.965926 -0.258819 0.000000
vn 0.965926 -0.258819 0.000000
vn 0.866025 -0.500000 0.000000
vn 0.866025 -0.500000 0.000000
vn 0.707107 -0.707107 0.000000
vn 0.707107 -0.707107 0.000000
vn 0.500000 -0.866025 0.000000
vn 0.500000 -0.866025 0.000000
vn 0.258819 -0.965926 0.000000
vn 0.258819 -0.965926 0.000000
vn -0.000000 -1.000000 0.000000
vn -0.000000 -1.000000 0.000000
vn -0.258819 -0.965926 0.000000
vn -0.258819 -0.965926 0.000000
vn -0.500000 -0.866025 0.000000
vn -0.500000 -0.866025 0.000000
vn -0.707107 -0.707107 0.000000
vn -0.707107 -0.707107 0.000000
vn -0.866025 -0.500000 0.000000
vn -0.866025 -0.500000 0.000000
vn -0.965926 -0.258819 0.000000
vn -0.965926 -0.258819 0.000000
vn -1.000000 0.000000 0.000000
vn -1.000000 0.000000 0.000000
vn -0.965926 0.258819 0.000000
vn -0.965926 0.258819 0.000000
vn -0.866025 0.500000 0.000000
vn -0.866025 0.500000 0.000000
vn -0.707107 0.707107 0.000000
vn -0.707107 0.707107 0.000000
vn -0.500000 0.866025 0.000000
vn -0.500000 0.866025 0.000000
vn -0.258819 0.965926 0.000000
vn -0.258819 0.965926 0.000000
vn -0.000000 1.000000 0.000000
vn -0.000000 1.000000 0.000000
vn 0.258819 0.965926 -0.000000
vn 0.258819 0.965926 -0.000000
vn 0.500000 0.866025 -0.000000
vn 0.500000 0.866025 -0.000000
vn 0.707107 0.707107 -0.000000
vn 0.707107 0.707107 -0.000000
vn 0.866025 0.500000 -0.000000
vn 0.866025 0.500000 -0.000000
vn 0.965926 0.258819 -0.000000
vn 0.965926 0.258819 -0.000000
vn 1.000000 0.000000 -0.000000
vn 1.000000 0.000000 -0.000000
vn 0.965926 -0.258819 0.000000
vn 0.965926 -0.258819 0.000000
vn 0.866025 -0.500000 0.000000
vn 0.866025 -0.500000 0.000000
vn 0.707107 -0.707107 0.000000
vn 0.707107 -0.707107 0.000000
vn 0.500000 -0.866025 0.000000
vn 0.500000 -0.866025 0.000000
vn 0.258819 -0.965926 0.000000
vn 0.258819 -0.965926 0.000000
vn -0.000000 -1.000000 0.000000
vn -0.000000 -1.000000 0.000000
vn -0.258819 -0.965926 0.000000
vn -0.258819 -0.965926 0.000000
vn -0.500000 -0.866025 0.000000
vn -0.500000 -0.866025 0.000000
vn -0.707107 -0.707107 0.000000
vn -0.707107 -0.707107 0.000000
vn -0.866025 -0.500000 0.000000
vn -0.866025 -0.500000 0.000000
vn -0.965926 -0.258819 0.000000
vn -0.965926 -0.258819 0.000000
vn -1.000000 0.000000 0.000000
vn -1.000000 0.000000 0.000000
vn -0.965926 0.258819 0.000000
vn -0.965926 0.258819 0.000000
vn -0.866025 0.500000 0.000000
vn -0.866025 0.500000 0.000000
vn -0.707107 0.707107 0.000000
vn -0.707107 0.707107 0.000000
vn -0.500000 0.866025 0.000000
vn -0.500000 0.866025 0.000000
vn -0.258819 0.965926 0.000000
vn -0.258819 0.965926 0.000000
vn -0.000000 1.000000 0.000000
vn -0.000000 1.000000 0.000000
vn 0.258819 0.965926 -0.000000
vn 0.258819 0.965926 -0.000000
vn 0.500000 0.866025 -0.000000
vn 0.500000 0.866025 -0.000000
vn 0.707107 0.707107 -0.000000
vn 0.707107 0.707107 -0.000000
vn 0.866025 0.500000 -0.000000
vn 0.866025 0.500000 -0.000000
vn 0.965926 0.258819 -0.000000
vn 0.965926 0.258819 -0.000000
vn 1.000000 0.000000 -0.000000
vn 1.000000 0.000000 -0.000000
vn 0.965926 -0.258819 0.000000
vn 0.965926 -0.258819 0.000000
vn 0.866025 -0.500000 0.000000
vn 0.866025 -0.500000 0.000000
vn 0.707107 -0.707107 0.000000
vn 0.707107 -0.707107 0.000000
vn 0.500000 -0.866025 0.000000
vn 0.500000 -0.866025 0.000000
vn 0.258819 -0.965926 0.000000
vn 0.258819 -0.965926 0.000000
vn -0.000000 -1.000000 0.000000
vn -0.000000 -1.000000 0.000000
vn -0.258819 -0.965926 0.000000
vn -0.258819 -0.965926 0.000000
vn -0.500000 -0.866025 0.000000
vn -0.500000 -0.866025 0.000000
vn -0.707107 -0.707107 0.000000
vn -0.707107 -0.707107 0.000000
vn -0.866025 -0.500000 0.000000
vn -0.866025 -0.500000 0.000000
vn -0.965926 -0.258819 0.000000
vn -0.965926 -0.258819 0.000000
vn -1.000000 0.000000 0.000000
vn -1.000000 0.000000 0.000000
vn -0.965926 0.258819 0.000000
vn -0.965926 0.258819 0.000000
vn -0.866025 0.500000 0.000000
vn -0.866025 0.500000 0.000000
vn -0.707107 0.707107 0.000000
vn -0.707107 0.707107 0.000000
vn -0.500000 0.866025 0.000000
vn -0.500000 0.866025 0.000000
vn -0.258819 0.965926 0.000000
vn -0.258819 0.965926 0.000000
vn -0.000000 1.000000 0.000000
vn -0.000000 1.000000 0.000000
vn 0.258819 0.965926 -0.000000
vn 0.258819 0.965926 -0.000000
vn 0.500000 0.866025 -0.000000
vn 0.500000 0.866025 -0.000000
vn 0.707107 0.707107 -0.000000
vn 0.707107 0.707107 -0.000000
vn 0.866025 0.500000 -0.000000
vn 0.866025 0.500000 -0.000000
vn 0.000000 1.000000 0.000000
vn 0.000000 1.000000 0.000000
vn 0.000000 1.000000 0.000000
vn 0.000000 1.000000 0.000000
vn 1.000000 -0.000000 -0.000000
vn 1.000000 -0.000000 -0.000000
vn 0.965926 0.258819 -0.000000
vn 0.965926 0.258819 -0.000000
vn 0.866025 0.500000 -0.000000
vn 0.866025 0.500000 -0.000000
vn 0.707107 0.707107 -0.000000
vn 0.707107 0.707107 -0.000000
vn 0.500000 0.866025 -0.000000
vn 0.500000 0.866025 -0.000000
vn 0.258819 0.965926 -0.000000
vn 0.258819 0.965926 -0.000000
vn 1.000000 0.000000 -0.000000
vn 1.000000 0.000000 -0.000000
vn 0.000000 -1.000000 -0.000000
vn 0.000000 -1.000000 -0.000000
vn 0.258819 -0.965926 -0.000000
vn 0.258819 -0.965926 -0.000000
vn 0.500000 -0.866025 -0.000000
vn 0.500000 -0.866025 -0.000000
vn 0.707107 -0.707107 -0.000000
vn 0.707107 -0.707107 -0.000000
vn 0.866025 -0.500000 -0.000000
vn 0.866025 -0.500000 -0.000000
vn 0.965926 -0.258819 -0.000000
vn 0.965926 -0.258819 -0.000000
vn 0.000000 -1.000000 0.000000
vn 0.000000 -1.000000 0.000000
vn -1.000000 0.000000 -0.000000
vn -1.000000 -0.000000 0.000000
vn -0.965926 -0.258819 0.000000
vn -0.965926 -0.258819 0.000000
vn -0.866025 -0.500000 0.000000
vn -0.866025 -0.500000 0.000000
vn -0.707107 -0.707107 0.000000
vn -0.707107 -0.707107 0.000000
vn -0.500000 -0.866025 0.000000
vn -0.500000 -0.866025 0.000000
vn -0.258819 -0.965926 0.000000
vn -0.258819 -0.965926 0.000000
vn -1.000000 0.000000 0.000000
vn -1.000000 0.000000 0.000000
vn -0.258819 0.965926 -0.000000
vn -0.258819 0.965926 -0.000000
vn -0.500000 0.866025 -0.000000
vn -0.500000 0.866025 -0.000000
vn -0.707107 0.707107 -0.000000
vn -0.707107 0.707107 -0.000000
vn -0.866025 0.500000 -0.000000
vn -0.866025 0.500000 -0.000000
vn -0.965926 0.258819 -0.000000
vn -0.965926 0.258819 -0.000000
vn 0.000000 0.000000 1.000000
vn 0.000000 0.000000 1.000000
vn 0.000000 0.000000 1.000000
vn 0.000000 0.000000 1.000000
vn 0.000000 0.000000 1.000000
vn 0.000000 0.000000 1.000000
vn 0.000000 0.000000 1.000000
vn 0.000000 0.000000 1.000000
vn 0.000000 0.000000 1.000000
vn 0.000000 0.000000 1.000000
vn 0.000000 0.000000 1.000000
vn 0.000000 0.000000 1.000000
vn 0.000000 0.000000 1.000000
vn 0.000000 0.000000 1.000000
vn 0.000000 0.000000 1.000000
vn 0.000000 0.000000 1.000000
vn 0.000000 0.000000 1.000000
vn 0.000000 0.000000 1.000000
vn 0.000000 0.000000 1.000000
vn 0.000000 0.000000 1.000000
vn 0.000000 0.000000 1.000000
vn 0.000000 0.000000 1.000000
vn 0.000000 0.000000 1.000000
vn 0.000000 0.000000 1.000000
vn 0.000000 0.000000 1.000000
vn 0.000000 0.000000 1.000000
vn 0.000000 0.000000 1.000000
vn 0.000000 0.000000 1.000000
vn 0.000000 0.000000 1.000000
vn 0.000000 0.000000 1.000000
vn 0.000000 0.000000 1.000000
vn 0.000000 0.000000 1.000000
vn 0.000000 0.000000 1.000000
vn 0.000000 0.000000 1.000000
vn 0.000000 0.000000 1.000000
vn 0.000000 0.000000 1.000000
vn 0.000000 0.000000 1.000000
vn 0.000000 0.000000 1.000000
vn 0.000000 0.000000 1.000000
vn 0.000000 0.000000 1.000000
vn 0.000000 0.000000 1.000000
vn 0.000000 0.000000 1.000000
vn 0.000000 0.000000 1.000000
vn 0.000000 0.000000 1.000000
vn 0.000000 0.000000 1.000000
vn 0.000000 0.000000 1.000000
vn 0.000000 0.000000 1.000000
vn 0.000000 0.000000 1.000000
vn 0.000000 0.000000 1.000000
vn 0.000000 0.000000 1.000000
vn 0.000000 0.000000 1.000000
vn 0.000000 0.000000 1.000000
vn 0.000000 0.000000 1.000000
vn 0.000000 0.000000 1.000000
vn 0.000000 0.000000 1.000000
vn 0.000000 0.000000 1.000000
vn 0.000000 0.000000 1.000000
vn 0.000000 0.000000 1.000000
vn 0.000000 0.000000 1.000000
vn 0.000000 0.000000 1.000000
vn 0.000000 0.000000 1.000000
vn 0.000000 0.000000 1.000000
vn 0.000000 0.000000 1.000000
vn 0.000000 0.000000 1.000000
vn 0.000000 0.000000 1.000000
vn 0.000000 0.000000 1.000000
vn 0.000000 0.000000 1.000000
vn 0.000000 0.000000 1.000000
vn 0.000000 0.000000 1.000000
vn 0.000000 0.000000 1.000000
vn 0.000000 0.000000 1.000000
vn 0.000000 0.000000 1.000000
vn 0.000000 0.000000 1.000000
vn 0.000000 0.000000 1.000000
vn 0.000000 0.000000 1.000000
vn 0.000000 0.000000 1.000000
vn 0.000000 0.000000 1.000000
vn 0.000000 0.000000 1.000000
vn 0.000000 0.000000 1.000000
vn 0.000000 0.000000 1.000000
vn 0.000000 0.000000 1.000000
vn 0.000000 0.000000 1.000000
vn 0.000000 0.000000 1.000000
vn 0.000000 0.000000 1.000000
vn 0.000000 0.000000 1.000000
vn 0.000000 0.000000 1.000000
vn 0.000000 0.000000 1.000000
vn 0.000000 0.000000 1.000000
vn 0.000000 0.000000 1.000000
vn 0.000000 0.000000 1.000000
vn 0.000000 0.000000 1.000000
vn 0.000000 0.000000 1.000000
vn 0.000000 0.000000 1.000000
vn 0.000000 0.000000 1.000000
vn 0.000000 0.000000 1.000000
vn 0.000000 0.000000 1.000000
vn 0.000000 0.000000 1.000000
vn 0.000000 0.000000 1.000000
vn 0.000000 0.000000 1.000000
vn 0.000000 0.000000 1.000000
vn 0.000000 0.000000 1.000000
vn 0.000000 0.000000 1.000000
vn 0.000000 0.000000 1.000000
vn 0.000000 0.000000 1.000000
vn 0.000000 0.000000 1.000000
vn 0.000000 0.000000 1.000000
vn 0.000000 0.000000 1.000000
vn 0.000000 0.000000 1.000000
vn 0.000000 0.000000 1.000000
vn 0.000000 0.000000 1.000000
vn 0.000000 0.000000 1.000000
vn 0.000000 0.000000 1.000000
vn 0.000000 0.000000 1.000000
vn 0.000000 0.000000 1.000000
vn 0.000000 0.000000 1.000000
vn 0.000000 0.000000 1.000000
vn 0.000000 0.000000 1.000000
vn 0.000000 0.000000 1.000000
vn 0.000000 0.000000 1.000000
vn 0.000000 0.000000 1.000000
vn 0.000000 0.000000 1.000000
vn 0.000000 0.000000 1.000000
vn 0.000000 0.000000 1.000000
vn 0.000000 0.000000 1.000000
vn 0.000000 0.000000 1.000000
vn 0.000000 0.000000 1.000000
vn 0.000000 0.000000 1.000000
vn 0.000000 0.000000 1.000000
vn 0.000000 0.000000 1.000000
vn 0.000000 0.000000 1.000000
vn 0.000000 0.000000 1.000000
vn 0.000000 0.000000 1.000000
vn 0.000000 0.000000 1.000000
vn 0.000000 0.000000 1.000000
vn 0.000000 0.000000 1.000000
vn 0.000000 0.000000 1.000000
vn 0.000000 0.000000 1.000000
vn 0.000000 0.000000 1.000000
vn 0.000000 0.000000 1.000000
vn 0.000000 0.000000 1.000000
vn 0.000000 0.000000 1.000000
vn 0.000000 0.000000 1.000000
vn 0.000000 0.000000 1.000000
vn 0.000000 0.000000 1.000000
vn 0.000000 0.000000 1.000000
vn 0.000000 0.000000 1.000000
vn 0.000000 0.000000 1.000000
vn 0.000000 0.000000 1.000000
vn 0.000000 0.000000 1.000000
vn 0.000000 0.000000 1.000000
vn 0.000000 0.000000 1.000000
vn 0.000000 0.000000 1.000000
vn 0.000000 0.000000 1.000000
vn 0.000000 0.000000 1.000000
vn 0.000000 0.000000 1.000000
vn 0.000000 0.000000 1.000000
vn 0.000000 0.000000 1.000000
vn 0.000000 0.000000 1.000000
vn 0.000000 0.000000 1.000000
vn 0.000000 0.000000 1.000000
vn 0.000000 0.000000 1.000000
vn 0.000000 0.000000 1.000000
vn 0.000000 0.000000 1.000000
vn 0.000000 0.000000 1.000000
vn 0.000000 0.000000 1.000000
vn 0.000000 0.000000 1.000000
vn 0.000000 0.000000 1.000000
vn 0.000000 0.000000 1.000000
vn 0.000000 0.000000 1.000000
vn 0.000000 0.000000 1.000000
vn 0.000000 0.000000 1.000000
vn 0.000000 0.000000 1.000000
vn 0.000000 0.000000 1.000000
vn 0.000000 0.000000 1.000000
vn 0.000000 0.000000 1.000000
vn 0.000000 0.000000 1.000000
vn 0.000000 0.000000 1.000000
vn 0.000000 0.000000 1.000000
vn 0.000000 0.000000 1.000000
vn 0.000000 0.000000 1.000000
vn 0.000000 0.000000 1.000000
vn 0.000000 0.000000 1.000000
vn 0.000000 0.000000 1.000000
vn 0.000000 0.000000 1.000000
vn 0.000000 0.000000 1.000000
vn 0.000000 0.000000 1.000000
vn 0.000000 0.000000 1.000000
vn 0.000000 0.000000 1.000000
vn 0.000000 0.000000 1.000000
vn 0.000000 0.000000 1.000000
vn 0.000000 0.000000 1.000000
vn 0.000000 0.000000 1.000000
vn 0.000000 0.000000 1.000000
vn 0.000000 0.000000 1.000000
vn 0.000000 0.000000 1.000000
vn 0.000000 0.000000 1.000000
vn 0.000000 0.000000 1.000000
vn 0.000000 0.000000 1.000000
vn 0.000000 0.000000 1.000000
vn 0.000000 0.000000 1.000000
vn 0.000000 0.000000 1.000000
vn 0.000000 0.000000 1.000000
vn 0.000000 0.000000 1.000000
vn 0.000000 0.000000 1.000000
vn 0.000000 0.000000 1.000000
vn 0.000000 0.000000 1.000000
vn 0.000000 0.000000 1.000000
vn 0.000000 0.000000 1.000000
vn 0.000000 0.000000 1.000000
vn 0.000000 0.000000 1.000000
vn 0.000000 0.000000 1.000000
vn 0.000000 0.000000 1.000000
vn 0.000000 0.000000 1.000000
vn 0.000000 0.000000 1.000000
vn 0.000000 0.000000 1.000000
vn 0.000000 0.000000 1.000000
vn 0.000000 0.000000 1.000000
vn 0.000000 0.000000 1.000000
vn 0.000000 0.000000 1.000000
vn 0.000000 0.000000 1.000000
vn 0.000000 0.000000 1.000000
vn 0.000000 0.000000 1.000000
vn 0.000000 0.000000 1.000000
vn 0.000000 0.000000 1.000000
vn 0.000000 0.000000 1.000000
vn 0.000000 0.000000 1.000000
vn 0.000000 0.000000 1.000000
vn 0.000000 0.000000 1.000000
vn 0.000000 0.000000 1.000000
vn 0.000000 0.000000 1.000000
vn 0.000000 0.000000 1.000000
vn 0.000000 0.000000 1.000000
vn 0.000000 0.000000 1.000000
vn 0.000000 0.000000 1.000000
vn 0.000000 0.000000 1.000000
vn 0.000000 0.000000 1.000000
vn 0.000000 0.000000 1.000000
vn 0.000000 0.000000 1.000000
vn 0.000000 0.000000 1.000000
vn 0.000000 0.000000 1.000000
vn 0.000000 0.000000 1.000000
vn 0.000000 0.000000 1.000000
vn 0.000000 0.000000 1.000000
vn 0.000000 0.000000 1.000000
vn 0.000000 0.000000 1.000000
vn 0.000000 0.000000 1.000000
vn 0.000000 0.000000 1.000000
vn 0.000000 0.000000 1.000000
vn 0.000000 0.000000 1.000000
vn 0.000000 0.000000 1.000000
vn 0.000000 0.000000 1.000000
vn 0.000000 0.000000 1.000000
vn 0.000000 0.000000 1.000000
vn 0.000000 0.000000 1.000000
vn 0.000000 0.000000 1.000000
vn 0.000000 0.000000 1.000000
vn 0.000000 0.000000 1.000000
vn 0.000000 0.000000 1.000000
vn 0.000000 0.000000 1.000000
vn 0.000000 0.000000 1.000000
vn 0.000000 0.000000 1.000000
vn 0.000000 0.000000 1.000000
vn 0.000000 0.000000 1.000000
vn 0.000000 0.000000 1.000000
vn 0.000000 0.000000 1.000000
vn 0.000000 0.000000 1.000000
vn 0.000000 0.000000 1.000000
vn 0.000000 0.000000 1.000000
vn 0.000000 0.000000 1.000000
vn 0.000000 0.000000 1.000000
vn 0.000000 0.000000 1.000000
vn 0.000000 0.000000 1.000000
vn 0.000000 0.000000 1.000000
vn 0.000000 0.000000 1.000000
vn 0.000000 0.000000 1.000000
vn 0.000000 0.000000 1.000000
vn 0.000000 0.000000 1.000000
vn 0.000000 0.000000 1.000000
vn 0.000000 0.000000 1.000000
vn 0.000000 0.000000 1.000000
vn 0.000000 0.000000 1.000000
vn 0.000000 0.000000 1.000000
vn 0.000000 0.000000 1.000000
vn 0.000000 0.000000 1.000000
vn 0.000000 0.000000 1.000000
vn 0.000000 0.000000 1.000000
vn 0.000000 0.000000 1.000000
vn 0.000000 0.000000 1.000000
vn 0.000000 0.000000 1.000000
vn 0.000000 0.000000 1.000000
vn 0.000000 0.000000 1.000000
vn 0.000000 0.000000 1.000000
vn 0.000000 0.000000 1.000000
vn 0.000000 0.000000 1.000000
vn 0.000000 0.000000 1.000000
vn 0.000000 0.000000 1.000000
vn 0.000000 0.000000 1.000000
vn 0.000000 0.000000 1.000000
vn 0.000000 0.000000 1.000000
vn 0.000000 0.000000 1.000000
vn 0.000000 0.000000 1.000000
vn 0.000000 0.000000 1.000000
vn 0.000000 0.000000 1.000000
vn 0.000000 0.000000 1.000000
vn 0.000000 0.000000 1.000000
vn 0.000000 0.000000 1.000000
vn 0.000000 0.000000 1.000000
vn 0.000000 0.000000 1.000000
vn 0.000000 0.000000 1.000000
vn 0.000000 0.000000 1.000000
vn 0.000000 0.000000 1.000000
vn 0.000000 0.000000 1.000000
vn 0.000000 0.000000 1.000000
vn 0.000000 0.000000 1.000000
vn 0.000000 0.000000 1.000000
vn 0.000000 0.000000 1.000000
vn 0.000000 0.000000 1.000000
vn 0.000000 0.000000 1.000000
vn 0.000000 0.000000 1.000000
vn 0.000000 0.000000 1.000000
vn 0.000000 0.000000 1.000000
vn 0.000000 0.000000 1.000000
vn 0.000000 0.000000 1.000000
vn 0.000000 0.000000 1.000000
vn 0.000000 0.000000 1.000000
vn 0.000000 0.000000 1.000000
vn 0.000000 0.000000 1.000000
vn 0.000000 0.000000 1.000000
vn 0.000000 0.000000 1.000000
vn 0.000000 0.000000 1.000000
vn 0.000000 0.000000 1.000000
vn 0.000000 0.000000 1.000000
vn 0.000000 0.000000 1.000000
vn 0.000000 0.000000 1.000000
vn 0.000000 0.000000 1.000000
vn 0.000000 0.000000 1.000000
vn 0.000000 0.000000 1.000000
vn 0.000000 0.000000 1.000000
vn 0.000000 0.000000 1.000000
vn 0.000000 0.000000 1.000000
vn 0.000000 0.000000 1.000000
vn 0.000000 0.000000 1.000000
vn 0.000000 0.000000 1.000000
vn 0.000000 0.000000 1.000000
vn -0.000000 -0.000000 -1.000000
vn -0.000000 -0.000000 -1.000000
vn -0.000000 -0.000000 -1.000000
vn -0.000000 -0.000000 -1.000000
vn -0.000000 -0.000000 -1.000000
vn -0.000000 -0.000000 -1.000000
vn -0.000000 -0.000000 -1.000000
vn -0.000000 -0.000000 -1.000000
vn -0.000000 -0.000000 -1.000000
vn -0.000000 -0.000000 -1.000000
vn -0.000000 -0.000000 -1.000000
vn -0.000000 -0.000000 -1.000000
vn -0.000000 -0.000000 -1.000000
vn -0.000000 -0.000000 -1.000000
vn -0.000000 -0.000000 -1.000000
vn -0.000000 -0.000000 -1.000000
vn -0.000000 -0.000000 -1.000000
vn -0.000000 -0.000000 -1.000000
vn -0.000000 -0.000000 -1.000000
vn -0.000000 -0.000000 -1.000000
vn -0.000000 -0.000000 -1.000000
vn -0.000000 -0.000000 -1.000000
vn -0.000000 -0.000000 -1.000000
vn -0.000000 -0.000000 -1.000000
vn -0.000000 -0.000000 -1.000000
vn -0.000000 -0.000000 -1.000000
vn -0.000000 -0.000000 -1.000000
vn -0.000000 -0.000000 -1.000000
vn -0.000000 -0.000000 -1.000000
vn -0.000000 -0.000000 -1.000000
vn -0.000000 -0.000000 -1.000000
vn -0.000000 -0.000000 -1.000000
vn -0.000000 -0.000000 -1.000000
vn -0.000000 -0.000000 -1.000000
vn -0.000000 -0.000000 -1.000000
vn -0.000000 -0.000000 -1.000000
vn -0.000000 -0.000000 -1.000000
vn -0.000000 -0.000000 -1.000000
vn -0.000000 -0.000000 -1.000000
vn -0.000000 -0.000000 -1.000000
vn -0.000000 -0.000000 -1.000000
vn -0.000000 -0.000000 -1.000000
vn -0.000000 -0.000000 -1.000000
vn -0.000000 -0.000000 -1.000000
vn -0.000000 -0.000000 -1.000000
vn -0.000000 -0.000000 -1.000000
vn -0.000000 -0.000000 -1.000000
vn -0.000000 -0.000000 -1.000000
vn -0.000000 -0.000000 -1.000000
vn -0.000000 -0.000000 -1.000000
vn -0.000000 -0.000000 -1.000000
vn -0.000000 -0.000000 -1.000000
vn -0.000000 -0.000000 -1.000000
vn -0.000000 -0.000000 -1.000000
vn -0.000000 -0.000000 -1.000000
vn -0.000000 -0.000000 -1.000000
vn -0.000000 -0.000000 -1.000000
vn -0.000000 -0.000000 -1.000000
vn -0.000000 -0.000000 -1.000000
vn -0.000000 -0.000000 -1.000000
vn -0.000000 -0.000000 -1.000000
vn -0.000000 -0.000000 -1.000000
vn -0.000000 -0.000000 -1.000000
vn -0.000000 -0.000000 -1.000000
vn -0.000000 -0.000000 -1.000000
vn -0.000000 -0.000000 -1.000000
vn -0.000000 -0.000000 -1.000000
vn -0.000000 -0.000000 -1.000000
vn -0.000000 -0.000000 -1.000000
vn -0.000000 -0.000000 -1.000000
vn -0.000000 -0.000000 -1.000000
vn -0.000000 -0.000000 -1.000000
vn -0.000000 -0.000000 -1.000000
vn -0.000000 -0.000000 -1.000000
vn -0.000000 -0.000000 -1.000000
vn -0.000000 -0.000000 -1.000000
vn -0.000000 -0.000000 -1.000000
vn -0.000000 -0.000000 -1.000000
vn -0.000000 -0.000000 -1.000000
vn -0.000000 -0.000000 -1.000000
vn -0.000000 -0.000000 -1.000000
vn -0.000000 -0.000000 -1.000000
vn -0.000000 -0.000000 -1.000000
vn -0.000000 -0.000000 -1.000000
vn -0.000000 -0.000000 -1.000000
vn -0.000000 -0.000000 -1.000000
vn -0.000000 -0.000000 -1.000000
vn -0.000000 -0.000000 -1.000000
vn -0.000000 -0.000000 -1.000000
vn -0.000000 -0.000000 -1.000000
vn -0.000000 -0.000000 -1.000000
vn -0.000000 -0.000000 -1.000000
vn -0.000000 -0.000000 -1.000000
vn -0.000000 -0.000000 -1.000000
vn -0.000000 -0.000000 -1.000000
vn -0.000000 -0.000000 -1.000000
vn -0.000000 -0.000000 -1.000000
vn -0.000000 -0.000000 -1.000000
vn -0.000000 -0.000000 -1.000000
vn -0.000000 -0.000000 -1.000000
vn -0.000000 -0.000000 -1.000000
vn -0.000000 -0.000000 -1.000000
vn -0.000000 -0.000000 -1.000000
vn -0.000000 -0.000000 -1.000000
vn -0.000000 -0.000000 -1.000000
vn -0.000000 -0.000000 -1.000000
vn -0.000000 -0.000000 -1.000000
vn -0.000000 -0.000000 -1.000000
vn -0.000000 -0.000000 -1.000000
vn -0.000000 -0.000000 -1.000000
vn -0.000000 -0.000000 -1.000000
vn -0.000000 -0.000000 -1.000000
vn -0.000000 -0.000000 -1.000000
vn -0.000000 -0.000000 -1.000000
vn -0.000000 -0.000000 -1.000000
vn -0.000000 -0.000000 -1.000000
vn -0.000000 -0.000000 -1.000000
vn -0.000000 -0.000000 -1.000000
vn -0.000000 -0.000000 -1.000000
vn -0.000000 -0.000000 -1.000000
vn -0.000000 -0.000000 -1.000000
vn -0.000000 -0.000000 -1.000000
vn -0.000000 -0.000000 -1.000000
vn -0.000000 -0.000000 -1.000000
vn -0.000000 -0.000000 -1.000000
vn -0.000000 -0.000000 -1.000000
vn -0.000000 -0.000000 -1.000000
vn -0.000000 -0.000000 -1.000000
vn -0.000000 -0.000000 -1.000000
vn -0.000000 -0.000000 -1.000000
vn -0.000000 -0.000000 -1.000000
vn -0.000000 -0.000000 -1.000000
vn -0.000000 -0.000000 -1.000000
vn -0.000000 -0.000000 -1.000000
vn -0.000000 -0.000000 -1.000000
vn -0.000000 -0.000000 -1.000000
vn -0.000000 -0.000000 -1.000000
vn -0.000000 -0.000000 -1.000000
vn -0.000000 -0.000000 -1.000000
vn -0.000000 -0.000000 -1.000000
vn -0.000000 -0.000000 -1.000000
vn -0.000000 -0.000000 -1.000000
vn -0.000000 -0.000000 -1.000000
vn -0.000000 -0.000000 -1.000000
vn -0.000000 -0.000000 -1.000000
vn -0.000000 -0.000000 -1.000000
vn -0.000000 -0.000000 -1.000000
vn -0.000000 -0.000000 -1.000000
vn -0.000000 -0.000000 -1.000000
vn -0.000000 -0.000000 -1.000000
vn -0.000000 -0.000000 -1.000000
vn -0.000000 -0.000000 -1.000000
vn -0.000000 -0.000000 -1.000000
vn -0.000000 -0.000000 -1.000000
vn -0.000000 -0.000000 -1.000000
vn -0.000000 -0.000000 -1.000000
vn -0.000000 -0.000000 -1.000000
vn -0.000000 -0.000000 -1.000000
vn -0.000000 -0.000000 -1.000000
vn -0.000000 -0.000000 -1.000000
vn -0.000000 -0.000000 -1.000000
vn -0.000000 -0.000000 -1.000000
vn -0.000000 -0.000000 -1.000000
vn -0.000000 -0.000000 -1.000000
vn -0.000000 -0.000000 -1.000000
vn -0.000000 -0.000000 -1.000000
vn -0.000000 -0.000000 -1.000000
vn -0.000000 -0.000000 -1.000000
vn -0.000000 -0.000000 -1.000000
vn -0.000000 -0.000000 -1.000000
vn -0.000000 -0.000000 -1.000000
vn -0.000000 -0.000000 -1.000000
vn -0.000000 -0.000000 -1.000000
vn -0.000000 -0.000000 -1.000000
vn -0.000000 -0.000000 -1.000000
vn -0.000000 -0.000000 -1.000000
vn -0.000000 -0.000000 -1.000000
vn -0.000000 -0.000000 -1.000000
vn -0.000000 -0.000000 -1.000000
vn -0.000000 -0.000000 -1.000000
vn -0.000000 -0.000000 -1.000000
vn -0.000000 -0.000000 -1.000000
vn -0.000000 -0.000000 -1.000000
vn -0.000000 -0.000000 -1.000000
vn -0.000000 -0.000000 -1.000000
vn -0.000000 -0.000000 -1.000000
vn -0.000000 -0.000000 -1.000000
vn -0.000000 -0.000000 -1.000000
vn -0.000000 -0.000000 -1.000000
vn -0.000000 -0.000000 -1.000000
vn -0.000000 -0.000000 -1.000000
vn -0.000000 -0.000000 -1.000000
vn -0.000000 -0.000000 -1.000000
vn -0.000000 -0.000000 -1.000000
vn -0.000000 -0.000000 -1.000000
vn -0.000000 -0.000000 -1.000000
vn -0.000000 -0.000000 -1.000000
vn -0.000000 -0.000000 -1.000000
vn -0.000000 -0.000000 -1.000000
vn -0.000000 -0.000000 -1.000000
vn -0.000000 -0.000000 -1.000000
vn -0.000000 -0.000000 -1.000000
vn -0.000000 -0.000000 -1.000000
vn -0.000000 -0.000000 -1.000000
vn -0.000000 -0.000000 -1.000000
vn -0.000000 -0.000000 -1.000000
vn -0.000000 -0.000000 -1.000000
vn -0.000000 -0.000000 -1.000000
vn -0.000000 -0.000000 -1.000000
vn -0.000000 -0.000000 -1.000000
vn -0.000000 -0.000000 -1.000000
vn -0.000000 -0.000000 -1.000000
vn -0.000000 -0.000000 -1.000000
vn -0.000000 -0.000000 -1.000000
vn -0.000000 -0.000000 -1.000000
vn -0.000000 -0.000000 -1.000000
vn -0.000000 -0.000000 -1.000000
vn -0.000000 -0.000000 -1.000000
vn -0.000000 -0.000000 -1.000000
vn -0.000000 -0.000000 -1.000000
vn -0.000000 -0.000000 -1.000000
vn -0.000000 -0.000000 -1.000000
vn -0.000000 -0.000000 -1.000000
vn -0.000000 -0.000000 -1.000000
vn -0.000000 -0.000000 -1.000000
vn -0.000000 -0.000000 -1.000000
vn -0.000000 -0.000000 -1.000000
vn -0.000000 -0.000000 -1.000000
vn -0.000000 -0.000000 -1.000000
vn -0.000000 -0.000000 -1.000000
vn -0.000000 -0.000000 -1.000000
vn -0.000000 -0.000000 -1.000000
vn -0.000000 -0.000000 -1.000000
vn -0.000000 -0.000000 -1.000000
vn -0.000000 -0.000000 -1.000000
vn -0.000000 -0.000000 -1.000000
vn -0.000000 -0.000000 -1.000000
vn -0.000000 -0.000000 -1.000000
vn -0.000000 -0.000000 -1.000000
vn -0.000000 -0.000000 -1.000000
vn -0.000000 -0.000000 -1.000000
vn -0.000000 -0.000000 -1.000000
vn -0.000000 -0.000000 -1.000000
vn -0.000000 -0.000000 -1.000000
vn -0.000000 -0.000000 -1.000000
vn -0.000000 -0.000000 -1.000000
vn -0.000000 -0.000000 -1.000000
vn -0.000000 -0.000000 -1.000000
vn -0.000000 -0.000000 -1.000000
vn -0.000000 -0.000000 -1.000000
vn -0.000000 -0.000000 -1.000000
vn -0.000000 -0.000000 -1.000000
vn -0.000000 -0.000000 -1.000000
vn -0.000000 -0.000000 -1.000000
vn -0.000000 -0.000000 -1.000000
vn -0.000000 -0.000000 -1.000000
vn -0.000000 -0.000000 -1.000000
vn -0.000000 -0.000000 -1.000000
vn -0.000000 -0.000000 -1.000000
vn -0.000000 -0.000000 -1.000000
vn -0.000000 -0.000000 -1.000000
vn -0.000000 -0.000000 -1.000000
vn -0.000000 -0.000000 -1.000000
vn -0.000000 -0.000000 -1.000000
vn -0.000000 -0.000000 -1.000000
vn -0.000000 -0.000000 -1.000000
vn -0.000000 -0.000000 -1.000000
vn -0.000000 -0.000000 -1.000000
vn -0.000000 -0.000000 -1.000000
vn -0.000000 -0.000000 -1.000000
vn -0.000000 -0.000000 -1.000000
vn -0.000000 -0.000000 -1.000000
vn -0.000000 -0.000000 -1.000000
vn -0.000000 -0.000000 -1.000000
vn -0.000000 -0.000000 -1.000000
vn -0.000000 -0.000000 -1.000000
vn -0.000000 -0.000000 -1.000000
vn -0.000000 -0.000000 -1.000000
vn -0.000000 -0.000000 -1.000000
vn -0.000000 -0.000000 -1.000000
vn -0.000000 -0.000000 -1.000000
vn -0.000000 -0.000000 -1.000000
vn -0.000000 -0.000000 -1.000000
vn -0.000000 -0.000000 -1.000000
vn -0.000000 -0.000000 -1.000000
vn -0.000000 -0.000000 -1.000000
vn -0.000000 -0.000000 -1.000000
vn -0.000000 -0.000000 -1.000000
vn -0.000000 -0.000000 -1.000000
vn -0.000000 -0.000000 -1.000000
vn -0.000000 -0.000000 -1.000000
vn -0.000000 -0.000000 -1.000000
vn -0.000000 -0.000000 -1.000000
vn -0.000000 -0.000000 -1.000000
vn -0.000000 -0.000000 -1.000000
vn -0.000000 -0.000000 -1.000000
vn -0.000000 -0.000000 -1.000000
vn -0.000000 -0.000000 -1.000000
vn -0.000000 -0.000000 -1.000000
vn -0.000000 -0.000000 -1.000000
vn -0.000000 -0.000000 -1.000000
vn -0.000000 -0.000000 -1.000000
vn -0.000000 -0.000000 -1.000000
vn -0.000000 -0.000000 -1.000000
vn -0.000000 -0.000000 -1.000000
vn -0.000000 -0.000000 -1.000000
vn -0.000000 -0.000000 -1.000000
vn -0.000000 -0.000000 -1.000000
vn -0.000000 -0.000000 -1.000000
vn -0.000000 -0.000000 -1.000000
vn -0.000000 -0.000000 -1.000000
vn -0.000000 -0.000000 -1.000000
vn -0.000000 -0.000000 -1.000000
vn -0.000000 -0.000000 -1.000000
vn -0.000000 -0.000000 -1.000000
vn -0.000000 -0.000000 -1.000000
vn -0.000000 -0.000000 -1.000000
vn -0.000000 -0.000000 -1.000000
vn -0.000000 -0.000000 -1.000000
vn -0.000000 -0.000000 -1.000000
vn -0.000000 -0.000000 -1.000000
vn -0.000000 -0.000000 -1.000000
vn -0.000000 -0.000000 -1.000000
vn -0.000000 -0.000000 -1.000000
vn -0.000000 -0.000000 -1.000000
vn -0.000000 -0.000000 -1.000000
vn -0.000000 -0.000000 -1.000000
vn -0.000000 -0.000000 -1.000000
vn -0.000000 -0.000000 -1.000000
vn -0.000000 -0.000000 -1.000000
vn -0.000000 -0.000000 -1.000000
vn -0.000000 -0.000000 -1.000000
vn -0.000000 -0.000000 -1.000000
vn -0.000000 -0.000000 -1.000000
vn -0.000000 -0.000000 -1.000000
vn -0.000000 -0.000000 -1.000000
vn -0.000000 -0.000000 -1.000000
vn -0.000000 -0.000000 -1.000000
vn -0.000000 -0.000000 -1.000000
vn -0.000000 -0.000000 -1.000000
vn -0.000000 -0.000000 -1.000000
vn -0.000000 -0.000000 -1.000000
vn -0.000000 -0.000000 -1.000000
vn -0.000000 -0.000000 -1.000000
usemtl Steel_-_Satin
f 14/1/1 1/2/2 13/3/3
f 13/3/3 1/2/2 2/4/4
f 13/3/3 2/4/4 12/5/5
f 12/5/5 2/4/4 3/6/6
f 12/5/5 3/6/6 11/7/7
f 11/7/7 3/6/6 4/8/8
f 11/7/7 4/8/8 10/9/9
f 10/9/9 4/8/8 5/10/10
f 10/9/9 5/10/10 9/11/11
f 9/11/11 5/10/10 6/12/12
f 9/11/11 6/12/12 8/13/13
f 8/13/13 6/12/12 7/14/14
f 7/15/14 15/16/15 8/17/13
f 8/17/13 15/16/15 16/18/16
f 30/19/17 17/20/18 29/21/19
f 29/21/19 17/20/18 18/22/20
f 29/21/19 18/22/20 28/23/21
f 28/23/21 18/22/20 19/24/22
f 28/23/21 19/24/22 27/25/23
f 27/25/23 19/24/22 20/26/24
f 27/25/23 20/26/24 26/27/25
f 26/27/25 20/26/24 21/28/26
f 26/27/25 21/28/26 25/29/27
f 25/29/27 21/28/26 22/30/28
f 25/29/27 22/30/28 24/31/29
f 24/31/29 22/30/28 23/32/30
f 14/33/1 24/34/29 1/35/2
f 1/35/2 24/34/29 23/36/30
f 44/37/31 31/38/32 43/39/33
f 43/39/33 31/38/32 32/40/34
f 43/39/33 32/40/34 42/41/35
f 42/41/35 32/40/34 33/42/36
f 42/41/35 33/42/36 41/43/37
f 41/43/37 33/42/36 34/44/38
f 41/43/37 34/44/38 40/45/39
f 40/45/39 34/44/38 35/46/40
f 40/45/39 35/46/40 39/47/41
f 39/47/41 35/46/40 36/48/42
f 39/47/41 36/48/42 38/49/43
f 38/49/43 36/48/42 37/50/44
f 30/51/17 38/52/43 17/53/18
f 17/53/18 38/52/43 37/54/44
f 16/55/16 15/56/15 56/57/45
f 56/57/45 15/56/15 45/58/46
f 56/57/45 45/58/46 55/59/47
f 55/59/47 45/58/46 46/60/48
f 55/59/47 46/60/48 54/61/49
f 54/61/49 46/60/48 47/62/50
f 54/61/49 47/62/50 53/63/51
f 53/63/51 47/62/50 48/64/52
f 53/63/51 48/64/52 52/65/53
f 52/65/53 48/64/52 49/66/54
f 52/65/53 49/66/54 51/67/55
f 51/67/55 49/66/54 50/68/56
f 44/69/31 51/70/55 31/71/32
f 31/71/32 51/70/55 50/72/56
f 58/73/57 104/74/58 57/75/59
f 57/75/59 104/74/58 81/76/60
f 57/77/59 81/78/60 80/79/61
f 80/79/61 81/78/60 82/80/62
f 80/79/61 82/80/62 79/81/63
f 79/81/63 82/80/62 83/82/64
f 79/81/63 83/82/64 78/83/65
f 78/83/65 83/82/64 84/84/66
f 78/83/65 84/84/66 77/85/67
f 77/85/67 84/84/66 85/86/68
f 77/85/67 85/86/68 76/87/69
f 76/87/69 85/86/68 86/88/70
f 76/87/69 86/88/70 75/89/71
f 75/89/71 86/88/70 87/90/72
f 75/89/71 87/90/72 74/91/73
f 74/91/73 87/90/72 88/92/74
f 74/91/73 88/92/74 73/93/75
f 73/93/75 88/92/74 89/94/76
f 73/93/75 89/94/76 72/95/77
f 72/95/77 89/94/76 90/96/78
f 72/95/77 90/96/78 71/97/79
f 71/97/79 90/96/78 91/98/80
f 71/97/79 91/98/80 70/99/81
f 70/99/81 91/98/80 92/100/82
f 70/99/81 92/100/82 69/101/83
f 69/101/83 92/100/82 93/102/84
f 69/101/83 93/102/84 68/103/85
f 68/103/85 93/102/84 94/104/86
f 68/103/85 94/104/86 67/105/87
f 67/105/87 94/104/86 95/106/88
f 67/105/87 95/106/88 66/107/89
f 66/107/89 95/106/88 96/108/90
f 66/107/89 96/108/90 65/109/91
f 65/109/91 96/108/90 97/110/92
f 65/109/91 97/110/92 64/111/93
f 64/111/93 97/110/92 98/112/94
f 64/111/93 98/112/94 63/113/95
f 63/113/95 98/112/94 99/114/96
f 63/113/95 99/114/96 62/115/97
f 62/115/97 99/114/96 100/116/98
f 62/115/97 100/116/98 61/117/99
f 61/117/99 100/116/98 101/118/100
f 61/117/99 101/118/100 60/119/101
f 60/119/101 101/118/100 102/120/102
f 60/119/101 102/120/102 59/121/103
f 59/121/103 102/120/102 103/122/104
f 59/121/103 103/122/104 58/73/57
f 58/73/57 103/122/104 104/74/58
f 106/123/105 152/124/106 105/125/107
f 105/125/107 152/124/106 129/126/108
f 105/127/107 129/128/108 128/129/109
f 128/129/109 129/128/108 130/130/110
f 128/129/109 130/130/110 127/131/111
f 127/131/111 130/130/110 131/132/112
f 127/131/111 131/132/112 126/133/113
f 126/133/113 131/132/112 132/134/114
f 126/133/113 132/134/114 125/135/115
f 125/135/115 132/134/114 133/136/116
f 125/135/115 133/136/116 124/137/117
f 124/137/117 133/136/116 134/138/118
f 124/137/117 134/138/118 123/139/119
f 123/139/119 134/138/118 135/140/120
f 123/139/119 135/140/120 122/141/121
f 122/141/121 135/140/120 136/142/122
f 122/141/121 136/142/122 121/143/123
f 121/143/123 136/142/122 137/144/124
f 121/143/123 137/144/124 120/145/125
f 120/145/125 137/144/124 138/146/126
f 120/145/125 138/146/126 119/147/127
f 119/147/127 138/146/126 139/148/128
f 119/147/127 139/148/128 118/149/129
f 118/149/129 139/148/128 140/150/130
f 118/149/129 140/150/130 117/151/131
f 117/151/131 140/150/130 141/152/132
f 117/151/131 141/152/132 116/153/133
f 116/153/133 141/152/132 142/154/134
f 116/153/133 142/154/134 115/155/135
f 115/155/135 142/154/134 143/156/136
f 115/155/135 143/156/136 114/157/137
f 114/157/137 143/156/136 144/158/138
f 114/157/137 144/158/138 113/159/139
f 113/159/139 144/158/138 145/160/140
f 113/159/139 145/160/140 112/161/141
f 112/161/141 145/160/140 146/162/142
f 112/161/141 146/162/142 111/163/143
f 111/163/143 146/162/142 147/164/144
f 111/163/143 147/164/144 110/165/145
f 110/165/145 147/164/144 148/166/146
f 110/165/145 148/166/146 109/167/147
f 109/167/147 148/166/146 149/168/148
f 109/167/147 149/168/148 108/169/149
f 108/169/149 149/168/148 150/170/150
f 108/169/149 150/170/150 107/171/151
f 107/171/151 150/170/150 151/172/152
f 107/171/151 151/172/152 106/123/105
f 106/123/105 151/172/152 152/124/106
f 154/173/153 200/174/154 153/175/155
f 153/175/155 200/174/154 177/176/156
f 153/177/155 177/178/156 176/179/157
f 176/179/157 177/178/156 178/180/158
f 176/179/157 178/180/158 175/181/159
f 175/181/159 178/180/158 179/182/160
f 175/181/159 179/182/160 174/183/161
f 174/183/161 179/182/160 180/184/162
f 174/183/161 180/184/162 173/185/163
f 173/185/163 180/184/162 181/186/164
f 173/185/163 181/186/164 172/187/165
f 172/187/165 181/186/164 182/188/166
f 172/187/165 182/188/166 171/189/167
f 171/189/167 182/188/166 183/190/168
f 171/189/167 183/190/168 170/191/169
f 170/191/169 183/190/168 184/192/170
f 170/191/169 184/192/170 169/193/171
f 169/193/171 184/192/170 185/194/172
f 169/193/171 185/194/172 168/195/173
f 168/195/173 185/194/172 186/196/174
f 168/195/173 186/196/174 167/197/175
f 167/197/175 186/196/174 187/198/176
f 167/197/175 187/198/176 166/199/177
f 166/199/177 187/198/176 188/200/178
f 166/199/177 188/200/178 165/201/179
f 165/201/179 188/200/178 189/202/180
f 165/201/179 189/202/180 164/203/181
f 164/203/181 189/202/180 190/204/182
f 164/203/181 190/204/182 163/205/183
f 163/205/183 190/204/182 191/206/184
f 163/205/183 191/206/184 162/207/185
f 162/207/185 191/206/184 192/208/186
f 162/207/185 192/208/186 161/209/187
f 161/209/187 192/208/186 193/210/188
f 161/209/187 193/210/188 160/211/189
f 160/211/189 193/210/188 194/212/190
f 160/211/189 194/212/190 159/213/191
f 159/213/191 194/212/190 195/214/192
f 159/213/191 195/214/192 158/215/193
f 158/215/193 195/214/192 196/216/194
f 158/215/193 196/216/194 157/217/195
f 157/217/195 196/216/194 197/218/196
f 157/217/195 197/218/196 156/219/197
f 156/219/197 197/218/196 198/220/198
f 156/219/197 198/220/198 155/221/199
f 155/221/199 198/220/198 199/222/200
f 155/221/199 199/222/200 154/173/153
f 154/173/153 199/222/200 200/174/154
f 202/223/201 248/224/202 201/225/203
f 201/225/203 248/224/202 225/226/204
f 201/227/203 225/228/204 224/229/205
f 224/229/205 225/228/204 226/230/206
f 224/229/205 226/230/206 223/231/207
f 223/231/207 226/230/206 227/232/208
f 223/231/207 227/232/208 222/233/209
f 222/233/209 227/232/208 228/234/210
f 222/233/209 228/234/210 221/235/211
f 221/235/211 228/234/210 229/236/212
f 221/235/211 229/236/212 220/237/213
f 220/237/213 229/236/212 230/238/214
f 220/237/213 230/238/214 219/239/215
f 219/239/215 230/238/214 231/240/216
f 219/239/215 231/240/216 218/241/217
f 218/241/217 231/240/216 232/242/218
f 218/241/217 232/242/218 217/243/219
f 217/243/219 232/242/218 233/244/220
f 217/243/219 233/244/220 216/245/221
f 216/245/221 233/244/220 234/246/222
f 216/245/221 234/246/222 215/247/223
f 215/247/223 234/246/222 235/248/224
f 215/247/223 235/248/224 214/249/225
f 214/249/225 235/248/224 236/250/226
f 214/249/225 236/250/226 213/251/227
f 213/251/227 236/250/226 237/252/228
f 213/251/227 237/252/228 212/253/229
f 212/253/229 237/252/228 238/254/230
f 212/253/229 238/254/230 211/255/231
f 211/255/231 238/254/230 239/256/232
f 211/255/231 239/256/232 210/257/233
f 210/257/233 239/256/232 240/258/234
f 210/257/233 240/258/234 209/259/235
f 209/259/235 240/258/234 241/260/236
f 209/259/235 241/260/236 208/261/237
f 208/261/237 241/260/236 242/262/238
f 208/261/237 242/262/238 207/263/239
f 207/263/239 242/262/238 243/264/240
f 207/263/239 243/264/240 206/265/241
f 206/265/241 243/264/240 244/266/242
f 206/265/241 244/266/242 205/267/243
f 205/267/243 244/266/242 245/268/244
f 205/267/243 245/268/244 204/269/245
f 204/269/245 245/268/244 246/270/246
f 204/269/245 246/270/246 203/271/247
f 203/271/247 246/270/246 247/272/248
f 203/271/247 247/272/248 202/223/201
f 202/223/201 247/272/248 248/224/202
f 250/273/249 296/274/250 249/275/251
f 249/275/251 296/274/250 273/276/252
f 249/277/251 273/278/252 272/279/253
f 272/279/253 273/278/252 274/280/254
f 272/279/253 274/280/254 271/281/255
f 271/281/255 274/280/254 275/282/256
f 271/281/255 275/282/256 270/283/257
f 270/283/257 275/282/256 276/284/258
f 270/283/257 276/284/258 269/285/259
f 269/285/259 276/284/258 277/286/260
f 269/285/259 277/286/260 268/287/261
f 268/287/261 277/286/260 278/288/262
f 268/287/261 278/288/262 267/289/263
f 267/289/263 278/288/262 279/290/264
f 267/289/263 279/290/264 266/291/265
f 266/291/265 279/290/264 280/292/266
f 266/291/265 280/292/266 265/293/267
f 265/293/267 280/292/266 281/294/268
f 265/293/267 281/294/268 264/295/269
f 264/295/269 281/294/268 282/296/270
f 264/295/269 282/296/270 263/297/271
f 263/297/271 282/296/270 283/298/272
f 263/297/271 283/298/272 262/299/273
f 262/299/273 283/298/272 284/300/274
f 262/299/273 284/300/274 261/301/275
f 261/301/275 284/300/274 285/302/276
f 261/301/275 285/302/276 260/303/277
f 260/303/277 285/302/276 286/304/278
f 260/303/277 286/304/278 259/305/279
f 259/305/279 286/304/278 287/306/280
f 259/305/279 287/306/280 258/307/281
f 258/307/281 287/306/280 288/308/282
f 258/307/281 288/308/282 257/309/283
f 257/309/283 288/308/282 289/310/284
f 257/309/283 289/310/284 256/311/285
f 256/311/285 289/310/284 290/312/286
f 256/311/285 290/312/286 255/313/287
f 255/313/287 290/312/286 291/314/288
f 255/313/287 291/314/288 254/315/289
f 254/315/289 291/314/288 292/316/290
f 254/315/289 292/316/290 253/317/291
f 253/317/291 292/316/290 293/318/292
f 253/317/291 293/318/292 252/319/293
f 252/319/293 293/318/292 294/320/294
f 252/319/293 294/320/294 251/321/295
f 251/321/295 294/320/294 295/322/296
f 251/321/295 295/322/296 250/273/249
f 250/273/249 295/322/296 296/274/250
f 298/323/297 344/324/298 297/325/299
f 297/325/299 344/324/298 321/326/300
f 297/327/299 321/328/300 320/329/301
f 320/329/301 321/328/300 322/330/302
f 320/329/301 322/330/302 319/331/303
f 319/331/303 322/330/302 323/332/304
f 319/331/303 323/332/304 318/333/305
f 318/333/305 323/332/304 324/334/306
f 318/333/305 324/334/306 317/335/307
f 317/335/307 324/334/306 325/336/308
f 317/335/307 325/336/308 316/337/309
f 316/337/309 325/336/308 326/338/310
f 316/337/309 326/338/310 315/339/311
f 315/339/311 326/338/310 327/340/312
f 315/339/311 327/340/312 314/341/313
f 314/341/313 327/340/312 328/342/314
f 314/341/313 328/342/314 313/343/315
f 313/343/315 328/342/314 329/344/316
f 313/343/315 329/344/316 312/345/317
f 312/345/317 329/344/316 330/346/318
f 312/345/317 330/346/318 311/347/319
f 311/347/319 330/346/318 331/348/320
f 311/347/319 331/348/320 310/349/321
f 310/349/321 331/348/320 332/350/322
f 310/349/321 332/350/322 309/351/323
f 309/351/323 332/350/322 333/352/324
f 309/351/323 333/352/324 308/353/325
f 308/353/325 333/352/324 334/354/326
f 308/353/325 334/354/326 307/355/327
f 307/355/327 334/354/326 335/356/328
f 307/355/327 335/356/328 306/357/329
f 306/357/329 335/356/328 336/358/330
f 306/357/329 336/358/330 305/359/331
f 305/359/331 336/358/330 337/360/332
f 305/359/331 337/360/332 304/361/333
f 304/361/333 337/360/332 338/362/334
f 304/361/333 338/362/334 303/363/335
f 303/363/335 338/362/334 339/364/336
f 303/363/335 339/364/336 302/365/337
f 302/365/337 339/364/336 340/366/338
f 302/365/337 340/366/338 301/367/339
f 301/367/339 340/366/338 341/368/340
f 301/367/339 341/368/340 300/369/341
f 300/369/341 341/368/340 342/370/342
f 300/369/341 342/370/342 299/371/343
f 299/371/343 342/370/342 343/372/344
f 299/371/343 343/372/344 298/323/297
f 298/323/297 343/372/344 344/324/298
f 346/373/345 392/374/346 345/375/347
f 345/375/347 392/374/346 369/376/348
f 345/377/347 369/378/348 368/379/349
f 368/379/349 369/378/348 370/380/350
f 368/379/349 370/380/350 367/381/351
f 367/381/351 370/380/350 371/382/352
f 367/381/351 371/382/352 366/383/353
f 366/383/353 371/382/352 372/384/354
f 366/383/353 372/384/354 365/385/355
f 365/385/355 372/384/354 373/386/356
f 365/385/355 373/386/356 364/387/357
f 364/387/357 373/386/356 374/388/358
f 364/387/357 374/388/358 363/389/359
f 363/389/359 374/388/358 375/390/360
f 363/389/359 375/390/360 362/391/361
f 362/391/361 375/390/360 376/392/362
f 362/391/361 376/392/362 361/393/363
f 361/393/363 376/392/362 377/394/364
f 361/393/363 377/394/364 360/395/365
f 360/395/365 377/394/364 378/396/366
f 360/395/365 378/396/366 359/397/367
f 359/397/367 378/396/366 379/398/368
f 359/397/367 379/398/368 358/399/369
f 358/399/369 379/398/368 380/400/370
f 358/399/369 380/400/370 357/401/371
f 357/401/371 380/400/370 381/402/372
f 357/401/371 381/402/372 356/403/373
f 356/403/373 381/402/372 382/404/374
f 356/403/373 382/404/374 355/405/375
f 355/405/375 382/404/374 383/406/376
f 355/405/375 383/406/376 354/407/377
f 354/407/377 383/406/376 384/408/378
f 354/407/377 384/408/378 353/409/379
f 353/409/379 384/408/378 385/410/380
f 353/409/379 385/410/380 352/411/381
f 352/411/381 385/410/380 386/412/382
f 352/411/381 386/412/382 351/413/383
f 351/413/383 386/412/382 387/414/384
f 351/413/383 387/414/384 350/415/385
f 350/415/385 387/414/384 388/416/386
f 350/415/385 388/416/386 349/417/387
f 349/417/387 388/416/386 389/418/388
f 349/417/387 389/418/388 348/419/389
f 348/419/389 389/418/388 390/420/390
f 348/419/389 390/420/390 347/421/391
f 347/421/391 390/420/390 391/422/392
f 347/421/391 391/422/392 346/373/345
f 346/373/345 391/422/392 392/374/346
f 394/423/393 440/424/394 393/425/395
f 393/425/395 440/424/394 417/426/396
f 393/427/395 417/428/396 416/429/397
f 416/429/397 417/428/396 418/430/398
f 416/429/397 418/430/398 415/431/399
f 415/431/399 418/430/398 419/432/400
f 415/431/399 419/432/400 414/433/401
f 414/433/401 419/432/400 420/434/402
f 414/433/401 420/434/402 413/435/403
f 413/435/403 420/434/402 421/436/404
f 413/435/403 421/436/404 412/437/405
f 412/437/405 421/436/404 422/438/406
f 412/437/405 422/438/406 411/439/407
f 411/439/407 422/438/406 423/440/408
f 411/439/407 423/440/408 410/441/409
f 410/441/409 423/440/408 424/442/410
f 410/441/409 424/442/410 409/443/411
f 409/443/411 424/442/410 425/444/412
f 409/443/411 425/444/412 408/445/413
f 408/445/413 425/444/412 426/446/414
f 408/445/413 426/446/414 407/447/415
f 407/447/415 426/446/414 427/448/416
f 407/447/415 427/448/416 406/449/417
f 406/449/417 427/448/416 428/450/418
f 406/449/417 428/450/418 405/451/419
f 405/451/419 428/450/418 429/452/420
f 405/451/419 429/452/420 404/453/421
f 404/453/421 429/452/420 430/454/422
f 404/453/421 430/454/422 403/455/423
f 403/455/423 430/454/422 431/456/424
f 403/455/423 431/456/424 402/457/425
f 402/457/425 431/456/424 432/458/426
f 402/457/425 432/458/426 401/459/427
f 401/459/427 432/458/426 433/460/428
f 401/459/427 433/460/428 400/461/429
f 400/461/429 433/460/428 434/462/430
f 400/461/429 434/462/430 399/463/431
f 399/463/431 434/462/430 435/464/432
f 399/463/431 435/464/432 398/465/433
f 398/465/433 435/464/432 436/466/434
f 398/465/433 436/466/434 397/467/435
f 397/467/435 436/466/434 437/468/436
f 397/467/435 437/468/436 396/469/437
f 396/469/437 437/468/436 438/470/438
f 396/469/437 438/470/438 395/471/439
f 395/471/439 438/470/438 439/472/440
f 395/471/439 439/472/440 394/423/393
f 394/423/393 439/472/440 440/424/394
f 442/473/441 488/474/442 441/475/443
f 441/475/443 488/474/442 465/476/444
f 441/477/443 465/478/444 464/479/445
f 464/479/445 465/478/444 466/480/446
f 464/479/445 466/480/446 463/481/447
f 463/481/447 466/480/446 467/482/448
f 463/481/447 467/482/448 462/483/449
f 462/483/449 467/482/448 468/484/450
f 462/483/449 468/484/450 461/485/451
f 461/485/451 468/484/450 469/486/452
f 461/485/451 469/486/452 460/487/453
f 460/487/453 469/486/452 470/488/454
f 460/487/453 470/488/454 459/489/455
f 459/489/455 470/488/454 471/490/456
f 459/489/455 471/490/456 458/491/457
f 458/491/457 471/490/456 472/492/458
f 458/491/457 472/492/458 457/493/459
f 457/493/459 472/492/458 473/494/460
f 457/493/459 473/494/460 456/495/461
f 456/495/461 473/494/460 474/496/462
f 456/495/461 474/496/462 455/497/463
f 455/497/463 474/496/462 475/498/464
f 455/497/463 475/498/464 454/499/465
f 454/499/465 475/498/464 476/500/466
f 454/499/465 476/500/466 453/501/467
f 453/501/467 476/500/466 477/502/468
f 453/501/467 477/502/468 452/503/469
f 452/503/469 477/502/468 478/504/470
f 452/503/469 478/504/470 451/505/471
f 451/505/471 478/504/470 479/506/472
f 451/505/471 479/506/472 450/507/473
f 450/507/473 479/506/472 480/508/474
f 450/507/473 480/508/474 449/509/475
f 449/509/475 480/508/474 481/510/476
f 449/509/475 481/510/476 448/511/477
f 448/511/477 481/510/476 482/512/478
f 448/511/477 482/512/478 447/513/479
f 447/513/479 482/512/478 483/514/480
f 447/513/479 483/514/480 446/515/481
f 446/515/481 483/514/480 484/516/482
f 446/515/481 484/516/482 445/517/483
f 445/517/483 484/516/482 485/518/484
f 445/517/483 485/518/484 444/519/485
f 444/519/485 485/518/484 486/520/486
f 444/519/485 486/520/486 443/521/487
f 443/521/487 486/520/486 487/522/488
f 443/521/487 487/522/488 442/473/441
f 442/473/441 487/522/488 488/474/442
f 490/523/489 536/524/490 489/525/491
f 489/525/491 536/524/490 513/526/492
f 489/527/491 513/528/492 512/529/493
f 512/529/493 513/528/492 514/530/494
f 512/529/493 514/530/494 511/531/495
f 511/531/495 514/530/494 515/532/496
f 511/531/495 515/532/496 510/533/497
f 510/533/497 515/532/496 516/534/498
f 510/533/497 516/534/498 509/535/499
f 509/535/499 516/534/498 517/536/500
f 509/535/499 517/536/500 508/537/501
f 508/537/501 517/536/500 518/538/502
f 508/537/501 518/538/502 507/539/503
f 507/539/503 518/538/502 519/540/504
f 507/539/503 519/540/504 506/541/505
f 506/541/505 519/540/504 520/542/506
f 506/541/505 520/542/506 505/543/507
f 505/543/507 520/542/506 521/544/508
f 505/543/507 521/544/508 504/545/509
f 504/545/509 521/544/508 522/546/510
f 504/545/509 522/546/510 503/547/511
f 503/547/511 522/546/510 523/548/512
f 503/547/511 523/548/512 502/549/513
f 502/549/513 523/548/512 524/550/514
f 502/549/513 524/550/514 501/551/515
f 501/551/515 524/550/514 525/552/516
f 501/551/515 525/552/516 500/553/517
f 500/553/517 525/552/516 526/554/518
f 500/553/517 526/554/518 499/555/519
f 499/555/519 526/554/518 527/556/520
f 499/555/519 527/556/520 498/557/521
f 498/557/521 527/556/520 528/558/522
f 498/557/521 528/558/522 497/559/523
f 497/559/523 528/558/522 529/560/524
f 497/559/523 529/560/524 496/561/525
f 496/561/525 529/560/524 530/562/526
f 496/561/525 530/562/526 495/563/527
f 495/563/527 530/562/526 531/564/528
f 495/563/527 531/564/528 494/565/529
f 494/565/529 531/564/528 532/566/530
f 494/565/529 532/566/530 493/567/531
f 493/567/531 532/566/530 533/568/532
f 493/567/531 533/568/532 492/569/533
f 492/569/533 533/568/532 534/570/534
f 492/569/533 534/570/534 491/571/535
f 491/571/535 534/570/534 535/572/536
f 491/571/535 535/572/536 490/523/489
f 490/523/489 535/572/536 536/524/490
f 538/573/537 584/574/538 537/575/539
f 537/575/539 584/574/538 561/576/540
f 537/577/539 561/578/540 560/579/541
f 560/579/541 561/578/540 562/580/542
f 560/579/541 562/580/542 559/581/543
f 559/581/543 562/580/542 563/582/544
f 559/581/543 563/582/544 558/583/545
f 558/583/545 563/582/544 564/584/546
f 558/583/545 564/584/546 557/585/547
f 557/585/547 564/584/546 565/586/548
f 557/585/547 565/586/548 556/587/549
f 556/587/549 565/586/548 566/588/550
f 556/587/549 566/588/550 555/589/551
f 555/589/551 566/588/550 567/590/552
f 555/589/551 567/590/552 554/591/553
f 554/591/553 567/590/552 568/592/554
f 554/591/553 568/592/554 553/593/555
f 553/593/555 568/592/554 569/594/556
f 553/593/555 569/594/556 552/595/557
f 552/595/557 569/594/556 570/596/558
f 552/595/557 570/596/558 551/597/559
f 551/597/559 570/596/558 571/598/560
f 551/597/559 571/598/560 550/599/561
f 550/599/561 571/598/560 572/600/562
f 550/599/561 572/600/562 549/601/563
f 549/601/563 572/600/562 573/602/564
f 549/601/563 573/602/564 548/603/565
f 548/603/565 573/602/564 574/604/566
f 548/603/565 574/604/566 547/605/567
f 547/605/567 574/604/566 575/606/568
f 547/605/567 575/606/568 546/607/569
f 546/607/569 575/606/568 576/608/570
f 546/607/569 576/608/570 545/609/571
f 545/609/571 576/608/570 577/610/572
f 545/609/571 577/610/572 544/611/573
f 544/611/573 577/610/572 578/612/574
f 544/611/573 578/612/574 543/613/575
f 543/613/575 578/612/574 579/614/576
f 543/613/575 579/614/576 542/615/577
f 542/615/577 579/614/576 580/616/578
f 542/615/577 580/616/578 541/617/579
f 541/617/579 580/616/578 581/618/580
f 541/617/579 581/618/580 540/619/581
f 540/619/581 581/618/580 582/620/582
f 540/619/581 582/620/582 539/621/583
f 539/621/583 582/620/582 583/622/584
f 539/621/583 583/622/584 538/573/537
f 538/573/537 583/622/584 584/574/538
f 586/623/585 632/624/586 585/625/587
f 585/625/587 632/624/586 609/626/588
f 585/627/587 609/628/588 608/629/589
f 608/629/589 609/628/588 610/630/590
f 608/629/589 610/630/590 607/631/591
f 607/631/591 610/630/590 611/632/592
f 607/631/591 611/632/592 606/633/593
f 606/633/593 611/632/592 612/634/594
f 606/633/593 612/634/594 605/635/595
f 605/635/595 612/634/594 613/636/596
f 605/635/595 613/636/596 604/637/597
f 604/637/597 613/636/596 614/638/598
f 604/637/597 614/638/598 603/639/599
f 603/639/599 614/638/598 615/640/600
f 603/639/599 615/640/600 602/641/601
f 602/641/601 615/640/600 616/642/602
f 602/641/601 616/642/602 601/643/603
f 601/643/603 616/642/602 617/644/604
f 601/643/603 617/644/604 600/645/605
f 600/645/605 617/644/604 618/646/606
f 600/645/605 618/646/606 599/647/607
f 599/647/607 618/646/606 619/648/608
f 599/647/607 619/648/608 598/649/609
f 598/649/609 619/648/608 620/650/610
f 598/649/609 620/650/610 597/651/611
f 597/651/611 620/650/610 621/652/612
f 597/651/611 621/652/612 596/653/613
f 596/653/613 621/652/612 622/654/614
f 596/653/613 622/654/614 595/655/615
f 595/655/615 622/654/614 623/656/616
f 595/655/615 623/656/616 594/657/617
f 594/657/617 623/656/616 624/658/618
f 594/657/617 624/658/618 593/659/619
f 593/659/619 624/658/618 625/660/620
f 593/659/619 625/660/620 592/661/621
f 592/661/621 625/660/620 626/662/622
f 592/661/621 626/662/622 591/663/623
f 591/663/623 626/662/622 627/664/624
f 591/663/623 627/664/624 590/665/625
f 590/665/625 627/664/624 628/666/626
f 590/665/625 628/666/626 589/667/627
f 589/667/627 628/666/626 629/668/628
f 589/667/627 629/668/628 588/669/629
f 588/669/629 629/668/628 630/670/630
f 588/669/629 630/670/630 587/671/631
f 587/671/631 630/670/630 631/672/632
f 587/671/631 631/672/632 586/623/585
f 586/623/585 631/672/632 632/624/586
f 633/673/633 634/674/634 636/675/635
f 636/675/635 634/674/634 635/676/636
f 648/677/637 637/678/638 647/679/639
f 647/679/639 637/678/638 638/680/640
f 647/679/639 638/680/640 646/681/641
f 646/681/641 638/680/640 639/682/642
f 646/681/641 639/682/642 645/683/643
f 645/683/643 639/682/642 640/684/644
f 645/683/643 640/684/644 644/685/645
f 644/685/645 640/684/644 641/686/646
f 644/685/645 641/686/646 643/687/647
f 643/687/647 641/686/646 642/688/648
f 643/687/647 642/688/648 636/689/635
f 636/689/635 642/688/648 633/690/633
f 649/691/649 637/692/638 650/693/650
f 650/693/650 637/692/638 648/694/637
f 662/695/651 651/696/652 661/697/653
f 661/697/653 651/696/652 652/698/654
f 661/697/653 652/698/654 660/699/655
f 660/699/655 652/698/654 653/700/656
f 660/699/655 653/700/656 659/701/657
f 659/701/657 653/700/656 654/702/658
f 659/701/657 654/702/658 658/703/659
f 658/703/659 654/702/658 655/704/660
f 658/703/659 655/704/660 657/705/661
f 657/705/661 655/704/660 656/706/662
f 657/705/661 656/706/662 650/707/650
f 650/707/650 656/706/662 649/708/649
f 663/709/663 651/710/652 664/711/664
f 664/711/664 651/710/652 662/712/651
f 676/713/665 665/714/666 675/715/667
f 675/715/667 665/714/666 666/716/668
f 675/715/667 666/716/668 674/717/669
f 674/717/669 666/716/668 667/718/670
f 674/717/669 667/718/670 673/719/671
f 673/719/671 667/718/670 668/720/672
f 673/719/671 668/720/672 672/721/673
f 672/721/673 668/720/672 669/722/674
f 672/721/673 669/722/674 671/723/675
f 671/723/675 669/722/674 670/724/676
f 671/723/675 670/724/676 664/725/664
f 664/725/664 670/724/676 663/726/663
f 677/727/677 665/728/666 678/729/678
f 678/729/678 665/728/666 676/730/665
f 635/731/636 634/732/634 688/733/679
f 688/733/679 634/732/634 679/734/680
f 688/733/679 679/734/680 687/735/681
f 687/735/681 679/734/680 680/736/682
f 687/735/681 680/736/682 686/737/683
f 686/737/683 680/736/682 681/738/684
f 686/737/683 681/738/684 685/739/685
f 685/739/685 681/738/684 682/740/686
f 685/739/685 682/740/686 684/741/687
f 684/741/687 682/740/686 683/742/688
f 684/741/687 683/742/688 678/743/678
f 678/743/678 683/742/688 677/744/677
f 16/745/689 216/746/690 8/747/691
f 8/747/691 216/746/690 215/748/692
f 8/747/691 215/748/692 214/749/693
f 56/750/694 416/751/695 16/745/689
f 16/745/689 416/751/695 415/752/696
f 16/745/689 415/752/696 414/753/697
f 416/751/695 56/750/694 393/754/698
f 393/754/698 56/750/694 55/755/699
f 393/754/698 55/755/699 394/756/700
f 394/756/700 55/755/699 54/757/701
f 394/756/700 54/757/701 395/758/702
f 395/758/702 54/757/701 53/759/703
f 395/758/702 53/759/703 396/760/704
f 396/760/704 53/759/703 52/761/705
f 396/760/704 52/761/705 397/762/706
f 397/762/706 52/761/705 398/763/707
f 398/763/707 52/761/705 51/764/708
f 398/763/707 51/764/708 399/765/709
f 399/765/709 51/764/708 509/766/710
f 399/765/709 509/766/710 400/767/711
f 400/767/711 509/766/710 508/768/712
f 400/767/711 508/768/712 401/769/713
f 401/769/713 508/768/712 507/770/714
f 401/769/713 507/770/714 506/771/715
f 44/772/716 491/773/717 51/764/708
f 51/764/708 491/773/717 490/774/718
f 51/764/708 490/774/718 489/775/719
f 43/776/720 76/777/721 44/772/716
f 44/772/716 76/777/721 75/778/722
f 44/772/716 75/778/722 589/779/723
f 589/779/723 75/778/722 74/780/724
f 589/779/723 74/780/724 590/781/725
f 590/781/725 74/780/724 73/782/726
f 590/781/725 73/782/726 591/783/727
f 591/783/727 73/782/726 592/784/728
f 592/784/728 73/782/726 72/785/729
f 592/784/728 72/785/729 174/786/730
f 174/786/730 72/785/729 175/787/731
f 175/787/731 72/785/729 71/788/732
f 175/787/731 71/788/732 176/789/733
f 176/789/733 71/788/732 70/790/734
f 176/789/733 70/790/734 153/791/735
f 153/791/735 70/790/734 69/792/736
f 153/791/735 69/792/736 154/793/737
f 154/793/737 69/792/736 68/794/738
f 154/793/737 68/794/738 155/795/739
f 155/795/739 68/794/738 67/796/740
f 155/795/739 67/796/740 156/797/741
f 156/797/741 67/796/740 66/798/742
f 156/797/741 66/798/742 157/799/743
f 157/799/743 66/798/742 65/800/744
f 157/799/743 65/800/744 662/801/745
f 662/801/745 65/800/744 64/802/746
f 662/801/745 64/802/746 63/803/747
f 42/804/748 78/805/749 43/776/720
f 43/776/720 78/805/749 77/806/750
f 43/776/720 77/806/750 76/777/721
f 78/805/749 42/804/748 79/807/751
f 79/807/751 42/804/748 41/808/752
f 79/807/751 41/808/752 80/809/753
f 80/809/753 41/808/752 40/810/754
f 80/809/753 40/810/754 57/811/755
f 57/811/755 40/810/754 39/812/756
f 57/811/755 39/812/756 58/813/757
f 58/813/757 39/812/756 38/814/758
f 58/813/757 38/814/758 59/815/759
f 59/815/759 38/814/758 60/816/760
f 60/816/760 38/814/758 30/817/761
f 60/816/760 30/817/761 258/818/762
f 258/818/762 30/817/761 259/819/763
f 259/819/763 30/817/761 260/820/764
f 260/820/764 30/817/761 29/821/765
f 260/820/764 29/821/765 261/822/766
f 261/822/766 29/821/765 28/823/767
f 261/822/766 28/823/767 262/824/768
f 262/824/768 28/823/767 27/825/769
f 262/824/768 27/825/769 263/826/770
f 263/826/770 27/825/769 26/827/771
f 263/826/770 26/827/771 264/828/772
f 264/828/772 26/827/771 25/829/773
f 264/828/772 25/829/773 265/830/774
f 265/830/774 25/829/773 266/831/775
f 266/831/775 25/829/773 24/832/776
f 266/831/775 24/832/776 267/833/777
f 267/833/777 24/832/776 449/834/778
f 267/833/777 449/834/778 268/835/779
f 268/835/779 449/834/778 448/836/780
f 268/835/779 448/836/780 269/837/781
f 269/837/781 448/836/780 447/838/782
f 269/837/781 447/838/782 446/839/783
f 14/840/784 547/841/785 24/832/776
f 24/832/776 547/841/785 455/842/786
f 24/832/776 455/842/786 454/843/787
f 13/844/788 208/845/789 14/840/784
f 14/840/784 208/845/789 207/846/790
f 14/840/784 207/846/790 553/847/791
f 553/847/791 207/846/790 206/848/792
f 553/847/791 206/848/792 554/849/793
f 554/849/793 206/848/792 205/850/794
f 554/849/793 205/850/794 555/851/795
f 555/851/795 205/850/794 556/852/796
f 556/852/796 205/850/794 204/853/797
f 556/852/796 204/853/797 306/854/798
f 306/854/798 204/853/797 307/855/799
f 307/855/799 204/853/797 203/856/800
f 307/855/799 203/856/800 308/857/801
f 308/857/801 203/856/800 202/858/802
f 308/857/801 202/858/802 309/859/803
f 309/859/803 202/858/802 201/860/804
f 309/859/803 201/860/804 310/861/805
f 310/861/805 201/860/804 224/862/806
f 310/861/805 224/862/806 311/863/807
f 311/863/807 224/862/806 223/864/808
f 311/863/807 223/864/808 312/865/809
f 312/865/809 223/864/808 222/866/810
f 312/865/809 222/866/810 313/867/811
f 313/867/811 222/866/810 221/868/812
f 313/867/811 221/868/812 635/869/813
f 635/869/813 221/868/812 220/870/814
f 635/869/813 220/870/814 219/871/815
f 12/872/816 210/873/817 13/844/788
f 13/844/788 210/873/817 209/874/818
f 13/844/788 209/874/818 208/845/789
f 210/873/817 12/872/816 211/875/819
f 211/875/819 12/872/816 11/876/820
f 211/875/819 11/876/820 212/877/821
f 212/877/821 11/876/820 10/878/822
f 212/877/821 10/878/822 213/879/823
f 213/879/823 10/878/822 9/880/824
f 213/879/823 9/880/824 214/749/693
f 214/749/693 9/880/824 8/747/691
f 586/881/825 585/882/826 44/772/716
f 44/772/716 585/882/826 608/883/827
f 44/772/716 608/883/827 607/884/828
f 606/885/829 492/886/830 607/884/828
f 607/884/828 492/886/830 491/773/717
f 607/884/828 491/773/717 44/772/716
f 492/886/830 606/885/829 493/887/831
f 493/887/831 606/885/829 605/888/832
f 493/887/831 605/888/832 494/889/833
f 494/889/833 605/888/832 604/890/834
f 494/889/833 604/890/834 495/891/835
f 495/891/835 604/890/834 603/892/836
f 495/891/835 603/892/836 602/893/837
f 495/891/835 602/893/837 496/894/838
f 496/894/838 602/893/837 601/895/839
f 496/894/838 601/895/839 497/896/840
f 497/896/840 601/895/839 600/897/841
f 497/896/840 600/897/841 498/898/842
f 498/898/842 600/897/841 599/899/843
f 498/898/842 599/899/843 499/900/844
f 499/900/844 599/899/843 500/901/845
f 500/901/845 599/899/843 598/902/846
f 500/901/845 598/902/846 650/903/847
f 650/903/847 598/902/846 597/904/848
f 650/903/847 597/904/848 168/905/849
f 168/905/849 597/904/848 596/906/850
f 168/905/849 596/906/850 169/907/851
f 169/907/851 596/906/850 170/908/852
f 170/908/852 596/906/850 595/909/853
f 170/908/852 595/909/853 171/910/854
f 171/910/854 595/909/853 594/911/855
f 171/910/854 594/911/855 172/912/856
f 172/912/856 594/911/855 593/913/857
f 172/912/856 593/913/857 173/914/858
f 173/914/858 593/913/857 592/784/728
f 173/914/858 592/784/728 174/786/730
f 589/779/723 588/915/859 44/772/716
f 44/772/716 588/915/859 587/916/860
f 44/772/716 587/916/860 586/881/825
f 560/917/861 300/918/862 537/919/863
f 537/919/863 300/918/862 678/920/864
f 537/919/863 678/920/864 538/921/865
f 538/921/865 678/920/864 676/922/866
f 538/921/865 676/922/866 464/923/867
f 464/923/867 676/922/866 441/924/868
f 441/924/868 676/922/866 126/925/869
f 441/924/868 126/925/869 442/926/870
f 442/926/870 126/925/869 125/927/871
f 442/926/870 125/927/871 124/928/872
f 559/929/873 302/930/874 560/917/861
f 560/917/861 302/930/874 301/931/875
f 560/917/861 301/931/875 300/918/862
f 302/930/874 559/929/873 303/932/876
f 303/932/876 559/929/873 558/933/877
f 303/932/876 558/933/877 304/934/878
f 304/934/878 558/933/877 557/935/879
f 304/934/878 557/935/879 305/936/880
f 305/936/880 557/935/879 556/852/796
f 305/936/880 556/852/796 306/854/798
f 553/847/791 552/937/881 14/840/784
f 14/840/784 552/937/881 551/938/882
f 14/840/784 551/938/882 550/939/883
f 550/939/883 549/940/884 14/840/784
f 14/840/784 549/940/884 548/941/885
f 14/840/784 548/941/885 547/841/785
f 547/841/785 546/942/886 455/842/786
f 455/842/786 546/942/886 456/943/887
f 456/943/887 546/942/886 545/944/888
f 456/943/887 545/944/888 457/945/889
f 457/945/889 545/944/888 544/946/890
f 457/945/889 544/946/890 458/947/891
f 458/947/891 544/946/890 543/948/892
f 458/947/891 543/948/892 459/949/893
f 459/949/893 543/948/892 460/950/894
f 460/950/894 543/948/892 542/951/895
f 460/950/894 542/951/895 461/952/896
f 461/952/896 542/951/895 541/953/897
f 461/952/896 541/953/897 462/954/898
f 462/954/898 541/953/897 540/955/899
f 462/954/898 540/955/899 463/956/900
f 463/956/900 540/955/899 539/957/901
f 463/956/900 539/957/901 538/921/865
f 489/775/719 512/958/902 51/764/708
f 51/764/708 512/958/902 511/959/903
f 51/764/708 511/959/903 510/960/904
f 510/960/904 509/766/710 51/764/708
f 505/961/905 349/962/906 506/771/715
f 506/771/715 349/962/906 348/963/907
f 506/771/715 348/963/907 402/964/908
f 402/964/908 348/963/907 403/965/909
f 403/965/909 348/963/907 347/966/910
f 403/965/909 347/966/910 404/967/911
f 404/967/911 347/966/910 346/968/912
f 404/967/911 346/968/912 405/969/913
f 405/969/913 346/968/912 345/970/914
f 405/969/913 345/970/914 406/971/915
f 406/971/915 345/970/914 368/972/916
f 406/971/915 368/972/916 407/973/917
f 407/973/917 368/972/916 367/974/918
f 407/973/917 367/974/918 408/975/919
f 408/975/919 367/974/918 366/976/920
f 408/975/919 366/976/920 409/977/921
f 409/977/921 366/976/920 365/978/922
f 409/977/921 365/978/922 636/979/923
f 636/979/923 365/978/922 364/980/924
f 636/979/923 364/980/924 363/981/925
f 349/962/906 505/961/905 350/982/926
f 350/982/926 505/961/905 504/983/927
f 350/982/926 504/983/927 351/984/928
f 351/984/928 504/983/927 503/985/929
f 351/984/928 503/985/929 352/986/930
f 352/986/930 503/985/929 502/987/931
f 352/986/930 502/987/931 353/988/932
f 353/988/932 502/987/931 354/989/933
f 354/989/933 502/987/931 501/990/934
f 354/989/933 501/990/934 648/991/935
f 648/991/935 501/990/934 500/901/845
f 648/991/935 500/901/845 650/903/847
f 464/923/867 463/956/900 538/921/865
f 454/843/787 453/992/936 24/832/776
f 24/832/776 453/992/936 452/993/937
f 24/832/776 452/993/937 451/994/938
f 451/994/938 450/995/939 24/832/776
f 24/832/776 450/995/939 449/834/778
f 445/996/940 121/997/941 446/839/783
f 446/839/783 121/997/941 120/998/942
f 446/839/783 120/998/942 270/999/943
f 270/999/943 120/998/942 271/1000/944
f 271/1000/944 120/998/942 119/1001/945
f 271/1000/944 119/1001/945 272/1002/946
f 272/1002/946 119/1001/945 118/1003/947
f 272/1002/946 118/1003/947 249/1004/948
f 249/1004/948 118/1003/947 117/1005/949
f 249/1004/948 117/1005/949 250/1006/950
f 250/1006/950 117/1005/949 116/1007/951
f 250/1006/950 116/1007/951 251/1008/952
f 251/1008/952 116/1007/951 115/1009/953
f 251/1008/952 115/1009/953 252/1010/954
f 252/1010/954 115/1009/953 114/1011/955
f 252/1010/954 114/1011/955 253/1012/956
f 253/1012/956 114/1011/955 113/1013/957
f 253/1012/956 113/1013/957 664/1014/958
f 664/1014/958 113/1013/957 112/1015/959
f 664/1014/958 112/1015/959 111/1016/960
f 121/997/941 445/996/940 122/1017/961
f 122/1017/961 445/996/940 444/1018/962
f 122/1017/961 444/1018/962 123/1019/963
f 123/1019/963 444/1018/962 443/1020/964
f 123/1019/963 443/1020/964 124/928/872
f 124/928/872 443/1020/964 442/926/870
f 413/1021/965 217/1022/966 414/753/697
f 414/753/697 217/1022/966 216/746/690
f 414/753/697 216/746/690 16/745/689
f 217/1022/966 413/1021/965 218/1023/967
f 218/1023/967 413/1021/965 412/1024/968
f 218/1023/967 412/1024/968 635/869/813
f 635/869/813 412/1024/968 636/979/923
f 636/979/923 412/1024/968 411/1025/969
f 636/979/923 411/1025/969 410/1026/970
f 410/1026/970 409/977/921 636/979/923
f 402/964/908 401/769/713 506/771/715
f 363/981/925 362/1027/971 636/979/923
f 636/979/923 362/1027/971 361/1028/972
f 636/979/923 361/1028/972 360/1029/973
f 636/979/923 360/1029/973 643/1030/974
f 643/1030/974 360/1029/973 359/1031/975
f 643/1030/974 359/1031/975 644/1032/976
f 644/1032/976 359/1031/975 645/1033/977
f 645/1033/977 359/1031/975 646/1034/978
f 646/1034/978 359/1031/975 647/1035/979
f 647/1035/979 359/1031/975 648/991/935
f 648/991/935 359/1031/975 358/1036/980
f 648/991/935 358/1036/980 357/1037/981
f 357/1037/981 356/1038/982 648/991/935
f 648/991/935 356/1038/982 355/1039/983
f 648/991/935 355/1039/983 354/989/933
f 298/1040/984 297/1041/985 678/920/864
f 678/920/864 297/1041/985 320/1042/986
f 678/920/864 320/1042/986 319/1043/987
f 318/1044/988 688/1045/989 319/1043/987
f 319/1043/987 688/1045/989 687/1046/990
f 319/1043/987 687/1046/990 686/1047/991
f 688/1045/989 318/1044/988 635/869/813
f 635/869/813 318/1044/988 317/1048/992
f 635/869/813 317/1048/992 316/1049/993
f 316/1049/993 315/1050/994 635/869/813
f 635/869/813 315/1050/994 314/1051/995
f 635/869/813 314/1051/995 313/867/811
f 300/918/862 299/1052/996 678/920/864
f 678/920/864 299/1052/996 298/1040/984
f 270/999/943 269/837/781 446/839/783
f 60/816/760 258/818/762 61/1053/997
f 61/1053/997 258/818/762 257/1054/998
f 61/1053/997 257/1054/998 62/1055/999
f 62/1055/999 257/1054/998 256/1056/1000
f 62/1055/999 256/1056/1000 662/801/745
f 662/801/745 256/1056/1000 664/1014/958
f 664/1014/958 256/1056/1000 255/1057/1001
f 664/1014/958 255/1057/1001 254/1058/1002
f 254/1058/1002 253/1012/956 664/1014/958
f 219/871/815 218/1023/967 635/869/813
f 168/905/849 167/1059/1003 650/903/847
f 650/903/847 167/1059/1003 166/1060/1004
f 650/903/847 166/1060/1004 165/1061/1005
f 165/1061/1005 164/1062/1006 650/903/847
f 650/903/847 164/1062/1006 163/1063/1007
f 650/903/847 163/1063/1007 657/1064/1008
f 657/1064/1008 163/1063/1007 658/1065/1009
f 658/1065/1009 163/1063/1007 659/1066/1010
f 659/1066/1010 163/1063/1007 660/1067/1011
f 660/1067/1011 163/1063/1007 661/1068/1012
f 661/1068/1012 163/1063/1007 162/1069/1013
f 661/1068/1012 162/1069/1013 662/801/745
f 662/801/745 162/1069/1013 161/1070/1014
f 662/801/745 161/1070/1014 160/1071/1015
f 160/1071/1015 159/1072/1016 662/801/745
f 662/801/745 159/1072/1016 158/1073/1017
f 662/801/745 158/1073/1017 157/799/743
f 106/1074/1018 105/1075/1019 676/922/866
f 676/922/866 105/1075/1019 128/1076/1020
f 676/922/866 128/1076/1020 127/1077/1021
f 127/1077/1021 126/925/869 676/922/866
f 111/1016/960 110/1078/1022 664/1014/958
f 664/1014/958 110/1078/1022 109/1079/1023
f 664/1014/958 109/1079/1023 108/1080/1024
f 664/1014/958 108/1080/1024 671/1081/1025
f 671/1081/1025 108/1080/1024 107/1082/1026
f 671/1081/1025 107/1082/1026 672/1083/1027
f 672/1083/1027 107/1082/1026 673/1084/1028
f 673/1084/1028 107/1082/1026 674/1085/1029
f 674/1085/1029 107/1082/1026 675/1086/1030
f 675/1086/1030 107/1082/1026 676/922/866
f 676/922/866 107/1082/1026 106/1074/1018
f 63/803/747 62/1055/999 662/801/745
f 686/1047/991 685/1087/1031 319/1043/987
f 319/1043/987 685/1087/1031 684/1088/1032
f 319/1043/987 684/1088/1032 678/920/864
f 7/1089/1033 420/1090/1034 15/1091/1035
f 15/1091/1035 420/1090/1034 419/1092/1036
f 15/1091/1035 419/1092/1036 418/1093/1037
f 6/1094/1038 236/1095/1039 7/1089/1033
f 7/1089/1033 236/1095/1039 235/1096/1040
f 7/1089/1033 235/1096/1040 234/1097/1041
f 236/1095/1039 6/1094/1038 237/1098/1042
f 237/1098/1042 6/1094/1038 5/1099/1043
f 237/1098/1042 5/1099/1043 238/1100/1044
f 238/1100/1044 5/1099/1043 4/1101/1045
f 238/1100/1044 4/1101/1045 239/1102/1046
f 239/1102/1046 4/1101/1045 3/1103/1047
f 239/1102/1046 3/1103/1047 240/1104/1048
f 240/1104/1048 3/1103/1047 2/1105/1049
f 240/1104/1048 2/1105/1049 241/1106/1050
f 241/1106/1050 2/1105/1049 242/1107/1051
f 242/1107/1051 2/1105/1049 1/1108/1052
f 242/1107/1051 1/1108/1052 243/1109/1053
f 243/1109/1053 1/1108/1052 569/1110/1054
f 243/1109/1053 569/1110/1054 244/1111/1055
f 244/1111/1055 569/1110/1054 568/1112/1056
f 244/1111/1055 568/1112/1056 245/1113/1057
f 245/1113/1057 568/1112/1056 567/1114/1058
f 245/1113/1057 567/1114/1058 566/1115/1059
f 23/1116/1060 575/1117/1061 1/1108/1052
f 1/1108/1052 575/1117/1061 574/1118/1062
f 1/1108/1052 574/1118/1062 573/1119/1063
f 22/1120/1064 280/1121/1065 23/1116/1060
f 23/1116/1060 280/1121/1065 279/1122/1066
f 23/1116/1060 279/1122/1066 481/1123/1067
f 481/1123/1067 279/1122/1066 278/1124/1068
f 481/1123/1067 278/1124/1068 482/1125/1069
f 482/1125/1069 278/1124/1068 277/1126/1070
f 482/1125/1069 277/1126/1070 483/1127/1071
f 483/1127/1071 277/1126/1070 484/1128/1072
f 484/1128/1072 277/1126/1070 276/1129/1073
f 484/1128/1072 276/1129/1073 138/1130/1074
f 138/1130/1074 276/1129/1073 139/1131/1075
f 139/1131/1075 276/1129/1073 275/1132/1076
f 139/1131/1075 275/1132/1076 140/1133/1077
f 140/1133/1077 275/1132/1076 274/1134/1078
f 140/1133/1077 274/1134/1078 141/1135/1079
f 141/1135/1079 274/1134/1078 273/1136/1080
f 141/1135/1079 273/1136/1080 142/1137/1081
f 142/1137/1081 273/1136/1080 296/1138/1082
f 142/1137/1081 296/1138/1082 143/1139/1083
f 143/1139/1083 296/1138/1082 295/1140/1084
f 143/1139/1083 295/1140/1084 144/1141/1085
f 144/1141/1085 295/1140/1084 294/1142/1086
f 144/1141/1085 294/1142/1086 145/1143/1087
f 145/1143/1087 294/1142/1086 293/1144/1088
f 145/1143/1087 293/1144/1088 663/1145/1089
f 663/1145/1089 293/1144/1088 292/1146/1090
f 663/1145/1089 292/1146/1090 291/1147/1091
f 21/1148/1092 282/1149/1093 22/1120/1064
f 22/1120/1064 282/1149/1093 281/1150/1094
f 22/1120/1064 281/1150/1094 280/1121/1065
f 282/1149/1093 21/1148/1092 283/1151/1095
f 283/1151/1095 21/1148/1092 20/1152/1096
f 283/1151/1095 20/1152/1096 284/1153/1097
f 284/1153/1097 20/1152/1096 19/1154/1098
f 284/1153/1097 19/1154/1098 285/1155/1099
f 285/1155/1099 19/1154/1098 18/1156/1100
f 285/1155/1099 18/1156/1100 286/1157/1101
f 286/1157/1101 18/1156/1100 17/1158/1102
f 286/1157/1101 17/1158/1102 287/1159/1103
f 287/1159/1103 17/1158/1102 288/1160/1104
f 288/1160/1104 17/1158/1102 37/1161/1105
f 288/1160/1104 37/1161/1105 102/1162/1106
f 102/1162/1106 37/1161/1105 103/1163/1107
f 103/1163/1107 37/1161/1105 104/1164/1108
f 104/1164/1108 37/1161/1105 36/1165/1109
f 104/1164/1108 36/1165/1109 81/1166/1110
f 81/1166/1110 36/1165/1109 35/1167/1111
f 81/1166/1110 35/1167/1111 82/1168/1112
f 82/1168/1112 35/1167/1111 34/1169/1113
f 82/1168/1112 34/1169/1113 83/1170/1114
f 83/1170/1114 34/1169/1113 33/1171/1115
f 83/1170/1114 33/1171/1115 84/1172/1116
f 84/1172/1116 33/1171/1115 32/1173/1117
f 84/1172/1116 32/1173/1117 85/1174/1118
f 85/1174/1118 32/1173/1117 86/1175/1119
f 86/1175/1119 32/1173/1117 31/1176/1120
f 86/1175/1119 31/1176/1120 87/1177/1121
f 87/1177/1121 31/1176/1120 629/1178/1122
f 87/1177/1121 629/1178/1122 88/1179/1123
f 88/1179/1123 629/1178/1122 628/1180/1124
f 88/1179/1123 628/1180/1124 89/1181/1125
f 89/1181/1125 628/1180/1124 627/1182/1126
f 89/1181/1125 627/1182/1126 626/1183/1127
f 50/1184/1128 535/1185/1129 31/1176/1120
f 31/1176/1120 535/1185/1129 611/1186/1130
f 31/1176/1120 611/1186/1130 610/1187/1131
f 49/1188/1132 436/1189/1133 50/1184/1128
f 50/1184/1128 436/1189/1133 435/1190/1134
f 50/1184/1128 435/1190/1134 517/1191/1135
f 517/1191/1135 435/1190/1134 434/1192/1136
f 517/1191/1135 434/1192/1136 518/1193/1137
f 518/1193/1137 434/1192/1136 433/1194/1138
f 518/1193/1137 433/1194/1138 519/1195/1139
f 519/1195/1139 433/1194/1138 520/1196/1140
f 520/1196/1140 433/1194/1138 432/1197/1141
f 520/1196/1140 432/1197/1141 390/1198/1142
f 390/1198/1142 432/1197/1141 391/1199/1143
f 391/1199/1143 432/1197/1141 431/1200/1144
f 391/1199/1143 431/1200/1144 392/1201/1145
f 392/1201/1145 431/1200/1144 430/1202/1146
f 392/1201/1145 430/1202/1146 369/1203/1147
f 369/1203/1147 430/1202/1146 429/1204/1148
f 369/1203/1147 429/1204/1148 370/1205/1149
f 370/1205/1149 429/1204/1148 428/1206/1150
f 370/1205/1149 428/1206/1150 371/1207/1151
f 371/1207/1151 428/1206/1150 427/1208/1152
f 371/1207/1151 427/1208/1152 372/1209/1153
f 372/1209/1153 427/1208/1152 426/1210/1154
f 372/1209/1153 426/1210/1154 373/1211/1155
f 373/1211/1155 426/1210/1154 425/1212/1156
f 373/1211/1155 425/1212/1156 633/1213/1157
f 633/1213/1157 425/1212/1156 424/1214/1158
f 633/1213/1157 424/1214/1158 423/1215/1159
f 48/1216/1160 438/1217/1161 49/1188/1132
f 49/1188/1132 438/1217/1161 437/1218/1162
f 49/1188/1132 437/1218/1162 436/1189/1133
f 438/1217/1161 48/1216/1160 439/1219/1163
f 439/1219/1163 48/1216/1160 47/1220/1164
f 439/1219/1163 47/1220/1164 440/1221/1165
f 440/1221/1165 47/1220/1164 46/1222/1166
f 440/1221/1165 46/1222/1166 417/1223/1167
f 417/1223/1167 46/1222/1166 45/1224/1168
f 417/1223/1167 45/1224/1168 418/1093/1037
f 418/1093/1037 45/1224/1168 15/1091/1035
f 610/1187/1131 609/1225/1169 31/1176/1120
f 31/1176/1120 609/1225/1169 632/1226/1170
f 31/1176/1120 632/1226/1170 631/1227/1171
f 631/1227/1171 630/1228/1172 31/1176/1120
f 31/1176/1120 630/1228/1172 629/1178/1122
f 625/1229/1173 181/1230/1174 626/1183/1127
f 626/1183/1127 181/1230/1174 180/1231/1175
f 626/1183/1127 180/1231/1175 90/1232/1176
f 90/1232/1176 180/1231/1175 91/1233/1177
f 91/1233/1177 180/1231/1175 179/1234/1178
f 91/1233/1177 179/1234/1178 92/1235/1179
f 92/1235/1179 179/1234/1178 178/1236/1180
f 92/1235/1179 178/1236/1180 93/1237/1181
f 93/1237/1181 178/1236/1180 177/1238/1182
f 93/1237/1181 177/1238/1182 94/1239/1183
f 94/1239/1183 177/1238/1182 200/1240/1184
f 94/1239/1183 200/1240/1184 95/1241/1185
f 95/1241/1185 200/1240/1184 199/1242/1186
f 95/1241/1185 199/1242/1186 96/1243/1187
f 96/1243/1187 199/1242/1186 198/1244/1188
f 96/1243/1187 198/1244/1188 97/1245/1189
f 97/1245/1189 198/1244/1188 197/1246/1190
f 97/1245/1189 197/1246/1190 651/1247/1191
f 651/1247/1191 197/1246/1190 196/1248/1192
f 651/1247/1191 196/1248/1192 195/1249/1193
f 181/1230/1174 625/1229/1173 182/1250/1194
f 182/1250/1194 625/1229/1173 624/1251/1195
f 182/1250/1194 624/1251/1195 183/1252/1196
f 183/1252/1196 624/1251/1195 623/1253/1197
f 183/1252/1196 623/1253/1197 184/1254/1198
f 184/1254/1198 623/1253/1197 622/1255/1199
f 184/1254/1198 622/1255/1199 185/1256/1200
f 185/1256/1200 622/1255/1199 186/1257/1201
f 186/1257/1201 622/1255/1199 621/1258/1202
f 186/1257/1201 621/1258/1202 649/1259/1203
f 649/1259/1203 621/1258/1202 620/1260/1204
f 649/1259/1203 620/1260/1204 526/1261/1205
f 526/1261/1205 620/1260/1204 619/1262/1206
f 526/1261/1205 619/1262/1206 527/1263/1207
f 527/1263/1207 619/1262/1206 528/1264/1208
f 528/1264/1208 619/1262/1206 618/1265/1209
f 528/1264/1208 618/1265/1209 529/1266/1210
f 529/1266/1210 618/1265/1209 617/1267/1211
f 529/1266/1210 617/1267/1211 530/1268/1212
f 530/1268/1212 617/1267/1211 616/1269/1213
f 530/1268/1212 616/1269/1213 531/1270/1214
f 531/1270/1214 616/1269/1213 615/1271/1215
f 531/1270/1214 615/1271/1215 614/1272/1216
f 531/1270/1214 614/1272/1216 532/1273/1217
f 532/1273/1217 614/1272/1216 613/1274/1218
f 532/1273/1217 613/1274/1218 533/1275/1219
f 533/1275/1219 613/1274/1218 612/1276/1220
f 533/1275/1219 612/1276/1220 534/1277/1221
f 534/1277/1221 612/1276/1220 611/1186/1130
f 534/1277/1221 611/1186/1130 535/1185/1129
f 584/1278/1222 677/1279/1223 561/1280/1224
f 561/1280/1224 677/1279/1223 342/1281/1225
f 561/1280/1224 342/1281/1225 562/1282/1226
f 562/1282/1226 342/1281/1225 341/1283/1227
f 562/1282/1226 341/1283/1227 340/1284/1228
f 583/1285/1229 467/1286/1230 584/1278/1222
f 584/1278/1222 467/1286/1230 466/1287/1231
f 584/1278/1222 466/1287/1231 665/1288/1232
f 665/1288/1232 466/1287/1231 465/1289/1233
f 665/1288/1232 465/1289/1233 132/1290/1234
f 132/1290/1234 465/1289/1233 488/1291/1235
f 132/1290/1234 488/1291/1235 133/1292/1236
f 133/1292/1236 488/1291/1235 134/1293/1237
f 134/1293/1237 488/1291/1235 487/1294/1238
f 134/1293/1237 487/1294/1238 135/1295/1239
f 135/1295/1239 487/1294/1238 486/1296/1240
f 135/1295/1239 486/1296/1240 136/1297/1241
f 136/1297/1241 486/1296/1240 485/1298/1242
f 136/1297/1241 485/1298/1242 137/1299/1243
f 137/1299/1243 485/1298/1242 484/1128/1072
f 137/1299/1243 484/1128/1072 138/1130/1074
f 583/1285/1229 582/1300/1244 467/1286/1230
f 467/1286/1230 582/1300/1244 468/1301/1245
f 468/1301/1245 582/1300/1244 581/1302/1246
f 468/1301/1245 581/1302/1246 469/1303/1247
f 469/1303/1247 581/1302/1246 580/1304/1248
f 469/1303/1247 580/1304/1248 470/1305/1249
f 470/1305/1249 580/1304/1248 579/1306/1250
f 470/1305/1249 579/1306/1250 471/1307/1251
f 471/1307/1251 579/1306/1250 472/1308/1252
f 472/1308/1252 579/1306/1250 578/1309/1253
f 472/1308/1252 578/1309/1253 473/1310/1254
f 473/1310/1254 578/1309/1253 577/1311/1255
f 473/1310/1254 577/1311/1255 474/1312/1256
f 474/1312/1256 577/1311/1255 576/1313/1257
f 474/1312/1256 576/1313/1257 475/1314/1258
f 475/1314/1258 576/1313/1257 575/1117/1061
f 475/1314/1258 575/1117/1061 23/1116/1060
f 573/1119/1063 572/1315/1259 1/1108/1052
f 1/1108/1052 572/1315/1259 571/1316/1260
f 1/1108/1052 571/1316/1260 570/1317/1261
f 570/1317/1261 569/1110/1054 1/1108/1052
f 565/1318/1262 337/1319/1263 566/1115/1059
f 566/1115/1059 337/1319/1263 336/1320/1264
f 566/1115/1059 336/1320/1264 246/1321/1265
f 246/1321/1265 336/1320/1264 247/1322/1266
f 247/1322/1266 336/1320/1264 335/1323/1267
f 247/1322/1266 335/1323/1267 248/1324/1268
f 248/1324/1268 335/1323/1267 334/1325/1269
f 248/1324/1268 334/1325/1269 225/1326/1270
f 225/1326/1270 334/1325/1269 333/1327/1271
f 225/1326/1270 333/1327/1271 226/1328/1272
f 226/1328/1272 333/1327/1271 332/1329/1273
f 226/1328/1272 332/1329/1273 227/1330/1274
f 227/1330/1274 332/1329/1273 331/1331/1275
f 227/1330/1274 331/1331/1275 228/1332/1276
f 228/1332/1276 331/1331/1275 330/1333/1277
f 228/1332/1276 330/1333/1277 229/1334/1278
f 229/1334/1278 330/1333/1277 329/1335/1279
f 229/1334/1278 329/1335/1279 634/1336/1280
f 634/1336/1280 329/1335/1279 328/1337/1281
f 634/1336/1280 328/1337/1281 327/1338/1282
f 337/1319/1263 565/1318/1262 338/1339/1283
f 338/1339/1283 565/1318/1262 564/1340/1284
f 338/1339/1283 564/1340/1284 339/1341/1285
f 339/1341/1285 564/1340/1284 563/1342/1286
f 339/1341/1285 563/1342/1286 340/1284/1228
f 340/1284/1228 563/1342/1286 562/1282/1226
f 514/1343/1287 513/1344/1288 50/1184/1128
f 50/1184/1128 513/1344/1288 536/1345/1289
f 50/1184/1128 536/1345/1289 535/1185/1129
f 649/1259/1203 526/1261/1205 637/1346/1290
f 637/1346/1290 526/1261/1205 525/1347/1291
f 637/1346/1290 525/1347/1291 384/1348/1292
f 384/1348/1292 525/1347/1291 524/1349/1293
f 384/1348/1292 524/1349/1293 385/1350/1294
f 385/1350/1294 524/1349/1293 386/1351/1295
f 386/1351/1295 524/1349/1293 523/1352/1296
f 386/1351/1295 523/1352/1296 387/1353/1297
f 387/1353/1297 523/1352/1296 522/1354/1298
f 387/1353/1297 522/1354/1298 388/1355/1299
f 388/1355/1299 522/1354/1298 521/1356/1300
f 388/1355/1299 521/1356/1300 389/1357/1301
f 389/1357/1301 521/1356/1300 520/1196/1140
f 389/1357/1301 520/1196/1140 390/1198/1142
f 517/1191/1135 516/1358/1302 50/1184/1128
f 50/1184/1128 516/1358/1302 515/1359/1303
f 50/1184/1128 515/1359/1303 514/1343/1287
f 481/1123/1067 480/1360/1304 23/1116/1060
f 23/1116/1060 480/1360/1304 479/1361/1305
f 23/1116/1060 479/1361/1305 478/1362/1306
f 478/1362/1306 477/1363/1307 23/1116/1060
f 23/1116/1060 477/1363/1307 476/1364/1308
f 23/1116/1060 476/1364/1308 475/1314/1258
f 423/1215/1159 422/1365/1309 633/1213/1157
f 633/1213/1157 422/1365/1309 232/1366/1310
f 633/1213/1157 232/1366/1310 634/1336/1280
f 634/1336/1280 232/1366/1310 231/1367/1311
f 634/1336/1280 231/1367/1311 230/1368/1312
f 232/1366/1310 422/1365/1309 233/1369/1313
f 233/1369/1313 422/1365/1309 421/1370/1314
f 233/1369/1313 421/1370/1314 234/1097/1041
f 234/1097/1041 421/1370/1314 420/1090/1034
f 234/1097/1041 420/1090/1034 7/1089/1033
f 384/1348/1292 383/1371/1315 637/1346/1290
f 637/1346/1290 383/1371/1315 382/1372/1316
f 637/1346/1290 382/1372/1316 381/1373/1317
f 381/1373/1317 380/1374/1318 637/1346/1290
f 637/1346/1290 380/1374/1318 379/1375/1319
f 637/1346/1290 379/1375/1319 638/1376/1320
f 638/1376/1320 379/1375/1319 639/1377/1321
f 639/1377/1321 379/1375/1319 640/1378/1322
f 640/1378/1322 379/1375/1319 641/1379/1323
f 641/1379/1323 379/1375/1319 642/1380/1324
f 642/1380/1324 379/1375/1319 378/1381/1325
f 642/1380/1324 378/1381/1325 633/1213/1157
f 633/1213/1157 378/1381/1325 377/1382/1326
f 633/1213/1157 377/1382/1326 376/1383/1327
f 376/1383/1327 375/1384/1328 633/1213/1157
f 633/1213/1157 375/1384/1328 374/1385/1329
f 633/1213/1157 374/1385/1329 373/1211/1155
f 322/1386/1330 321/1387/1331 677/1279/1223
f 677/1279/1223 321/1387/1331 344/1388/1332
f 677/1279/1223 344/1388/1332 343/1389/1333
f 343/1389/1333 342/1281/1225 677/1279/1223
f 327/1338/1282 326/1390/1334 634/1336/1280
f 634/1336/1280 326/1390/1334 325/1391/1335
f 634/1336/1280 325/1391/1335 324/1392/1336
f 634/1336/1280 324/1392/1336 679/1393/1337
f 679/1393/1337 324/1392/1336 323/1394/1338
f 679/1393/1337 323/1394/1338 680/1395/1339
f 680/1395/1339 323/1394/1338 681/1396/1340
f 681/1396/1340 323/1394/1338 682/1397/1341
f 682/1397/1341 323/1394/1338 683/1398/1342
f 683/1398/1342 323/1394/1338 677/1279/1223
f 677/1279/1223 323/1394/1338 322/1386/1330
f 291/1147/1091 290/1399/1343 663/1145/1089
f 663/1145/1089 290/1399/1343 100/1400/1344
f 663/1145/1089 100/1400/1344 651/1247/1191
f 651/1247/1191 100/1400/1344 99/1401/1345
f 651/1247/1191 99/1401/1345 98/1402/1346
f 100/1400/1344 290/1399/1343 101/1403/1347
f 101/1403/1347 290/1399/1343 289/1404/1348
f 101/1403/1347 289/1404/1348 102/1162/1106
f 102/1162/1106 289/1404/1348 288/1160/1104
f 246/1321/1265 245/1113/1057 566/1115/1059
f 230/1368/1312 229/1334/1278 634/1336/1280
f 195/1249/1193 194/1405/1349 651/1247/1191
f 651/1247/1191 194/1405/1349 193/1406/1350
f 651/1247/1191 193/1406/1350 192/1407/1351
f 651/1247/1191 192/1407/1351 652/1408/1352
f 652/1408/1352 192/1407/1351 191/1409/1353
f 652/1408/1352 191/1409/1353 653/1410/1354
f 653/1410/1354 191/1409/1353 654/1411/1355
f 654/1411/1355 191/1409/1353 655/1412/1356
f 655/1412/1356 191/1409/1353 656/1413/1357
f 656/1413/1357 191/1409/1353 649/1259/1203
f 649/1259/1203 191/1409/1353 190/1414/1358
f 649/1259/1203 190/1414/1358 189/1415/1359
f 189/1415/1359 188/1416/1360 649/1259/1203
f 649/1259/1203 188/1416/1360 187/1417/1361
f 649/1259/1203 187/1417/1361 186/1257/1201
f 130/1418/1362 129/1419/1363 665/1288/1232
f 665/1288/1232 129/1419/1363 152/1420/1364
f 665/1288/1232 152/1420/1364 151/1421/1365
f 150/1422/1366 670/1423/1367 151/1421/1365
f 151/1421/1365 670/1423/1367 669/1424/1368
f 151/1421/1365 669/1424/1368 668/1425/1369
f 670/1423/1367 150/1422/1366 663/1145/1089
f 663/1145/1089 150/1422/1366 149/1426/1370
f 663/1145/1089 149/1426/1370 148/1427/1371
f 148/1427/1371 147/1428/1372 663/1145/1089
f 663/1145/1089 147/1428/1372 146/1429/1373
f 663/1145/1089 146/1429/1373 145/1143/1087
f 132/1290/1234 131/1430/1374 665/1288/1232
f 665/1288/1232 131/1430/1374 130/1418/1362
f 98/1402/1346 97/1245/1189 651/1247/1191
f 90/1232/1176 89/1181/1125 626/1183/1127
f 668/1425/1369 667/1431/1375 151/1421/1365
f 151/1421/1365 667/1431/1375 666/1432/1376
f 151/1421/1365 666/1432/1376 665/1288/1232
f 665/1288/1232 677/1279/1223 584/1278/1222
g Body2

v 0.750000 0.600000 2.200000
v 0.744889 0.561177 2.200000
v 0.729904 0.525000 2.200000
v 0.706066 0.493934 2.200000
v 0.675000 0.470096 2.200000
v 0.638823 0.455111 2.200000
v 0.600000 0.450000 2.200000
v 0.561177 0.455111 2.200000
v 0.525000 0.470096 2.200000
v 0.493934 0.493934 2.200000
v 0.470096 0.525000 2.200000
v 0.455111 0.561177 2.200000
v 0.450000 0.600000 2.200000
v 0.455111 0.638823 2.200000
v 0.470096 0.675000 2.200000
v 0.493934 0.706066 2.200000
v 0.525000 0.729904 2.200000
v 0.561177 0.744889 2.200000
v 0.600000 0.750000 2.200000
v 0.638823 0.744889 2.200000
v 0.675000 0.729904 2.200000
v 0.706066 0.706066 2.200000
v 0.729904 0.675000 2.200000
v 0.744889 0.638823 2.200000
v 0.750000 0.600000 3.700000
v 0.744889 0.638823 3.700000
v 0.729904 0.675000 3.700000
v 0.706066 0.706066 3.700000
v 0.675000 0.729904 3.700000
v 0.638823 0.744889 3.700000
v 0.600000 0.750000 3.700000
v 0.561177 0.744889 3.700000
v 0.525000 0.729904 3.700000
v 0.493934 0.706066 3.700000
v 0.470096 0.675000 3.700000
v 0.455111 0.638823 3.700000
v 0.450000 0.600000 3.700000
v 0.455111 0.561177 3.700000
v 0.470096 0.525000 3.700000
v 0.493934 0.493934 3.700000
v 0.525000 0.470096 3.700000
v 0.561177 0.455111 3.700000
v 0.600000 0.450000 3.700000
v 0.638823 0.455111 3.700000
v 0.675000 0.470096 3.700000
v 0.706066 0.493934 3.700000
v 0.729904 0.525000 3.700000
v 0.744889 0.561177 3.700000
v 0.750000 0.600000 2.950000
v 0.744889 0.561177 2.950000
v 0.729904 0.525000 2.950000
v 0.706066 0.493934 2.950000
v 0.675000 0.470096 2.950000
v 0.638823 0.455111 2.950000
v 0.600000 0.450000 2.950000
v 0.561177 0.455111 2.950000
v 0.525000 0.470096 2.950000
v 0.493934 0.493934 2.950000
v 0.470096 0.525000 2.950000
v 0.455111 0.561177 2.950000
v 0.450000 0.600000 2.950000
v 0.455111 0.638823 2.950000
v 0.470096 0.675000 2.950000
v 0.493934 0.706066 2.950000
v 0.525000 0.729904 2.950000
v 0.561177 0.744889 2.950000
v 0.600000 0.750000 2.950000
v 0.638823 0.744889 2.950000
v 0.675000 0.729904 2.950000
v 0.706066 0.706066 2.950000
v 0.729904 0.675000 2.950000
v 0.744889 0.638823 2.950000
v 0.850000 0.600000 3.700000
v 0.841481 0.664705 3.700000
v 0.816506 0.725000 3.700000
v 0.776777 0.776777 3.700000
v 0.725000 0.816506 3.700000
v 0.664705 0.841481 3.700000
v 0.600000 0.850000 3.700000
v 0.535295 0.841481 3.700000
v 0.475000 0.816506 3.700000
v 0.423223 0.776777 3.700000
v 0.383494 0.725000 3.700000
v 0.358519 0.664705 3.700000
v 0.350000 0.600000 3.700000
v 0.358519 0.535295 3.700000
v 0.383494 0.475000 3.700000
v 0.423223 0.423223 3.700000
v 0.475000 0.383494 3.700000
v 0.535295 0.358519 3.700000
v 0.600000 0.350000 3.700000
v 0.664705 0.358519 3.700000
v 0.725000 0.383494 3.700000
v 0.776777 0.423223 3.700000
v 0.816506 0.475000 3.700000
v 0.841481 0.535295 3.700000
v 0.750000 0.600000 1.700000
v 0.744889 0.561177 1.700000
v 0.729904 0.525000 1.700000
v 0.706066 0.493934 1.700000
v 0.675000 0.470096 1.700000
v 0.638823 0.455111 1.700000
v 0.600000 0.450000 1.700000
v 0.561177 0.455111 1.700000
v 0.525000 0.470096 1.700000
v 0.493934 0.493934 1.700000
v 0.470096 0.525000 1.700000
v 0.455111 0.561177 1.700000
v 0.450000 0.600000 1.700000
v 0.455111 0.638823 1.700000
v 0.470096 0.675000 1.700000
v 0.493934 0.706066 1.700000
v 0.525000 0.729904 1.700000
v 0.561177 0.744889 1.700000
v 0.600000 0.750000 1.700000
v 0.638823 0.744889 1.700000
v 0.675000 0.729904 1.700000
v 0.706066 0.706066 1.700000
v 0.729904 0.675000 1.700000
v 0.744889 0.638823 1.700000
v 0.750000 0.600000 0.200000
v 0.744889 0.561177 0.200000
v 0.729904 0.525000 0.200000
v 0.706066 0.493934 0.200000
v 0.675000 0.470096 0.200000
v 0.638823 0.455111 0.200000
v 0.600000 0.450000 0.200000
v 0.561177 0.455111 0.200000
v 0.525000 0.470096 0.200000
v 0.493934 0.493934 0.200000
v 0.470096 0.525000 0.200000
v 0.455111 0.561177 0.200000
v 0.450000 0.600000 0.200000
v 0.455111 0.638823 0.200000
v 0.470096 0.675000 0.200000
v 0.493934 0.706066 0.200000
v 0.525000 0.729904 0.200000
v 0.561177 0.744889 0.200000
v 0.600000 0.750000 0.200000
v 0.638823 0.744889 0.200000
v 0.675000 0.729904 0.200000
v 0.706066 0.706066 0.200000
v 0.729904 0.675000 0.200000
v 0.744889 0.638823 0.200000
v 0.750000 0.600000 0.950000
v 0.744889 0.638823 0.950000
v 0.729904 0.675000 0.950000
v 0.706066 0.706066 0.950000
v 0.675000 0.729904 0.950000
v 0.638823 0.744889 0.950000
v 0.600000 0.750000 0.950000
v 0.561177 0.744889 0.950000
v 0.525000 0.729904 0.950000
v 0.493934 0.706066 0.950000
v 0.470096 0.675000 0.950000
v 0.455111 0.638823 0.950000
v 0.450000 0.600000 0.950000
v 0.455111 0.561177 0.950000
v 0.470096 0.525000 0.950000
v 0.493934 0.493934 0.950000
v 0.525000 0.470096 0.950000
v 0.561177 0.455111 0.950000
v 0.600000 0.450000 0.950000
v 0.638823 0.455111 0.950000
v 0.675000 0.470096 0.950000
v 0.706066 0.493934 0.950000
v 0.729904 0.525000 0.950000
v 0.744889 0.561177 0.950000
v 0.850000 0.600000 0.200000
v 0.841481 0.664705 0.200000
v 0.816506 0.725000 0.200000
v 0.776777 0.776777 0.200000
v 0.725000 0.816506 0.200000
v 0.664705 0.841481 0.200000
v 0.600000 0.850000 0.200000
v 0.535295 0.841481 0.200000
v 0.475000 0.816506 0.200000
v 0.423223 0.776777 0.200000
v 0.383494 0.725000 0.200000
v 0.358519 0.664705 0.200000
v 0.350000 0.600000 0.200000
v 0.358519 0.535295 0.200000
v 0.383494 0.475000 0.200000
v 0.423223 0.423223 0.200000
v 0.475000 0.383494 0.200000
v 0.535295 0.358519 0.200000
v 0.600000 0.350000 0.200000
v 0.664705 0.358519 0.200000
v 0.725000 0.383494 0.200000
v 0.776777 0.423223 0.200000
v 0.816506 0.475000 0.200000
v 0.841481 0.535295 0.200000
v 0.850000 0.600000 2.533333
v 0.850000 0.600000 1.366667
v 0.841481 0.535295 2.533333
v 0.841481 0.535295 1.366667
v 0.816506 0.475000 2.533333
v 0.816506 0.475000 1.366667
v 0.776777 0.423223 2.533333
v 0.776777 0.423223 1.366667
v 0.725000 0.383494 2.533333
v 0.725000 0.383494 1.366667
v 0.664705 0.358519 2.533333
v 0.664705 0.358519 1.366667
v 0.600000 0.350000 2.533333
v 0.600000 0.350000 1.366667
v 0.535295 0.358519 2.533333
v 0.535295 0.358519 1.366667
v 0.475000 0.383494 2.533333
v 0.475000 0.383494 1.366667
v 0.423223 0.423223 2.533333
v 0.423223 0.423223 1.366667
v 0.383494 0.475000 2.533333
v 0.383494 0.475000 1.366667
v 0.358519 0.535295 2.533333
v 0.358519 0.535295 1.366667
v 0.350000 0.600000 2.533333
v 0.350000 0.600000 1.366667
v 0.358519 0.664705 2.533333
v 0.358519 0.664705 1.366667
v 0.383494 0.725000 2.533333
v 0.383494 0.725000 1.366667
v 0.423223 0.776777 2.533333
v 0.423223 0.776777 1.366667
v 0.475000 0.816506 2.533333
v 0.475000 0.816506 1.366667
v 0.535295 0.841481 2.533333
v 0.535295 0.841481 1.366667
v 0.600000 0.850000 2.533333
v 0.600000 0.850000 1.366667
v 0.664705 0.841481 2.533333
v 0.664705 0.841481 1.366667
v 0.725000 0.816506 2.533333
v 0.725000 0.816506 1.366667
v 0.776777 0.776777 2.533333
v 0.776777 0.776777 1.366667
v 0.816506 0.725000 2.533333
v 0.816506 0.725000 1.366667
v 0.841481 0.664705 2.533333
v 0.841481 0.664705 1.366667
vt 2.000000 0.431969 0.000000
vt 2.750000 0.431969 0.000000
vt 2.000000 0.471239 0.000000
vt 2.750000 0.471239 0.000000
vt 2.000000 -0.471239 0.000000
vt 2.750000 -0.471239 0.000000
vt 2.000000 -0.431969 0.000000
vt 2.750000 -0.431969 0.000000
vt 2.000000 -0.392699 0.000000
vt 2.750000 -0.392699 0.000000
vt 2.000000 -0.353429 0.000000
vt 2.750000 -0.353429 0.000000
vt 2.000000 -0.314159 0.000000
vt 2.750000 -0.314159 0.000000
vt 2.000000 -0.274889 0.000000
vt 2.750000 -0.274889 0.000000
vt 2.000000 -0.235619 0.000000
vt 2.750000 -0.235619 0.000000
vt 2.000000 -0.196350 0.000000
vt 2.750000 -0.196350 0.000000
vt 2.000000 -0.157080 0.000000
vt 2.750000 -0.157080 0.000000
vt 2.000000 -0.117810 0.000000
vt 2.750000 -0.117810 0.000000
vt 2.000000 -0.078540 0.000000
vt 2.750000 -0.078540 0.000000
vt 2.000000 -0.039270 0.000000
vt 2.750000 -0.039270 0.000000
vt 2.000000 0.000000 0.000000
vt 2.750000 0.000000 0.000000
vt 2.000000 0.039270 0.000000
vt 2.750000 0.039270 0.000000
vt 2.000000 0.078540 0.000000
vt 2.750000 0.078540 0.000000
vt 2.000000 0.117810 0.000000
vt 2.750000 0.117810 0.000000
vt 2.000000 0.157080 0.000000
vt 2.750000 0.157080 0.000000
vt 2.000000 0.196350 0.000000
vt 2.750000 0.196350 0.000000
vt 2.000000 0.235619 0.000000
vt 2.750000 0.235619 0.000000
vt 2.000000 0.274889 0.000000
vt 2.750000 0.274889 0.000000
vt 2.000000 0.314159 0.000000
vt 2.750000 0.314159 0.000000
vt 2.000000 0.353429 0.000000
vt 2.750000 0.353429 0.000000
vt 2.000000 0.392699 0.000000
vt 2.750000 0.392699 0.000000
vt 3.500000 -0.431969 0.000000
vt 3.500000 -0.471239 0.000000
vt 3.500000 0.471239 0.000000
vt 3.500000 0.431969 0.000000
vt 3.500000 0.392699 0.000000
vt 3.500000 0.353429 0.000000
vt 3.500000 0.314159 0.000000
vt 3.500000 0.274889 0.000000
vt 3.500000 0.235619 0.000000
vt 3.500000 0.196350 0.000000
vt 3.500000 0.157080 0.000000
vt 3.500000 0.117810 0.000000
vt 3.500000 0.078540 0.000000
vt 3.500000 0.039270 0.000000
vt 3.500000 0.000000 0.000000
vt 3.500000 -0.039270 0.000000
vt 3.500000 -0.078540 0.000000
vt 3.500000 -0.117810 0.000000
vt 3.500000 -0.157080 0.000000
vt 3.500000 -0.196350 0.000000
vt 3.500000 -0.235619 0.000000
vt 3.500000 -0.274889 0.000000
vt 3.500000 -0.314159 0.000000
vt 3.500000 -0.353429 0.000000
vt 3.500000 -0.392699 0.000000
vt -0.144889 -0.038823 0.000000
vt -0.150000 0.000000 0.000000
vt -0.250000 0.000000 0.000000
vt -0.144889 0.038823 0.000000
vt -0.241481 0.064705 0.000000
vt -0.129904 0.075000 0.000000
vt -0.216506 0.125000 0.000000
vt -0.106066 0.106066 0.000000
vt -0.176777 0.176777 0.000000
vt -0.075000 0.129904 0.000000
vt -0.125000 0.216506 0.000000
vt -0.038823 0.144889 0.000000
vt -0.064705 0.241481 0.000000
vt 0.000000 0.150000 0.000000
vt 0.000000 0.250000 0.000000
vt 0.064705 0.241481 0.000000
vt 0.038823 0.144889 0.000000
vt 0.125000 0.216506 0.000000
vt 0.075000 0.129904 0.000000
vt 0.176777 0.176777 0.000000
vt 0.106066 0.106066 0.000000
vt 0.216506 0.125000 0.000000
vt 0.129904 0.075000 0.000000
vt 0.241481 0.064705 0.000000
vt 0.144889 0.038823 0.000000
vt 0.250000 0.000000 0.000000
vt 0.150000 0.000000 0.000000
vt 0.241481 -0.064705 0.000000
vt 0.144889 -0.038823 0.000000
vt 0.129904 -0.075000 0.000000
vt 0.216506 -0.125000 0.000000
vt 0.106066 -0.106066 0.000000
vt 0.176777 -0.176777 0.000000
vt 0.075000 -0.129904 0.000000
vt 0.125000 -0.216506 0.000000
vt 0.038823 -0.144889 0.000000
vt 0.064705 -0.241481 0.000000
vt 0.000000 -0.150000 0.000000
vt 0.000000 -0.250000 0.000000
vt -0.064705 -0.241481 0.000000
vt -0.038823 -0.144889 0.000000
vt -0.125000 -0.216506 0.000000
vt -0.075000 -0.129904 0.000000
vt -0.176777 -0.176777 0.000000
vt -0.106066 -0.106066 0.000000
vt -0.216506 -0.125000 0.000000
vt -0.129904 -0.075000 0.000000
vt -0.241481 -0.064705 0.000000
vt 0.144889 0.038823 0.000000
vt -0.144889 0.038823 0.000000
vt 0.150000 0.000000 0.000000
vt -0.150000 0.000000 0.000000
vt 0.144889 -0.038823 0.000000
vt -0.144889 -0.038823 0.000000
vt 0.129904 -0.075000 0.000000
vt -0.129904 -0.075000 0.000000
vt 0.106066 -0.106066 0.000000
vt -0.106066 -0.106066 0.000000
vt 0.075000 -0.129904 0.000000
vt -0.075000 -0.129904 0.000000
vt 0.038823 -0.144889 0.000000
vt -0.038823 -0.144889 0.000000
vt -0.000000 -0.150000 0.000000
vt -0.129904 0.075000 0.000000
vt 0.129904 0.075000 0.000000
vt -0.106066 0.106066 0.000000
vt 0.106066 0.106066 0.000000
vt -0.075000 0.129904 0.000000
vt 0.075000 0.129904 0.000000
vt -0.038823 0.144889 0.000000
vt 0.038823 0.144889 0.000000
vt -0.000000 0.150000 0.000000
vt -0.144889 -0.038823 0.000000
vt 0.144889 -0.038823 0.000000
vt -0.150000 0.000000 0.000000
vt 0.150000 0.000000 0.000000
vt -0.144889 0.038823 0.000000
vt 0.144889 0.038823 0.000000
vt -0.129904 0.075000 0.000000
vt 0.129904 0.075000 0.000000
vt -0.106066 0.106066 0.000000
vt 0.106066 0.106066 0.000000
vt -0.075000 0.129904 0.000000
vt 0.075000 0.129904 0.000000
vt -0.038823 0.144889 0.000000
vt 0.038823 0.144889 0.000000
vt 0.000000 0.150000 0.000000
vt 0.129904 -0.075000 0.000000
vt -0.129904 -0.075000 0.000000
vt 0.106066 -0.106066 0.000000
vt -0.106066 -0.106066 0.000000
vt 0.075000 -0.129904 0.000000
vt -0.075000 -0.129904 0.000000
vt 0.038823 -0.144889 0.000000
vt -0.038823 -0.144889 0.000000
vt 0.000000 -0.150000 0.000000
vt 1.500000 -0.431969 0.000000
vt 0.750000 -0.431969 0.000000
vt 1.500000 -0.471239 0.000000
vt 0.750000 -0.471239 0.000000
vt 1.500000 0.471239 0.000000
vt 0.750000 0.471239 0.000000
vt 1.500000 0.431969 0.000000
vt 0.750000 0.431969 0.000000
vt 1.500000 0.392699 0.000000
vt 0.750000 0.392699 0.000000
vt 1.500000 0.353429 0.000000
vt 0.750000 0.353429 0.000000
vt 1.500000 0.314159 0.000000
vt 0.750000 0.314159 0.000000
vt 1.500000 0.274889 0.000000
vt 0.750000 0.274889 0.000000
vt 1.500000 0.235619 0.000000
vt 0.750000 0.235619 0.000000
vt 1.500000 0.196350 0.000000
vt 0.750000 0.196350 0.000000
vt 1.500000 0.157080 0.000000
vt 0.750000 0.157080 0.000000
vt 1.500000 0.117810 0.000000
vt 0.750000 0.117810 0.000000
vt 1.500000 0.078540 0.000000
vt 0.750000 0.078540 0.000000
vt 1.500000 0.039270 0.000000
vt 0.750000 0.039270 0.000000
vt 1.500000 0.000000 0.000000
vt 0.750000 0.000000 0.000000
vt 1.500000 -0.039270 0.000000
vt 0.750000 -0.039270 0.000000
vt 1.500000 -0.078540 0.000000
vt 0.750000 -0.078540 0.000000
vt 1.500000 -0.117810 0.000000
vt 0.750000 -0.117810 0.000000
vt 1.500000 -0.157080 0.000000
vt 0.750000 -0.157080 0.000000
vt 1.500000 -0.196350 0.000000
vt 0.750000 -0.196350 0.000000
vt 1.500000 -0.235619 0.000000
vt 0.750000 -0.235619 0.000000
vt 1.500000 -0.274889 0.000000
vt 0.750000 -0.274889 0.000000
vt 1.500000 -0.314159 0.000000
vt 0.750000 -0.314159 0.000000
vt 1.500000 -0.353429 0.000000
vt 0.750000 -0.353429 0.000000
vt 1.500000 -0.392699 0.000000
vt 0.750000 -0.392699 0.000000
vt 0.000000 0.431969 0.000000
vt -0.000000 0.471239 0.000000
vt -0.000000 -0.471239 0.000000
vt 0.000000 -0.431969 0.000000
vt 0.000000 -0.392699 0.000000
vt 0.000000 -0.353429 0.000000
vt -0.000000 -0.314159 0.000000
vt -0.000000 -0.274889 0.000000
vt -0.000000 -0.235619 0.000000
vt 0.000000 -0.196350 0.000000
vt 0.000000 -0.157080 0.000000
vt 0.000000 -0.117810 0.000000
vt 0.000000 -0.078540 0.000000
vt -0.000000 -0.039270 0.000000
vt 0.000000 0.000000 0.000000
vt 0.000000 0.039270 0.000000
vt 0.000000 0.078540 0.000000
vt -0.000000 0.117810 0.000000
vt 0.000000 0.157080 0.000000
vt -0.000000 0.196350 0.000000
vt 0.000000 0.235619 0.000000
vt -0.000000 0.274889 0.000000
vt 0.000000 0.314159 0.000000
vt 0.000000 0.353429 0.000000
vt 0.000000 0.392699 0.000000
vt -3.500000 0.719948 0.000000
vt -2.333333 0.719948 0.000000
vt -3.500000 0.785398 0.000000
vt -2.333333 0.785398 0.000000
vt -3.500000 -0.785398 0.000000
vt -2.333333 -0.785398 0.000000
vt -3.500000 -0.719948 0.000000
vt -2.333333 -0.719948 0.000000
vt -3.500000 -0.654498 0.000000
vt -2.333333 -0.654498 0.000000
vt -3.500000 -0.589049 0.000000
vt -2.333333 -0.589049 0.000000
vt -3.500000 -0.523599 0.000000
vt -2.333333 -0.523599 0.000000
vt -3.500000 -0.458149 0.000000
vt -2.333333 -0.458149 0.000000
vt -3.500000 -0.392699 0.000000
vt -2.333333 -0.392699 0.000000
vt -3.500000 -0.327249 0.000000
vt -2.333333 -0.327249 0.000000
vt -3.500000 -0.261799 0.000000
vt -2.333333 -0.261799 0.000000
vt -3.500000 -0.196350 0.000000
vt -2.333333 -0.196350 0.000000
vt -3.500000 -0.130900 0.000000
vt -2.333333 -0.130900 0.000000
vt -3.500000 -0.065450 0.000000
vt -2.333333 -0.065450 0.000000
vt -3.500000 0.000000 0.000000
vt -2.333333 0.000000 0.000000
vt -3.500000 0.065450 0.000000
vt -2.333333 0.065450 0.000000
vt -3.500000 0.130900 0.000000
vt -2.333333 0.130900 0.000000
vt -3.500000 0.196350 0.000000
vt -2.333333 0.196350 0.000000
vt -3.500000 0.261799 0.000000
vt -2.333333 0.261799 0.000000
vt -3.500000 0.327249 0.000000
vt -2.333333 0.327249 0.000000
vt -3.500000 0.392699 0.000000
vt -2.333333 0.392699 0.000000
vt -3.500000 0.458149 0.000000
vt -2.333333 0.458149 0.000000
vt -3.500000 0.523599 0.000000
vt -2.333333 0.523599 0.000000
vt -3.500000 0.589049 0.000000
vt -2.333333 0.589049 0.000000
vt -3.500000 0.654498 0.000000
vt -2.333333 0.654498 0.000000
vt -0.000000 -0.719948 0.000000
vt -1.166667 -0.719948 0.000000
vt -0.000000 -0.785398 0.000000
vt -1.166667 -0.785398 0.000000
vt -0.000000 0.785398 0.000000
vt -1.166667 0.785398 0.000000
vt -0.000000 0.719948 0.000000
vt -1.166667 0.719948 0.000000
vt -0.000000 0.654498 0.000000
vt -1.166667 0.654498 0.000000
vt -0.000000 0.589049 0.000000
vt -1.166667 0.589049 0.000000
vt -0.000000 0.523599 0.000000
vt -1.166667 0.523599 0.000000
vt -0.000000 0.458149 0.000000
vt -1.166667 0.458149 0.000000
vt -0.000000 0.392699 0.000000
vt -1.166667 0.392699 0.000000
vt -0.000000 0.327249 0.000000
vt -1.166667 0.327249 0.000000
vt -0.000000 0.261799 0.000000
vt -1.166667 0.261799 0.000000
vt -0.000000 0.196350 0.000000
vt -1.166667 0.196350 0.000000
vt -0.000000 0.130900 0.000000
vt -1.166667 0.130900 0.000000
vt -0.000000 0.065450 0.000000
vt -1.166667 0.065450 0.000000
vt -0.000000 0.000000 0.000000
vt -1.166667 0.000000 0.000000
vt -0.000000 -0.065450 0.000000
vt -1.166667 -0.065450 0.000000
vt -0.000000 -0.130900 0.000000
vt -1.166667 -0.130900 0.000000
vt -0.000000 -0.196350 0.000000
vt -1.166667 -0.196350 0.000000
vt -0.000000 -0.261799 0.000000
vt -1.166667 -0.261799 0.000000
vt -0.000000 -0.327249 0.000000
vt -1.166667 -0.327249 0.000000
vt -0.000000 -0.392699 0.000000
vt -1.166667 -0.392699 0.000000
vt -0.000000 -0.458149 0.000000
vt -1.166667 -0.458149 0.000000
vt -0.000000 -0.523599 0.000000
vt -1.166667 -0.523599 0.000000
vt -0.000000 -0.589049 0.000000
vt -1.166667 -0.589049 0.000000
vt -0.000000 -0.654498 0.000000
vt -1.166667 -0.654498 0.000000
vt 0.144889 -0.038823 0.000000
vt 0.241481 -0.064705 0.000000
vt 0.150000 0.000000 0.000000
vt 0.250000 0.000000 0.000000
vt 0.144889 0.038823 0.000000
vt 0.241481 0.064705 0.000000
vt 0.129904 0.075000 0.000000
vt 0.216506 0.125000 0.000000
vt 0.106066 0.106066 0.000000
vt 0.176777 0.176777 0.000000
vt 0.075000 0.129904 0.000000
vt 0.125000 0.216506 0.000000
vt 0.038823 0.144889 0.000000
vt 0.064705 0.241481 0.000000
vt -0.000000 0.150000 0.000000
vt -0.000000 0.250000 0.000000
vt -0.064705 0.241481 0.000000
vt 0.129904 -0.075000 0.000000
vt 0.216506 -0.125000 0.000000
vt 0.106066 -0.106066 0.000000
vt 0.176777 -0.176777 0.000000
vt 0.075000 -0.129904 0.000000
vt 0.125000 -0.216506 0.000000
vt 0.038823 -0.144889 0.000000
vt 0.064705 -0.241481 0.000000
vt -0.000000 -0.150000 0.000000
vt -0.000000 -0.250000 0.000000
vt -0.064705 -0.241481 0.000000
vt -0.038823 -0.144889 0.000000
vt -0.125000 -0.216506 0.000000
vt -0.075000 -0.129904 0.000000
vt -0.176777 -0.176777 0.000000
vt -0.106066 -0.106066 0.000000
vt -0.216506 -0.125000 0.000000
vt -0.129904 -0.075000 0.000000
vt -0.241481 -0.064705 0.000000
vt -0.144889 -0.038823 0.000000
vt -0.250000 0.000000 0.000000
vt -0.150000 0.000000 0.000000
vt -0.144889 0.038823 0.000000
vt -0.241481 0.064705 0.000000
vt -0.129904 0.075000 0.000000
vt -0.216506 0.125000 0.000000
vt -0.106066 0.106066 0.000000
vt -0.176777 0.176777 0.000000
vt -0.075000 0.129904 0.000000
vt -0.125000 0.216506 0.000000
vt -0.038823 0.144889 0.000000
vn -0.965926 0.258819 0.000000
vn -0.965926 0.258819 0.000000
vn -1.000000 0.000000 0.000000
vn -1.000000 0.000000 0.000000
vn -0.965926 -0.258819 0.000000
vn -0.965926 -0.258819 0.000000
vn -0.866025 -0.500000 0.000000
vn -0.866025 -0.500000 0.000000
vn -0.707107 -0.707107 0.000000
vn -0.707107 -0.707107 0.000000
vn -0.500000 -0.866025 0.000000
vn -0.500000 -0.866025 0.000000
vn -0.258819 -0.965926 0.000000
vn -0.258819 -0.965926 0.000000
vn 0.000000 -1.000000 0.000000
vn 0.000000 -1.000000 0.000000
vn 0.258819 -0.965926 0.000000
vn 0.258819 -0.965926 0.000000
vn 0.500000 -0.866025 0.000000
vn 0.500000 -0.866025 0.000000
vn 0.707107 -0.707107 0.000000
vn 0.707107 -0.707107 0.000000
vn 0.866025 -0.500000 0.000000
vn 0.866025 -0.500000 0.000000
vn 0.965926 -0.258819 0.000000
vn 0.965926 -0.258819 0.000000
vn 1.000000 0.000000 -0.000000
vn 1.000000 0.000000 -0.000000
vn 0.965926 0.258819 -0.000000
vn 0.965926 0.258819 -0.000000
vn 0.866025 0.500000 -0.000000
vn 0.866025 0.500000 -0.000000
vn 0.707107 0.707107 -0.000000
vn 0.707107 0.707107 -0.000000
vn 0.500000 0.866025 -0.000000
vn 0.500000 0.866025 -0.000000
vn 0.258819 0.965926 -0.000000
vn 0.258819 0.965926 -0.000000
vn 0.000000 1.000000 -0.000000
vn 0.000000 1.000000 -0.000000
vn -0.258819 0.965926 0.000000
vn -0.258819 0.965926 0.000000
vn -0.500000 0.866025 0.000000
vn -0.500000 0.866025 0.000000
vn -0.707107 0.707107 0.000000
vn -0.707107 0.707107 0.000000
vn -0.866025 0.500000 0.000000
vn -0.866025 0.500000 0.000000
vn -0.965926 -0.258819 0.000000
vn -1.000000 -0.000000 0.000000
vn -0.965926 0.258819 0.000000
vn -0.866025 0.500000 0.000000
vn -0.707107 0.707107 0.000000
vn -0.500000 0.866025 0.000000
vn -0.258819 0.965926 0.000000
vn 0.000000 1.000000 -0.000000
vn 0.258819 0.965926 -0.000000
vn 0.500000 0.866025 -0.000000
vn 0.707107 0.707107 -0.000000
vn 0.866025 0.500000 -0.000000
vn 0.965926 0.258819 -0.000000
vn 1.000000 0.000000 -0.000000
vn 0.965926 -0.258819 0.000000
vn 0.866025 -0.500000 0.000000
vn 0.707107 -0.707107 0.000000
vn 0.500000 -0.866025 0.000000
vn 0.258819 -0.965926 0.000000
vn 0.000000 -1.000000 0.000000
vn -0.258819 -0.965926 0.000000
vn -0.500000 -0.866025 0.000000
vn -0.707107 -0.707107 0.000000
vn -0.866025 -0.500000 0.000000
vn 0.000000 0.000000 1.000000
vn 0.000000 0.000000 1.000000
vn 0.000000 0.000000 1.000000
vn 0.000000 0.000000 1.000000
vn 0.000000 0.000000 1.000000
vn 0.000000 0.000000 1.000000
vn 0.000000 0.000000 1.000000
vn 0.000000 0.000000 1.000000
vn 0.000000 0.000000 1.000000
vn 0.000000 0.000000 1.000000
vn 0.000000 0.000000 1.000000
vn 0.000000 0.000000 1.000000
vn 0.000000 0.000000 1.000000
vn 0.000000 0.000000 1.000000
vn 0.000000 0.000000 1.000000
vn 0.000000 0.000000 1.000000
vn 0.000000 0.000000 1.000000
vn 0.000000 0.000000 1.000000
vn 0.000000 0.000000 1.000000
vn 0.000000 0.000000 1.000000
vn 0.000000 0.000000 1.000000
vn 0.000000 0.000000 1.000000
vn 0.000000 0.000000 1.000000
vn 0.000000 0.000000 1.000000
vn 0.000000 0.000000 1.000000
vn 0.000000 0.000000 1.000000
vn 0.000000 0.000000 1.000000
vn 0.000000 0.000000 1.000000
vn 0.000000 0.000000 1.000000
vn 0.000000 0.000000 1.000000
vn 0.000000 0.000000 1.000000
vn 0.000000 0.000000 1.000000
vn 0.000000 0.000000 1.000000
vn 0.000000 0.000000 1.000000
vn 0.000000 0.000000 1.000000
vn 0.000000 0.000000 1.000000
vn 0.000000 0.000000 1.000000
vn 0.000000 0.000000 1.000000
vn 0.000000 0.000000 1.000000
vn 0.000000 0.000000 1.000000
vn 0.000000 0.000000 1.000000
vn 0.000000 0.000000 1.000000
vn 0.000000 0.000000 1.000000
vn 0.000000 0.000000 1.000000
vn 0.000000 0.000000 1.000000
vn 0.000000 0.000000 1.000000
vn 0.000000 0.000000 1.000000
vn 0.000000 0.000000 1.000000
vn -0.000000 -0.000000 -1.000000
vn -0.000000 -0.000000 -1.000000
vn -0.000000 -0.000000 -1.000000
vn -0.000000 -0.000000 -1.000000
vn -0.000000 -0.000000 -1.000000
vn -0.000000 -0.000000 -1.000000
vn -0.000000 -0.000000 -1.000000
vn -0.000000 -0.000000 -1.000000
vn -0.000000 -0.000000 -1.000000
vn -0.000000 -0.000000 -1.000000
vn -0.000000 -0.000000 -1.000000
vn -0.000000 -0.000000 -1.000000
vn -0.000000 -0.000000 -1.000000
vn -0.000000 -0.000000 -1.000000
vn -0.000000 -0.000000 -1.000000
vn -0.000000 -0.000000 -1.000000
vn -0.000000 -0.000000 -1.000000
vn -0.000000 -0.000000 -1.000000
vn -0.000000 -0.000000 -1.000000
vn -0.000000 -0.000000 -1.000000
vn -0.000000 -0.000000 -1.000000
vn -0.000000 -0.000000 -1.000000
vn -0.000000 -0.000000 -1.000000
vn -0.000000 -0.000000 -1.000000
vn 0.000000 0.000000 1.000000
vn 0.000000 0.000000 1.000000
vn 0.000000 0.000000 1.000000
vn 0.000000 0.000000 1.000000
vn 0.000000 0.000000 1.000000
vn 0.000000 0.000000 1.000000
vn 0.000000 0.000000 1.000000
vn 0.000000 0.000000 1.000000
vn 0.000000 0.000000 1.000000
vn 0.000000 0.000000 1.000000
vn 0.000000 0.000000 1.000000
vn 0.000000 0.000000 1.000000
vn 0.000000 0.000000 1.000000
vn 0.000000 0.000000 1.000000
vn 0.000000 0.000000 1.000000
vn 0.000000 0.000000 1.000000
vn 0.000000 0.000000 1.000000
vn 0.000000 0.000000 1.000000
vn 0.000000 0.000000 1.000000
vn 0.000000 0.000000 1.000000
vn 0.000000 0.000000 1.000000
vn 0.000000 0.000000 1.000000
vn 0.000000 0.000000 1.000000
vn 0.000000 0.000000 1.000000
vn -0.965926 -0.258819 0.000000
vn -0.965926 -0.258819 0.000000
vn -1.000000 -0.000000 0.000000
vn -1.000000 -0.000000 0.000000
vn -0.965926 0.258819 0.000000
vn -0.965926 0.258819 0.000000
vn -0.866025 0.500000 0.000000
vn -0.866025 0.500000 0.000000
vn -0.707107 0.707107 0.000000
vn -0.707107 0.707107 0.000000
vn -0.500000 0.866025 0.000000
vn -0.500000 0.866025 0.000000
vn -0.258819 0.965926 0.000000
vn -0.258819 0.965926 0.000000
vn 0.000000 1.000000 -0.000000
vn 0.000000 1.000000 -0.000000
vn 0.258819 0.965926 -0.000000
vn 0.258819 0.965926 -0.000000
vn 0.500000 0.866025 -0.000000
vn 0.500000 0.866025 -0.000000
vn 0.707107 0.707107 -0.000000
vn 0.707107 0.707107 -0.000000
vn 0.866025 0.500000 -0.000000
vn 0.866025 0.500000 -0.000000
vn 0.965926 0.258819 -0.000000
vn 0.965926 0.258819 -0.000000
vn 1.000000 0.000000 -0.000000
vn 1.000000 0.000000 -0.000000
vn 0.965926 -0.258819 0.000000
vn 0.965926 -0.258819 0.000000
vn 0.866025 -0.500000 0.000000
vn 0.866025 -0.500000 0.000000
vn 0.707107 -0.707107 0.000000
vn 0.707107 -0.707107 0.000000
vn 0.500000 -0.866025 0.000000
vn 0.500000 -0.866025 0.000000
vn 0.258819 -0.965926 0.000000
vn 0.258819 -0.965926 0.000000
vn 0.000000 -1.000000 0.000000
vn 0.000000 -1.000000 0.000000
vn -0.258819 -0.965926 0.000000
vn -0.258819 -0.965926 0.000000
vn -0.500000 -0.866025 0.000000
vn -0.500000 -0.866025 0.000000
vn -0.707107 -0.707107 0.000000
vn -0.707107 -0.707107 0.000000
vn -0.866025 -0.500000 0.000000
vn -0.866025 -0.500000 0.000000
vn -0.965926 0.258819 0.000000
vn -1.000000 0.000000 0.000000
vn -0.965926 -0.258819 0.000000
vn -0.866025 -0.500000 0.000000
vn -0.707107 -0.707107 0.000000
vn -0.500000 -0.866025 0.000000
vn -0.258819 -0.965926 0.000000
vn 0.000000 -1.000000 0.000000
vn 0.258819 -0.965926 0.000000
vn 0.500000 -0.866025 0.000000
vn 0.707107 -0.707107 0.000000
vn 0.866025 -0.500000 0.000000
vn 0.965926 -0.258819 0.000000
vn 1.000000 0.000000 -0.000000
vn 0.965926 0.258819 -0.000000
vn 0.866025 0.500000 -0.000000
vn 0.707107 0.707107 -0.000000
vn 0.500000 0.866025 -0.000000
vn 0.258819 0.965926 -0.000000
vn 0.000000 1.000000 -0.000000
vn -0.258819 0.965926 0.000000
vn -0.500000 0.866025 0.000000
vn -0.707107 0.707107 0.000000
vn -0.866025 0.500000 0.000000
vn 0.965926 -0.258819 -0.000000
vn 0.965926 -0.258819 -0.000000
vn 1.000000 -0.000000 -0.000000
vn 1.000000 -0.000000 -0.000000
vn 0.965926 0.258819 -0.000000
vn 0.965926 0.258819 -0.000000
vn 0.866025 0.500000 -0.000000
vn 0.866025 0.500000 -0.000000
vn 0.707107 0.707107 -0.000000
vn 0.707107 0.707107 -0.000000
vn 0.500000 0.866025 -0.000000
vn 0.500000 0.866025 -0.000000
vn 0.258819 0.965926 -0.000000
vn 0.258819 0.965926 -0.000000
vn -0.000000 1.000000 -0.000000
vn -0.000000 1.000000 -0.000000
vn -0.258819 0.965926 -0.000000
vn -0.258819 0.965926 -0.000000
vn -0.500000 0.866025 -0.000000
vn -0.500000 0.866025 -0.000000
vn -0.707107 0.707107 -0.000000
vn -0.707107 0.707107 -0.000000
vn -0.866025 0.500000 -0.000000
vn -0.866025 0.500000 -0.000000
vn -0.965926 0.258819 -0.000000
vn -0.965926 0.258819 -0.000000
vn -1.000000 -0.000000 0.000000
vn -1.000000 -0.000000 0.000000
vn -0.965926 -0.258819 0.000000
vn -0.965926 -0.258819 0.000000
vn -0.866025 -0.500000 0.000000
vn -0.866025 -0.500000 0.000000
vn -0.707107 -0.707107 0.000000
vn -0.707107 -0.707107 0.000000
vn -0.500000 -0.866025 0.000000
vn -0.500000 -0.866025 0.000000
vn -0.258819 -0.965926 0.000000
vn -0.258819 -0.965926 0.000000
vn -0.000000 -1.000000 0.000000
vn -0.000000 -1.000000 0.000000
vn 0.258819 -0.965926 -0.000000
vn 0.258819 -0.965926 -0.000000
vn 0.500000 -0.866025 -0.000000
vn 0.500000 -0.866025 -0.000000
vn 0.707107 -0.707107 -0.000000
vn 0.707107 -0.707107 -0.000000
vn 0.866025 -0.500000 -0.000000
vn 0.866025 -0.500000 -0.000000
vn 0.965926 0.258819 -0.000000
vn 0.965926 0.258819 -0.000000
vn 1.000000 0.000000 -0.000000
vn 1.000000 0.000000 -0.000000
vn 0.965926 -0.258819 -0.000000
vn 0.965926 -0.258819 -0.000000
vn 0.866025 -0.500000 -0.000000
vn 0.866025 -0.500000 -0.000000
vn 0.707107 -0.707107 -0.000000
vn 0.707107 -0.707107 -0.000000
vn 0.500000 -0.866025 -0.000000
vn 0.500000 -0.866025 -0.000000
vn 0.258819 -0.965926 -0.000000
vn 0.258819 -0.965926 -0.000000
vn -0.000000 -1.000000 0.000000
vn -0.000000 -1.000000 0.000000
vn -0.258819 -0.965926 0.000000
vn -0.258819 -0.965926 0.000000
vn -0.500000 -0.866025 0.000000
vn -0.500000 -0.866025 0.000000
vn -0.707107 -0.707107 0.000000
vn -0.707107 -0.707107 0.000000
vn -0.866025 -0.500000 0.000000
vn -0.866025 -0.500000 0.000000
vn -0.965926 -0.258819 0.000000
vn -0.965926 -0.258819 0.000000
vn -1.000000 -0.000000 0.000000
vn -1.000000 -0.000000 0.000000
vn -0.965926 0.258819 -0.000000
vn -0.965926 0.258819 -0.000000
vn -0.866025 0.500000 -0.000000
vn -0.866025 0.500000 -0.000000
vn -0.707107 0.707107 -0.000000
vn -0.707107 0.707107 -0.000000
vn -0.500000 0.866025 -0.000000
vn -0.500000 0.866025 -0.000000
vn -0.258819 0.965926 -0.000000
vn -0.258819 0.965926 -0.000000
vn -0.000000 1.000000 -0.000000
vn -0.000000 1.000000 -0.000000
vn 0.258819 0.965926 -0.000000
vn 0.258819 0.965926 -0.000000
vn 0.500000 0.866025 -0.000000
vn 0.500000 0.866025 -0.000000
vn 0.707107 0.707107 -0.000000
vn 0.707107 0.707107 -0.000000
vn 0.866025 0.500000 -0.000000
vn 0.866025 0.500000 -0.000000
vn -0.000000 -0.000000 -1.000000
vn -0.000000 -0.000000 -1.000000
vn -0.000000 -0.000000 -1.000000
vn -0.000000 -0.000000 -1.000000
vn -0.000000 -0.000000 -1.000000
vn -0.000000 -0.000000 -1.000000
vn -0.000000 -0.000000 -1.000000
vn -0.000000 -0.000000 -1.000000
vn -0.000000 -0.000000 -1.000000
vn -0.000000 -0.000000 -1.000000
vn -0.000000 -0.000000 -1.000000
vn -0.000000 -0.000000 -1.000000
vn -0.000000 -0.000000 -1.000000
vn -0.000000 -0.000000 -1.000000
vn -0.000000 -0.000000 -1.000000
vn -0.000000 -0.000000 -1.000000
vn -0.000000 -0.000000 -1.000000
vn -0.000000 -0.000000 -1.000000
vn -0.000000 -0.000000 -1.000000
vn -0.000000 -0.000000 -1.000000
vn -0.000000 -0.000000 -1.000000
vn -0.000000 -0.000000 -1.000000
vn -0.000000 -0.000000 -1.000000
vn -0.000000 -0.000000 -1.000000
vn -0.000000 -0.000000 -1.000000
vn -0.000000 -0.000000 -1.000000
vn -0.000000 -0.000000 -1.000000
vn -0.000000 -0.000000 -1.000000
vn -0.000000 -0.000000 -1.000000
vn -0.000000 -0.000000 -1.000000
vn -0.000000 -0.000000 -1.000000
vn -0.000000 -0.000000 -1.000000
vn -0.000000 -0.000000 -1.000000
vn -0.000000 -0.000000 -1.000000
vn -0.000000 -0.000000 -1.000000
vn -0.000000 -0.000000 -1.000000
vn -0.000000 -0.000000 -1.000000
vn -0.000000 -0.000000 -1.000000
vn -0.000000 -0.000000 -1.000000
vn -0.000000 -0.000000 -1.000000
vn -0.000000 -0.000000 -1.000000
vn -0.000000 -0.000000 -1.000000
vn -0.000000 -0.000000 -1.000000
vn -0.000000 -0.000000 -1.000000
vn -0.000000 -0.000000 -1.000000
vn -0.000000 -0.000000 -1.000000
vn -0.000000 -0.000000 -1.000000
vn -0.000000 -0.000000 -1.000000
usemtl Carbon_Fiber_-_Plain
f 690/1433/1377 738/1434/1378 689/1435/1379
f 689/1435/1379 738/1434/1378 737/1436/1380
f 689/1437/1379 737/1438/1380 712/1439/1381
f 712/1439/1381 737/1438/1380 760/1440/1382
f 712/1439/1381 760/1440/1382 711/1441/1383
f 711/1441/1383 760/1440/1382 759/1442/1384
f 711/1441/1383 759/1442/1384 710/1443/1385
f 710/1443/1385 759/1442/1384 758/1444/1386
f 710/1443/1385 758/1444/1386 709/1445/1387
f 709/1445/1387 758/1444/1386 757/1446/1388
f 709/1445/1387 757/1446/1388 708/1447/1389
f 708/1447/1389 757/1446/1388 756/1448/1390
f 708/1447/1389 756/1448/1390 707/1449/1391
f 707/1449/1391 756/1448/1390 755/1450/1392
f 707/1449/1391 755/1450/1392 706/1451/1393
f 706/1451/1393 755/1450/1392 754/1452/1394
f 706/1451/1393 754/1452/1394 705/1453/1395
f 705/1453/1395 754/1452/1394 753/1454/1396
f 705/1453/1395 753/1454/1396 704/1455/1397
f 704/1455/1397 753/1454/1396 752/1456/1398
f 704/1455/1397 752/1456/1398 703/1457/1399
f 703/1457/1399 752/1456/1398 751/1458/1400
f 703/1457/1399 751/1458/1400 702/1459/1401
f 702/1459/1401 751/1458/1400 750/1460/1402
f 702/1459/1401 750/1460/1402 701/1461/1403
f 701/1461/1403 750/1460/1402 749/1462/1404
f 701/1461/1403 749/1462/1404 700/1463/1405
f 700/1463/1405 749/1462/1404 748/1464/1406
f 700/1463/1405 748/1464/1406 699/1465/1407
f 699/1465/1407 748/1464/1406 747/1466/1408
f 699/1465/1407 747/1466/1408 698/1467/1409
f 698/1467/1409 747/1466/1408 746/1468/1410
f 698/1467/1409 746/1468/1410 697/1469/1411
f 697/1469/1411 746/1468/1410 745/1470/1412
f 697/1469/1411 745/1470/1412 696/1471/1413
f 696/1471/1413 745/1470/1412 744/1472/1414
f 696/1471/1413 744/1472/1414 695/1473/1415
f 695/1473/1415 744/1472/1414 743/1474/1416
f 695/1473/1415 743/1474/1416 694/1475/1417
f 694/1475/1417 743/1474/1416 742/1476/1418
f 694/1475/1417 742/1476/1418 693/1477/1419
f 693/1477/1419 742/1476/1418 741/1478/1420
f 693/1477/1419 741/1478/1420 692/1479/1421
f 692/1479/1421 741/1478/1420 740/1480/1422
f 692/1479/1421 740/1480/1422 691/1481/1423
f 691/1481/1423 740/1480/1422 739/1482/1424
f 691/1481/1423 739/1482/1424 690/1433/1377
f 690/1433/1377 739/1482/1424 738/1434/1378
f 714/1483/1425 760/1440/1382 713/1484/1426
f 713/1484/1426 760/1440/1382 737/1438/1380
f 713/1485/1426 737/1436/1380 736/1486/1427
f 736/1486/1427 737/1436/1380 738/1434/1378
f 736/1486/1427 738/1434/1378 735/1487/1428
f 735/1487/1428 738/1434/1378 739/1482/1424
f 735/1487/1428 739/1482/1424 734/1488/1429
f 734/1488/1429 739/1482/1424 740/1480/1422
f 734/1488/1429 740/1480/1422 733/1489/1430
f 733/1489/1430 740/1480/1422 741/1478/1420
f 733/1489/1430 741/1478/1420 732/1490/1431
f 732/1490/1431 741/1478/1420 742/1476/1418
f 732/1490/1431 742/1476/1418 731/1491/1432
f 731/1491/1432 742/1476/1418 743/1474/1416
f 731/1491/1432 743/1474/1416 730/1492/1433
f 730/1492/1433 743/1474/1416 744/1472/1414
f 730/1492/1433 744/1472/1414 729/1493/1434
f 729/1493/1434 744/1472/1414 745/1470/1412
f 729/1493/1434 745/1470/1412 728/1494/1435
f 728/1494/1435 745/1470/1412 746/1468/1410
f 728/1494/1435 746/1468/1410 727/1495/1436
f 727/1495/1436 746/1468/1410 747/1466/1408
f 727/1495/1436 747/1466/1408 726/1496/1437
f 726/1496/1437 747/1466/1408 748/1464/1406
f 726/1496/1437 748/1464/1406 725/1497/1438
f 725/1497/1438 748/1464/1406 749/1462/1404
f 725/1497/1438 749/1462/1404 724/1498/1439
f 724/1498/1439 749/1462/1404 750/1460/1402
f 724/1498/1439 750/1460/1402 723/1499/1440
f 723/1499/1440 750/1460/1402 751/1458/1400
f 723/1499/1440 751/1458/1400 722/1500/1441
f 722/1500/1441 751/1458/1400 752/1456/1398
f 722/1500/1441 752/1456/1398 721/1501/1442
f 721/1501/1442 752/1456/1398 753/1454/1396
f 721/1501/1442 753/1454/1396 720/1502/1443
f 720/1502/1443 753/1454/1396 754/1452/1394
f 720/1502/1443 754/1452/1394 719/1503/1444
f 719/1503/1444 754/1452/1394 755/1450/1392
f 719/1503/1444 755/1450/1392 718/1504/1445
f 718/1504/1445 755/1450/1392 756/1448/1390
f 718/1504/1445 756/1448/1390 717/1505/1446
f 717/1505/1446 756/1448/1390 757/1446/1388
f 717/1505/1446 757/1446/1388 716/1506/1447
f 716/1506/1447 757/1446/1388 758/1444/1386
f 716/1506/1447 758/1444/1386 715/1507/1448
f 715/1507/1448 758/1444/1386 759/1442/1384
f 715/1507/1448 759/1442/1384 714/1483/1425
f 714/1483/1425 759/1442/1384 760/1440/1382
f 714/1508/1449 713/1509/1450 761/1510/1451
f 761/1510/1451 713/1509/1450 736/1511/1452
f 761/1510/1451 736/1511/1452 784/1512/1453
f 784/1512/1453 736/1511/1452 735/1513/1454
f 784/1512/1453 735/1513/1454 783/1514/1455
f 783/1514/1455 735/1513/1454 734/1515/1456
f 783/1514/1455 734/1515/1456 782/1516/1457
f 782/1516/1457 734/1515/1456 733/1517/1458
f 782/1516/1457 733/1517/1458 781/1518/1459
f 781/1518/1459 733/1517/1458 732/1519/1460
f 781/1518/1459 732/1519/1460 780/1520/1461
f 780/1520/1461 732/1519/1460 731/1521/1462
f 780/1520/1461 731/1521/1462 779/1522/1463
f 779/1522/1463 731/1521/1462 778/1523/1464
f 778/1523/1464 731/1521/1462 730/1524/1465
f 778/1523/1464 730/1524/1465 777/1525/1466
f 777/1525/1466 730/1524/1465 729/1526/1467
f 777/1525/1466 729/1526/1467 776/1527/1468
f 776/1527/1468 729/1526/1467 728/1528/1469
f 776/1527/1468 728/1528/1469 775/1529/1470
f 775/1529/1470 728/1528/1469 727/1530/1471
f 775/1529/1470 727/1530/1471 774/1531/1472
f 774/1531/1472 727/1530/1471 726/1532/1473
f 774/1531/1472 726/1532/1473 773/1533/1474
f 773/1533/1474 726/1532/1473 725/1534/1475
f 773/1533/1474 725/1534/1475 772/1535/1476
f 772/1535/1476 725/1534/1475 724/1536/1477
f 772/1535/1476 724/1536/1477 723/1537/1478
f 772/1535/1476 723/1537/1478 771/1538/1479
f 771/1538/1479 723/1537/1478 722/1539/1480
f 771/1538/1479 722/1539/1480 770/1540/1481
f 770/1540/1481 722/1539/1480 721/1541/1482
f 770/1540/1481 721/1541/1482 769/1542/1483
f 769/1542/1483 721/1541/1482 720/1543/1484
f 769/1542/1483 720/1543/1484 768/1544/1485
f 768/1544/1485 720/1543/1484 719/1545/1486
f 768/1544/1485 719/1545/1486 767/1546/1487
f 767/1546/1487 719/1545/1486 766/1547/1488
f 766/1547/1488 719/1545/1486 718/1548/1489
f 766/1547/1488 718/1548/1489 765/1549/1490
f 765/1549/1490 718/1548/1489 717/1550/1491
f 765/1549/1490 717/1550/1491 764/1551/1492
f 764/1551/1492 717/1550/1491 716/1552/1493
f 764/1551/1492 716/1552/1493 763/1553/1494
f 763/1553/1494 716/1552/1493 715/1554/1495
f 763/1553/1494 715/1554/1495 762/1555/1496
f 762/1555/1496 715/1554/1495 714/1508/1449
f 762/1555/1496 714/1508/1449 761/1510/1451
f 786/1556/1497 796/1557/1498 785/1558/1499
f 785/1558/1499 796/1557/1498 797/1559/1500
f 785/1558/1499 797/1559/1500 808/1560/1501
f 808/1560/1501 797/1559/1500 798/1561/1502
f 808/1560/1501 798/1561/1502 807/1562/1503
f 807/1562/1503 798/1561/1502 799/1563/1504
f 807/1562/1503 799/1563/1504 806/1564/1505
f 806/1564/1505 799/1563/1504 800/1565/1506
f 806/1564/1505 800/1565/1506 805/1566/1507
f 805/1566/1507 800/1565/1506 801/1567/1508
f 805/1566/1507 801/1567/1508 804/1568/1509
f 804/1568/1509 801/1567/1508 802/1569/1510
f 804/1568/1509 802/1569/1510 803/1570/1511
f 796/1557/1498 786/1556/1497 795/1571/1512
f 795/1571/1512 786/1556/1497 787/1572/1513
f 795/1571/1512 787/1572/1513 794/1573/1514
f 794/1573/1514 787/1572/1513 788/1574/1515
f 794/1573/1514 788/1574/1515 793/1575/1516
f 793/1575/1516 788/1574/1515 789/1576/1517
f 793/1575/1516 789/1576/1517 792/1577/1518
f 792/1577/1518 789/1576/1517 790/1578/1519
f 792/1577/1518 790/1578/1519 791/1579/1520
f 712/1580/1521 702/1581/1522 689/1582/1523
f 689/1582/1523 702/1581/1522 701/1583/1524
f 689/1582/1523 701/1583/1524 690/1584/1525
f 690/1584/1525 701/1583/1524 700/1585/1526
f 690/1584/1525 700/1585/1526 691/1586/1527
f 691/1586/1527 700/1585/1526 699/1587/1528
f 691/1586/1527 699/1587/1528 692/1588/1529
f 692/1588/1529 699/1587/1528 698/1589/1530
f 692/1588/1529 698/1589/1530 693/1590/1531
f 693/1590/1531 698/1589/1530 697/1591/1532
f 693/1590/1531 697/1591/1532 694/1592/1533
f 694/1592/1533 697/1591/1532 696/1593/1534
f 694/1592/1533 696/1593/1534 695/1594/1535
f 702/1581/1522 712/1580/1521 703/1595/1536
f 703/1595/1536 712/1580/1521 711/1596/1537
f 703/1595/1536 711/1596/1537 704/1597/1538
f 704/1597/1538 711/1596/1537 710/1598/1539
f 704/1597/1538 710/1598/1539 705/1599/1540
f 705/1599/1540 710/1598/1539 709/1600/1541
f 705/1599/1540 709/1600/1541 706/1601/1542
f 706/1601/1542 709/1600/1541 708/1602/1543
f 706/1601/1542 708/1602/1543 707/1603/1544
f 808/1604/1545 834/1605/1546 785/1606/1547
f 785/1606/1547 834/1605/1546 833/1607/1548
f 785/1608/1547 833/1609/1548 786/1610/1549
f 786/1610/1549 833/1609/1548 856/1611/1550
f 786/1610/1549 856/1611/1550 787/1612/1551
f 787/1612/1551 856/1611/1550 855/1613/1552
f 787/1612/1551 855/1613/1552 788/1614/1553
f 788/1614/1553 855/1613/1552 854/1615/1554
f 788/1614/1553 854/1615/1554 789/1616/1555
f 789/1616/1555 854/1615/1554 853/1617/1556
f 789/1616/1555 853/1617/1556 790/1618/1557
f 790/1618/1557 853/1617/1556 852/1619/1558
f 790/1618/1557 852/1619/1558 791/1620/1559
f 791/1620/1559 852/1619/1558 851/1621/1560
f 791/1620/1559 851/1621/1560 792/1622/1561
f 792/1622/1561 851/1621/1560 850/1623/1562
f 792/1622/1561 850/1623/1562 793/1624/1563
f 793/1624/1563 850/1623/1562 849/1625/1564
f 793/1624/1563 849/1625/1564 794/1626/1565
f 794/1626/1565 849/1625/1564 848/1627/1566
f 794/1626/1565 848/1627/1566 795/1628/1567
f 795/1628/1567 848/1627/1566 847/1629/1568
f 795/1628/1567 847/1629/1568 796/1630/1569
f 796/1630/1569 847/1629/1568 846/1631/1570
f 796/1630/1569 846/1631/1570 797/1632/1571
f 797/1632/1571 846/1631/1570 845/1633/1572
f 797/1632/1571 845/1633/1572 798/1634/1573
f 798/1634/1573 845/1633/1572 844/1635/1574
f 798/1634/1573 844/1635/1574 799/1636/1575
f 799/1636/1575 844/1635/1574 843/1637/1576
f 799/1636/1575 843/1637/1576 800/1638/1577
f 800/1638/1577 843/1637/1576 842/1639/1578
f 800/1638/1577 842/1639/1578 801/1640/1579
f 801/1640/1579 842/1639/1578 841/1641/1580
f 801/1640/1579 841/1641/1580 802/1642/1581
f 802/1642/1581 841/1641/1580 840/1643/1582
f 802/1642/1581 840/1643/1582 803/1644/1583
f 803/1644/1583 840/1643/1582 839/1645/1584
f 803/1644/1583 839/1645/1584 804/1646/1585
f 804/1646/1585 839/1645/1584 838/1647/1586
f 804/1646/1585 838/1647/1586 805/1648/1587
f 805/1648/1587 838/1647/1586 837/1649/1588
f 805/1648/1587 837/1649/1588 806/1650/1589
f 806/1650/1589 837/1649/1588 836/1651/1590
f 806/1650/1589 836/1651/1590 807/1652/1591
f 807/1652/1591 836/1651/1590 835/1653/1592
f 807/1652/1591 835/1653/1592 808/1604/1545
f 808/1604/1545 835/1653/1592 834/1605/1546
f 810/1654/1593 856/1611/1550 809/1655/1594
f 809/1655/1594 856/1611/1550 833/1609/1548
f 809/1656/1594 833/1607/1548 832/1657/1595
f 832/1657/1595 833/1607/1548 834/1605/1546
f 832/1657/1595 834/1605/1546 831/1658/1596
f 831/1658/1596 834/1605/1546 835/1653/1592
f 831/1658/1596 835/1653/1592 830/1659/1597
f 830/1659/1597 835/1653/1592 836/1651/1590
f 830/1659/1597 836/1651/1590 829/1660/1598
f 829/1660/1598 836/1651/1590 837/1649/1588
f 829/1660/1598 837/1649/1588 828/1661/1599
f 828/1661/1599 837/1649/1588 838/1647/1586
f 828/1661/1599 838/1647/1586 827/1662/1600
f 827/1662/1600 838/1647/1586 839/1645/1584
f 827/1662/1600 839/1645/1584 826/1663/1601
f 826/1663/1601 839/1645/1584 840/1643/1582
f 826/1663/1601 840/1643/1582 825/1664/1602
f 825/1664/1602 840/1643/1582 841/1641/1580
f 825/1664/1602 841/1641/1580 824/1665/1603
f 824/1665/1603 841/1641/1580 842/1639/1578
f 824/1665/1603 842/1639/1578 823/1666/1604
f 823/1666/1604 842/1639/1578 843/1637/1576
f 823/1666/1604 843/1637/1576 822/1667/1605
f 822/1667/1605 843/1637/1576 844/1635/1574
f 822/1667/1605 844/1635/1574 821/1668/1606
f 821/1668/1606 844/1635/1574 845/1633/1572
f 821/1668/1606 845/1633/1572 820/1669/1607
f 820/1669/1607 845/1633/1572 846/1631/1570
f 820/1669/1607 846/1631/1570 819/1670/1608
f 819/1670/1608 846/1631/1570 847/1629/1568
f 819/1670/1608 847/1629/1568 818/1671/1609
f 818/1671/1609 847/1629/1568 848/1627/1566
f 818/1671/1609 848/1627/1566 817/1672/1610
f 817/1672/1610 848/1627/1566 849/1625/1564
f 817/1672/1610 849/1625/1564 816/1673/1611
f 816/1673/1611 849/1625/1564 850/1623/1562
f 816/1673/1611 850/1623/1562 815/1674/1612
f 815/1674/1612 850/1623/1562 851/1621/1560
f 815/1674/1612 851/1621/1560 814/1675/1613
f 814/1675/1613 851/1621/1560 852/1619/1558
f 814/1675/1613 852/1619/1558 813/1676/1614
f 813/1676/1614 852/1619/1558 853/1617/1556
f 813/1676/1614 853/1617/1556 812/1677/1615
f 812/1677/1615 853/1617/1556 854/1615/1554
f 812/1677/1615 854/1615/1554 811/1678/1616
f 811/1678/1616 854/1615/1554 855/1613/1552
f 811/1678/1616 855/1613/1552 810/1654/1593
f 810/1654/1593 855/1613/1552 856/1611/1550
f 784/1679/1617 883/1680/1618 761/1681/1619
f 761/1681/1619 883/1680/1618 881/1682/1620
f 761/1683/1619 881/1684/1620 762/1685/1621
f 762/1685/1621 881/1684/1620 927/1686/1622
f 762/1685/1621 927/1686/1622 763/1687/1623
f 763/1687/1623 927/1686/1622 925/1688/1624
f 763/1687/1623 925/1688/1624 764/1689/1625
f 764/1689/1625 925/1688/1624 923/1690/1626
f 764/1689/1625 923/1690/1626 765/1691/1627
f 765/1691/1627 923/1690/1626 921/1692/1628
f 765/1691/1627 921/1692/1628 766/1693/1629
f 766/1693/1629 921/1692/1628 919/1694/1630
f 766/1693/1629 919/1694/1630 767/1695/1631
f 767/1695/1631 919/1694/1630 917/1696/1632
f 767/1695/1631 917/1696/1632 768/1697/1633
f 768/1697/1633 917/1696/1632 915/1698/1634
f 768/1697/1633 915/1698/1634 769/1699/1635
f 769/1699/1635 915/1698/1634 913/1700/1636
f 769/1699/1635 913/1700/1636 770/1701/1637
f 770/1701/1637 913/1700/1636 911/1702/1638
f 770/1701/1637 911/1702/1638 771/1703/1639
f 771/1703/1639 911/1702/1638 909/1704/1640
f 771/1703/1639 909/1704/1640 772/1705/1641
f 772/1705/1641 909/1704/1640 907/1706/1642
f 772/1705/1641 907/1706/1642 773/1707/1643
f 773/1707/1643 907/1706/1642 905/1708/1644
f 773/1707/1643 905/1708/1644 774/1709/1645
f 774/1709/1645 905/1708/1644 903/1710/1646
f 774/1709/1645 903/1710/1646 775/1711/1647
f 775/1711/1647 903/1710/1646 901/1712/1648
f 775/1711/1647 901/1712/1648 776/1713/1649
f 776/1713/1649 901/1712/1648 899/1714/1650
f 776/1713/1649 899/1714/1650 777/1715/1651
f 777/1715/1651 899/1714/1650 897/1716/1652
f 777/1715/1651 897/1716/1652 778/1717/1653
f 778/1717/1653 897/1716/1652 895/1718/1654
f 778/1717/1653 895/1718/1654 779/1719/1655
f 779/1719/1655 895/1718/1654 893/1720/1656
f 779/1719/1655 893/1720/1656 780/1721/1657
f 780/1721/1657 893/1720/1656 891/1722/1658
f 780/1721/1657 891/1722/1658 781/1723/1659
f 781/1723/1659 891/1722/1658 889/1724/1660
f 781/1723/1659 889/1724/1660 782/1725/1661
f 782/1725/1661 889/1724/1660 887/1726/1662
f 782/1725/1661 887/1726/1662 783/1727/1663
f 783/1727/1663 887/1726/1662 885/1728/1664
f 783/1727/1663 885/1728/1664 784/1679/1617
f 784/1679/1617 885/1728/1664 883/1680/1618
f 858/1729/1665 928/1730/1666 857/1731/1667
f 857/1731/1667 928/1730/1666 882/1732/1668
f 857/1733/1667 882/1734/1668 880/1735/1669
f 880/1735/1669 882/1734/1668 884/1736/1670
f 880/1735/1669 884/1736/1670 879/1737/1671
f 879/1737/1671 884/1736/1670 886/1738/1672
f 879/1737/1671 886/1738/1672 878/1739/1673
f 878/1739/1673 886/1738/1672 888/1740/1674
f 878/1739/1673 888/1740/1674 877/1741/1675
f 877/1741/1675 888/1740/1674 890/1742/1676
f 877/1741/1675 890/1742/1676 876/1743/1677
f 876/1743/1677 890/1742/1676 892/1744/1678
f 876/1743/1677 892/1744/1678 875/1745/1679
f 875/1745/1679 892/1744/1678 894/1746/1680
f 875/1745/1679 894/1746/1680 874/1747/1681
f 874/1747/1681 894/1746/1680 896/1748/1682
f 874/1747/1681 896/1748/1682 873/1749/1683
f 873/1749/1683 896/1748/1682 898/1750/1684
f 873/1749/1683 898/1750/1684 872/1751/1685
f 872/1751/1685 898/1750/1684 900/1752/1686
f 872/1751/1685 900/1752/1686 871/1753/1687
f 871/1753/1687 900/1752/1686 902/1754/1688
f 871/1753/1687 902/1754/1688 870/1755/1689
f 870/1755/1689 902/1754/1688 904/1756/1690
f 870/1755/1689 904/1756/1690 869/1757/1691
f 869/1757/1691 904/1756/1690 906/1758/1692
f 869/1757/1691 906/1758/1692 868/1759/1693
f 868/1759/1693 906/1758/1692 908/1760/1694
f 868/1759/1693 908/1760/1694 867/1761/1695
f 867/1761/1695 908/1760/1694 910/1762/1696
f 867/1761/1695 910/1762/1696 866/1763/1697
f 866/1763/1697 910/1762/1696 912/1764/1698
f 866/1763/1697 912/1764/1698 865/1765/1699
f 865/1765/1699 912/1764/1698 914/1766/1700
f 865/1765/1699 914/1766/1700 864/1767/1701
f 864/1767/1701 914/1766/1700 916/1768/1702
f 864/1767/1701 916/1768/1702 863/1769/1703
f 863/1769/1703 916/1768/1702 918/1770/1704
f 863/1769/1703 918/1770/1704 862/1771/1705
f 862/1771/1705 918/1770/1704 920/1772/1706
f 862/1771/1705 920/1772/1706 861/1773/1707
f 861/1773/1707 920/1772/1706 922/1774/1708
f 861/1773/1707 922/1774/1708 860/1775/1709
f 860/1775/1709 922/1774/1708 924/1776/1710
f 860/1775/1709 924/1776/1710 859/1777/1711
f 859/1777/1711 924/1776/1710 926/1778/1712
f 859/1777/1711 926/1778/1712 858/1729/1665
f 858/1729/1665 926/1778/1712 928/1730/1666
f 881/1684/1620 882/1732/1668 927/1686/1622
f 927/1686/1622 882/1732/1668 928/1730/1666
f 927/1686/1622 928/1730/1666 925/1688/1624
f 925/1688/1624 928/1730/1666 926/1778/1712
f 925/1688/1624 926/1778/1712 923/1690/1626
f 923/1690/1626 926/1778/1712 924/1776/1710
f 923/1690/1626 924/1776/1710 921/1692/1628
f 921/1692/1628 924/1776/1710 922/1774/1708
f 921/1692/1628 922/1774/1708 919/1694/1630
f 919/1694/1630 922/1774/1708 920/1772/1706
f 919/1694/1630 920/1772/1706 917/1696/1632
f 917/1696/1632 920/1772/1706 918/1770/1704
f 917/1696/1632 918/1770/1704 915/1698/1634
f 915/1698/1634 918/1770/1704 916/1768/1702
f 915/1698/1634 916/1768/1702 913/1700/1636
f 913/1700/1636 916/1768/1702 914/1766/1700
f 913/1700/1636 914/1766/1700 911/1702/1638
f 911/1702/1638 914/1766/1700 912/1764/1698
f 911/1702/1638 912/1764/1698 909/1704/1640
f 909/1704/1640 912/1764/1698 910/1762/1696
f 909/1704/1640 910/1762/1696 907/1706/1642
f 907/1706/1642 910/1762/1696 908/1760/1694
f 907/1706/1642 908/1760/1694 905/1708/1644
f 905/1708/1644 908/1760/1694 906/1758/1692
f 905/1708/1644 906/1758/1692 903/1710/1646
f 903/1710/1646 906/1758/1692 904/1756/1690
f 903/1710/1646 904/1756/1690 901/1712/1648
f 901/1712/1648 904/1756/1690 902/1754/1688
f 901/1712/1648 902/1754/1688 899/1714/1650
f 899/1714/1650 902/1754/1688 900/1752/1686
f 899/1714/1650 900/1752/1686 897/1716/1652
f 897/1716/1652 900/1752/1686 898/1750/1684
f 897/1716/1652 898/1750/1684 895/1718/1654
f 895/1718/1654 898/1750/1684 896/1748/1682
f 895/1718/1654 896/1748/1682 893/1720/1656
f 893/1720/1656 896/1748/1682 894/1746/1680
f 893/1720/1656 894/1746/1680 891/1722/1658
f 891/1722/1658 894/1746/1680 892/1744/1678
f 891/1722/1658 892/1744/1678 889/1724/1660
f 889/1724/1660 892/1744/1678 890/1742/1676
f 889/1724/1660 890/1742/1676 887/1726/1662
f 887/1726/1662 890/1742/1676 888/1740/1674
f 887/1726/1662 888/1740/1674 885/1728/1664
f 885/1728/1664 888/1740/1674 886/1738/1672
f 885/1728/1664 886/1738/1672 883/1680/1618
f 883/1680/1618 886/1738/1672 884/1736/1670
f 883/1680/1618 884/1736/1670 881/1682/1620
f 881/1682/1620 884/1736/1670 882/1734/1668
f 832/1779/1713 858/1780/1714 809/1781/1715
f 809/1781/1715 858/1780/1714 857/1782/1716
f 809/1781/1715 857/1782/1716 810/1783/1717
f 810/1783/1717 857/1782/1716 880/1784/1718
f 810/1783/1717 880/1784/1718 811/1785/1719
f 811/1785/1719 880/1784/1718 879/1786/1720
f 811/1785/1719 879/1786/1720 812/1787/1721
f 812/1787/1721 879/1786/1720 878/1788/1722
f 812/1787/1721 878/1788/1722 813/1789/1723
f 813/1789/1723 878/1788/1722 877/1790/1724
f 813/1789/1723 877/1790/1724 814/1791/1725
f 814/1791/1725 877/1790/1724 876/1792/1726
f 814/1791/1725 876/1792/1726 815/1793/1727
f 815/1793/1727 876/1792/1726 875/1794/1728
f 815/1793/1727 875/1794/1728 874/1795/1729
f 832/1779/1713 831/1796/1730 858/1780/1714
f 858/1780/1714 831/1796/1730 859/1797/1731
f 859/1797/1731 831/1796/1730 830/1798/1732
f 859/1797/1731 830/1798/1732 860/1799/1733
f 860/1799/1733 830/1798/1732 829/1800/1734
f 860/1799/1733 829/1800/1734 861/1801/1735
f 861/1801/1735 829/1800/1734 828/1802/1736
f 861/1801/1735 828/1802/1736 862/1803/1737
f 862/1803/1737 828/1802/1736 827/1804/1738
f 862/1803/1737 827/1804/1738 863/1805/1739
f 863/1805/1739 827/1804/1738 864/1806/1740
f 864/1806/1740 827/1804/1738 826/1807/1741
f 864/1806/1740 826/1807/1741 865/1808/1742
f 865/1808/1742 826/1807/1741 825/1809/1743
f 865/1808/1742 825/1809/1743 866/1810/1744
f 866/1810/1744 825/1809/1743 824/1811/1745
f 866/1810/1744 824/1811/1745 867/1812/1746
f 867/1812/1746 824/1811/1745 823/1813/1747
f 867/1812/1746 823/1813/1747 868/1814/1748
f 868/1814/1748 823/1813/1747 822/1815/1749
f 868/1814/1748 822/1815/1749 869/1816/1750
f 869/1816/1750 822/1815/1749 821/1817/1751
f 869/1816/1750 821/1817/1751 820/1818/1752
f 869/1816/1750 820/1818/1752 870/1819/1753
f 870/1819/1753 820/1818/1752 819/1820/1754
f 870/1819/1753 819/1820/1754 871/1821/1755
f 871/1821/1755 819/1820/1754 818/1822/1756
f 871/1821/1755 818/1822/1756 872/1823/1757
f 872/1823/1757 818/1822/1756 817/1824/1758
f 872/1823/1757 817/1824/1758 873/1825/1759
f 873/1825/1759 817/1824/1758 816/1826/1760
f 873/1825/1759 816/1826/1760 874/1795/1729
f 874/1795/1729 816/1826/1760 815/1793/1727
g Body3

v 6.950000 0.600000 2.200000
v 6.944889 0.561177 2.200000
v 6.929904 0.525000 2.200000
v 6.906066 0.493934 2.200000
v 6.875000 0.470096 2.200000
v 6.838823 0.455111 2.200000
v 6.800000 0.450000 2.200000
v 6.761177 0.455111 2.200000
v 6.725000 0.470096 2.200000
v 6.693934 0.493934 2.200000
v 6.670096 0.525000 2.200000
v 6.655111 0.561177 2.200000
v 6.650000 0.600000 2.200000
v 6.655111 0.638823 2.200000
v 6.670096 0.675000 2.200000
v 6.693934 0.706066 2.200000
v 6.725000 0.729904 2.200000
v 6.761177 0.744889 2.200000
v 6.800000 0.750000 2.200000
v 6.838823 0.744889 2.200000
v 6.875000 0.729904 2.200000
v 6.906066 0.706066 2.200000
v 6.929904 0.675000 2.200000
v 6.944889 0.638823 2.200000
v 6.950000 0.600000 3.700000
v 6.944889 0.638823 3.700000
v 6.929904 0.675000 3.700000
v 6.906066 0.706066 3.700000
v 6.875000 0.729904 3.700000
v 6.838823 0.744889 3.700000
v 6.800000 0.750000 3.700000
v 6.761177 0.744889 3.700000
v 6.725000 0.729904 3.700000
v 6.693934 0.706066 3.700000
v 6.670096 0.675000 3.700000
v 6.655111 0.638823 3.700000
v 6.650000 0.600000 3.700000
v 6.655111 0.561177 3.700000
v 6.670096 0.525000 3.700000
v 6.693934 0.493934 3.700000
v 6.725000 0.470096 3.700000
v 6.761177 0.455111 3.700000
v 6.800000 0.450000 3.700000
v 6.838823 0.455111 3.700000
v 6.875000 0.470096 3.700000
v 6.906066 0.493934 3.700000
v 6.929904 0.525000 3.700000
v 6.944889 0.561177 3.700000
v 6.950000 0.600000 2.950000
v 6.944889 0.561177 2.950000
v 6.929904 0.525000 2.950000
v 6.906066 0.493934 2.950000
v 6.875000 0.470096 2.950000
v 6.838823 0.455111 2.950000
v 6.800000 0.450000 2.950000
v 6.761177 0.455111 2.950000
v 6.725000 0.470096 2.950000
v 6.693934 0.493934 2.950000
v 6.670096 0.525000 2.950000
v 6.655111 0.561177 2.950000
v 6.650000 0.600000 2.950000
v 6.655111 0.638823 2.950000
v 6.670096 0.675000 2.950000
v 6.693934 0.706066 2.950000
v 6.725000 0.729904 2.950000
v 6.761177 0.744889 2.950000
v 6.800000 0.750000 2.950000
v 6.838823 0.744889 2.950000
v 6.875000 0.729904 2.950000
v 6.906066 0.706066 2.950000
v 6.929904 0.675000 2.950000
v 6.944889 0.638823 2.950000
v 7.050000 0.600000 3.700000
v 7.041481 0.664705 3.700000
v 7.016506 0.725000 3.700000
v 6.976777 0.776777 3.700000
v 6.925000 0.816506 3.700000
v 6.864705 0.841481 3.700000
v 6.800000 0.850000 3.700000
v 6.735295 0.841481 3.700000
v 6.675000 0.816506 3.700000
v 6.623223 0.776777 3.700000
v 6.583494 0.725000 3.700000
v 6.558519 0.664705 3.700000
v 6.550000 0.600000 3.700000
v 6.558519 0.535295 3.700000
v 6.583494 0.475000 3.700000
v 6.623223 0.423223 3.700000
v 6.675000 0.383494 3.700000
v 6.735295 0.358519 3.700000
v 6.800000 0.350000 3.700000
v 6.864705 0.358519 3.700000
v 6.925000 0.383494 3.700000
v 6.976777 0.423223 3.700000
v 7.016506 0.475000 3.700000
v 7.041481 0.535295 3.700000
v 6.950000 0.600000 1.700000
v 6.944889 0.561177 1.700000
v 6.929904 0.525000 1.700000
v 6.906066 0.493934 1.700000
v 6.875000 0.470096 1.700000
v 6.838823 0.455111 1.700000
v 6.800000 0.450000 1.700000
v 6.761177 0.455111 1.700000
v 6.725000 0.470096 1.700000
v 6.693934 0.493934 1.700000
v 6.670096 0.525000 1.700000
v 6.655111 0.561177 1.700000
v 6.650000 0.600000 1.700000
v 6.655111 0.638823 1.700000
v 6.670096 0.675000 1.700000
v 6.693934 0.706066 1.700000
v 6.725000 0.729904 1.700000
v 6.761177 0.744889 1.700000
v 6.800000 0.750000 1.700000
v 6.838823 0.744889 1.700000
v 6.875000 0.729904 1.700000
v 6.906066 0.706066 1.700000
v 6.929904 0.675000 1.700000
v 6.944889 0.638823 1.700000
v 6.950000 0.600000 0.200000
v 6.944889 0.561177 0.200000
v 6.929904 0.525000 0.200000
v 6.906066 0.493934 0.200000
v 6.875000 0.470096 0.200000
v 6.838823 0.455111 0.200000
v 6.800000 0.450000 0.200000
v 6.761177 0.455111 0.200000
v 6.725000 0.470096 0.200000
v 6.693934 0.493934 0.200000
v 6.670096 0.525000 0.200000
v 6.655111 0.561177 0.200000
v 6.650000 0.600000 0.200000
v 6.655111 0.638823 0.200000
v 6.670096 0.675000 0.200000
v 6.693934 0.706066 0.200000
v 6.725000 0.729904 0.200000
v 6.761177 0.744889 0.200000
v 6.800000 0.750000 0.200000
v 6.838823 0.744889 0.200000
v 6.875000 0.729904 0.200000
v 6.906066 0.706066 0.200000
v 6.929904 0.675000 0.200000
v 6.944889 0.638823 0.200000
v 6.950000 0.600000 0.950000
v 6.944889 0.638823 0.950000
v 6.929904 0.675000 0.950000
v 6.906066 0.706066 0.950000
v 6.875000 0.729904 0.950000
v 6.838823 0.744889 0.950000
v 6.800000 0.750000 0.950000
v 6.761177 0.744889 0.950000
v 6.725000 0.729904 0.950000
v 6.693934 0.706066 0.950000
v 6.670096 0.675000 0.950000
v 6.655111 0.638823 0.950000
v 6.650000 0.600000 0.950000
v 6.655111 0.561177 0.950000
v 6.670096 0.525000 0.950000
v 6.693934 0.493934 0.950000
v 6.725000 0.470096 0.950000
v 6.761177 0.455111 0.950000
v 6.800000 0.450000 0.950000
v 6.838823 0.455111 0.950000
v 6.875000 0.470096 0.950000
v 6.906066 0.493934 0.950000
v 6.929904 0.525000 0.950000
v 6.944889 0.561177 0.950000
v 7.050000 0.600000 0.200000
v 7.041481 0.664705 0.200000
v 7.016506 0.725000 0.200000
v 6.976777 0.776777 0.200000
v 6.925000 0.816506 0.200000
v 6.864705 0.841481 0.200000
v 6.800000 0.850000 0.200000
v 6.735295 0.841481 0.200000
v 6.675000 0.816506 0.200000
v 6.623223 0.776777 0.200000
v 6.583494 0.725000 0.200000
v 6.558519 0.664705 0.200000
v 6.550000 0.600000 0.200000
v 6.558519 0.535295 0.200000
v 6.583494 0.475000 0.200000
v 6.623223 0.423223 0.200000
v 6.675000 0.383494 0.200000
v 6.735295 0.358519 0.200000
v 6.800000 0.350000 0.200000
v 6.864705 0.358519 0.200000
v 6.925000 0.383494 0.200000
v 6.976777 0.423223 0.200000
v 7.016506 0.475000 0.200000
v 7.041481 0.535295 0.200000
v 7.050000 0.600000 2.533333
v 7.050000 0.600000 1.366667
v 7.041481 0.535295 2.533333
v 7.041481 0.535295 1.366667
v 7.016506 0.475000 2.533333
v 7.016506 0.475000 1.366667
v 6.976777 0.423223 2.533333
v 6.976777 0.423223 1.366667
v 6.925000 0.383494 2.533333
v 6.925000 0.383494 1.366667
v 6.864705 0.358519 2.533333
v 6.864705 0.358519 1.366667
v 6.800000 0.350000 2.533333
v 6.800000 0.350000 1.366667
v 6.735295 0.358519 2.533333
v 6.735295 0.358519 1.366667
v 6.675000 0.383494 2.533333
v 6.675000 0.383494 1.366667
v 6.623223 0.423223 2.533333
v 6.623223 0.423223 1.366667
v 6.583494 0.475000 2.533333
v 6.583494 0.475000 1.366667
v 6.558519 0.535295 2.533333
v 6.558519 0.535295 1.366667
v 6.550000 0.600000 2.533333
v 6.550000 0.600000 1.366667
v 6.558519 0.664705 2.533333
v 6.558519 0.664705 1.366667
v 6.583494 0.725000 2.533333
v 6.583494 0.725000 1.366667
v 6.623223 0.776777 2.533333
v 6.623223 0.776777 1.366667
v 6.675000 0.816506 2.533333
v 6.675000 0.816506 1.366667
v 6.735295 0.841481 2.533333
v 6.735295 0.841481 1.366667
v 6.800000 0.850000 2.533333
v 6.800000 0.850000 1.366667
v 6.864705 0.841481 2.533333
v 6.864705 0.841481 1.366667
v 6.925000 0.816506 2.533333
v 6.925000 0.816506 1.366667
v 6.976777 0.776777 2.533333
v 6.976777 0.776777 1.366667
v 7.016506 0.725000 2.533333
v 7.016506 0.725000 1.366667
v 7.041481 0.664705 2.533333
v 7.041481 0.664705 1.366667
vt 2.000000 0.431969 0.000000
vt 2.750000 0.431969 0.000000
vt 2.000000 0.471239 0.000000
vt 2.750000 0.471239 0.000000
vt 2.000000 -0.471239 0.000000
vt 2.750000 -0.471239 0.000000
vt 2.000000 -0.431969 0.000000
vt 2.750000 -0.431969 0.000000
vt 2.000000 -0.392699 0.000000
vt 2.750000 -0.392699 0.000000
vt 2.000000 -0.353429 0.000000
vt 2.750000 -0.353429 0.000000
vt 2.000000 -0.314159 0.000000
vt 2.750000 -0.314159 0.000000
vt 2.000000 -0.274889 0.000000
vt 2.750000 -0.274889 0.000000
vt 2.000000 -0.235619 0.000000
vt 2.750000 -0.235619 0.000000
vt 2.000000 -0.196350 0.000000
vt 2.750000 -0.196350 0.000000
vt 2.000000 -0.157080 0.000000
vt 2.750000 -0.157080 0.000000
vt 2.000000 -0.117810 0.000000
vt 2.750000 -0.117810 0.000000
vt 2.000000 -0.078540 0.000000
vt 2.750000 -0.078540 0.000000
vt 2.000000 -0.039270 0.000000
vt 2.750000 -0.039270 0.000000
vt 2.000000 0.000000 0.000000
vt 2.750000 0.000000 0.000000
vt 2.000000 0.039270 0.000000
vt 2.750000 0.039270 0.000000
vt 2.000000 0.078540 0.000000
vt 2.750000 0.078540 0.000000
vt 2.000000 0.117810 0.000000
vt 2.750000 0.117810 0.000000
vt 2.000000 0.157080 0.000000
vt 2.750000 0.157080 0.000000
vt 2.000000 0.196350 0.000000
vt 2.750000 0.196350 0.000000
vt 2.000000 0.235619 0.000000
vt 2.750000 0.235619 0.000000
vt 2.000000 0.274889 0.000000
vt 2.750000 0.274889 0.000000
vt 2.000000 0.314159 0.000000
vt 2.750000 0.314159 0.000000
vt 2.000000 0.353429 0.000000
vt 2.750000 0.353429 0.000000
vt 2.000000 0.392699 0.000000
vt 2.750000 0.392699 0.000000
vt 3.500000 -0.431969 0.000000
vt 3.500000 -0.471239 0.000000
vt 3.500000 0.471239 0.000000
vt 3.500000 0.431969 0.000000
vt 3.500000 0.392699 0.000000
vt 3.500000 0.353429 0.000000
vt 3.500000 0.314159 0.000000
vt 3.500000 0.274889 0.000000
vt 3.500000 0.235619 0.000000
vt 3.500000 0.196350 0.000000
vt 3.500000 0.157080 0.000000
vt 3.500000 0.117810 0.000000
vt 3.500000 0.078540 0.000000
vt 3.500000 0.039270 0.000000
vt 3.500000 0.000000 0.000000
vt 3.500000 -0.039270 0.000000
vt 3.500000 -0.078540 0.000000
vt 3.500000 -0.117810 0.000000
vt 3.500000 -0.157080 0.000000
vt 3.500000 -0.196350 0.000000
vt 3.500000 -0.235619 0.000000
vt 3.500000 -0.274889 0.000000
vt 3.500000 -0.314159 0.000000
vt 3.500000 -0.353429 0.000000
vt 3.500000 -0.392699 0.000000
vt -0.144889 -0.038823 0.000000
vt -0.150000 0.000000 0.000000
vt -0.250000 0.000000 0.000000
vt -0.144889 0.038823 0.000000
vt -0.241481 0.064705 0.000000
vt -0.129904 0.075000 0.000000
vt -0.216506 0.125000 0.000000
vt -0.106066 0.106066 0.000000
vt -0.176777 0.176777 0.000000
vt -0.075000 0.129904 0.000000
vt -0.125000 0.216506 0.000000
vt -0.038823 0.144889 0.000000
vt -0.064705 0.241481 0.000000
vt 0.000000 0.150000 0.000000
vt 0.000000 0.250000 0.000000
vt 0.064705 0.241481 0.000000
vt 0.038823 0.144889 0.000000
vt 0.125000 0.216506 0.000000
vt 0.075000 0.129904 0.000000
vt 0.176777 0.176777 0.000000
vt 0.106066 0.106066 0.000000
vt 0.216506 0.125000 0.000000
vt 0.129904 0.075000 0.000000
vt 0.241481 0.064705 0.000000
vt 0.144889 0.038823 0.000000
vt 0.250000 0.000000 0.000000
vt 0.150000 0.000000 0.000000
vt 0.241481 -0.064705 0.000000
vt 0.144889 -0.038823 0.000000
vt 0.129904 -0.075000 0.000000
vt 0.216506 -0.125000 0.000000
vt 0.106066 -0.106066 0.000000
vt 0.176777 -0.176777 0.000000
vt 0.075000 -0.129904 0.000000
vt 0.125000 -0.216506 0.000000
vt 0.038823 -0.144889 0.000000
vt 0.064705 -0.241481 0.000000
vt 0.000000 -0.150000 0.000000
vt 0.000000 -0.250000 0.000000
vt -0.064705 -0.241481 0.000000
vt -0.038823 -0.144889 0.000000
vt -0.125000 -0.216506 0.000000
vt -0.075000 -0.129904 0.000000
vt -0.176777 -0.176777 0.000000
vt -0.106066 -0.106066 0.000000
vt -0.216506 -0.125000 0.000000
vt -0.129904 -0.075000 0.000000
vt -0.241481 -0.064705 0.000000
vt 0.144889 0.038823 0.000000
vt -0.144889 0.038823 0.000000
vt 0.150000 0.000000 0.000000
vt -0.150000 0.000000 0.000000
vt 0.144889 -0.038823 0.000000
vt -0.144889 -0.038823 0.000000
vt 0.129904 -0.075000 0.000000
vt -0.129904 -0.075000 0.000000
vt 0.106066 -0.106066 0.000000
vt -0.106066 -0.106066 0.000000
vt 0.075000 -0.129904 0.000000
vt -0.075000 -0.129904 0.000000
vt 0.038823 -0.144889 0.000000
vt -0.038823 -0.144889 0.000000
vt -0.000000 -0.150000 0.000000
vt -0.129904 0.075000 0.000000
vt 0.129904 0.075000 0.000000
vt -0.106066 0.106066 0.000000
vt 0.106066 0.106066 0.000000
vt -0.075000 0.129904 0.000000
vt 0.075000 0.129904 0.000000
vt -0.038823 0.144889 0.000000
vt 0.038823 0.144889 0.000000
vt -0.000000 0.150000 0.000000
vt -0.144889 -0.038823 0.000000
vt 0.144889 -0.038823 0.000000
vt -0.150000 0.000000 0.000000
vt 0.150000 0.000000 0.000000
vt -0.144889 0.038823 0.000000
vt 0.144889 0.038823 0.000000
vt -0.129904 0.075000 0.000000
vt 0.129904 0.075000 0.000000
vt -0.106066 0.106066 0.000000
vt 0.106066 0.106066 0.000000
vt -0.075000 0.129904 0.000000
vt 0.075000 0.129904 0.000000
vt -0.038823 0.144889 0.000000
vt 0.038823 0.144889 0.000000
vt 0.000000 0.150000 0.000000
vt 0.129904 -0.075000 0.000000
vt -0.129904 -0.075000 0.000000
vt 0.106066 -0.106066 0.000000
vt -0.106066 -0.106066 0.000000
vt 0.075000 -0.129904 0.000000
vt -0.075000 -0.129904 0.000000
vt 0.038823 -0.144889 0.000000
vt -0.038823 -0.144889 0.000000
vt 0.000000 -0.150000 0.000000
vt 1.500000 -0.431969 0.000000
vt 0.750000 -0.431969 0.000000
vt 1.500000 -0.471239 0.000000
vt 0.750000 -0.471239 0.000000
vt 1.500000 0.471239 0.000000
vt 0.750000 0.471239 0.000000
vt 1.500000 0.431969 0.000000
vt 0.750000 0.431969 0.000000
vt 1.500000 0.392699 0.000000
vt 0.750000 0.392699 0.000000
vt 1.500000 0.353429 0.000000
vt 0.750000 0.353429 0.000000
vt 1.500000 0.314159 0.000000
vt 0.750000 0.314159 0.000000
vt 1.500000 0.274889 0.000000
vt 0.750000 0.274889 0.000000
vt 1.500000 0.235619 0.000000
vt 0.750000 0.235619 0.000000
vt 1.500000 0.196350 0.000000
vt 0.750000 0.196350 0.000000
vt 1.500000 0.157080 0.000000
vt 0.750000 0.157080 0.000000
vt 1.500000 0.117810 0.000000
vt 0.750000 0.117810 0.000000
vt 1.500000 0.078540 0.000000
vt 0.750000 0.078540 0.000000
vt 1.500000 0.039270 0.000000
vt 0.750000 0.039270 0.000000
vt 1.500000 0.000000 0.000000
vt 0.750000 0.000000 0.000000
vt 1.500000 -0.039270 0.000000
vt 0.750000 -0.039270 0.000000
vt 1.500000 -0.078540 0.000000
vt 0.750000 -0.078540 0.000000
vt 1.500000 -0.117810 0.000000
vt 0.750000 -0.117810 0.000000
vt 1.500000 -0.157080 0.000000
vt 0.750000 -0.157080 0.000000
vt 1.500000 -0.196350 0.000000
vt 0.750000 -0.196350 0.000000
vt 1.500000 -0.235619 0.000000
vt 0.750000 -0.235619 0.000000
vt 1.500000 -0.274889 0.000000
vt 0.750000 -0.274889 0.000000
vt 1.500000 -0.314159 0.000000
vt 0.750000 -0.314159 0.000000
vt 1.500000 -0.353429 0.000000
vt 0.750000 -0.353429 0.000000
vt 1.500000 -0.392699 0.000000
vt 0.750000 -0.392699 0.000000
vt 0.000000 0.431969 0.000000
vt -0.000000 0.471239 0.000000
vt -0.000000 -0.471239 0.000000
vt 0.000000 -0.431969 0.000000
vt -0.000000 -0.392699 0.000000
vt 0.000000 -0.353429 0.000000
vt -0.000000 -0.314159 0.000000
vt -0.000000 -0.274889 0.000000
vt -0.000000 -0.235619 0.000000
vt 0.000000 -0.196350 0.000000
vt -0.000000 -0.157080 0.000000
vt 0.000000 -0.117810 0.000000
vt -0.000000 -0.078540 0.000000
vt 0.000000 -0.039270 0.000000
vt -0.000000 0.000000 0.000000
vt 0.000000 0.039270 0.000000
vt -0.000000 0.078540 0.000000
vt 0.000000 0.117810 0.000000
vt -0.000000 0.157080 0.000000
vt -0.000000 0.196350 0.000000
vt 0.000000 0.235619 0.000000
vt -0.000000 0.274889 0.000000
vt -0.000000 0.314159 0.000000
vt 0.000000 0.353429 0.000000
vt -0.000000 0.392699 0.000000
vt -3.500000 0.719948 0.000000
vt -2.333333 0.719948 0.000000
vt -3.500000 0.785398 0.000000
vt -2.333333 0.785398 0.000000
vt -3.500000 -0.785398 0.000000
vt -2.333333 -0.785398 0.000000
vt -3.500000 -0.719948 0.000000
vt -2.333333 -0.719948 0.000000
vt -3.500000 -0.654498 0.000000
vt -2.333333 -0.654498 0.000000
vt -3.500000 -0.589049 0.000000
vt -2.333333 -0.589049 0.000000
vt -3.500000 -0.523599 0.000000
vt -2.333333 -0.523599 0.000000
vt -3.500000 -0.458149 0.000000
vt -2.333333 -0.458149 0.000000
vt -3.500000 -0.392699 0.000000
vt -2.333333 -0.392699 0.000000
vt -3.500000 -0.327249 0.000000
vt -2.333333 -0.327249 0.000000
vt -3.500000 -0.261799 0.000000
vt -2.333333 -0.261799 0.000000
vt -3.500000 -0.196350 0.000000
vt -2.333333 -0.196350 0.000000
vt -3.500000 -0.130900 0.000000
vt -2.333333 -0.130900 0.000000
vt -3.500000 -0.065450 0.000000
vt -2.333333 -0.065450 0.000000
vt -3.500000 0.000000 0.000000
vt -2.333333 0.000000 0.000000
vt -3.500000 0.065450 0.000000
vt -2.333333 0.065450 0.000000
vt -3.500000 0.130900 0.000000
vt -2.333333 0.130900 0.000000
vt -3.500000 0.196350 0.000000
vt -2.333333 0.196350 0.000000
vt -3.500000 0.261799 0.000000
vt -2.333333 0.261799 0.000000
vt -3.500000 0.327249 0.000000
vt -2.333333 0.327249 0.000000
vt -3.500000 0.392699 0.000000
vt -2.333333 0.392699 0.000000
vt -3.500000 0.458149 0.000000
vt -2.333333 0.458149 0.000000
vt -3.500000 0.523599 0.000000
vt -2.333333 0.523599 0.000000
vt -3.500000 0.589049 0.000000
vt -2.333333 0.589049 0.000000
vt -3.500000 0.654498 0.000000
vt -2.333333 0.654498 0.000000
vt -0.000000 -0.719948 0.000000
vt -1.166667 -0.719948 0.000000
vt -0.000000 -0.785398 0.000000
vt -1.166667 -0.785398 0.000000
vt -0.000000 0.785398 0.000000
vt -1.166667 0.785398 0.000000
vt -0.000000 0.719948 0.000000
vt -1.166667 0.719948 0.000000
vt -0.000000 0.654498 0.000000
vt -1.166667 0.654498 0.000000
vt -0.000000 0.589049 0.000000
vt -1.166667 0.589049 0.000000
vt -0.000000 0.523599 0.000000
vt -1.166667 0.523599 0.000000
vt -0.000000 0.458149 0.000000
vt -1.166667 0.458149 0.000000
vt -0.000000 0.392699 0.000000
vt -1.166667 0.392699 0.000000
vt -0.000000 0.327249 0.000000
vt -1.166667 0.327249 0.000000
vt -0.000000 0.261799 0.000000
vt -1.166667 0.261799 0.000000
vt -0.000000 0.196350 0.000000
vt -1.166667 0.196350 0.000000
vt -0.000000 0.130900 0.000000
vt -1.166667 0.130900 0.000000
vt -0.000000 0.065450 0.000000
vt -1.166667 0.065450 0.000000
vt -0.000000 0.000000 0.000000
vt -1.166667 0.000000 0.000000
vt -0.000000 -0.065450 0.000000
vt -1.166667 -0.065450 0.000000
vt -0.000000 -0.130900 0.000000
vt -1.166667 -0.130900 0.000000
vt -0.000000 -0.196350 0.000000
vt -1.166667 -0.196350 0.000000
vt -0.000000 -0.261799 0.000000
vt -1.166667 -0.261799 0.000000
vt -0.000000 -0.327249 0.000000
vt -1.166667 -0.327249 0.000000
vt -0.000000 -0.392699 0.000000
vt -1.166667 -0.392699 0.000000
vt -0.000000 -0.458149 0.000000
vt -1.166667 -0.458149 0.000000
vt -0.000000 -0.523599 0.000000
vt -1.166667 -0.523599 0.000000
vt -0.000000 -0.589049 0.000000
vt -1.166667 -0.589049 0.000000
vt -0.000000 -0.654498 0.000000
vt -1.166667 -0.654498 0.000000
vt 0.144889 -0.038823 0.000000
vt 0.241481 -0.064705 0.000000
vt 0.150000 0.000000 0.000000
vt 0.250000 0.000000 0.000000
vt 0.144889 0.038823 0.000000
vt 0.241481 0.064705 0.000000
vt 0.129904 0.075000 0.000000
vt 0.216506 0.125000 0.000000
vt 0.106066 0.106066 0.000000
vt 0.176777 0.176777 0.000000
vt 0.075000 0.129904 0.000000
vt 0.125000 0.216506 0.000000
vt 0.038823 0.144889 0.000000
vt 0.064705 0.241481 0.000000
vt -0.000000 0.150000 0.000000
vt -0.000000 0.250000 0.000000
vt -0.064705 0.241481 0.000000
vt 0.129904 -0.075000 0.000000
vt 0.216506 -0.125000 0.000000
vt 0.106066 -0.106066 0.000000
vt 0.176777 -0.176777 0.000000
vt 0.075000 -0.129904 0.000000
vt 0.125000 -0.216506 0.000000
vt 0.038823 -0.144889 0.000000
vt 0.064705 -0.241481 0.000000
vt -0.000000 -0.150000 0.000000
vt -0.000000 -0.250000 0.000000
vt -0.064705 -0.241481 0.000000
vt -0.038823 -0.144889 0.000000
vt -0.125000 -0.216506 0.000000
vt -0.075000 -0.129904 0.000000
vt -0.176777 -0.176777 0.000000
vt -0.106066 -0.106066 0.000000
vt -0.216506 -0.125000 0.000000
vt -0.129904 -0.075000 0.000000
vt -0.241481 -0.064705 0.000000
vt -0.144889 -0.038823 0.000000
vt -0.250000 0.000000 0.000000
vt -0.150000 0.000000 0.000000
vt -0.144889 0.038823 0.000000
vt -0.241481 0.064705 0.000000
vt -0.129904 0.075000 0.000000
vt -0.216506 0.125000 0.000000
vt -0.106066 0.106066 0.000000
vt -0.176777 0.176777 0.000000
vt -0.075000 0.129904 0.000000
vt -0.125000 0.216506 0.000000
vt -0.038823 0.144889 0.000000
vn -0.965926 0.258819 0.000000
vn -0.965926 0.258819 0.000000
vn -1.000000 0.000000 0.000000
vn -1.000000 0.000000 0.000000
vn -0.965926 -0.258819 0.000000
vn -0.965926 -0.258819 0.000000
vn -0.866025 -0.500000 0.000000
vn -0.866025 -0.500000 0.000000
vn -0.707107 -0.707107 0.000000
vn -0.707107 -0.707107 0.000000
vn -0.500000 -0.866025 0.000000
vn -0.500000 -0.866025 0.000000
vn -0.258819 -0.965926 0.000000
vn -0.258819 -0.965926 0.000000
vn 0.000000 -1.000000 0.000000
vn 0.000000 -1.000000 0.000000
vn 0.258819 -0.965926 0.000000
vn 0.258819 -0.965926 0.000000
vn 0.500000 -0.866025 0.000000
vn 0.500000 -0.866025 0.000000
vn 0.707107 -0.707107 0.000000
vn 0.707107 -0.707107 0.000000
vn 0.866025 -0.500000 0.000000
vn 0.866025 -0.500000 0.000000
vn 0.965926 -0.258819 0.000000
vn 0.965926 -0.258819 0.000000
vn 1.000000 0.000000 -0.000000
vn 1.000000 0.000000 -0.000000
vn 0.965926 0.258819 -0.000000
vn 0.965926 0.258819 -0.000000
vn 0.866025 0.500000 -0.000000
vn 0.866025 0.500000 -0.000000
vn 0.707107 0.707107 -0.000000
vn 0.707107 0.707107 -0.000000
vn 0.500000 0.866025 -0.000000
vn 0.500000 0.866025 -0.000000
vn 0.258819 0.965926 -0.000000
vn 0.258819 0.965926 -0.000000
vn 0.000000 1.000000 -0.000000
vn 0.000000 1.000000 -0.000000
vn -0.258819 0.965926 0.000000
vn -0.258819 0.965926 0.000000
vn -0.500000 0.866025 0.000000
vn -0.500000 0.866025 0.000000
vn -0.707107 0.707107 0.000000
vn -0.707107 0.707107 0.000000
vn -0.866025 0.500000 0.000000
vn -0.866025 0.500000 0.000000
vn -0.965926 -0.258819 0.000000
vn -1.000000 -0.000000 0.000000
vn -0.965926 0.258819 0.000000
vn -0.866025 0.500000 0.000000
vn -0.707107 0.707107 0.000000
vn -0.500000 0.866025 0.000000
vn -0.258819 0.965926 0.000000
vn 0.000000 1.000000 -0.000000
vn 0.258819 0.965926 -0.000000
vn 0.500000 0.866025 -0.000000
vn 0.707107 0.707107 -0.000000
vn 0.866025 0.500000 -0.000000
vn 0.965926 0.258819 -0.000000
vn 1.000000 0.000000 -0.000000
vn 0.965926 -0.258819 0.000000
vn 0.866025 -0.500000 0.000000
vn 0.707107 -0.707107 0.000000
vn 0.500000 -0.866025 0.000000
vn 0.258819 -0.965926 0.000000
vn 0.000000 -1.000000 0.000000
vn -0.258819 -0.965926 0.000000
vn -0.500000 -0.866025 0.000000
vn -0.707107 -0.707107 0.000000
vn -0.866025 -0.500000 0.000000
vn 0.000000 0.000000 1.000000
vn 0.000000 0.000000 1.000000
vn 0.000000 0.000000 1.000000
vn 0.000000 0.000000 1.000000
vn 0.000000 0.000000 1.000000
vn 0.000000 0.000000 1.000000
vn 0.000000 0.000000 1.000000
vn 0.000000 0.000000 1.000000
vn 0.000000 0.000000 1.000000
vn 0.000000 0.000000 1.000000
vn 0.000000 0.000000 1.000000
vn 0.000000 0.000000 1.000000
vn 0.000000 0.000000 1.000000
vn 0.000000 0.000000 1.000000
vn 0.000000 0.000000 1.000000
vn 0.000000 0.000000 1.000000
vn 0.000000 0.000000 1.000000
vn 0.000000 0.000000 1.000000
vn 0.000000 0.000000 1.000000
vn 0.000000 0.000000 1.000000
vn 0.000000 0.000000 1.000000
vn 0.000000 0.000000 1.000000
vn 0.000000 0.000000 1.000000
vn 0.000000 0.000000 1.000000
vn 0.000000 0.000000 1.000000
vn 0.000000 0.000000 1.000000
vn 0.000000 0.000000 1.000000
vn 0.000000 0.000000 1.000000
vn 0.000000 0.000000 1.000000
vn 0.000000 0.000000 1.000000
vn 0.000000 0.000000 1.000000
vn 0.000000 0.000000 1.000000
vn 0.000000 0.000000 1.000000
vn 0.000000 0.000000 1.000000
vn 0.000000 0.000000 1.000000
vn 0.000000 0.000000 1.000000
vn 0.000000 0.000000 1.000000
vn 0.000000 0.000000 1.000000
vn 0.000000 0.000000 1.000000
vn 0.000000 0.000000 1.000000
vn 0.000000 0.000000 1.000000
vn 0.000000 0.000000 1.000000
vn 0.000000 0.000000 1.000000
vn 0.000000 0.000000 1.000000
vn 0.000000 0.000000 1.000000
vn 0.000000 0.000000 1.000000
vn 0.000000 0.000000 1.000000
vn 0.000000 0.000000 1.000000
vn -0.000000 -0.000000 -1.000000
vn -0.000000 -0.000000 -1.000000
vn -0.000000 -0.000000 -1.000000
vn -0.000000 -0.000000 -1.000000
vn -0.000000 -0.000000 -1.000000
vn -0.000000 -0.000000 -1.000000
vn -0.000000 -0.000000 -1.000000
vn -0.000000 -0.000000 -1.000000
vn -0.000000 -0.000000 -1.000000
vn -0.000000 -0.000000 -1.000000
vn -0.000000 -0.000000 -1.000000
vn -0.000000 -0.000000 -1.000000
vn -0.000000 -0.000000 -1.000000
vn -0.000000 -0.000000 -1.000000
vn -0.000000 -0.000000 -1.000000
vn -0.000000 -0.000000 -1.000000
vn -0.000000 -0.000000 -1.000000
vn -0.000000 -0.000000 -1.000000
vn -0.000000 -0.000000 -1.000000
vn -0.000000 -0.000000 -1.000000
vn -0.000000 -0.000000 -1.000000
vn -0.000000 -0.000000 -1.000000
vn -0.000000 -0.000000 -1.000000
vn -0.000000 -0.000000 -1.000000
vn 0.000000 0.000000 1.000000
vn 0.000000 0.000000 1.000000
vn 0.000000 0.000000 1.000000
vn 0.000000 0.000000 1.000000
vn 0.000000 0.000000 1.000000
vn 0.000000 0.000000 1.000000
vn 0.000000 0.000000 1.000000
vn 0.000000 0.000000 1.000000
vn 0.000000 0.000000 1.000000
vn 0.000000 0.000000 1.000000
vn 0.000000 0.000000 1.000000
vn 0.000000 0.000000 1.000000
vn 0.000000 0.000000 1.000000
vn 0.000000 0.000000 1.000000
vn 0.000000 0.000000 1.000000
vn 0.000000 0.000000 1.000000
vn 0.000000 0.000000 1.000000
vn 0.000000 0.000000 1.000000
vn 0.000000 0.000000 1.000000
vn 0.000000 0.000000 1.000000
vn 0.000000 0.000000 1.000000
vn 0.000000 0.000000 1.000000
vn 0.000000 0.000000 1.000000
vn 0.000000 0.000000 1.000000
vn -0.965926 -0.258819 0.000000
vn -0.965926 -0.258819 0.000000
vn -1.000000 -0.000000 0.000000
vn -1.000000 -0.000000 0.000000
vn -0.965926 0.258819 0.000000
vn -0.965926 0.258819 0.000000
vn -0.866025 0.500000 0.000000
vn -0.866025 0.500000 0.000000
vn -0.707107 0.707107 0.000000
vn -0.707107 0.707107 0.000000
vn -0.500000 0.866025 0.000000
vn -0.500000 0.866025 0.000000
vn -0.258819 0.965926 0.000000
vn -0.258819 0.965926 0.000000
vn 0.000000 1.000000 -0.000000
vn 0.000000 1.000000 -0.000000
vn 0.258819 0.965926 -0.000000
vn 0.258819 0.965926 -0.000000
vn 0.500000 0.866025 -0.000000
vn 0.500000 0.866025 -0.000000
vn 0.707107 0.707107 -0.000000
vn 0.707107 0.707107 -0.000000
vn 0.866025 0.500000 -0.000000
vn 0.866025 0.500000 -0.000000
vn 0.965926 0.258819 -0.000000
vn 0.965926 0.258819 -0.000000
vn 1.000000 0.000000 -0.000000
vn 1.000000 0.000000 -0.000000
vn 0.965926 -0.258819 0.000000
vn 0.965926 -0.258819 0.000000
vn 0.866025 -0.500000 0.000000
vn 0.866025 -0.500000 0.000000
vn 0.707107 -0.707107 0.000000
vn 0.707107 -0.707107 0.000000
vn 0.500000 -0.866025 0.000000
vn 0.500000 -0.866025 0.000000
vn 0.258819 -0.965926 0.000000
vn 0.258819 -0.965926 0.000000
vn 0.000000 -1.000000 0.000000
vn 0.000000 -1.000000 0.000000
vn -0.258819 -0.965926 0.000000
vn -0.258819 -0.965926 0.000000
vn -0.500000 -0.866025 0.000000
vn -0.500000 -0.866025 0.000000
vn -0.707107 -0.707107 0.000000
vn -0.707107 -0.707107 0.000000
vn -0.866025 -0.500000 0.000000
vn -0.866025 -0.500000 0.000000
vn -0.965926 0.258819 0.000000
vn -1.000000 0.000000 0.000000
vn -0.965926 -0.258819 0.000000
vn -0.866025 -0.500000 0.000000
vn -0.707107 -0.707107 0.000000
vn -0.500000 -0.866025 0.000000
vn -0.258819 -0.965926 0.000000
vn 0.000000 -1.000000 0.000000
vn 0.258819 -0.965926 0.000000
vn 0.500000 -0.866025 0.000000
vn 0.707107 -0.707107 0.000000
vn 0.866025 -0.500000 0.000000
vn 0.965926 -0.258819 0.000000
vn 1.000000 0.000000 -0.000000
vn 0.965926 0.258819 -0.000000
vn 0.866025 0.500000 -0.000000
vn 0.707107 0.707107 -0.000000
vn 0.500000 0.866025 -0.000000
vn 0.258819 0.965926 -0.000000
vn 0.000000 1.000000 -0.000000
vn -0.258819 0.965926 0.000000
vn -0.500000 0.866025 0.000000
vn -0.707107 0.707107 0.000000
vn -0.866025 0.500000 0.000000
vn 0.965926 -0.258819 -0.000000
vn 0.965926 -0.258819 -0.000000
vn 1.000000 -0.000000 -0.000000
vn 1.000000 -0.000000 -0.000000
vn 0.965926 0.258819 -0.000000
vn 0.965926 0.258819 -0.000000
vn 0.866025 0.500000 -0.000000
vn 0.866025 0.500000 -0.000000
vn 0.707107 0.707107 -0.000000
vn 0.707107 0.707107 -0.000000
vn 0.500000 0.866025 -0.000000
vn 0.500000 0.866025 -0.000000
vn 0.258819 0.965926 -0.000000
vn 0.258819 0.965926 -0.000000
vn -0.000000 1.000000 -0.000000
vn -0.000000 1.000000 -0.000000
vn -0.258819 0.965926 -0.000000
vn -0.258819 0.965926 -0.000000
vn -0.500000 0.866025 -0.000000
vn -0.500000 0.866025 -0.000000
vn -0.707107 0.707107 -0.000000
vn -0.707107 0.707107 -0.000000
vn -0.866025 0.500000 -0.000000
vn -0.866025 0.500000 -0.000000
vn -0.965926 0.258819 -0.000000
vn -0.965926 0.258819 -0.000000
vn -1.000000 -0.000000 0.000000
vn -1.000000 -0.000000 0.000000
vn -0.965926 -0.258819 0.000000
vn -0.965926 -0.258819 0.000000
vn -0.866025 -0.500000 0.000000
vn -0.866025 -0.500000 0.000000
vn -0.707107 -0.707107 0.000000
vn -0.707107 -0.707107 0.000000
vn -0.500000 -0.866025 0.000000
vn -0.500000 -0.866025 0.000000
vn -0.258819 -0.965926 0.000000
vn -0.258819 -0.965926 0.000000
vn -0.000000 -1.000000 0.000000
vn -0.000000 -1.000000 0.000000
vn 0.258819 -0.965926 -0.000000
vn 0.258819 -0.965926 -0.000000
vn 0.500000 -0.866025 -0.000000
vn 0.500000 -0.866025 -0.000000
vn 0.707107 -0.707107 -0.000000
vn 0.707107 -0.707107 -0.000000
vn 0.866025 -0.500000 -0.000000
vn 0.866025 -0.500000 -0.000000
vn 0.965926 0.258819 -0.000000
vn 0.965926 0.258819 -0.000000
vn 1.000000 0.000000 -0.000000
vn 1.000000 0.000000 -0.000000
vn 0.965926 -0.258819 -0.000000
vn 0.965926 -0.258819 -0.000000
vn 0.866025 -0.500000 -0.000000
vn 0.866025 -0.500000 -0.000000
vn 0.707107 -0.707107 -0.000000
vn 0.707107 -0.707107 -0.000000
vn 0.500000 -0.866025 -0.000000
vn 0.500000 -0.866025 -0.000000
vn 0.258819 -0.965926 -0.000000
vn 0.258819 -0.965926 -0.000000
vn -0.000000 -1.000000 0.000000
vn -0.000000 -1.000000 0.000000
vn -0.258819 -0.965926 0.000000
vn -0.258819 -0.965926 0.000000
vn -0.500000 -0.866025 0.000000
vn -0.500000 -0.866025 0.000000
vn -0.707107 -0.707107 0.000000
vn -0.707107 -0.707107 0.000000
vn -0.866025 -0.500000 0.000000
vn -0.866025 -0.500000 0.000000
vn -0.965926 -0.258819 0.000000
vn -0.965926 -0.258819 0.000000
vn -1.000000 -0.000000 0.000000
vn -1.000000 -0.000000 0.000000
vn -0.965926 0.258819 -0.000000
vn -0.965926 0.258819 -0.000000
vn -0.866025 0.500000 -0.000000
vn -0.866025 0.500000 -0.000000
vn -0.707107 0.707107 -0.000000
vn -0.707107 0.707107 -0.000000
vn -0.500000 0.866025 -0.000000
vn -0.500000 0.866025 -0.000000
vn -0.258819 0.965926 -0.000000
vn -0.258819 0.965926 -0.000000
vn -0.000000 1.000000 -0.000000
vn -0.000000 1.000000 -0.000000
vn 0.258819 0.965926 -0.000000
vn 0.258819 0.965926 -0.000000
vn 0.500000 0.866025 -0.000000
vn 0.500000 0.866025 -0.000000
vn 0.707107 0.707107 -0.000000
vn 0.707107 0.707107 -0.000000
vn 0.866025 0.500000 -0.000000
vn 0.866025 0.500000 -0.000000
vn -0.000000 -0.000000 -1.000000
vn -0.000000 -0.000000 -1.000000
vn -0.000000 -0.000000 -1.000000
vn -0.000000 -0.000000 -1.000000
vn -0.000000 -0.000000 -1.000000
vn -0.000000 -0.000000 -1.000000
vn -0.000000 -0.000000 -1.000000
vn -0.000000 -0.000000 -1.000000
vn -0.000000 -0.000000 -1.000000
vn -0.000000 -0.000000 -1.000000
vn -0.000000 -0.000000 -1.000000
vn -0.000000 -0.000000 -1.000000
vn -0.000000 -0.000000 -1.000000
vn -0.000000 -0.000000 -1.000000
vn -0.000000 -0.000000 -1.000000
vn -0.000000 -0.000000 -1.000000
vn -0.000000 -0.000000 -1.000000
vn -0.000000 -0.000000 -1.000000
vn -0.000000 -0.000000 -1.000000
vn -0.000000 -0.000000 -1.000000
vn -0.000000 -0.000000 -1.000000
vn -0.000000 -0.000000 -1.000000
vn -0.000000 -0.000000 -1.000000
vn -0.000000 -0.000000 -1.000000
vn -0.000000 -0.000000 -1.000000
vn -0.000000 -0.000000 -1.000000
vn -0.000000 -0.000000 -1.000000
vn -0.000000 -0.000000 -1.000000
vn -0.000000 -0.000000 -1.000000
vn -0.000000 -0.000000 -1.000000
vn -0.000000 -0.000000 -1.000000
vn -0.000000 -0.000000 -1.000000
vn -0.000000 -0.000000 -1.000000
vn -0.000000 -0.000000 -1.000000
vn -0.000000 -0.000000 -1.000000
vn -0.000000 -0.000000 -1.000000
vn -0.000000 -0.000000 -1.000000
vn -0.000000 -0.000000 -1.000000
vn -0.000000 -0.000000 -1.000000
vn -0.000000 -0.000000 -1.000000
vn -0.000000 -0.000000 -1.000000
vn -0.000000 -0.000000 -1.000000
vn -0.000000 -0.000000 -1.000000
vn -0.000000 -0.000000 -1.000000
vn -0.000000 -0.000000 -1.000000
vn -0.000000 -0.000000 -1.000000
vn -0.000000 -0.000000 -1.000000
vn -0.000000 -0.000000 -1.000000
f 930/1827/1761 978/1828/1762 929/1829/1763
f 929/1829/1763 978/1828/1762 977/1830/1764
f 929/1831/1763 977/1832/1764 952/1833/1765
f 952/1833/1765 977/1832/1764 1000/1834/1766
f 952/1833/1765 1000/1834/1766 951/1835/1767
f 951/1835/1767 1000/1834/1766 999/1836/1768
f 951/1835/1767 999/1836/1768 950/1837/1769
f 950/1837/1769 999/1836/1768 998/1838/1770
f 950/1837/1769 998/1838/1770 949/1839/1771
f 949/1839/1771 998/1838/1770 997/1840/1772
f 949/1839/1771 997/1840/1772 948/1841/1773
f 948/1841/1773 997/1840/1772 996/1842/1774
f 948/1841/1773 996/1842/1774 947/1843/1775
f 947/1843/1775 996/1842/1774 995/1844/1776
f 947/1843/1775 995/1844/1776 946/1845/1777
f 946/1845/1777 995/1844/1776 994/1846/1778
f 946/1845/1777 994/1846/1778 945/1847/1779
f 945/1847/1779 994/1846/1778 993/1848/1780
f 945/1847/1779 993/1848/1780 944/1849/1781
f 944/1849/1781 993/1848/1780 992/1850/1782
f 944/1849/1781 992/1850/1782 943/1851/1783
f 943/1851/1783 992/1850/1782 991/1852/1784
f 943/1851/1783 991/1852/1784 942/1853/1785
f 942/1853/1785 991/1852/1784 990/1854/1786
f 942/1853/1785 990/1854/1786 941/1855/1787
f 941/1855/1787 990/1854/1786 989/1856/1788
f 941/1855/1787 989/1856/1788 940/1857/1789
f 940/1857/1789 989/1856/1788 988/1858/1790
f 940/1857/1789 988/1858/1790 939/1859/1791
f 939/1859/1791 988/1858/1790 987/1860/1792
f 939/1859/1791 987/1860/1792 938/1861/1793
f 938/1861/1793 987/1860/1792 986/1862/1794
f 938/1861/1793 986/1862/1794 937/1863/1795
f 937/1863/1795 986/1862/1794 985/1864/1796
f 937/1863/1795 985/1864/1796 936/1865/1797
f 936/1865/1797 985/1864/1796 984/1866/1798
f 936/1865/1797 984/1866/1798 935/1867/1799
f 935/1867/1799 984/1866/1798 983/1868/1800
f 935/1867/1799 983/1868/1800 934/1869/1801
f 934/1869/1801 983/1868/1800 982/1870/1802
f 934/1869/1801 982/1870/1802 933/1871/1803
f 933/1871/1803 982/1870/1802 981/1872/1804
f 933/1871/1803 981/1872/1804 932/1873/1805
f 932/1873/1805 981/1872/1804 980/1874/1806
f 932/1873/1805 980/1874/1806 931/1875/1807
f 931/1875/1807 980/1874/1806 979/1876/1808
f 931/1875/1807 979/1876/1808 930/1827/1761
f 930/1827/1761 979/1876/1808 978/1828/1762
f 954/1877/1809 1000/1834/1766 953/1878/1810
f 953/1878/1810 1000/1834/1766 977/1832/1764
f 953/1879/1810 977/1830/1764 976/1880/1811
f 976/1880/1811 977/1830/1764 978/1828/1762
f 976/1880/1811 978/1828/1762 975/1881/1812
f 975/1881/1812 978/1828/1762 979/1876/1808
f 975/1881/1812 979/1876/1808 974/1882/1813
f 974/1882/1813 979/1876/1808 980/1874/1806
f 974/1882/1813 980/1874/1806 973/1883/1814
f 973/1883/1814 980/1874/1806 981/1872/1804
f 973/1883/1814 981/1872/1804 972/1884/1815
f 972/1884/1815 981/1872/1804 982/1870/1802
f 972/1884/1815 982/1870/1802 971/1885/1816
f 971/1885/1816 982/1870/1802 983/1868/1800
f 971/1885/1816 983/1868/1800 970/1886/1817
f 970/1886/1817 983/1868/1800 984/1866/1798
f 970/1886/1817 984/1866/1798 969/1887/1818
f 969/1887/1818 984/1866/1798 985/1864/1796
f 969/1887/1818 985/1864/1796 968/1888/1819
f 968/1888/1819 985/1864/1796 986/1862/1794
f 968/1888/1819 986/1862/1794 967/1889/1820
f 967/1889/1820 986/1862/1794 987/1860/1792
f 967/1889/1820 987/1860/1792 966/1890/1821
f 966/1890/1821 987/1860/1792 988/1858/1790
f 966/1890/1821 988/1858/1790 965/1891/1822
f 965/1891/1822 988/1858/1790 989/1856/1788
f 965/1891/1822 989/1856/1788 964/1892/1823
f 964/1892/1823 989/1856/1788 990/1854/1786
f 964/1892/1823 990/1854/1786 963/1893/1824
f 963/1893/1824 990/1854/1786 991/1852/1784
f 963/1893/1824 991/1852/1784 962/1894/1825
f 962/1894/1825 991/1852/1784 992/1850/1782
f 962/1894/1825 992/1850/1782 961/1895/1826
f 961/1895/1826 992/1850/1782 993/1848/1780
f 961/1895/1826 993/1848/1780 960/1896/1827
f 960/1896/1827 993/1848/1780 994/1846/1778
f 960/1896/1827 994/1846/1778 959/1897/1828
f 959/1897/1828 994/1846/1778 995/1844/1776
f 959/1897/1828 995/1844/1776 958/1898/1829
f 958/1898/1829 995/1844/1776 996/1842/1774
f 958/1898/1829 996/1842/1774 957/1899/1830
f 957/1899/1830 996/1842/1774 997/1840/1772
f 957/1899/1830 997/1840/1772 956/1900/1831
f 956/1900/1831 997/1840/1772 998/1838/1770
f 956/1900/1831 998/1838/1770 955/1901/1832
f 955/1901/1832 998/1838/1770 999/1836/1768
f 955/1901/1832 999/1836/1768 954/1877/1809
f 954/1877/1809 999/1836/1768 1000/1834/1766
f 954/1902/1833 953/1903/1834 1001/1904/1835
f 1001/1904/1835 953/1903/1834 976/1905/1836
f 1001/1904/1835 976/1905/1836 1024/1906/1837
f 1024/1906/1837 976/1905/1836 975/1907/1838
f 1024/1906/1837 975/1907/1838 1023/1908/1839
f 1023/1908/1839 975/1907/1838 974/1909/1840
f 1023/1908/1839 974/1909/1840 1022/1910/1841
f 1022/1910/1841 974/1909/1840 973/1911/1842
f 1022/1910/1841 973/1911/1842 1021/1912/1843
f 1021/1912/1843 973/1911/1842 972/1913/1844
f 1021/1912/1843 972/1913/1844 1020/1914/1845
f 1020/1914/1845 972/1913/1844 971/1915/1846
f 1020/1914/1845 971/1915/1846 1019/1916/1847
f 1019/1916/1847 971/1915/1846 1018/1917/1848
f 1018/1917/1848 971/1915/1846 970/1918/1849
f 1018/1917/1848 970/1918/1849 1017/1919/1850
f 1017/1919/1850 970/1918/1849 969/1920/1851
f 1017/1919/1850 969/1920/1851 1016/1921/1852
f 1016/1921/1852 969/1920/1851 968/1922/1853
f 1016/1921/1852 968/1922/1853 1015/1923/1854
f 1015/1923/1854 968/1922/1853 967/1924/1855
f 1015/1923/1854 967/1924/1855 1014/1925/1856
f 1014/1925/1856 967/1924/1855 966/1926/1857
f 1014/1925/1856 966/1926/1857 1013/1927/1858
f 1013/1927/1858 966/1926/1857 965/1928/1859
f 1013/1927/1858 965/1928/1859 1012/1929/1860
f 1012/1929/1860 965/1928/1859 964/1930/1861
f 1012/1929/1860 964/1930/1861 963/1931/1862
f 1012/1929/1860 963/1931/1862 1011/1932/1863
f 1011/1932/1863 963/1931/1862 962/1933/1864
f 1011/1932/1863 962/1933/1864 1010/1934/1865
f 1010/1934/1865 962/1933/1864 961/1935/1866
f 1010/1934/1865 961/1935/1866 1009/1936/1867
f 1009/1936/1867 961/1935/1866 960/1937/1868
f 1009/1936/1867 960/1937/1868 1008/1938/1869
f 1008/1938/1869 960/1937/1868 959/1939/1870
f 1008/1938/1869 959/1939/1870 1007/1940/1871
f 1007/1940/1871 959/1939/1870 1006/1941/1872
f 1006/1941/1872 959/1939/1870 958/1942/1873
f 1006/1941/1872 958/1942/1873 1005/1943/1874
f 1005/1943/1874 958/1942/1873 957/1944/1875
f 1005/1943/1874 957/1944/1875 1004/1945/1876
f 1004/1945/1876 957/1944/1875 956/1946/1877
f 1004/1945/1876 956/1946/1877 1003/1947/1878
f 1003/1947/1878 956/1946/1877 955/1948/1879
f 1003/1947/1878 955/1948/1879 1002/1949/1880
f 1002/1949/1880 955/1948/1879 954/1902/1833
f 1002/1949/1880 954/1902/1833 1001/1904/1835
f 1026/1950/1881 1036/1951/1882 1025/1952/1883
f 1025/1952/1883 1036/1951/1882 1037/1953/1884
f 1025/1952/1883 1037/1953/1884 1048/1954/1885
f 1048/1954/1885 1037/1953/1884 1038/1955/1886
f 1048/1954/1885 1038/1955/1886 1047/1956/1887
f 1047/1956/1887 1038/1955/1886 1039/1957/1888
f 1047/1956/1887 1039/1957/1888 1046/1958/1889
f 1046/1958/1889 1039/1957/1888 1040/1959/1890
f 1046/1958/1889 1040/1959/1890 1045/1960/1891
f 1045/1960/1891 1040/1959/1890 1041/1961/1892
f 1045/1960/1891 1041/1961/1892 1044/1962/1893
f 1044/1962/1893 1041/1961/1892 1042/1963/1894
f 1044/1962/1893 1042/1963/1894 1043/1964/1895
f 1036/1951/1882 1026/1950/1881 1035/1965/1896
f 1035/1965/1896 1026/1950/1881 1027/1966/1897
f 1035/1965/1896 1027/1966/1897 1034/1967/1898
f 1034/1967/1898 1027/1966/1897 1028/1968/1899
f 1034/1967/1898 1028/1968/1899 1033/1969/1900
f 1033/1969/1900 1028/1968/1899 1029/1970/1901
f 1033/1969/1900 1029/1970/1901 1032/1971/1902
f 1032/1971/1902 1029/1970/1901 1030/1972/1903
f 1032/1971/1902 1030/1972/1903 1031/1973/1904
f 952/1974/1905 942/1975/1906 929/1976/1907
f 929/1976/1907 942/1975/1906 941/1977/1908
f 929/1976/1907 941/1977/1908 930/1978/1909
f 930/1978/1909 941/1977/1908 940/1979/1910
f 930/1978/1909 940/1979/1910 931/1980/1911
f 931/1980/1911 940/1979/1910 939/1981/1912
f 931/1980/1911 939/1981/1912 932/1982/1913
f 932/1982/1913 939/1981/1912 938/1983/1914
f 932/1982/1913 938/1983/1914 933/1984/1915
f 933/1984/1915 938/1983/1914 937/1985/1916
f 933/1984/1915 937/1985/1916 934/1986/1917
f 934/1986/1917 937/1985/1916 936/1987/1918
f 934/1986/1917 936/1987/1918 935/1988/1919
f 942/1975/1906 952/1974/1905 943/1989/1920
f 943/1989/1920 952/1974/1905 951/1990/1921
f 943/1989/1920 951/1990/1921 944/1991/1922
f 944/1991/1922 951/1990/1921 950/1992/1923
f 944/1991/1922 950/1992/1923 945/1993/1924
f 945/1993/1924 950/1992/1923 949/1994/1925
f 945/1993/1924 949/1994/1925 946/1995/1926
f 946/1995/1926 949/1994/1925 948/1996/1927
f 946/1995/1926 948/1996/1927 947/1997/1928
f 1048/1998/1929 1074/1999/1930 1025/2000/1931
f 1025/2000/1931 1074/1999/1930 1073/2001/1932
f 1025/2002/1931 1073/2003/1932 1026/2004/1933
f 1026/2004/1933 1073/2003/1932 1096/2005/1934
f 1026/2004/1933 1096/2005/1934 1027/2006/1935
f 1027/2006/1935 1096/2005/1934 1095/2007/1936
f 1027/2006/1935 1095/2007/1936 1028/2008/1937
f 1028/2008/1937 1095/2007/1936 1094/2009/1938
f 1028/2008/1937 1094/2009/1938 1029/2010/1939
f 1029/2010/1939 1094/2009/1938 1093/2011/1940
f 1029/2010/1939 1093/2011/1940 1030/2012/1941
f 1030/2012/1941 1093/2011/1940 1092/2013/1942
f 1030/2012/1941 1092/2013/1942 1031/2014/1943
f 1031/2014/1943 1092/2013/1942 1091/2015/1944
f 1031/2014/1943 1091/2015/1944 1032/2016/1945
f 1032/2016/1945 1091/2015/1944 1090/2017/1946
f 1032/2016/1945 1090/2017/1946 1033/2018/1947
f 1033/2018/1947 1090/2017/1946 1089/2019/1948
f 1033/2018/1947 1089/2019/1948 1034/2020/1949
f 1034/2020/1949 1089/2019/1948 1088/2021/1950
f 1034/2020/1949 1088/2021/1950 1035/2022/1951
f 1035/2022/1951 1088/2021/1950 1087/2023/1952
f 1035/2022/1951 1087/2023/1952 1036/2024/1953
f 1036/2024/1953 1087/2023/1952 1086/2025/1954
f 1036/2024/1953 1086/2025/1954 1037/2026/1955
f 1037/2026/1955 1086/2025/1954 1085/2027/1956
f 1037/2026/1955 1085/2027/1956 1038/2028/1957
f 1038/2028/1957 1085/2027/1956 1084/2029/1958
f 1038/2028/1957 1084/2029/1958 1039/2030/1959
f 1039/2030/1959 1084/2029/1958 1083/2031/1960
f 1039/2030/1959 1083/2031/1960 1040/2032/1961
f 1040/2032/1961 1083/2031/1960 1082/2033/1962
f 1040/2032/1961 1082/2033/1962 1041/2034/1963
f 1041/2034/1963 1082/2033/1962 1081/2035/1964
f 1041/2034/1963 1081/2035/1964 1042/2036/1965
f 1042/2036/1965 1081/2035/1964 1080/2037/1966
f 1042/2036/1965 1080/2037/1966 1043/2038/1967
f 1043/2038/1967 1080/2037/1966 1079/2039/1968
f 1043/2038/1967 1079/2039/1968 1044/2040/1969
f 1044/2040/1969 1079/2039/1968 1078/2041/1970
f 1044/2040/1969 1078/2041/1970 1045/2042/1971
f 1045/2042/1971 1078/2041/1970 1077/2043/1972
f 1045/2042/1971 1077/2043/1972 1046/2044/1973
f 1046/2044/1973 1077/2043/1972 1076/2045/1974
f 1046/2044/1973 1076/2045/1974 1047/2046/1975
f 1047/2046/1975 1076/2045/1974 1075/2047/1976
f 1047/2046/1975 1075/2047/1976 1048/1998/1929
f 1048/1998/1929 1075/2047/1976 1074/1999/1930
f 1050/2048/1977 1096/2005/1934 1049/2049/1978
f 1049/2049/1978 1096/2005/1934 1073/2003/1932
f 1049/2050/1978 1073/2001/1932 1072/2051/1979
f 1072/2051/1979 1073/2001/1932 1074/1999/1930
f 1072/2051/1979 1074/1999/1930 1071/2052/1980
f 1071/2052/1980 1074/1999/1930 1075/2047/1976
f 1071/2052/1980 1075/2047/1976 1070/2053/1981
f 1070/2053/1981 1075/2047/1976 1076/2045/1974
f 1070/2053/1981 1076/2045/1974 1069/2054/1982
f 1069/2054/1982 1076/2045/1974 1077/2043/1972
f 1069/2054/1982 1077/2043/1972 1068/2055/1983
f 1068/2055/1983 1077/2043/1972 1078/2041/1970
f 1068/2055/1983 1078/2041/1970 1067/2056/1984
f 1067/2056/1984 1078/2041/1970 1079/2039/1968
f 1067/2056/1984 1079/2039/1968 1066/2057/1985
f 1066/2057/1985 1079/2039/1968 1080/2037/1966
f 1066/2057/1985 1080/2037/1966 1065/2058/1986
f 1065/2058/1986 1080/2037/1966 1081/2035/1964
f 1065/2058/1986 1081/2035/1964 1064/2059/1987
f 1064/2059/1987 1081/2035/1964 1082/2033/1962
f 1064/2059/1987 1082/2033/1962 1063/2060/1988
f 1063/2060/1988 1082/2033/1962 1083/2031/1960
f 1063/2060/1988 1083/2031/1960 1062/2061/1989
f 1062/2061/1989 1083/2031/1960 1084/2029/1958
f 1062/2061/1989 1084/2029/1958 1061/2062/1990
f 1061/2062/1990 1084/2029/1958 1085/2027/1956
f 1061/2062/1990 1085/2027/1956 1060/2063/1991
f 1060/2063/1991 1085/2027/1956 1086/2025/1954
f 1060/2063/1991 1086/2025/1954 1059/2064/1992
f 1059/2064/1992 1086/2025/1954 1087/2023/1952
f 1059/2064/1992 1087/2023/1952 1058/2065/1993
f 1058/2065/1993 1087/2023/1952 1088/2021/1950
f 1058/2065/1993 1088/2021/1950 1057/2066/1994
f 1057/2066/1994 1088/2021/1950 1089/2019/1948
f 1057/2066/1994 1089/2019/1948 1056/2067/1995
f 1056/2067/1995 1089/2019/1948 1090/2017/1946
f 1056/2067/1995 1090/2017/1946 1055/2068/1996
f 1055/2068/1996 1090/2017/1946 1091/2015/1944
f 1055/2068/1996 1091/2015/1944 1054/2069/1997
f 1054/2069/1997 1091/2015/1944 1092/2013/1942
f 1054/2069/1997 1092/2013/1942 1053/2070/1998
f 1053/2070/1998 1092/2013/1942 1093/2011/1940
f 1053/2070/1998 1093/2011/1940 1052/2071/1999
f 1052/2071/1999 1093/2011/1940 1094/2009/1938
f 1052/2071/1999 1094/2009/1938 1051/2072/2000
f 1051/2072/2000 1094/2009/1938 1095/2007/1936
f 1051/2072/2000 1095/2007/1936 1050/2048/1977
f 1050/2048/1977 1095/2007/1936 1096/2005/1934
f 1024/2073/2001 1123/2074/2002 1001/2075/2003
f 1001/2075/2003 1123/2074/2002 1121/2076/2004
f 1001/2077/2003 1121/2078/2004 1002/2079/2005
f 1002/2079/2005 1121/2078/2004 1167/2080/2006
f 1002/2079/2005 1167/2080/2006 1003/2081/2007
f 1003/2081/2007 1167/2080/2006 1165/2082/2008
f 1003/2081/2007 1165/2082/2008 1004/2083/2009
f 1004/2083/2009 1165/2082/2008 1163/2084/2010
f 1004/2083/2009 1163/2084/2010 1005/2085/2011
f 1005/2085/2011 1163/2084/2010 1161/2086/2012
f 1005/2085/2011 1161/2086/2012 1006/2087/2013
f 1006/2087/2013 1161/2086/2012 1159/2088/2014
f 1006/2087/2013 1159/2088/2014 1007/2089/2015
f 1007/2089/2015 1159/2088/2014 1157/2090/2016
f 1007/2089/2015 1157/2090/2016 1008/2091/2017
f 1008/2091/2017 1157/2090/2016 1155/2092/2018
f 1008/2091/2017 1155/2092/2018 1009/2093/2019
f 1009/2093/2019 1155/2092/2018 1153/2094/2020
f 1009/2093/2019 1153/2094/2020 1010/2095/2021
f 1010/2095/2021 1153/2094/2020 1151/2096/2022
f 1010/2095/2021 1151/2096/2022 1011/2097/2023
f 1011/2097/2023 1151/2096/2022 1149/2098/2024
f 1011/2097/2023 1149/2098/2024 1012/2099/2025
f 1012/2099/2025 1149/2098/2024 1147/2100/2026
f 1012/2099/2025 1147/2100/2026 1013/2101/2027
f 1013/2101/2027 1147/2100/2026 1145/2102/2028
f 1013/2101/2027 1145/2102/2028 1014/2103/2029
f 1014/2103/2029 1145/2102/2028 1143/2104/2030
f 1014/2103/2029 1143/2104/2030 1015/2105/2031
f 1015/2105/2031 1143/2104/2030 1141/2106/2032
f 1015/2105/2031 1141/2106/2032 1016/2107/2033
f 1016/2107/2033 1141/2106/2032 1139/2108/2034
f 1016/2107/2033 1139/2108/2034 1017/2109/2035
f 1017/2109/2035 1139/2108/2034 1137/2110/2036
f 1017/2109/2035 1137/2110/2036 1018/2111/2037
f 1018/2111/2037 1137/2110/2036 1135/2112/2038
f 1018/2111/2037 1135/2112/2038 1019/2113/2039
f 1019/2113/2039 1135/2112/2038 1133/2114/2040
f 1019/2113/2039 1133/2114/2040 1020/2115/2041
f 1020/2115/2041 1133/2114/2040 1131/2116/2042
f 1020/2115/2041 1131/2116/2042 1021/2117/2043
f 1021/2117/2043 1131/2116/2042 1129/2118/2044
f 1021/2117/2043 1129/2118/2044 1022/2119/2045
f 1022/2119/2045 1129/2118/2044 1127/2120/2046
f 1022/2119/2045 1127/2120/2046 1023/2121/2047
f 1023/2121/2047 1127/2120/2046 1125/2122/2048
f 1023/2121/2047 1125/2122/2048 1024/2073/2001
f 1024/2073/2001 1125/2122/2048 1123/2074/2002
f 1098/2123/2049 1168/2124/2050 1097/2125/2051
f 1097/2125/2051 1168/2124/2050 1122/2126/2052
f 1097/2127/2051 1122/2128/2052 1120/2129/2053
f 1120/2129/2053 1122/2128/2052 1124/2130/2054
f 1120/2129/2053 1124/2130/2054 1119/2131/2055
f 1119/2131/2055 1124/2130/2054 1126/2132/2056
f 1119/2131/2055 1126/2132/2056 1118/2133/2057
f 1118/2133/2057 1126/2132/2056 1128/2134/2058
f 1118/2133/2057 1128/2134/2058 1117/2135/2059
f 1117/2135/2059 1128/2134/2058 1130/2136/2060
f 1117/2135/2059 1130/2136/2060 1116/2137/2061
f 1116/2137/2061 1130/2136/2060 1132/2138/2062
f 1116/2137/2061 1132/2138/2062 1115/2139/2063
f 1115/2139/2063 1132/2138/2062 1134/2140/2064
f 1115/2139/2063 1134/2140/2064 1114/2141/2065
f 1114/2141/2065 1134/2140/2064 1136/2142/2066
f 1114/2141/2065 1136/2142/2066 1113/2143/2067
f 1113/2143/2067 1136/2142/2066 1138/2144/2068
f 1113/2143/2067 1138/2144/2068 1112/2145/2069
f 1112/2145/2069 1138/2144/2068 1140/2146/2070
f 1112/2145/2069 1140/2146/2070 1111/2147/2071
f 1111/2147/2071 1140/2146/2070 1142/2148/2072
f 1111/2147/2071 1142/2148/2072 1110/2149/2073
f 1110/2149/2073 1142/2148/2072 1144/2150/2074
f 1110/2149/2073 1144/2150/2074 1109/2151/2075
f 1109/2151/2075 1144/2150/2074 1146/2152/2076
f 1109/2151/2075 1146/2152/2076 1108/2153/2077
f 1108/2153/2077 1146/2152/2076 1148/2154/2078
f 1108/2153/2077 1148/2154/2078 1107/2155/2079
f 1107/2155/2079 1148/2154/2078 1150/2156/2080
f 1107/2155/2079 1150/2156/2080 1106/2157/2081
f 1106/2157/2081 1150/2156/2080 1152/2158/2082
f 1106/2157/2081 1152/2158/2082 1105/2159/2083
f 1105/2159/2083 1152/2158/2082 1154/2160/2084
f 1105/2159/2083 1154/2160/2084 1104/2161/2085
f 1104/2161/2085 1154/2160/2084 1156/2162/2086
f 1104/2161/2085 1156/2162/2086 1103/2163/2087
f 1103/2163/2087 1156/2162/2086 1158/2164/2088
f 1103/2163/2087 1158/2164/2088 1102/2165/2089
f 1102/2165/2089 1158/2164/2088 1160/2166/2090
f 1102/2165/2089 1160/2166/2090 1101/2167/2091
f 1101/2167/2091 1160/2166/2090 1162/2168/2092
f 1101/2167/2091 1162/2168/2092 1100/2169/2093
f 1100/2169/2093 1162/2168/2092 1164/2170/2094
f 1100/2169/2093 1164/2170/2094 1099/2171/2095
f 1099/2171/2095 1164/2170/2094 1166/2172/2096
f 1099/2171/2095 1166/2172/2096 1098/2123/2049
f 1098/2123/2049 1166/2172/2096 1168/2124/2050
f 1121/2078/2004 1122/2126/2052 1167/2080/2006
f 1167/2080/2006 1122/2126/2052 1168/2124/2050
f 1167/2080/2006 1168/2124/2050 1165/2082/2008
f 1165/2082/2008 1168/2124/2050 1166/2172/2096
f 1165/2082/2008 1166/2172/2096 1163/2084/2010
f 1163/2084/2010 1166/2172/2096 1164/2170/2094
f 1163/2084/2010 1164/2170/2094 1161/2086/2012
f 1161/2086/2012 1164/2170/2094 1162/2168/2092
f 1161/2086/2012 1162/2168/2092 1159/2088/2014
f 1159/2088/2014 1162/2168/2092 1160/2166/2090
f 1159/2088/2014 1160/2166/2090 1157/2090/2016
f 1157/2090/2016 1160/2166/2090 1158/2164/2088
f 1157/2090/2016 1158/2164/2088 1155/2092/2018
f 1155/2092/2018 1158/2164/2088 1156/2162/2086
f 1155/2092/2018 1156/2162/2086 1153/2094/2020
f 1153/2094/2020 1156/2162/2086 1154/2160/2084
f 1153/2094/2020 1154/2160/2084 1151/2096/2022
f 1151/2096/2022 1154/2160/2084 1152/2158/2082
f 1151/2096/2022 1152/2158/2082 1149/2098/2024
f 1149/2098/2024 1152/2158/2082 1150/2156/2080
f 1149/2098/2024 1150/2156/2080 1147/2100/2026
f 1147/2100/2026 1150/2156/2080 1148/2154/2078
f 1147/2100/2026 1148/2154/2078 1145/2102/2028
f 1145/2102/2028 1148/2154/2078 1146/2152/2076
f 1145/2102/2028 1146/2152/2076 1143/2104/2030
f 1143/2104/2030 1146/2152/2076 1144/2150/2074
f 1143/2104/2030 1144/2150/2074 1141/2106/2032
f 1141/2106/2032 1144/2150/2074 1142/2148/2072
f 1141/2106/2032 1142/2148/2072 1139/2108/2034
f 1139/2108/2034 1142/2148/2072 1140/2146/2070
f 1139/2108/2034 1140/2146/2070 1137/2110/2036
f 1137/2110/2036 1140/2146/2070 1138/2144/2068
f 1137/2110/2036 1138/2144/2068 1135/2112/2038
f 1135/2112/2038 1138/2144/2068 1136/2142/2066
f 1135/2112/2038 1136/2142/2066 1133/2114/2040
f 1133/2114/2040 1136/2142/2066 1134/2140/2064
f 1133/2114/2040 1134/2140/2064 1131/2116/2042
f 1131/2116/2042 1134/2140/2064 1132/2138/2062
f 1131/2116/2042 1132/2138/2062 1129/2118/2044
f 1129/2118/2044 1132/2138/2062 1130/2136/2060
f 1129/2118/2044 1130/2136/2060 1127/2120/2046
f 1127/2120/2046 1130/2136/2060 1128/2134/2058
f 1127/2120/2046 1128/2134/2058 1125/2122/2048
f 1125/2122/2048 1128/2134/2058 1126/2132/2056
f 1125/2122/2048 1126/2132/2056 1123/2074/2002
f 1123/2074/2002 1126/2132/2056 1124/2130/2054
f 1123/2074/2002 1124/2130/2054 1121/2076/2004
f 1121/2076/2004 1124/2130/2054 1122/2128/2052
f 1072/2173/2097 1098/2174/2098 1049/2175/2099
f 1049/2175/2099 1098/2174/2098 1097/2176/2100
f 1049/2175/2099 1097/2176/2100 1050/2177/2101
f 1050/2177/2101 1097/2176/2100 1120/2178/2102
f 1050/2177/2101 1120/2178/2102 1051/2179/2103
f 1051/2179/2103 1120/2178/2102 1119/2180/2104
f 1051/2179/2103 1119/2180/2104 1052/2181/2105
f 1052/2181/2105 1119/2180/2104 1118/2182/2106
f 1052/2181/2105 1118/2182/2106 1053/2183/2107
f 1053/2183/2107 1118/2182/2106 1117/2184/2108
f 1053/2183/2107 1117/2184/2108 1054/2185/2109
f 1054/2185/2109 1117/2184/2108 1116/2186/2110
f 1054/2185/2109 1116/2186/2110 1055/2187/2111
f 1055/2187/2111 1116/2186/2110 1115/2188/2112
f 1055/2187/2111 1115/2188/2112 1114/2189/2113
f 1072/2173/2097 1071/2190/2114 1098/2174/2098
f 1098/2174/2098 1071/2190/2114 1099/2191/2115
f 1099/2191/2115 1071/2190/2114 1070/2192/2116
f 1099/2191/2115 1070/2192/2116 1100/2193/2117
f 1100/2193/2117 1070/2192/2116 1069/2194/2118
f 1100/2193/2117 1069/2194/2118 1101/2195/2119
f 1101/2195/2119 1069/2194/2118 1068/2196/2120
f 1101/2195/2119 1068/2196/2120 1102/2197/2121
f 1102/2197/2121 1068/2196/2120 1067/2198/2122
f 1102/2197/2121 1067/2198/2122 1103/2199/2123
f 1103/2199/2123 1067/2198/2122 1104/2200/2124
f 1104/2200/2124 1067/2198/2122 1066/2201/2125
f 1104/2200/2124 1066/2201/2125 1105/2202/2126
f 1105/2202/2126 1066/2201/2125 1065/2203/2127
f 1105/2202/2126 1065/2203/2127 1106/2204/2128
f 1106/2204/2128 1065/2203/2127 1064/2205/2129
f 1106/2204/2128 1064/2205/2129 1107/2206/2130
f 1107/2206/2130 1064/2205/2129 1063/2207/2131
f 1107/2206/2130 1063/2207/2131 1108/2208/2132
f 1108/2208/2132 1063/2207/2131 1062/2209/2133
f 1108/2208/2132 1062/2209/2133 1109/2210/2134
f 1109/2210/2134 1062/2209/2133 1061/2211/2135
f 1109/2210/2134 1061/2211/2135 1060/2212/2136
f 1109/2210/2134 1060/2212/2136 1110/2213/2137
f 1110/2213/2137 1060/2212/2136 1059/2214/2138
f 1110/2213/2137 1059/2214/2138 1111/2215/2139
f 1111/2215/2139 1059/2214/2138 1058/2216/2140
f 1111/2215/2139 1058/2216/2140 1112/2217/2141
f 1112/2217/2141 1058/2216/2140 1057/2218/2142
f 1112/2217/2141 1057/2218/2142 1113/2219/2143
f 1113/2219/2143 1057/2218/2142 1056/2220/2144
f 1113/2219/2143 1056/2220/2144 1114/2189/2113
f 1114/2189/2113 1056/2220/2144 1055/2187/2111
g Body4

v 6.950000 7.800000 2.200000
v 6.944889 7.761177 2.200000
v 6.929904 7.725000 2.200000
v 6.906066 7.693934 2.200000
v 6.875000 7.670096 2.200000
v 6.838823 7.655111 2.200000
v 6.800000 7.650000 2.200000
v 6.761177 7.655111 2.200000
v 6.725000 7.670096 2.200000
v 6.693934 7.693934 2.200000
v 6.670096 7.725000 2.200000
v 6.655111 7.761177 2.200000
v 6.650000 7.800000 2.200000
v 6.655111 7.838823 2.200000
v 6.670096 7.875000 2.200000
v 6.693934 7.906066 2.200000
v 6.725000 7.929904 2.200000
v 6.761177 7.944889 2.200000
v 6.800000 7.950000 2.200000
v 6.838823 7.944889 2.200000
v 6.875000 7.929904 2.200000
v 6.906066 7.906066 2.200000
v 6.929904 7.875000 2.200000
v 6.944889 7.838823 2.200000
v 6.950000 7.800000 3.700000
v 6.944889 7.838823 3.700000
v 6.929904 7.875000 3.700000
v 6.906066 7.906066 3.700000
v 6.875000 7.929904 3.700000
v 6.838823 7.944889 3.700000
v 6.800000 7.950000 3.700000
v 6.761177 7.944889 3.700000
v 6.725000 7.929904 3.700000
v 6.693934 7.906066 3.700000
v 6.670096 7.875000 3.700000
v 6.655111 7.838823 3.700000
v 6.650000 7.800000 3.700000
v 6.655111 7.761177 3.700000
v 6.670096 7.725000 3.700000
v 6.693934 7.693934 3.700000
v 6.725000 7.670096 3.700000
v 6.761177 7.655111 3.700000
v 6.800000 7.650000 3.700000
v 6.838823 7.655111 3.700000
v 6.875000 7.670096 3.700000
v 6.906066 7.693934 3.700000
v 6.929904 7.725000 3.700000
v 6.944889 7.761177 3.700000
v 6.950000 7.800000 2.950000
v 6.944889 7.761177 2.950000
v 6.929904 7.725000 2.950000
v 6.906066 7.693934 2.950000
v 6.875000 7.670096 2.950000
v 6.838823 7.655111 2.950000
v 6.800000 7.650000 2.950000
v 6.761177 7.655111 2.950000
v 6.725000 7.670096 2.950000
v 6.693934 7.693934 2.950000
v 6.670096 7.725000 2.950000
v 6.655111 7.761177 2.950000
v 6.650000 7.800000 2.950000
v 6.655111 7.838823 2.950000
v 6.670096 7.875000 2.950000
v 6.693934 7.906066 2.950000
v 6.725000 7.929904 2.950000
v 6.761177 7.944889 2.950000
v 6.800000 7.950000 2.950000
v 6.838823 7.944889 2.950000
v 6.875000 7.929904 2.950000
v 6.906066 7.906066 2.950000
v 6.929904 7.875000 2.950000
v 6.944889 7.838823 2.950000
v 7.050000 7.800000 3.700000
v 7.041481 7.864705 3.700000
v 7.016506 7.925000 3.700000
v 6.976777 7.976777 3.700000
v 6.925000 8.016506 3.700000
v 6.864705 8.041481 3.700000
v 6.800000 8.050000 3.700000
v 6.735295 8.041481 3.700000
v 6.675000 8.016506 3.700000
v 6.623223 7.976777 3.700000
v 6.583494 7.925000 3.700000
v 6.558519 7.864705 3.700000
v 6.550000 7.800000 3.700000
v 6.558519 7.735295 3.700000
v 6.583494 7.675000 3.700000
v 6.623223 7.623223 3.700000
v 6.675000 7.583494 3.700000
v 6.735295 7.558519 3.700000
v 6.800000 7.550000 3.700000
v 6.864705 7.558519 3.700000
v 6.925000 7.583494 3.700000
v 6.976777 7.623223 3.700000
v 7.016506 7.675000 3.700000
v 7.041481 7.735295 3.700000
v 6.950000 7.800000 1.700000
v 6.944889 7.761177 1.700000
v 6.929904 7.725000 1.700000
v 6.906066 7.693934 1.700000
v 6.875000 7.670096 1.700000
v 6.838823 7.655111 1.700000
v 6.800000 7.650000 1.700000
v 6.761177 7.655111 1.700000
v 6.725000 7.670096 1.700000
v 6.693934 7.693934 1.700000
v 6.670096 7.725000 1.700000
v 6.655111 7.761177 1.700000
v 6.650000 7.800000 1.700000
v 6.655111 7.838823 1.700000
v 6.670096 7.875000 1.700000
v 6.693934 7.906066 1.700000
v 6.725000 7.929904 1.700000
v 6.761177 7.944889 1.700000
v 6.800000 7.950000 1.700000
v 6.838823 7.944889 1.700000
v 6.875000 7.929904 1.700000
v 6.906066 7.906066 1.700000
v 6.929904 7.875000 1.700000
v 6.944889 7.838823 1.700000
v 6.950000 7.800000 0.200000
v 6.944889 7.761177 0.200000
v 6.929904 7.725000 0.200000
v 6.906066 7.693934 0.200000
v 6.875000 7.670096 0.200000
v 6.838823 7.655111 0.200000
v 6.800000 7.650000 0.200000
v 6.761177 7.655111 0.200000
v 6.725000 7.670096 0.200000
v 6.693934 7.693934 0.200000
v 6.670096 7.725000 0.200000
v 6.655111 7.761177 0.200000
v 6.650000 7.800000 0.200000
v 6.655111 7.838823 0.200000
v 6.670096 7.875000 0.200000
v 6.693934 7.906066 0.200000
v 6.725000 7.929904 0.200000
v 6.761177 7.944889 0.200000
v 6.800000 7.950000 0.200000
v 6.838823 7.944889 0.200000
v 6.875000 7.929904 0.200000
v 6.906066 7.906066 0.200000
v 6.929904 7.875000 0.200000
v 6.944889 7.838823 0.200000
v 6.950000 7.800000 0.950000
v 6.944889 7.838823 0.950000
v 6.929904 7.875000 0.950000
v 6.906066 7.906066 0.950000
v 6.875000 7.929904 0.950000
v 6.838823 7.944889 0.950000
v 6.800000 7.950000 0.950000
v 6.761177 7.944889 0.950000
v 6.725000 7.929904 0.950000
v 6.693934 7.906066 0.950000
v 6.670096 7.875000 0.950000
v 6.655111 7.838823 0.950000
v 6.650000 7.800000 0.950000
v 6.655111 7.761177 0.950000
v 6.670096 7.725000 0.950000
v 6.693934 7.693934 0.950000
v 6.725000 7.670096 0.950000
v 6.761177 7.655111 0.950000
v 6.800000 7.650000 0.950000
v 6.838823 7.655111 0.950000
v 6.875000 7.670096 0.950000
v 6.906066 7.693934 0.950000
v 6.929904 7.725000 0.950000
v 6.944889 7.761177 0.950000
v 7.050000 7.800000 0.200000
v 7.041481 7.864705 0.200000
v 7.016506 7.925000 0.200000
v 6.976777 7.976777 0.200000
v 6.925000 8.016506 0.200000
v 6.864705 8.041481 0.200000
v 6.800000 8.050000 0.200000
v 6.735295 8.041481 0.200000
v 6.675000 8.016506 0.200000
v 6.623223 7.976777 0.200000
v 6.583494 7.925000 0.200000
v 6.558519 7.864705 0.200000
v 6.550000 7.800000 0.200000
v 6.558519 7.735295 0.200000
v 6.583494 7.675000 0.200000
v 6.623223 7.623223 0.200000
v 6.675000 7.583494 0.200000
v 6.735295 7.558519 0.200000
v 6.800000 7.550000 0.200000
v 6.864705 7.558519 0.200000
v 6.925000 7.583494 0.200000
v 6.976777 7.623223 0.200000
v 7.016506 7.675000 0.200000
v 7.041481 7.735295 0.200000
v 7.050000 7.800000 2.533333
v 7.050000 7.800000 1.366667
v 7.041481 7.735295 2.533333
v 7.041481 7.735295 1.366667
v 7.016506 7.675000 2.533333
v 7.016506 7.675000 1.366667
v 6.976777 7.623223 2.533333
v 6.976777 7.623223 1.366667
v 6.925000 7.583494 2.533333
v 6.925000 7.583494 1.366667
v 6.864705 7.558519 2.533333
v 6.864705 7.558519 1.366667
v 6.800000 7.550000 2.533333
v 6.800000 7.550000 1.366667
v 6.735295 7.558519 2.533333
v 6.735295 7.558519 1.366667
v 6.675000 7.583494 2.533333
v 6.675000 7.583494 1.366667
v 6.623223 7.623223 2.533333
v 6.623223 7.623223 1.366667
v 6.583494 7.675000 2.533333
v 6.583494 7.675000 1.366667
v 6.558519 7.735295 2.533333
v 6.558519 7.735295 1.366667
v 6.550000 7.800000 2.533333
v 6.550000 7.800000 1.366667
v 6.558519 7.864705 2.533333
v 6.558519 7.864705 1.366667
v 6.583494 7.925000 2.533333
v 6.583494 7.925000 1.366667
v 6.623223 7.976777 2.533333
v 6.623223 7.976777 1.366667
v 6.675000 8.016506 2.533333
v 6.675000 8.016506 1.366667
v 6.735295 8.041481 2.533333
v 6.735295 8.041481 1.366667
v 6.800000 8.050000 2.533333
v 6.800000 8.050000 1.366667
v 6.864705 8.041481 2.533333
v 6.864705 8.041481 1.366667
v 6.925000 8.016506 2.533333
v 6.925000 8.016506 1.366667
v 6.976777 7.976777 2.533333
v 6.976777 7.976777 1.366667
v 7.016506 7.925000 2.533333
v 7.016506 7.925000 1.366667
v 7.041481 7.864705 2.533333
v 7.041481 7.864705 1.366667
vt 2.000000 0.431969 0.000000
vt 2.750000 0.431969 0.000000
vt 2.000000 0.471239 0.000000
vt 2.750000 0.471239 0.000000
vt 2.000000 -0.471239 0.000000
vt 2.750000 -0.471239 0.000000
vt 2.000000 -0.431969 0.000000
vt 2.750000 -0.431969 0.000000
vt 2.000000 -0.392699 0.000000
vt 2.750000 -0.392699 0.000000
vt 2.000000 -0.353429 0.000000
vt 2.750000 -0.353429 0.000000
vt 2.000000 -0.314159 0.000000
vt 2.750000 -0.314159 0.000000
vt 2.000000 -0.274889 0.000000
vt 2.750000 -0.274889 0.000000
vt 2.000000 -0.235619 0.000000
vt 2.750000 -0.235619 0.000000
vt 2.000000 -0.196350 0.000000
vt 2.750000 -0.196350 0.000000
vt 2.000000 -0.157080 0.000000
vt 2.750000 -0.157080 0.000000
vt 2.000000 -0.117810 0.000000
vt 2.750000 -0.117810 0.000000
vt 2.000000 -0.078540 0.000000
vt 2.750000 -0.078540 0.000000
vt 2.000000 -0.039270 0.000000
vt 2.750000 -0.039270 0.000000
vt 2.000000 0.000000 0.000000
vt 2.750000 0.000000 0.000000
vt 2.000000 0.039270 0.000000
vt 2.750000 0.039270 0.000000
vt 2.000000 0.078540 0.000000
vt 2.750000 0.078540 0.000000
vt 2.000000 0.117810 0.000000
vt 2.750000 0.117810 0.000000
vt 2.000000 0.157080 0.000000
vt 2.750000 0.157080 0.000000
vt 2.000000 0.196350 0.000000
vt 2.750000 0.196350 0.000000
vt 2.000000 0.235619 0.000000
vt 2.750000 0.235619 0.000000
vt 2.000000 0.274889 0.000000
vt 2.750000 0.274889 0.000000
vt 2.000000 0.314159 0.000000
vt 2.750000 0.314159 0.000000
vt 2.000000 0.353429 0.000000
vt 2.750000 0.353429 0.000000
vt 2.000000 0.392699 0.000000
vt 2.750000 0.392699 0.000000
vt 3.500000 -0.431969 0.000000
vt 3.500000 -0.471239 0.000000
vt 3.500000 0.471239 0.000000
vt 3.500000 0.431969 0.000000
vt 3.500000 0.392699 0.000000
vt 3.500000 0.353429 0.000000
vt 3.500000 0.314159 0.000000
vt 3.500000 0.274889 0.000000
vt 3.500000 0.235619 0.000000
vt 3.500000 0.196350 0.000000
vt 3.500000 0.157080 0.000000
vt 3.500000 0.117810 0.000000
vt 3.500000 0.078540 0.000000
vt 3.500000 0.039270 0.000000
vt 3.500000 0.000000 0.000000
vt 3.500000 -0.039270 0.000000
vt 3.500000 -0.078540 0.000000
vt 3.500000 -0.117810 0.000000
vt 3.500000 -0.157080 0.000000
vt 3.500000 -0.196350 0.000000
vt 3.500000 -0.235619 0.000000
vt 3.500000 -0.274889 0.000000
vt 3.500000 -0.314159 0.000000
vt 3.500000 -0.353429 0.000000
vt 3.500000 -0.392699 0.000000
vt -0.144889 -0.038823 0.000000
vt -0.150000 0.000000 0.000000
vt -0.250000 0.000000 0.000000
vt -0.144889 0.038823 0.000000
vt -0.241481 0.064705 0.000000
vt -0.129904 0.075000 0.000000
vt -0.216506 0.125000 0.000000
vt -0.106066 0.106066 0.000000
vt -0.176777 0.176777 0.000000
vt -0.075000 0.129904 0.000000
vt -0.125000 0.216506 0.000000
vt -0.038823 0.144889 0.000000
vt -0.064705 0.241481 0.000000
vt 0.000000 0.150000 0.000000
vt 0.000000 0.250000 0.000000
vt 0.064705 0.241481 0.000000
vt 0.038823 0.144889 0.000000
vt 0.125000 0.216506 0.000000
vt 0.075000 0.129904 0.000000
vt 0.176777 0.176777 0.000000
vt 0.106066 0.106066 0.000000
vt 0.216506 0.125000 0.000000
vt 0.129904 0.075000 0.000000
vt 0.241481 0.064705 0.000000
vt 0.144889 0.038823 0.000000
vt 0.250000 0.000000 0.000000
vt 0.150000 0.000000 0.000000
vt 0.241481 -0.064705 0.000000
vt 0.144889 -0.038823 0.000000
vt 0.129904 -0.075000 0.000000
vt 0.216506 -0.125000 0.000000
vt 0.106066 -0.106066 0.000000
vt 0.176777 -0.176777 0.000000
vt 0.075000 -0.129904 0.000000
vt 0.125000 -0.216506 0.000000
vt 0.038823 -0.144889 0.000000
vt 0.064705 -0.241481 0.000000
vt 0.000000 -0.150000 0.000000
vt 0.000000 -0.250000 0.000000
vt -0.064705 -0.241481 0.000000
vt -0.038823 -0.144889 0.000000
vt -0.125000 -0.216506 0.000000
vt -0.075000 -0.129904 0.000000
vt -0.176777 -0.176777 0.000000
vt -0.106066 -0.106066 0.000000
vt -0.216506 -0.125000 0.000000
vt -0.129904 -0.075000 0.000000
vt -0.241481 -0.064705 0.000000
vt 0.144889 0.038823 0.000000
vt -0.144889 0.038823 0.000000
vt 0.150000 0.000000 0.000000
vt -0.150000 0.000000 0.000000
vt 0.144889 -0.038823 0.000000
vt -0.144889 -0.038823 0.000000
vt 0.129904 -0.075000 0.000000
vt -0.129904 -0.075000 0.000000
vt 0.106066 -0.106066 0.000000
vt -0.106066 -0.106066 0.000000
vt 0.075000 -0.129904 0.000000
vt -0.075000 -0.129904 0.000000
vt 0.038823 -0.144889 0.000000
vt -0.038823 -0.144889 0.000000
vt -0.000000 -0.150000 0.000000
vt -0.129904 0.075000 0.000000
vt 0.129904 0.075000 0.000000
vt -0.106066 0.106066 0.000000
vt 0.106066 0.106066 0.000000
vt -0.075000 0.129904 0.000000
vt 0.075000 0.129904 0.000000
vt -0.038823 0.144889 0.000000
vt 0.038823 0.144889 0.000000
vt -0.000000 0.150000 0.000000
vt -0.144889 -0.038823 0.000000
vt 0.144889 -0.038823 0.000000
vt -0.150000 0.000000 0.000000
vt 0.150000 0.000000 0.000000
vt -0.144889 0.038823 0.000000
vt 0.144889 0.038823 0.000000
vt -0.129904 0.075000 0.000000
vt 0.129904 0.075000 0.000000
vt -0.106066 0.106066 0.000000
vt 0.106066 0.106066 0.000000
vt -0.075000 0.129904 0.000000
vt 0.075000 0.129904 0.000000
vt -0.038823 0.144889 0.000000
vt 0.038823 0.144889 0.000000
vt 0.000000 0.150000 0.000000
vt 0.129904 -0.075000 0.000000
vt -0.129904 -0.075000 0.000000
vt 0.106066 -0.106066 0.000000
vt -0.106066 -0.106066 0.000000
vt 0.075000 -0.129904 0.000000
vt -0.075000 -0.129904 0.000000
vt 0.038823 -0.144889 0.000000
vt -0.038823 -0.144889 0.000000
vt 0.000000 -0.150000 0.000000
vt 1.500000 -0.431969 0.000000
vt 0.750000 -0.431969 0.000000
vt 1.500000 -0.471239 0.000000
vt 0.750000 -0.471239 0.000000
vt 1.500000 0.471239 0.000000
vt 0.750000 0.471239 0.000000
vt 1.500000 0.431969 0.000000
vt 0.750000 0.431969 0.000000
vt 1.500000 0.392699 0.000000
vt 0.750000 0.392699 0.000000
vt 1.500000 0.353429 0.000000
vt 0.750000 0.353429 0.000000
vt 1.500000 0.314159 0.000000
vt 0.750000 0.314159 0.000000
vt 1.500000 0.274889 0.000000
vt 0.750000 0.274889 0.000000
vt 1.500000 0.235619 0.000000
vt 0.750000 0.235619 0.000000
vt 1.500000 0.196350 0.000000
vt 0.750000 0.196350 0.000000
vt 1.500000 0.157080 0.000000
vt 0.750000 0.157080 0.000000
vt 1.500000 0.117810 0.000000
vt 0.750000 0.117810 0.000000
vt 1.500000 0.078540 0.000000
vt 0.750000 0.078540 0.000000
vt 1.500000 0.039270 0.000000
vt 0.750000 0.039270 0.000000
vt 1.500000 0.000000 0.000000
vt 0.750000 0.000000 0.000000
vt 1.500000 -0.039270 0.000000
vt 0.750000 -0.039270 0.000000
vt 1.500000 -0.078540 0.000000
vt 0.750000 -0.078540 0.000000
vt 1.500000 -0.117810 0.000000
vt 0.750000 -0.117810 0.000000
vt 1.500000 -0.157080 0.000000
vt 0.750000 -0.157080 0.000000
vt 1.500000 -0.196350 0.000000
vt 0.750000 -0.196350 0.000000
vt 1.500000 -0.235619 0.000000
vt 0.750000 -0.235619 0.000000
vt 1.500000 -0.274889 0.000000
vt 0.750000 -0.274889 0.000000
vt 1.500000 -0.314159 0.000000
vt 0.750000 -0.314159 0.000000
vt 1.500000 -0.353429 0.000000
vt 0.750000 -0.353429 0.000000
vt 1.500000 -0.392699 0.000000
vt 0.750000 -0.392699 0.000000
vt 0.000000 0.431969 0.000000
vt -0.000000 0.471239 0.000000
vt -0.000000 -0.471239 0.000000
vt 0.000000 -0.431969 0.000000
vt -0.000000 -0.392699 0.000000
vt 0.000000 -0.353429 0.000000
vt -0.000000 -0.314159 0.000000
vt 0.000000 -0.274889 0.000000
vt -0.000000 -0.235619 0.000000
vt 0.000000 -0.196350 0.000000
vt -0.000000 -0.157080 0.000000
vt 0.000000 -0.117810 0.000000
vt -0.000000 -0.078540 0.000000
vt 0.000000 -0.039270 0.000000
vt -0.000000 0.000000 0.000000
vt 0.000000 0.039270 0.000000
vt -0.000000 0.078540 0.000000
vt 0.000000 0.117810 0.000000
vt -0.000000 0.157080 0.000000
vt 0.000000 0.196350 0.000000
vt -0.000000 0.235619 0.000000
vt 0.000000 0.274889 0.000000
vt -0.000000 0.314159 0.000000
vt 0.000000 0.353429 0.000000
vt -0.000000 0.392699 0.000000
vt -3.500000 0.719948 0.000000
vt -2.333333 0.719948 0.000000
vt -3.500000 0.785398 0.000000
vt -2.333333 0.785398 0.000000
vt -3.500000 -0.785398 0.000000
vt -2.333333 -0.785398 0.000000
vt -3.500000 -0.719948 0.000000
vt -2.333333 -0.719948 0.000000
vt -3.500000 -0.654498 0.000000
vt -2.333333 -0.654498 0.000000
vt -3.500000 -0.589049 0.000000
vt -2.333333 -0.589049 0.000000
vt -3.500000 -0.523599 0.000000
vt -2.333333 -0.523599 0.000000
vt -3.500000 -0.458149 0.000000
vt -2.333333 -0.458149 0.000000
vt -3.500000 -0.392699 0.000000
vt -2.333333 -0.392699 0.000000
vt -3.500000 -0.327249 0.000000
vt -2.333333 -0.327249 0.000000
vt -3.500000 -0.261799 0.000000
vt -2.333333 -0.261799 0.000000
vt -3.500000 -0.196350 0.000000
vt -2.333333 -0.196350 0.000000
vt -3.500000 -0.130900 0.000000
vt -2.333333 -0.130900 0.000000
vt -3.500000 -0.065450 0.000000
vt -2.333333 -0.065450 0.000000
vt -3.500000 0.000000 0.000000
vt -2.333333 0.000000 0.000000
vt -3.500000 0.065450 0.000000
vt -2.333333 0.065450 0.000000
vt -3.500000 0.130900 0.000000
vt -2.333333 0.130900 0.000000
vt -3.500000 0.196350 0.000000
vt -2.333333 0.196350 0.000000
vt -3.500000 0.261799 0.000000
vt -2.333333 0.261799 0.000000
vt -3.500000 0.327249 0.000000
vt -2.333333 0.327249 0.000000
vt -3.500000 0.392699 0.000000
vt -2.333333 0.392699 0.000000
vt -3.500000 0.458149 0.000000
vt -2.333333 0.458149 0.000000
vt -3.500000 0.523599 0.000000
vt -2.333333 0.523599 0.000000
vt -3.500000 0.589049 0.000000
vt -2.333333 0.589049 0.000000
vt -3.500000 0.654498 0.000000
vt -2.333333 0.654498 0.000000
vt -0.000000 -0.719948 0.000000
vt -1.166667 -0.719948 0.000000
vt -0.000000 -0.785398 0.000000
vt -1.166667 -0.785398 0.000000
vt -0.000000 0.785398 0.000000
vt -1.166667 0.785398 0.000000
vt -0.000000 0.719948 0.000000
vt -1.166667 0.719948 0.000000
vt -0.000000 0.654498 0.000000
vt -1.166667 0.654498 0.000000
vt -0.000000 0.589049 0.000000
vt -1.166667 0.589049 0.000000
vt -0.000000 0.523599 0.000000
vt -1.166667 0.523599 0.000000
vt -0.000000 0.458149 0.000000
vt -1.166667 0.458149 0.000000
vt -0.000000 0.392699 0.000000
vt -1.166667 0.392699 0.000000
vt -0.000000 0.327249 0.000000
vt -1.166667 0.327249 0.000000
vt -0.000000 0.261799 0.000000
vt -1.166667 0.261799 0.000000
vt -0.000000 0.196350 0.000000
vt -1.166667 0.196350 0.000000
vt -0.000000 0.130900 0.000000
vt -1.166667 0.130900 0.000000
vt -0.000000 0.065450 0.000000
vt -1.166667 0.065450 0.000000
vt -0.000000 0.000000 0.000000
vt -1.166667 0.000000 0.000000
vt -0.000000 -0.065450 0.000000
vt -1.166667 -0.065450 0.000000
vt -0.000000 -0.130900 0.000000
vt -1.166667 -0.130900 0.000000
vt -0.000000 -0.196350 0.000000
vt -1.166667 -0.196350 0.000000
vt -0.000000 -0.261799 0.000000
vt -1.166667 -0.261799 0.000000
vt -0.000000 -0.327249 0.000000
vt -1.166667 -0.327249 0.000000
vt -0.000000 -0.392699 0.000000
vt -1.166667 -0.392699 0.000000
vt -0.000000 -0.458149 0.000000
vt -1.166667 -0.458149 0.000000
vt -0.000000 -0.523599 0.000000
vt -1.166667 -0.523599 0.000000
vt -0.000000 -0.589049 0.000000
vt -1.166667 -0.589049 0.000000
vt -0.000000 -0.654498 0.000000
vt -1.166667 -0.654498 0.000000
vt 0.144889 -0.038823 0.000000
vt 0.241481 -0.064705 0.000000
vt 0.150000 0.000000 0.000000
vt 0.250000 0.000000 0.000000
vt 0.144889 0.038823 0.000000
vt 0.241481 0.064705 0.000000
vt 0.129904 0.075000 0.000000
vt 0.216506 0.125000 0.000000
vt 0.106066 0.106066 0.000000
vt 0.176777 0.176777 0.000000
vt 0.075000 0.129904 0.000000
vt 0.125000 0.216506 0.000000
vt 0.038823 0.144889 0.000000
vt 0.064705 0.241481 0.000000
vt -0.000000 0.150000 0.000000
vt -0.000000 0.250000 0.000000
vt -0.064705 0.241481 0.000000
vt 0.129904 -0.075000 0.000000
vt 0.216506 -0.125000 0.000000
vt 0.106066 -0.106066 0.000000
vt 0.176777 -0.176777 0.000000
vt 0.075000 -0.129904 0.000000
vt 0.125000 -0.216506 0.000000
vt 0.038823 -0.144889 0.000000
vt 0.064705 -0.241481 0.000000
vt -0.000000 -0.150000 0.000000
vt -0.000000 -0.250000 0.000000
vt -0.064705 -0.241481 0.000000
vt -0.038823 -0.144889 0.000000
vt -0.125000 -0.216506 0.000000
vt -0.075000 -0.129904 0.000000
vt -0.176777 -0.176777 0.000000
vt -0.106066 -0.106066 0.000000
vt -0.216506 -0.125000 0.000000
vt -0.129904 -0.075000 0.000000
vt -0.241481 -0.064705 0.000000
vt -0.144889 -0.038823 0.000000
vt -0.250000 0.000000 0.000000
vt -0.150000 0.000000 0.000000
vt -0.144889 0.038823 0.000000
vt -0.241481 0.064705 0.000000
vt -0.129904 0.075000 0.000000
vt -0.216506 0.125000 0.000000
vt -0.106066 0.106066 0.000000
vt -0.176777 0.176777 0.000000
vt -0.075000 0.129904 0.000000
vt -0.125000 0.216506 0.000000
vt -0.038823 0.144889 0.000000
vn -0.965926 0.258819 0.000000
vn -0.965926 0.258819 0.000000
vn -1.000000 0.000000 0.000000
vn -1.000000 0.000000 0.000000
vn -0.965926 -0.258819 0.000000
vn -0.965926 -0.258819 0.000000
vn -0.866025 -0.500000 0.000000
vn -0.866025 -0.500000 0.000000
vn -0.707107 -0.707107 0.000000
vn -0.707107 -0.707107 0.000000
vn -0.500000 -0.866025 0.000000
vn -0.500000 -0.866025 0.000000
vn -0.258819 -0.965926 0.000000
vn -0.258819 -0.965926 0.000000
vn 0.000000 -1.000000 0.000000
vn 0.000000 -1.000000 0.000000
vn 0.258819 -0.965926 0.000000
vn 0.258819 -0.965926 0.000000
vn 0.500000 -0.866025 0.000000
vn 0.500000 -0.866025 0.000000
vn 0.707107 -0.707107 0.000000
vn 0.707107 -0.707107 0.000000
vn 0.866025 -0.500000 0.000000
vn 0.866025 -0.500000 0.000000
vn 0.965926 -0.258819 0.000000
vn 0.965926 -0.258819 0.000000
vn 1.000000 0.000000 -0.000000
vn 1.000000 0.000000 -0.000000
vn 0.965926 0.258819 -0.000000
vn 0.965926 0.258819 -0.000000
vn 0.866025 0.500000 -0.000000
vn 0.866025 0.500000 -0.000000
vn 0.707107 0.707107 -0.000000
vn 0.707107 0.707107 -0.000000
vn 0.500000 0.866025 -0.000000
vn 0.500000 0.866025 -0.000000
vn 0.258819 0.965926 -0.000000
vn 0.258819 0.965926 -0.000000
vn 0.000000 1.000000 -0.000000
vn 0.000000 1.000000 -0.000000
vn -0.258819 0.965926 0.000000
vn -0.258819 0.965926 0.000000
vn -0.500000 0.866025 0.000000
vn -0.500000 0.866025 0.000000
vn -0.707107 0.707107 0.000000
vn -0.707107 0.707107 0.000000
vn -0.866025 0.500000 0.000000
vn -0.866025 0.500000 0.000000
vn -0.965926 -0.258819 0.000000
vn -1.000000 -0.000000 0.000000
vn -0.965926 0.258819 0.000000
vn -0.866025 0.500000 0.000000
vn -0.707107 0.707107 0.000000
vn -0.500000 0.866025 0.000000
vn -0.258819 0.965926 0.000000
vn 0.000000 1.000000 -0.000000
vn 0.258819 0.965926 -0.000000
vn 0.500000 0.866025 -0.000000
vn 0.707107 0.707107 -0.000000
vn 0.866025 0.500000 -0.000000
vn 0.965926 0.258819 -0.000000
vn 1.000000 0.000000 -0.000000
vn 0.965926 -0.258819 0.000000
vn 0.866025 -0.500000 0.000000
vn 0.707107 -0.707107 0.000000
vn 0.500000 -0.866025 0.000000
vn 0.258819 -0.965926 0.000000
vn 0.000000 -1.000000 0.000000
vn -0.258819 -0.965926 0.000000
vn -0.500000 -0.866025 0.000000
vn -0.707107 -0.707107 0.000000
vn -0.866025 -0.500000 0.000000
vn 0.000000 0.000000 1.000000
vn 0.000000 0.000000 1.000000
vn 0.000000 0.000000 1.000000
vn 0.000000 0.000000 1.000000
vn 0.000000 0.000000 1.000000
vn 0.000000 0.000000 1.000000
vn 0.000000 0.000000 1.000000
vn 0.000000 0.000000 1.000000
vn 0.000000 0.000000 1.000000
vn 0.000000 0.000000 1.000000
vn 0.000000 0.000000 1.000000
vn 0.000000 0.000000 1.000000
vn 0.000000 0.000000 1.000000
vn 0.000000 0.000000 1.000000
vn 0.000000 0.000000 1.000000
vn 0.000000 0.000000 1.000000
vn 0.000000 0.000000 1.000000
vn 0.000000 0.000000 1.000000
vn 0.000000 0.000000 1.000000
vn 0.000000 0.000000 1.000000
vn 0.000000 0.000000 1.000000
vn 0.000000 0.000000 1.000000
vn 0.000000 0.000000 1.000000
vn 0.000000 0.000000 1.000000
vn 0.000000 0.000000 1.000000
vn 0.000000 0.000000 1.000000
vn 0.000000 0.000000 1.000000
vn 0.000000 0.000000 1.000000
vn 0.000000 0.000000 1.000000
vn 0.000000 0.000000 1.000000
vn 0.000000 0.000000 1.000000
vn 0.000000 0.000000 1.000000
vn 0.000000 0.000000 1.000000
vn 0.000000 0.000000 1.000000
vn 0.000000 0.000000 1.000000
vn 0.000000 0.000000 1.000000
vn 0.000000 0.000000 1.000000
vn 0.000000 0.000000 1.000000
vn 0.000000 0.000000 1.000000
vn 0.000000 0.000000 1.000000
vn 0.000000 0.000000 1.000000
vn 0.000000 0.000000 1.000000
vn 0.000000 0.000000 1.000000
vn 0.000000 0.000000 1.000000
vn 0.000000 0.000000 1.000000
vn 0.000000 0.000000 1.000000
vn 0.000000 0.000000 1.000000
vn 0.000000 0.000000 1.000000
vn -0.000000 -0.000000 -1.000000
vn -0.000000 -0.000000 -1.000000
vn -0.000000 -0.000000 -1.000000
vn -0.000000 -0.000000 -1.000000
vn -0.000000 -0.000000 -1.000000
vn -0.000000 -0.000000 -1.000000
vn -0.000000 -0.000000 -1.000000
vn -0.000000 -0.000000 -1.000000
vn -0.000000 -0.000000 -1.000000
vn -0.000000 -0.000000 -1.000000
vn -0.000000 -0.000000 -1.000000
vn -0.000000 -0.000000 -1.000000
vn -0.000000 -0.000000 -1.000000
vn -0.000000 -0.000000 -1.000000
vn -0.000000 -0.000000 -1.000000
vn -0.000000 -0.000000 -1.000000
vn -0.000000 -0.000000 -1.000000
vn -0.000000 -0.000000 -1.000000
vn -0.000000 -0.000000 -1.000000
vn -0.000000 -0.000000 -1.000000
vn -0.000000 -0.000000 -1.000000
vn -0.000000 -0.000000 -1.000000
vn -0.000000 -0.000000 -1.000000
vn -0.000000 -0.000000 -1.000000
vn 0.000000 0.000000 1.000000
vn 0.000000 0.000000 1.000000
vn 0.000000 0.000000 1.000000
vn 0.000000 0.000000 1.000000
vn 0.000000 0.000000 1.000000
vn 0.000000 0.000000 1.000000
vn 0.000000 0.000000 1.000000
vn 0.000000 0.000000 1.000000
vn 0.000000 0.000000 1.000000
vn 0.000000 0.000000 1.000000
vn 0.000000 0.000000 1.000000
vn 0.000000 0.000000 1.000000
vn 0.000000 0.000000 1.000000
vn 0.000000 0.000000 1.000000
vn 0.000000 0.000000 1.000000
vn 0.000000 0.000000 1.000000
vn 0.000000 0.000000 1.000000
vn 0.000000 0.000000 1.000000
vn 0.000000 0.000000 1.000000
vn 0.000000 0.000000 1.000000
vn 0.000000 0.000000 1.000000
vn 0.000000 0.000000 1.000000
vn 0.000000 0.000000 1.000000
vn 0.000000 0.000000 1.000000
vn -0.965926 -0.258819 0.000000
vn -0.965926 -0.258819 0.000000
vn -1.000000 -0.000000 0.000000
vn -1.000000 -0.000000 0.000000
vn -0.965926 0.258819 0.000000
vn -0.965926 0.258819 0.000000
vn -0.866025 0.500000 0.000000
vn -0.866025 0.500000 0.000000
vn -0.707107 0.707107 0.000000
vn -0.707107 0.707107 0.000000
vn -0.500000 0.866025 0.000000
vn -0.500000 0.866025 0.000000
vn -0.258819 0.965926 0.000000
vn -0.258819 0.965926 0.000000
vn 0.000000 1.000000 -0.000000
vn 0.000000 1.000000 -0.000000
vn 0.258819 0.965926 -0.000000
vn 0.258819 0.965926 -0.000000
vn 0.500000 0.866025 -0.000000
vn 0.500000 0.866025 -0.000000
vn 0.707107 0.707107 -0.000000
vn 0.707107 0.707107 -0.000000
vn 0.866025 0.500000 -0.000000
vn 0.866025 0.500000 -0.000000
vn 0.965926 0.258819 -0.000000
vn 0.965926 0.258819 -0.000000
vn 1.000000 0.000000 -0.000000
vn 1.000000 0.000000 -0.000000
vn 0.965926 -0.258819 0.000000
vn 0.965926 -0.258819 0.000000
vn 0.866025 -0.500000 0.000000
vn 0.866025 -0.500000 0.000000
vn 0.707107 -0.707107 0.000000
vn 0.707107 -0.707107 0.000000
vn 0.500000 -0.866025 0.000000
vn 0.500000 -0.866025 0.000000
vn 0.258819 -0.965926 0.000000
vn 0.258819 -0.965926 0.000000
vn 0.000000 -1.000000 0.000000
vn 0.000000 -1.000000 0.000000
vn -0.258819 -0.965926 0.000000
vn -0.258819 -0.965926 0.000000
vn -0.500000 -0.866025 0.000000
vn -0.500000 -0.866025 0.000000
vn -0.707107 -0.707107 0.000000
vn -0.707107 -0.707107 0.000000
vn -0.866025 -0.500000 0.000000
vn -0.866025 -0.500000 0.000000
vn -0.965926 0.258819 0.000000
vn -1.000000 0.000000 0.000000
vn -0.965926 -0.258819 0.000000
vn -0.866025 -0.500000 0.000000
vn -0.707107 -0.707107 0.000000
vn -0.500000 -0.866025 0.000000
vn -0.258819 -0.965926 0.000000
vn 0.000000 -1.000000 0.000000
vn 0.258819 -0.965926 0.000000
vn 0.500000 -0.866025 0.000000
vn 0.707107 -0.707107 0.000000
vn 0.866025 -0.500000 0.000000
vn 0.965926 -0.258819 0.000000
vn 1.000000 0.000000 -0.000000
vn 0.965926 0.258819 -0.000000
vn 0.866025 0.500000 -0.000000
vn 0.707107 0.707107 -0.000000
vn 0.500000 0.866025 -0.000000
vn 0.258819 0.965926 -0.000000
vn 0.000000 1.000000 -0.000000
vn -0.258819 0.965926 0.000000
vn -0.500000 0.866025 0.000000
vn -0.707107 0.707107 0.000000
vn -0.866025 0.500000 0.000000
vn 0.965926 -0.258819 -0.000000
vn 0.965926 -0.258819 -0.000000
vn 1.000000 -0.000000 -0.000000
vn 1.000000 -0.000000 -0.000000
vn 0.965926 0.258819 -0.000000
vn 0.965926 0.258819 -0.000000
vn 0.866025 0.500000 -0.000000
vn 0.866025 0.500000 -0.000000
vn 0.707107 0.707107 -0.000000
vn 0.707107 0.707107 -0.000000
vn 0.500000 0.866025 -0.000000
vn 0.500000 0.866025 -0.000000
vn 0.258819 0.965926 -0.000000
vn 0.258819 0.965926 -0.000000
vn -0.000000 1.000000 -0.000000
vn -0.000000 1.000000 -0.000000
vn -0.258819 0.965926 -0.000000
vn -0.258819 0.965926 -0.000000
vn -0.500000 0.866025 -0.000000
vn -0.500000 0.866025 -0.000000
vn -0.707107 0.707107 -0.000000
vn -0.707107 0.707107 -0.000000
vn -0.866025 0.500000 -0.000000
vn -0.866025 0.500000 -0.000000
vn -0.965926 0.258819 -0.000000
vn -0.965926 0.258819 -0.000000
vn -1.000000 -0.000000 0.000000
vn -1.000000 -0.000000 0.000000
vn -0.965926 -0.258819 0.000000
vn -0.965926 -0.258819 0.000000
vn -0.866025 -0.500000 0.000000
vn -0.866025 -0.500000 0.000000
vn -0.707107 -0.707107 0.000000
vn -0.707107 -0.707107 0.000000
vn -0.500000 -0.866025 0.000000
vn -0.500000 -0.866025 0.000000
vn -0.258819 -0.965926 0.000000
vn -0.258819 -0.965926 0.000000
vn -0.000000 -1.000000 0.000000
vn -0.000000 -1.000000 0.000000
vn 0.258819 -0.965926 -0.000000
vn 0.258819 -0.965926 -0.000000
vn 0.500000 -0.866025 -0.000000
vn 0.500000 -0.866025 -0.000000
vn 0.707107 -0.707107 -0.000000
vn 0.707107 -0.707107 -0.000000
vn 0.866025 -0.500000 -0.000000
vn 0.866025 -0.500000 -0.000000
vn 0.965926 0.258819 -0.000000
vn 0.965926 0.258819 -0.000000
vn 1.000000 0.000000 -0.000000
vn 1.000000 0.000000 -0.000000
vn 0.965926 -0.258819 -0.000000
vn 0.965926 -0.258819 -0.000000
vn 0.866025 -0.500000 -0.000000
vn 0.866025 -0.500000 -0.000000
vn 0.707107 -0.707107 -0.000000
vn 0.707107 -0.707107 -0.000000
vn 0.500000 -0.866025 -0.000000
vn 0.500000 -0.866025 -0.000000
vn 0.258819 -0.965926 -0.000000
vn 0.258819 -0.965926 -0.000000
vn -0.000000 -1.000000 0.000000
vn -0.000000 -1.000000 0.000000
vn -0.258819 -0.965926 0.000000
vn -0.258819 -0.965926 0.000000
vn -0.500000 -0.866025 0.000000
vn -0.500000 -0.866025 0.000000
vn -0.707107 -0.707107 0.000000
vn -0.707107 -0.707107 0.000000
vn -0.866025 -0.500000 0.000000
vn -0.866025 -0.500000 0.000000
vn -0.965926 -0.258819 0.000000
vn -0.965926 -0.258819 0.000000
vn -1.000000 -0.000000 0.000000
vn -1.000000 -0.000000 0.000000
vn -0.965926 0.258819 -0.000000
vn -0.965926 0.258819 -0.000000
vn -0.866025 0.500000 -0.000000
vn -0.866025 0.500000 -0.000000
vn -0.707107 0.707107 -0.000000
vn -0.707107 0.707107 -0.000000
vn -0.500000 0.866025 -0.000000
vn -0.500000 0.866025 -0.000000
vn -0.258819 0.965926 -0.000000
vn -0.258819 0.965926 -0.000000
vn -0.000000 1.000000 -0.000000
vn -0.000000 1.000000 -0.000000
vn 0.258819 0.965926 -0.000000
vn 0.258819 0.965926 -0.000000
vn 0.500000 0.866025 -0.000000
vn 0.500000 0.866025 -0.000000
vn 0.707107 0.707107 -0.000000
vn 0.707107 0.707107 -0.000000
vn 0.866025 0.500000 -0.000000
vn 0.866025 0.500000 -0.000000
vn -0.000000 -0.000000 -1.000000
vn -0.000000 -0.000000 -1.000000
vn -0.000000 -0.000000 -1.000000
vn -0.000000 -0.000000 -1.000000
vn -0.000000 -0.000000 -1.000000
vn -0.000000 -0.000000 -1.000000
vn -0.000000 -0.000000 -1.000000
vn -0.000000 -0.000000 -1.000000
vn -0.000000 -0.000000 -1.000000
vn -0.000000 -0.000000 -1.000000
vn -0.000000 -0.000000 -1.000000
vn -0.000000 -0.000000 -1.000000
vn -0.000000 -0.000000 -1.000000
vn -0.000000 -0.000000 -1.000000
vn -0.000000 -0.000000 -1.000000
vn -0.000000 -0.000000 -1.000000
vn -0.000000 -0.000000 -1.000000
vn -0.000000 -0.000000 -1.000000
vn -0.000000 -0.000000 -1.000000
vn -0.000000 -0.000000 -1.000000
vn -0.000000 -0.000000 -1.000000
vn -0.000000 -0.000000 -1.000000
vn -0.000000 -0.000000 -1.000000
vn -0.000000 -0.000000 -1.000000
vn -0.000000 -0.000000 -1.000000
vn -0.000000 -0.000000 -1.000000
vn -0.000000 -0.000000 -1.000000
vn -0.000000 -0.000000 -1.000000
vn -0.000000 -0.000000 -1.000000
vn -0.000000 -0.000000 -1.000000
vn -0.000000 -0.000000 -1.000000
vn -0.000000 -0.000000 -1.000000
vn -0.000000 -0.000000 -1.000000
vn -0.000000 -0.000000 -1.000000
vn -0.000000 -0.000000 -1.000000
vn -0.000000 -0.000000 -1.000000
vn -0.000000 -0.000000 -1.000000
vn -0.000000 -0.000000 -1.000000
vn -0.000000 -0.000000 -1.000000
vn -0.000000 -0.000000 -1.000000
vn -0.000000 -0.000000 -1.000000
vn -0.000000 -0.000000 -1.000000
vn -0.000000 -0.000000 -1.000000
vn -0.000000 -0.000000 -1.000000
vn -0.000000 -0.000000 -1.000000
vn -0.000000 -0.000000 -1.000000
vn -0.000000 -0.000000 -1.000000
vn -0.000000 -0.000000 -1.000000
f 1170/2221/2145 1218/2222/2146 1169/2223/2147
f 1169/2223/2147 1218/2222/2146 1217/2224/2148
f 1169/2225/2147 1217/2226/2148 1192/2227/2149
f 1192/2227/2149 1217/2226/2148 1240/2228/2150
f 1192/2227/2149 1240/2228/2150 1191/2229/2151
f 1191/2229/2151 1240/2228/2150 1239/2230/2152
f 1191/2229/2151 1239/2230/2152 1190/2231/2153
f 1190/2231/2153 1239/2230/2152 1238/2232/2154
f 1190/2231/2153 1238/2232/2154 1189/2233/2155
f 1189/2233/2155 1238/2232/2154 1237/2234/2156
f 1189/2233/2155 1237/2234/2156 1188/2235/2157
f 1188/2235/2157 1237/2234/2156 1236/2236/2158
f 1188/2235/2157 1236/2236/2158 1187/2237/2159
f 1187/2237/2159 1236/2236/2158 1235/2238/2160
f 1187/2237/2159 1235/2238/2160 1186/2239/2161
f 1186/2239/2161 1235/2238/2160 1234/2240/2162
f 1186/2239/2161 1234/2240/2162 1185/2241/2163
f 1185/2241/2163 1234/2240/2162 1233/2242/2164
f 1185/2241/2163 1233/2242/2164 1184/2243/2165
f 1184/2243/2165 1233/2242/2164 1232/2244/2166
f 1184/2243/2165 1232/2244/2166 1183/2245/2167
f 1183/2245/2167 1232/2244/2166 1231/2246/2168
f 1183/2245/2167 1231/2246/2168 1182/2247/2169
f 1182/2247/2169 1231/2246/2168 1230/2248/2170
f 1182/2247/2169 1230/2248/2170 1181/2249/2171
f 1181/2249/2171 1230/2248/2170 1229/2250/2172
f 1181/2249/2171 1229/2250/2172 1180/2251/2173
f 1180/2251/2173 1229/2250/2172 1228/2252/2174
f 1180/2251/2173 1228/2252/2174 1179/2253/2175
f 1179/2253/2175 1228/2252/2174 1227/2254/2176
f 1179/2253/2175 1227/2254/2176 1178/2255/2177
f 1178/2255/2177 1227/2254/2176 1226/2256/2178
f 1178/2255/2177 1226/2256/2178 1177/2257/2179
f 1177/2257/2179 1226/2256/2178 1225/2258/2180
f 1177/2257/2179 1225/2258/2180 1176/2259/2181
f 1176/2259/2181 1225/2258/2180 1224/2260/2182
f 1176/2259/2181 1224/2260/2182 1175/2261/2183
f 1175/2261/2183 1224/2260/2182 1223/2262/2184
f 1175/2261/2183 1223/2262/2184 1174/2263/2185
f 1174/2263/2185 1223/2262/2184 1222/2264/2186
f 1174/2263/2185 1222/2264/2186 1173/2265/2187
f 1173/2265/2187 1222/2264/2186 1221/2266/2188
f 1173/2265/2187 1221/2266/2188 1172/2267/2189
f 1172/2267/2189 1221/2266/2188 1220/2268/2190
f 1172/2267/2189 1220/2268/2190 1171/2269/2191
f 1171/2269/2191 1220/2268/2190 1219/2270/2192
f 1171/2269/2191 1219/2270/2192 1170/2221/2145
f 1170/2221/2145 1219/2270/2192 1218/2222/2146
f 1194/2271/2193 1240/2228/2150 1193/2272/2194
f 1193/2272/2194 1240/2228/2150 1217/2226/2148
f 1193/2273/2194 1217/2224/2148 1216/2274/2195
f 1216/2274/2195 1217/2224/2148 1218/2222/2146
f 1216/2274/2195 1218/2222/2146 1215/2275/2196
f 1215/2275/2196 1218/2222/2146 1219/2270/2192
f 1215/2275/2196 1219/2270/2192 1214/2276/2197
f 1214/2276/2197 1219/2270/2192 1220/2268/2190
f 1214/2276/2197 1220/2268/2190 1213/2277/2198
f 1213/2277/2198 1220/2268/2190 1221/2266/2188
f 1213/2277/2198 1221/2266/2188 1212/2278/2199
f 1212/2278/2199 1221/2266/2188 1222/2264/2186
f 1212/2278/2199 1222/2264/2186 1211/2279/2200
f 1211/2279/2200 1222/2264/2186 1223/2262/2184
f 1211/2279/2200 1223/2262/2184 1210/2280/2201
f 1210/2280/2201 1223/2262/2184 1224/2260/2182
f 1210/2280/2201 1224/2260/2182 1209/2281/2202
f 1209/2281/2202 1224/2260/2182 1225/2258/2180
f 1209/2281/2202 1225/2258/2180 1208/2282/2203
f 1208/2282/2203 1225/2258/2180 1226/2256/2178
f 1208/2282/2203 1226/2256/2178 1207/2283/2204
f 1207/2283/2204 1226/2256/2178 1227/2254/2176
f 1207/2283/2204 1227/2254/2176 1206/2284/2205
f 1206/2284/2205 1227/2254/2176 1228/2252/2174
f 1206/2284/2205 1228/2252/2174 1205/2285/2206
f 1205/2285/2206 1228/2252/2174 1229/2250/2172
f 1205/2285/2206 1229/2250/2172 1204/2286/2207
f 1204/2286/2207 1229/2250/2172 1230/2248/2170
f 1204/2286/2207 1230/2248/2170 1203/2287/2208
f 1203/2287/2208 1230/2248/2170 1231/2246/2168
f 1203/2287/2208 1231/2246/2168 1202/2288/2209
f 1202/2288/2209 1231/2246/2168 1232/2244/2166
f 1202/2288/2209 1232/2244/2166 1201/2289/2210
f 1201/2289/2210 1232/2244/2166 1233/2242/2164
f 1201/2289/2210 1233/2242/2164 1200/2290/2211
f 1200/2290/2211 1233/2242/2164 1234/2240/2162
f 1200/2290/2211 1234/2240/2162 1199/2291/2212
f 1199/2291/2212 1234/2240/2162 1235/2238/2160
f 1199/2291/2212 1235/2238/2160 1198/2292/2213
f 1198/2292/2213 1235/2238/2160 1236/2236/2158
f 1198/2292/2213 1236/2236/2158 1197/2293/2214
f 1197/2293/2214 1236/2236/2158 1237/2234/2156
f 1197/2293/2214 1237/2234/2156 1196/2294/2215
f 1196/2294/2215 1237/2234/2156 1238/2232/2154
f 1196/2294/2215 1238/2232/2154 1195/2295/2216
f 1195/2295/2216 1238/2232/2154 1239/2230/2152
f 1195/2295/2216 1239/2230/2152 1194/2271/2193
f 1194/2271/2193 1239/2230/2152 1240/2228/2150
f 1194/2296/2217 1193/2297/2218 1241/2298/2219
f 1241/2298/2219 1193/2297/2218 1216/2299/2220
f 1241/2298/2219 1216/2299/2220 1264/2300/2221
f 1264/2300/2221 1216/2299/2220 1215/2301/2222
f 1264/2300/2221 1215/2301/2222 1263/2302/2223
f 1263/2302/2223 1215/2301/2222 1214/2303/2224
f 1263/2302/2223 1214/2303/2224 1262/2304/2225
f 1262/2304/2225 1214/2303/2224 1213/2305/2226
f 1262/2304/2225 1213/2305/2226 1261/2306/2227
f 1261/2306/2227 1213/2305/2226 1212/2307/2228
f 1261/2306/2227 1212/2307/2228 1260/2308/2229
f 1260/2308/2229 1212/2307/2228 1211/2309/2230
f 1260/2308/2229 1211/2309/2230 1259/2310/2231
f 1259/2310/2231 1211/2309/2230 1258/2311/2232
f 1258/2311/2232 1211/2309/2230 1210/2312/2233
f 1258/2311/2232 1210/2312/2233 1257/2313/2234
f 1257/2313/2234 1210/2312/2233 1209/2314/2235
f 1257/2313/2234 1209/2314/2235 1256/2315/2236
f 1256/2315/2236 1209/2314/2235 1208/2316/2237
f 1256/2315/2236 1208/2316/2237 1255/2317/2238
f 1255/2317/2238 1208/2316/2237 1207/2318/2239
f 1255/2317/2238 1207/2318/2239 1254/2319/2240
f 1254/2319/2240 1207/2318/2239 1206/2320/2241
f 1254/2319/2240 1206/2320/2241 1253/2321/2242
f 1253/2321/2242 1206/2320/2241 1205/2322/2243
f 1253/2321/2242 1205/2322/2243 1252/2323/2244
f 1252/2323/2244 1205/2322/2243 1204/2324/2245
f 1252/2323/2244 1204/2324/2245 1203/2325/2246
f 1252/2323/2244 1203/2325/2246 1251/2326/2247
f 1251/2326/2247 1203/2325/2246 1202/2327/2248
f 1251/2326/2247 1202/2327/2248 1250/2328/2249
f 1250/2328/2249 1202/2327/2248 1201/2329/2250
f 1250/2328/2249 1201/2329/2250 1249/2330/2251
f 1249/2330/2251 1201/2329/2250 1200/2331/2252
f 1249/2330/2251 1200/2331/2252 1248/2332/2253
f 1248/2332/2253 1200/2331/2252 1199/2333/2254
f 1248/2332/2253 1199/2333/2254 1247/2334/2255
f 1247/2334/2255 1199/2333/2254 1246/2335/2256
f 1246/2335/2256 1199/2333/2254 1198/2336/2257
f 1246/2335/2256 1198/2336/2257 1245/2337/2258
f 1245/2337/2258 1198/2336/2257 1197/2338/2259
f 1245/2337/2258 1197/2338/2259 1244/2339/2260
f 1244/2339/2260 1197/2338/2259 1196/2340/2261
f 1244/2339/2260 1196/2340/2261 1243/2341/2262
f 1243/2341/2262 1196/2340/2261 1195/2342/2263
f 1243/2341/2262 1195/2342/2263 1242/2343/2264
f 1242/2343/2264 1195/2342/2263 1194/2296/2217
f 1242/2343/2264 1194/2296/2217 1241/2298/2219
f 1266/2344/2265 1276/2345/2266 1265/2346/2267
f 1265/2346/2267 1276/2345/2266 1277/2347/2268
f 1265/2346/2267 1277/2347/2268 1288/2348/2269
f 1288/2348/2269 1277/2347/2268 1278/2349/2270
f 1288/2348/2269 1278/2349/2270 1287/2350/2271
f 1287/2350/2271 1278/2349/2270 1279/2351/2272
f 1287/2350/2271 1279/2351/2272 1286/2352/2273
f 1286/2352/2273 1279/2351/2272 1280/2353/2274
f 1286/2352/2273 1280/2353/2274 1285/2354/2275
f 1285/2354/2275 1280/2353/2274 1281/2355/2276
f 1285/2354/2275 1281/2355/2276 1284/2356/2277
f 1284/2356/2277 1281/2355/2276 1282/2357/2278
f 1284/2356/2277 1282/2357/2278 1283/2358/2279
f 1276/2345/2266 1266/2344/2265 1275/2359/2280
f 1275/2359/2280 1266/2344/2265 1267/2360/2281
f 1275/2359/2280 1267/2360/2281 1274/2361/2282
f 1274/2361/2282 1267/2360/2281 1268/2362/2283
f 1274/2361/2282 1268/2362/2283 1273/2363/2284
f 1273/2363/2284 1268/2362/2283 1269/2364/2285
f 1273/2363/2284 1269/2364/2285 1272/2365/2286
f 1272/2365/2286 1269/2364/2285 1270/2366/2287
f 1272/2365/2286 1270/2366/2287 1271/2367/2288
f 1192/2368/2289 1182/2369/2290 1169/2370/2291
f 1169/2370/2291 1182/2369/2290 1181/2371/2292
f 1169/2370/2291 1181/2371/2292 1170/2372/2293
f 1170/2372/2293 1181/2371/2292 1180/2373/2294
f 1170/2372/2293 1180/2373/2294 1171/2374/2295
f 1171/2374/2295 1180/2373/2294 1179/2375/2296
f 1171/2374/2295 1179/2375/2296 1172/2376/2297
f 1172/2376/2297 1179/2375/2296 1178/2377/2298
f 1172/2376/2297 1178/2377/2298 1173/2378/2299
f 1173/2378/2299 1178/2377/2298 1177/2379/2300
f 1173/2378/2299 1177/2379/2300 1174/2380/2301
f 1174/2380/2301 1177/2379/2300 1176/2381/2302
f 1174/2380/2301 1176/2381/2302 1175/2382/2303
f 1182/2369/2290 1192/2368/2289 1183/2383/2304
f 1183/2383/2304 1192/2368/2289 1191/2384/2305
f 1183/2383/2304 1191/2384/2305 1184/2385/2306
f 1184/2385/2306 1191/2384/2305 1190/2386/2307
f 1184/2385/2306 1190/2386/2307 1185/2387/2308
f 1185/2387/2308 1190/2386/2307 1189/2388/2309
f 1185/2387/2308 1189/2388/2309 1186/2389/2310
f 1186/2389/2310 1189/2388/2309 1188/2390/2311
f 1186/2389/2310 1188/2390/2311 1187/2391/2312
f 1288/2392/2313 1314/2393/2314 1265/2394/2315
f 1265/2394/2315 1314/2393/2314 1313/2395/2316
f 1265/2396/2315 1313/2397/2316 1266/2398/2317
f 1266/2398/2317 1313/2397/2316 1336/2399/2318
f 1266/2398/2317 1336/2399/2318 1267/2400/2319
f 1267/2400/2319 1336/2399/2318 1335/2401/2320
f 1267/2400/2319 1335/2401/2320 1268/2402/2321
f 1268/2402/2321 1335/2401/2320 1334/2403/2322
f 1268/2402/2321 1334/2403/2322 1269/2404/2323
f 1269/2404/2323 1334/2403/2322 1333/2405/2324
f 1269/2404/2323 1333/2405/2324 1270/2406/2325
f 1270/2406/2325 1333/2405/2324 1332/2407/2326
f 1270/2406/2325 1332/2407/2326 1271/2408/2327
f 1271/2408/2327 1332/2407/2326 1331/2409/2328
f 1271/2408/2327 1331/2409/2328 1272/2410/2329
f 1272/2410/2329 1331/2409/2328 1330/2411/2330
f 1272/2410/2329 1330/2411/2330 1273/2412/2331
f 1273/2412/2331 1330/2411/2330 1329/2413/2332
f 1273/2412/2331 1329/2413/2332 1274/2414/2333
f 1274/2414/2333 1329/2413/2332 1328/2415/2334
f 1274/2414/2333 1328/2415/2334 1275/2416/2335
f 1275/2416/2335 1328/2415/2334 1327/2417/2336
f 1275/2416/2335 1327/2417/2336 1276/2418/2337
f 1276/2418/2337 1327/2417/2336 1326/2419/2338
f 1276/2418/2337 1326/2419/2338 1277/2420/2339
f 1277/2420/2339 1326/2419/2338 1325/2421/2340
f 1277/2420/2339 1325/2421/2340 1278/2422/2341
f 1278/2422/2341 1325/2421/2340 1324/2423/2342
f 1278/2422/2341 1324/2423/2342 1279/2424/2343
f 1279/2424/2343 1324/2423/2342 1323/2425/2344
f 1279/2424/2343 1323/2425/2344 1280/2426/2345
f 1280/2426/2345 1323/2425/2344 1322/2427/2346
f 1280/2426/2345 1322/2427/2346 1281/2428/2347
f 1281/2428/2347 1322/2427/2346 1321/2429/2348
f 1281/2428/2347 1321/2429/2348 1282/2430/2349
f 1282/2430/2349 1321/2429/2348 1320/2431/2350
f 1282/2430/2349 1320/2431/2350 1283/2432/2351
f 1283/2432/2351 1320/2431/2350 1319/2433/2352
f 1283/2432/2351 1319/2433/2352 1284/2434/2353
f 1284/2434/2353 1319/2433/2352 1318/2435/2354
f 1284/2434/2353 1318/2435/2354 1285/2436/2355
f 1285/2436/2355 1318/2435/2354 1317/2437/2356
f 1285/2436/2355 1317/2437/2356 1286/2438/2357
f 1286/2438/2357 1317/2437/2356 1316/2439/2358
f 1286/2438/2357 1316/2439/2358 1287/2440/2359
f 1287/2440/2359 1316/2439/2358 1315/2441/2360
f 1287/2440/2359 1315/2441/2360 1288/2392/2313
f 1288/2392/2313 1315/2441/2360 1314/2393/2314
f 1290/2442/2361 1336/2399/2318 1289/2443/2362
f 1289/2443/2362 1336/2399/2318 1313/2397/2316
f 1289/2444/2362 1313/2395/2316 1312/2445/2363
f 1312/2445/2363 1313/2395/2316 1314/2393/2314
f 1312/2445/2363 1314/2393/2314 1311/2446/2364
f 1311/2446/2364 1314/2393/2314 1315/2441/2360
f 1311/2446/2364 1315/2441/2360 1310/2447/2365
f 1310/2447/2365 1315/2441/2360 1316/2439/2358
f 1310/2447/2365 1316/2439/2358 1309/2448/2366
f 1309/2448/2366 1316/2439/2358 1317/2437/2356
f 1309/2448/2366 1317/2437/2356 1308/2449/2367
f 1308/2449/2367 1317/2437/2356 1318/2435/2354
f 1308/2449/2367 1318/2435/2354 1307/2450/2368
f 1307/2450/2368 1318/2435/2354 1319/2433/2352
f 1307/2450/2368 1319/2433/2352 1306/2451/2369
f 1306/2451/2369 1319/2433/2352 1320/2431/2350
f 1306/2451/2369 1320/2431/2350 1305/2452/2370
f 1305/2452/2370 1320/2431/2350 1321/2429/2348
f 1305/2452/2370 1321/2429/2348 1304/2453/2371
f 1304/2453/2371 1321/2429/2348 1322/2427/2346
f 1304/2453/2371 1322/2427/2346 1303/2454/2372
f 1303/2454/2372 1322/2427/2346 1323/2425/2344
f 1303/2454/2372 1323/2425/2344 1302/2455/2373
f 1302/2455/2373 1323/2425/2344 1324/2423/2342
f 1302/2455/2373 1324/2423/2342 1301/2456/2374
f 1301/2456/2374 1324/2423/2342 1325/2421/2340
f 1301/2456/2374 1325/2421/2340 1300/2457/2375
f 1300/2457/2375 1325/2421/2340 1326/2419/2338
f 1300/2457/2375 1326/2419/2338 1299/2458/2376
f 1299/2458/2376 1326/2419/2338 1327/2417/2336
f 1299/2458/2376 1327/2417/2336 1298/2459/2377
f 1298/2459/2377 1327/2417/2336 1328/2415/2334
f 1298/2459/2377 1328/2415/2334 1297/2460/2378
f 1297/2460/2378 1328/2415/2334 1329/2413/2332
f 1297/2460/2378 1329/2413/2332 1296/2461/2379
f 1296/2461/2379 1329/2413/2332 1330/2411/2330
f 1296/2461/2379 1330/2411/2330 1295/2462/2380
f 1295/2462/2380 1330/2411/2330 1331/2409/2328
f 1295/2462/2380 1331/2409/2328 1294/2463/2381
f 1294/2463/2381 1331/2409/2328 1332/2407/2326
f 1294/2463/2381 1332/2407/2326 1293/2464/2382
f 1293/2464/2382 1332/2407/2326 1333/2405/2324
f 1293/2464/2382 1333/2405/2324 1292/2465/2383
f 1292/2465/2383 1333/2405/2324 1334/2403/2322
f 1292/2465/2383 1334/2403/2322 1291/2466/2384
f 1291/2466/2384 1334/2403/2322 1335/2401/2320
f 1291/2466/2384 1335/2401/2320 1290/2442/2361
f 1290/2442/2361 1335/2401/2320 1336/2399/2318
f 1264/2467/2385 1363/2468/2386 1241/2469/2387
f 1241/2469/2387 1363/2468/2386 1361/2470/2388
f 1241/2471/2387 1361/2472/2388 1242/2473/2389
f 1242/2473/2389 1361/2472/2388 1407/2474/2390
f 1242/2473/2389 1407/2474/2390 1243/2475/2391
f 1243/2475/2391 1407/2474/2390 1405/2476/2392
f 1243/2475/2391 1405/2476/2392 1244/2477/2393
f 1244/2477/2393 1405/2476/2392 1403/2478/2394
f 1244/2477/2393 1403/2478/2394 1245/2479/2395
f 1245/2479/2395 1403/2478/2394 1401/2480/2396
f 1245/2479/2395 1401/2480/2396 1246/2481/2397
f 1246/2481/2397 1401/2480/2396 1399/2482/2398
f 1246/2481/2397 1399/2482/2398 1247/2483/2399
f 1247/2483/2399 1399/2482/2398 1397/2484/2400
f 1247/2483/2399 1397/2484/2400 1248/2485/2401
f 1248/2485/2401 1397/2484/2400 1395/2486/2402
f 1248/2485/2401 1395/2486/2402 1249/2487/2403
f 1249/2487/2403 1395/2486/2402 1393/2488/2404
f 1249/2487/2403 1393/2488/2404 1250/2489/2405
f 1250/2489/2405 1393/2488/2404 1391/2490/2406
f 1250/2489/2405 1391/2490/2406 1251/2491/2407
f 1251/2491/2407 1391/2490/2406 1389/2492/2408
f 1251/2491/2407 1389/2492/2408 1252/2493/2409
f 1252/2493/2409 1389/2492/2408 1387/2494/2410
f 1252/2493/2409 1387/2494/2410 1253/2495/2411
f 1253/2495/2411 1387/2494/2410 1385/2496/2412
f 1253/2495/2411 1385/2496/2412 1254/2497/2413
f 1254/2497/2413 1385/2496/2412 1383/2498/2414
f 1254/2497/2413 1383/2498/2414 1255/2499/2415
f 1255/2499/2415 1383/2498/2414 1381/2500/2416
f 1255/2499/2415 1381/2500/2416 1256/2501/2417
f 1256/2501/2417 1381/2500/2416 1379/2502/2418
f 1256/2501/2417 1379/2502/2418 1257/2503/2419
f 1257/2503/2419 1379/2502/2418 1377/2504/2420
f 1257/2503/2419 1377/2504/2420 1258/2505/2421
f 1258/2505/2421 1377/2504/2420 1375/2506/2422
f 1258/2505/2421 1375/2506/2422 1259/2507/2423
f 1259/2507/2423 1375/2506/2422 1373/2508/2424
f 1259/2507/2423 1373/2508/2424 1260/2509/2425
f 1260/2509/2425 1373/2508/2424 1371/2510/2426
f 1260/2509/2425 1371/2510/2426 1261/2511/2427
f 1261/2511/2427 1371/2510/2426 1369/2512/2428
f 1261/2511/2427 1369/2512/2428 1262/2513/2429
f 1262/2513/2429 1369/2512/2428 1367/2514/2430
f 1262/2513/2429 1367/2514/2430 1263/2515/2431
f 1263/2515/2431 1367/2514/2430 1365/2516/2432
f 1263/2515/2431 1365/2516/2432 1264/2467/2385
f 1264/2467/2385 1365/2516/2432 1363/2468/2386
f 1338/2517/2433 1408/2518/2434 1337/2519/2435
f 1337/2519/2435 1408/2518/2434 1362/2520/2436
f 1337/2521/2435 1362/2522/2436 1360/2523/2437
f 1360/2523/2437 1362/2522/2436 1364/2524/2438
f 1360/2523/2437 1364/2524/2438 1359/2525/2439
f 1359/2525/2439 1364/2524/2438 1366/2526/2440
f 1359/2525/2439 1366/2526/2440 1358/2527/2441
f 1358/2527/2441 1366/2526/2440 1368/2528/2442
f 1358/2527/2441 1368/2528/2442 1357/2529/2443
f 1357/2529/2443 1368/2528/2442 1370/2530/2444
f 1357/2529/2443 1370/2530/2444 1356/2531/2445
f 1356/2531/2445 1370/2530/2444 1372/2532/2446
f 1356/2531/2445 1372/2532/2446 1355/2533/2447
f 1355/2533/2447 1372/2532/2446 1374/2534/2448
f 1355/2533/2447 1374/2534/2448 1354/2535/2449
f 1354/2535/2449 1374/2534/2448 1376/2536/2450
f 1354/2535/2449 1376/2536/2450 1353/2537/2451
f 1353/2537/2451 1376/2536/2450 1378/2538/2452
f 1353/2537/2451 1378/2538/2452 1352/2539/2453
f 1352/2539/2453 1378/2538/2452 1380/2540/2454
f 1352/2539/2453 1380/2540/2454 1351/2541/2455
f 1351/2541/2455 1380/2540/2454 1382/2542/2456
f 1351/2541/2455 1382/2542/2456 1350/2543/2457
f 1350/2543/2457 1382/2542/2456 1384/2544/2458
f 1350/2543/2457 1384/2544/2458 1349/2545/2459
f 1349/2545/2459 1384/2544/2458 1386/2546/2460
f 1349/2545/2459 1386/2546/2460 1348/2547/2461
f 1348/2547/2461 1386/2546/2460 1388/2548/2462
f 1348/2547/2461 1388/2548/2462 1347/2549/2463
f 1347/2549/2463 1388/2548/2462 1390/2550/2464
f 1347/2549/2463 1390/2550/2464 1346/2551/2465
f 1346/2551/2465 1390/2550/2464 1392/2552/2466
f 1346/2551/2465 1392/2552/2466 1345/2553/2467
f 1345/2553/2467 1392/2552/2466 1394/2554/2468
f 1345/2553/2467 1394/2554/2468 1344/2555/2469
f 1344/2555/2469 1394/2554/2468 1396/2556/2470
f 1344/2555/2469 1396/2556/2470 1343/2557/2471
f 1343/2557/2471 1396/2556/2470 1398/2558/2472
f 1343/2557/2471 1398/2558/2472 1342/2559/2473
f 1342/2559/2473 1398/2558/2472 1400/2560/2474
f 1342/2559/2473 1400/2560/2474 1341/2561/2475
f 1341/2561/2475 1400/2560/2474 1402/2562/2476
f 1341/2561/2475 1402/2562/2476 1340/2563/2477
f 1340/2563/2477 1402/2562/2476 1404/2564/2478
f 1340/2563/2477 1404/2564/2478 1339/2565/2479
f 1339/2565/2479 1404/2564/2478 1406/2566/2480
f 1339/2565/2479 1406/2566/2480 1338/2517/2433
f 1338/2517/2433 1406/2566/2480 1408/2518/2434
f 1361/2472/2388 1362/2520/2436 1407/2474/2390
f 1407/2474/2390 1362/2520/2436 1408/2518/2434
f 1407/2474/2390 1408/2518/2434 1405/2476/2392
f 1405/2476/2392 1408/2518/2434 1406/2566/2480
f 1405/2476/2392 1406/2566/2480 1403/2478/2394
f 1403/2478/2394 1406/2566/2480 1404/2564/2478
f 1403/2478/2394 1404/2564/2478 1401/2480/2396
f 1401/2480/2396 1404/2564/2478 1402/2562/2476
f 1401/2480/2396 1402/2562/2476 1399/2482/2398
f 1399/2482/2398 1402/2562/2476 1400/2560/2474
f 1399/2482/2398 1400/2560/2474 1397/2484/2400
f 1397/2484/2400 1400/2560/2474 1398/2558/2472
f 1397/2484/2400 1398/2558/2472 1395/2486/2402
f 1395/2486/2402 1398/2558/2472 1396/2556/2470
f 1395/2486/2402 1396/2556/2470 1393/2488/2404
f 1393/2488/2404 1396/2556/2470 1394/2554/2468
f 1393/2488/2404 1394/2554/2468 1391/2490/2406
f 1391/2490/2406 1394/2554/2468 1392/2552/2466
f 1391/2490/2406 1392/2552/2466 1389/2492/2408
f 1389/2492/2408 1392/2552/2466 1390/2550/2464
f 1389/2492/2408 1390/2550/2464 1387/2494/2410
f 1387/2494/2410 1390/2550/2464 1388/2548/2462
f 1387/2494/2410 1388/2548/2462 1385/2496/2412
f 1385/2496/2412 1388/2548/2462 1386/2546/2460
f 1385/2496/2412 1386/2546/2460 1383/2498/2414
f 1383/2498/2414 1386/2546/2460 1384/2544/2458
f 1383/2498/2414 1384/2544/2458 1381/2500/2416
f 1381/2500/2416 1384/2544/2458 1382/2542/2456
f 1381/2500/2416 1382/2542/2456 1379/2502/2418
f 1379/2502/2418 1382/2542/2456 1380/2540/2454
f 1379/2502/2418 1380/2540/2454 1377/2504/2420
f 1377/2504/2420 1380/2540/2454 1378/2538/2452
f 1377/2504/2420 1378/2538/2452 1375/2506/2422
f 1375/2506/2422 1378/2538/2452 1376/2536/2450
f 1375/2506/2422 1376/2536/2450 1373/2508/2424
f 1373/2508/2424 1376/2536/2450 1374/2534/2448
f 1373/2508/2424 1374/2534/2448 1371/2510/2426
f 1371/2510/2426 1374/2534/2448 1372/2532/2446
f 1371/2510/2426 1372/2532/2446 1369/2512/2428
f 1369/2512/2428 1372/2532/2446 1370/2530/2444
f 1369/2512/2428 1370/2530/2444 1367/2514/2430
f 1367/2514/2430 1370/2530/2444 1368/2528/2442
f 1367/2514/2430 1368/2528/2442 1365/2516/2432
f 1365/2516/2432 1368/2528/2442 1366/2526/2440
f 1365/2516/2432 1366/2526/2440 1363/2468/2386
f 1363/2468/2386 1366/2526/2440 1364/2524/2438
f 1363/2468/2386 1364/2524/2438 1361/2470/2388
f 1361/2470/2388 1364/2524/2438 1362/2522/2436
f 1312/2567/2481 1338/2568/2482 1289/2569/2483
f 1289/2569/2483 1338/2568/2482 1337/2570/2484
f 1289/2569/2483 1337/2570/2484 1290/2571/2485
f 1290/2571/2485 1337/2570/2484 1360/2572/2486
f 1290/2571/2485 1360/2572/2486 1291/2573/2487
f 1291/2573/2487 1360/2572/2486 1359/2574/2488
f 1291/2573/2487 1359/2574/2488 1292/2575/2489
f 1292/2575/2489 1359/2574/2488 1358/2576/2490
f 1292/2575/2489 1358/2576/2490 1293/2577/2491
f 1293/2577/2491 1358/2576/2490 1357/2578/2492
f 1293/2577/2491 1357/2578/2492 1294/2579/2493
f 1294/2579/2493 1357/2578/2492 1356/2580/2494
f 1294/2579/2493 1356/2580/2494 1295/2581/2495
f 1295/2581/2495 1356/2580/2494 1355/2582/2496
f 1295/2581/2495 1355/2582/2496 1354/2583/2497
f 1312/2567/2481 1311/2584/2498 1338/2568/2482
f 1338/2568/2482 1311/2584/2498 1339/2585/2499
f 1339/2585/2499 1311/2584/2498 1310/2586/2500
f 1339/2585/2499 1310/2586/2500 1340/2587/2501
f 1340/2587/2501 1310/2586/2500 1309/2588/2502
f 1340/2587/2501 1309/2588/2502 1341/2589/2503
f 1341/2589/2503 1309/2588/2502 1308/2590/2504
f 1341/2589/2503 1308/2590/2504 1342/2591/2505
f 1342/2591/2505 1308/2590/2504 1307/2592/2506
f 1342/2591/2505 1307/2592/2506 1343/2593/2507
f 1343/2593/2507 1307/2592/2506 1344/2594/2508
f 1344/2594/2508 1307/2592/2506 1306/2595/2509
f 1344/2594/2508 1306/2595/2509 1345/2596/2510
f 1345/2596/2510 1306/2595/2509 1305/2597/2511
f 1345/2596/2510 1305/2597/2511 1346/2598/2512
f 1346/2598/2512 1305/2597/2511 1304/2599/2513
f 1346/2598/2512 1304/2599/2513 1347/2600/2514
f 1347/2600/2514 1304/2599/2513 1303/2601/2515
f 1347/2600/2514 1303/2601/2515 1348/2602/2516
f 1348/2602/2516 1303/2601/2515 1302/2603/2517
f 1348/2602/2516 1302/2603/2517 1349/2604/2518
f 1349/2604/2518 1302/2603/2517 1301/2605/2519
f 1349/2604/2518 1301/2605/2519 1300/2606/2520
f 1349/2604/2518 1300/2606/2520 1350/2607/2521
f 1350/2607/2521 1300/2606/2520 1299/2608/2522
f 1350/2607/2521 1299/2608/2522 1351/2609/2523
f 1351/2609/2523 1299/2608/2522 1298/2610/2524
f 1351/2609/2523 1298/2610/2524 1352/2611/2525
f 1352/2611/2525 1298/2610/2524 1297/2612/2526
f 1352/2611/2525 1297/2612/2526 1353/2613/2527
f 1353/2613/2527 1297/2612/2526 1296/2614/2528
f 1353/2613/2527 1296/2614/2528 1354/2583/2497
f 1354/2583/2497 1296/2614/2528 1295/2581/2495
g Body5

v 0.750000 7.800000 2.200000
v 0.744889 7.761177 2.200000
v 0.729904 7.725000 2.200000
v 0.706066 7.693934 2.200000
v 0.675000 7.670096 2.200000
v 0.638823 7.655111 2.200000
v 0.600000 7.650000 2.200000
v 0.561177 7.655111 2.200000
v 0.525000 7.670096 2.200000
v 0.493934 7.693934 2.200000
v 0.470096 7.725000 2.200000
v 0.455111 7.761177 2.200000
v 0.450000 7.800000 2.200000
v 0.455111 7.838823 2.200000
v 0.470096 7.875000 2.200000
v 0.493934 7.906066 2.200000
v 0.525000 7.929904 2.200000
v 0.561177 7.944889 2.200000
v 0.600000 7.950000 2.200000
v 0.638823 7.944889 2.200000
v 0.675000 7.929904 2.200000
v 0.706066 7.906066 2.200000
v 0.729904 7.875000 2.200000
v 0.744889 7.838823 2.200000
v 0.750000 7.800000 3.700000
v 0.744889 7.838823 3.700000
v 0.729904 7.875000 3.700000
v 0.706066 7.906066 3.700000
v 0.675000 7.929904 3.700000
v 0.638823 7.944889 3.700000
v 0.600000 7.950000 3.700000
v 0.561177 7.944889 3.700000
v 0.525000 7.929904 3.700000
v 0.493934 7.906066 3.700000
v 0.470096 7.875000 3.700000
v 0.455111 7.838823 3.700000
v 0.450000 7.800000 3.700000
v 0.455111 7.761177 3.700000
v 0.470096 7.725000 3.700000
v 0.493934 7.693934 3.700000
v 0.525000 7.670096 3.700000
v 0.561177 7.655111 3.700000
v 0.600000 7.650000 3.700000
v 0.638823 7.655111 3.700000
v 0.675000 7.670096 3.700000
v 0.706066 7.693934 3.700000
v 0.729904 7.725000 3.700000
v 0.744889 7.761177 3.700000
v 0.750000 7.800000 2.950000
v 0.744889 7.761177 2.950000
v 0.729904 7.725000 2.950000
v 0.706066 7.693934 2.950000
v 0.675000 7.670096 2.950000
v 0.638823 7.655111 2.950000
v 0.600000 7.650000 2.950000
v 0.561177 7.655111 2.950000
v 0.525000 7.670096 2.950000
v 0.493934 7.693934 2.950000
v 0.470096 7.725000 2.950000
v 0.455111 7.761177 2.950000
v 0.450000 7.800000 2.950000
v 0.455111 7.838823 2.950000
v 0.470096 7.875000 2.950000
v 0.493934 7.906066 2.950000
v 0.525000 7.929904 2.950000
v 0.561177 7.944889 2.950000
v 0.600000 7.950000 2.950000
v 0.638823 7.944889 2.950000
v 0.675000 7.929904 2.950000
v 0.706066 7.906066 2.950000
v 0.729904 7.875000 2.950000
v 0.744889 7.838823 2.950000
v 0.850000 7.800000 3.700000
v 0.841481 7.864705 3.700000
v 0.816506 7.925000 3.700000
v 0.776777 7.976777 3.700000
v 0.725000 8.016506 3.700000
v 0.664705 8.041481 3.700000
v 0.600000 8.050000 3.700000
v 0.535295 8.041481 3.700000
v 0.475000 8.016506 3.700000
v 0.423223 7.976777 3.700000
v 0.383494 7.925000 3.700000
v 0.358519 7.864705 3.700000
v 0.350000 7.800000 3.700000
v 0.358519 7.735295 3.700000
v 0.383494 7.675000 3.700000
v 0.423223 7.623223 3.700000
v 0.475000 7.583494 3.700000
v 0.535295 7.558519 3.700000
v 0.600000 7.550000 3.700000
v 0.664705 7.558519 3.700000
v 0.725000 7.583494 3.700000
v 0.776777 7.623223 3.700000
v 0.816506 7.675000 3.700000
v 0.841481 7.735295 3.700000
v 0.750000 7.800000 1.700000
v 0.744889 7.761177 1.700000
v 0.729904 7.725000 1.700000
v 0.706066 7.693934 1.700000
v 0.675000 7.670096 1.700000
v 0.638823 7.655111 1.700000
v 0.600000 7.650000 1.700000
v 0.561177 7.655111 1.700000
v 0.525000 7.670096 1.700000
v 0.493934 7.693934 1.700000
v 0.470096 7.725000 1.700000
v 0.455111 7.761177 1.700000
v 0.450000 7.800000 1.700000
v 0.455111 7.838823 1.700000
v 0.470096 7.875000 1.700000
v 0.493934 7.906066 1.700000
v 0.525000 7.929904 1.700000
v 0.561177 7.944889 1.700000
v 0.600000 7.950000 1.700000
v 0.638823 7.944889 1.700000
v 0.675000 7.929904 1.700000
v 0.706066 7.906066 1.700000
v 0.729904 7.875000 1.700000
v 0.744889 7.838823 1.700000
v 0.750000 7.800000 0.200000
v 0.744889 7.761177 0.200000
v 0.729904 7.725000 0.200000
v 0.706066 7.693934 0.200000
v 0.675000 7.670096 0.200000
v 0.638823 7.655111 0.200000
v 0.600000 7.650000 0.200000
v 0.561177 7.655111 0.200000
v 0.525000 7.670096 0.200000
v 0.493934 7.693934 0.200000
v 0.470096 7.725000 0.200000
v 0.455111 7.761177 0.200000
v 0.450000 7.800000 0.200000
v 0.455111 7.838823 0.200000
v 0.470096 7.875000 0.200000
v 0.493934 7.906066 0.200000
v 0.525000 7.929904 0.200000
v 0.561177 7.944889 0.200000
v 0.600000 7.950000 0.200000
v 0.638823 7.944889 0.200000
v 0.675000 7.929904 0.200000
v 0.706066 7.906066 0.200000
v 0.729904 7.875000 0.200000
v 0.744889 7.838823 0.200000
v 0.750000 7.800000 0.950000
v 0.744889 7.838823 0.950000
v 0.729904 7.875000 0.950000
v 0.706066 7.906066 0.950000
v 0.675000 7.929904 0.950000
v 0.638823 7.944889 0.950000
v 0.600000 7.950000 0.950000
v 0.561177 7.944889 0.950000
v 0.525000 7.929904 0.950000
v 0.493934 7.906066 0.950000
v 0.470096 7.875000 0.950000
v 0.455111 7.838823 0.950000
v 0.450000 7.800000 0.950000
v 0.455111 7.761177 0.950000
v 0.470096 7.725000 0.950000
v 0.493934 7.693934 0.950000
v 0.525000 7.670096 0.950000
v 0.561177 7.655111 0.950000
v 0.600000 7.650000 0.950000
v 0.638823 7.655111 0.950000
v 0.675000 7.670096 0.950000
v 0.706066 7.693934 0.950000
v 0.729904 7.725000 0.950000
v 0.744889 7.761177 0.950000
v 0.850000 7.800000 0.200000
v 0.841481 7.864705 0.200000
v 0.816506 7.925000 0.200000
v 0.776777 7.976777 0.200000
v 0.725000 8.016506 0.200000
v 0.664705 8.041481 0.200000
v 0.600000 8.050000 0.200000
v 0.535295 8.041481 0.200000
v 0.475000 8.016506 0.200000
v 0.423223 7.976777 0.200000
v 0.383494 7.925000 0.200000
v 0.358519 7.864705 0.200000
v 0.350000 7.800000 0.200000
v 0.358519 7.735295 0.200000
v 0.383494 7.675000 0.200000
v 0.423223 7.623223 0.200000
v 0.475000 7.583494 0.200000
v 0.535295 7.558519 0.200000
v 0.600000 7.550000 0.200000
v 0.664705 7.558519 0.200000
v 0.725000 7.583494 0.200000
v 0.776777 7.623223 0.200000
v 0.816506 7.675000 0.200000
v 0.841481 7.735295 0.200000
v 0.850000 7.800000 2.533333
v 0.850000 7.800000 1.366667
v 0.841481 7.735295 2.533333
v 0.841481 7.735295 1.366667
v 0.816506 7.675000 2.533333
v 0.816506 7.675000 1.366667
v 0.776777 7.623223 2.533333
v 0.776777 7.623223 1.366667
v 0.725000 7.583494 2.533333
v 0.725000 7.583494 1.366667
v 0.664705 7.558519 2.533333
v 0.664705 7.558519 1.366667
v 0.600000 7.550000 2.533333
v 0.600000 7.550000 1.366667
v 0.535295 7.558519 2.533333
v 0.535295 7.558519 1.366667
v 0.475000 7.583494 2.533333
v 0.475000 7.583494 1.366667
v 0.423223 7.623223 2.533333
v 0.423223 7.623223 1.366667
v 0.383494 7.675000 2.533333
v 0.383494 7.675000 1.366667
v 0.358519 7.735295 2.533333
v 0.358519 7.735295 1.366667
v 0.350000 7.800000 2.533333
v 0.350000 7.800000 1.366667
v 0.358519 7.864705 2.533333
v 0.358519 7.864705 1.366667
v 0.383494 7.925000 2.533333
v 0.383494 7.925000 1.366667
v 0.423223 7.976777 2.533333
v 0.423223 7.976777 1.366667
v 0.475000 8.016506 2.533333
v 0.475000 8.016506 1.366667
v 0.535295 8.041481 2.533333
v 0.535295 8.041481 1.366667
v 0.600000 8.050000 2.533333
v 0.600000 8.050000 1.366667
v 0.664705 8.041481 2.533333
v 0.664705 8.041481 1.366667
v 0.725000 8.016506 2.533333
v 0.725000 8.016506 1.366667
v 0.776777 7.976777 2.533333
v 0.776777 7.976777 1.366667
v 0.816506 7.925000 2.533333
v 0.816506 7.925000 1.366667
v 0.841481 7.864705 2.533333
v 0.841481 7.864705 1.366667
vt 2.000000 0.431969 0.000000
vt 2.750000 0.431969 0.000000
vt 2.000000 0.471239 0.000000
vt 2.750000 0.471239 0.000000
vt 2.000000 -0.471239 0.000000
vt 2.750000 -0.471239 0.000000
vt 2.000000 -0.431969 0.000000
vt 2.750000 -0.431969 0.000000
vt 2.000000 -0.392699 0.000000
vt 2.750000 -0.392699 0.000000
vt 2.000000 -0.353429 0.000000
vt 2.750000 -0.353429 0.000000
vt 2.000000 -0.314159 0.000000
vt 2.750000 -0.314159 0.000000
vt 2.000000 -0.274889 0.000000
vt 2.750000 -0.274889 0.000000
vt 2.000000 -0.235619 0.000000
vt 2.750000 -0.235619 0.000000
vt 2.000000 -0.196350 0.000000
vt 2.750000 -0.196350 0.000000
vt 2.000000 -0.157080 0.000000
vt 2.750000 -0.157080 0.000000
vt 2.000000 -0.117810 0.000000
vt 2.750000 -0.117810 0.000000
vt 2.000000 -0.078540 0.000000
vt 2.750000 -0.078540 0.000000
vt 2.000000 -0.039270 0.000000
vt 2.750000 -0.039270 0.000000
vt 2.000000 0.000000 0.000000
vt 2.750000 0.000000 0.000000
vt 2.000000 0.039270 0.000000
vt 2.750000 0.039270 0.000000
vt 2.000000 0.078540 0.000000
vt 2.750000 0.078540 0.000000
vt 2.000000 0.117810 0.000000
vt 2.750000 0.117810 0.000000
vt 2.000000 0.157080 0.000000
vt 2.750000 0.157080 0.000000
vt 2.000000 0.196350 0.000000
vt 2.750000 0.196350 0.000000
vt 2.000000 0.235619 0.000000
vt 2.750000 0.235619 0.000000
vt 2.000000 0.274889 0.000000
vt 2.750000 0.274889 0.000000
vt 2.000000 0.314159 0.000000
vt 2.750000 0.314159 0.000000
vt 2.000000 0.353429 0.000000
vt 2.750000 0.353429 0.000000
vt 2.000000 0.392699 0.000000
vt 2.750000 0.392699 0.000000
vt 3.500000 -0.431969 0.000000
vt 3.500000 -0.471239 0.000000
vt 3.500000 0.471239 0.000000
vt 3.500000 0.431969 0.000000
vt 3.500000 0.392699 0.000000
vt 3.500000 0.353429 0.000000
vt 3.500000 0.314159 0.000000
vt 3.500000 0.274889 0.000000
vt 3.500000 0.235619 0.000000
vt 3.500000 0.196350 0.000000
vt 3.500000 0.157080 0.000000
vt 3.500000 0.117810 0.000000
vt 3.500000 0.078540 0.000000
vt 3.500000 0.039270 0.000000
vt 3.500000 0.000000 0.000000
vt 3.500000 -0.039270 0.000000
vt 3.500000 -0.078540 0.000000
vt 3.500000 -0.117810 0.000000
vt 3.500000 -0.157080 0.000000
vt 3.500000 -0.196350 0.000000
vt 3.500000 -0.235619 0.000000
vt 3.500000 -0.274889 0.000000
vt 3.500000 -0.314159 0.000000
vt 3.500000 -0.353429 0.000000
vt 3.500000 -0.392699 0.000000
vt -0.144889 -0.038823 0.000000
vt -0.150000 0.000000 0.000000
vt -0.250000 0.000000 0.000000
vt -0.144889 0.038823 0.000000
vt -0.241481 0.064705 0.000000
vt -0.129904 0.075000 0.000000
vt -0.216506 0.125000 0.000000
vt -0.106066 0.106066 0.000000
vt -0.176777 0.176777 0.000000
vt -0.075000 0.129904 0.000000
vt -0.125000 0.216506 0.000000
vt -0.038823 0.144889 0.000000
vt -0.064705 0.241481 0.000000
vt 0.000000 0.150000 0.000000
vt 0.000000 0.250000 0.000000
vt 0.064705 0.241481 0.000000
vt 0.038823 0.144889 0.000000
vt 0.125000 0.216506 0.000000
vt 0.075000 0.129904 0.000000
vt 0.176777 0.176777 0.000000
vt 0.106066 0.106066 0.000000
vt 0.216506 0.125000 0.000000
vt 0.129904 0.075000 0.000000
vt 0.241481 0.064705 0.000000
vt 0.144889 0.038823 0.000000
vt 0.250000 0.000000 0.000000
vt 0.150000 0.000000 0.000000
vt 0.241481 -0.064705 0.000000
vt 0.144889 -0.038823 0.000000
vt 0.129904 -0.075000 0.000000
vt 0.216506 -0.125000 0.000000
vt 0.106066 -0.106066 0.000000
vt 0.176777 -0.176777 0.000000
vt 0.075000 -0.129904 0.000000
vt 0.125000 -0.216506 0.000000
vt 0.038823 -0.144889 0.000000
vt 0.064705 -0.241481 0.000000
vt 0.000000 -0.150000 0.000000
vt 0.000000 -0.250000 0.000000
vt -0.064705 -0.241481 0.000000
vt -0.038823 -0.144889 0.000000
vt -0.125000 -0.216506 0.000000
vt -0.075000 -0.129904 0.000000
vt -0.176777 -0.176777 0.000000
vt -0.106066 -0.106066 0.000000
vt -0.216506 -0.125000 0.000000
vt -0.129904 -0.075000 0.000000
vt -0.241481 -0.064705 0.000000
vt 0.144889 0.038823 0.000000
vt -0.144889 0.038823 0.000000
vt 0.150000 0.000000 0.000000
vt -0.150000 0.000000 0.000000
vt 0.144889 -0.038823 0.000000
vt -0.144889 -0.038823 0.000000
vt 0.129904 -0.075000 0.000000
vt -0.129904 -0.075000 0.000000
vt 0.106066 -0.106066 0.000000
vt -0.106066 -0.106066 0.000000
vt 0.075000 -0.129904 0.000000
vt -0.075000 -0.129904 0.000000
vt 0.038823 -0.144889 0.000000
vt -0.038823 -0.144889 0.000000
vt -0.000000 -0.150000 0.000000
vt -0.129904 0.075000 0.000000
vt 0.129904 0.075000 0.000000
vt -0.106066 0.106066 0.000000
vt 0.106066 0.106066 0.000000
vt -0.075000 0.129904 0.000000
vt 0.075000 0.129904 0.000000
vt -0.038823 0.144889 0.000000
vt 0.038823 0.144889 0.000000
vt -0.000000 0.150000 0.000000
vt -0.144889 -0.038823 0.000000
vt 0.144889 -0.038823 0.000000
vt -0.150000 0.000000 0.000000
vt 0.150000 0.000000 0.000000
vt -0.144889 0.038823 0.000000
vt 0.144889 0.038823 0.000000
vt -0.129904 0.075000 0.000000
vt 0.129904 0.075000 0.000000
vt -0.106066 0.106066 0.000000
vt 0.106066 0.106066 0.000000
vt -0.075000 0.129904 0.000000
vt 0.075000 0.129904 0.000000
vt -0.038823 0.144889 0.000000
vt 0.038823 0.144889 0.000000
vt 0.000000 0.150000 0.000000
vt 0.129904 -0.075000 0.000000
vt -0.129904 -0.075000 0.000000
vt 0.106066 -0.106066 0.000000
vt -0.106066 -0.106066 0.000000
vt 0.075000 -0.129904 0.000000
vt -0.075000 -0.129904 0.000000
vt 0.038823 -0.144889 0.000000
vt -0.038823 -0.144889 0.000000
vt 0.000000 -0.150000 0.000000
vt 1.500000 -0.431969 0.000000
vt 0.750000 -0.431969 0.000000
vt 1.500000 -0.471239 0.000000
vt 0.750000 -0.471239 0.000000
vt 1.500000 0.471239 0.000000
vt 0.750000 0.471239 0.000000
vt 1.500000 0.431969 0.000000
vt 0.750000 0.431969 0.000000
vt 1.500000 0.392699 0.000000
vt 0.750000 0.392699 0.000000
vt 1.500000 0.353429 0.000000
vt 0.750000 0.353429 0.000000
vt 1.500000 0.314159 0.000000
vt 0.750000 0.314159 0.000000
vt 1.500000 0.274889 0.000000
vt 0.750000 0.274889 0.000000
vt 1.500000 0.235619 0.000000
vt 0.750000 0.235619 0.000000
vt 1.500000 0.196350 0.000000
vt 0.750000 0.196350 0.000000
vt 1.500000 0.157080 0.000000
vt 0.750000 0.157080 0.000000
vt 1.500000 0.117810 0.000000
vt 0.750000 0.117810 0.000000
vt 1.500000 0.078540 0.000000
vt 0.750000 0.078540 0.000000
vt 1.500000 0.039270 0.000000
vt 0.750000 0.039270 0.000000
vt 1.500000 0.000000 0.000000
vt 0.750000 0.000000 0.000000
vt 1.500000 -0.039270 0.000000
vt 0.750000 -0.039270 0.000000
vt 1.500000 -0.078540 0.000000
vt 0.750000 -0.078540 0.000000
vt 1.500000 -0.117810 0.000000
vt 0.750000 -0.117810 0.000000
vt 1.500000 -0.157080 0.000000
vt 0.750000 -0.157080 0.000000
vt 1.500000 -0.196350 0.000000
vt 0.750000 -0.196350 0.000000
vt 1.500000 -0.235619 0.000000
vt 0.750000 -0.235619 0.000000
vt 1.500000 -0.274889 0.000000
vt 0.750000 -0.274889 0.000000
vt 1.500000 -0.314159 0.000000
vt 0.750000 -0.314159 0.000000
vt 1.500000 -0.353429 0.000000
vt 0.750000 -0.353429 0.000000
vt 1.500000 -0.392699 0.000000
vt 0.750000 -0.392699 0.000000
vt 0.000000 0.431969 0.000000
vt -0.000000 0.471239 0.000000
vt -0.000000 -0.471239 0.000000
vt 0.000000 -0.431969 0.000000
vt -0.000000 -0.392699 0.000000
vt 0.000000 -0.353429 0.000000
vt -0.000000 -0.314159 0.000000
vt 0.000000 -0.274889 0.000000
vt -0.000000 -0.235619 0.000000
vt 0.000000 -0.196350 0.000000
vt -0.000000 -0.157080 0.000000
vt 0.000000 -0.117810 0.000000
vt -0.000000 -0.078540 0.000000
vt -0.000000 -0.039270 0.000000
vt 0.000000 0.000000 0.000000
vt -0.000000 0.039270 0.000000
vt -0.000000 0.078540 0.000000
vt 0.000000 0.117810 0.000000
vt -0.000000 0.157080 0.000000
vt 0.000000 0.196350 0.000000
vt -0.000000 0.235619 0.000000
vt 0.000000 0.274889 0.000000
vt -0.000000 0.314159 0.000000
vt 0.000000 0.353429 0.000000
vt -0.000000 0.392699 0.000000
vt -3.500000 0.719948 0.000000
vt -2.333333 0.719948 0.000000
vt -3.500000 0.785398 0.000000
vt -2.333333 0.785398 0.000000
vt -3.500000 -0.785398 0.000000
vt -2.333333 -0.785398 0.000000
vt -3.500000 -0.719948 0.000000
vt -2.333333 -0.719948 0.000000
vt -3.500000 -0.654498 0.000000
vt -2.333333 -0.654498 0.000000
vt -3.500000 -0.589049 0.000000
vt -2.333333 -0.589049 0.000000
vt -3.500000 -0.523599 0.000000
vt -2.333333 -0.523599 0.000000
vt -3.500000 -0.458149 0.000000
vt -2.333333 -0.458149 0.000000
vt -3.500000 -0.392699 0.000000
vt -2.333333 -0.392699 0.000000
vt -3.500000 -0.327249 0.000000
vt -2.333333 -0.327249 0.000000
vt -3.500000 -0.261799 0.000000
vt -2.333333 -0.261799 0.000000
vt -3.500000 -0.196350 0.000000
vt -2.333333 -0.196350 0.000000
vt -3.500000 -0.130900 0.000000
vt -2.333333 -0.130900 0.000000
vt -3.500000 -0.065450 0.000000
vt -2.333333 -0.065450 0.000000
vt -3.500000 0.000000 0.000000
vt -2.333333 0.000000 0.000000
vt -3.500000 0.065450 0.000000
vt -2.333333 0.065450 0.000000
vt -3.500000 0.130900 0.000000
vt -2.333333 0.130900 0.000000
vt -3.500000 0.196350 0.000000
vt -2.333333 0.196350 0.000000
vt -3.500000 0.261799 0.000000
vt -2.333333 0.261799 0.000000
vt -3.500000 0.327249 0.000000
vt -2.333333 0.327249 0.000000
vt -3.500000 0.392699 0.000000
vt -2.333333 0.392699 0.000000
vt -3.500000 0.458149 0.000000
vt -2.333333 0.458149 0.000000
vt -3.500000 0.523599 0.000000
vt -2.333333 0.523599 0.000000
vt -3.500000 0.589049 0.000000
vt -2.333333 0.589049 0.000000
vt -3.500000 0.654498 0.000000
vt -2.333333 0.654498 0.000000
vt -0.000000 -0.719948 0.000000
vt -1.166667 -0.719948 0.000000
vt -0.000000 -0.785398 0.000000
vt -1.166667 -0.785398 0.000000
vt -0.000000 0.785398 0.000000
vt -1.166667 0.785398 0.000000
vt -0.000000 0.719948 0.000000
vt -1.166667 0.719948 0.000000
vt -0.000000 0.654498 0.000000
vt -1.166667 0.654498 0.000000
vt -0.000000 0.589049 0.000000
vt -1.166667 0.589049 0.000000
vt -0.000000 0.523599 0.000000
vt -1.166667 0.523599 0.000000
vt -0.000000 0.458149 0.000000
vt -1.166667 0.458149 0.000000
vt -0.000000 0.392699 0.000000
vt -1.166667 0.392699 0.000000
vt -0.000000 0.327249 0.000000
vt -1.166667 0.327249 0.000000
vt -0.000000 0.261799 0.000000
vt -1.166667 0.261799 0.000000
vt -0.000000 0.196350 0.000000
vt -1.166667 0.196350 0.000000
vt -0.000000 0.130900 0.000000
vt -1.166667 0.130900 0.000000
vt -0.000000 0.065450 0.000000
vt -1.166667 0.065450 0.000000
vt -0.000000 0.000000 0.000000
vt -1.166667 0.000000 0.000000
vt -0.000000 -0.065450 0.000000
vt -1.166667 -0.065450 0.000000
vt -0.000000 -0.130900 0.000000
vt -1.166667 -0.130900 0.000000
vt -0.000000 -0.196350 0.000000
vt -1.166667 -0.196350 0.000000
vt -0.000000 -0.261799 0.000000
vt -1.166667 -0.261799 0.000000
vt -0.000000 -0.327249 0.000000
vt -1.166667 -0.327249 0.000000
vt -0.000000 -0.392699 0.000000
vt -1.166667 -0.392699 0.000000
vt -0.000000 -0.458149 0.000000
vt -1.166667 -0.458149 0.000000
vt -0.000000 -0.523599 0.000000
vt -1.166667 -0.523599 0.000000
vt -0.000000 -0.589049 0.000000
vt -1.166667 -0.589049 0.000000
vt -0.000000 -0.654498 0.000000
vt -1.166667 -0.654498 0.000000
vt 0.144889 -0.038823 0.000000
vt 0.241481 -0.064705 0.000000
vt 0.150000 0.000000 0.000000
vt 0.250000 0.000000 0.000000
vt 0.144889 0.038823 0.000000
vt 0.241481 0.064705 0.000000
vt 0.129904 0.075000 0.000000
vt 0.216506 0.125000 0.000000
vt 0.106066 0.106066 0.000000
vt 0.176777 0.176777 0.000000
vt 0.075000 0.129904 0.000000
vt 0.125000 0.216506 0.000000
vt 0.038823 0.144889 0.000000
vt 0.064705 0.241481 0.000000
vt -0.000000 0.150000 0.000000
vt -0.000000 0.250000 0.000000
vt -0.064705 0.241481 0.000000
vt 0.129904 -0.075000 0.000000
vt 0.216506 -0.125000 0.000000
vt 0.106066 -0.106066 0.000000
vt 0.176777 -0.176777 0.000000
vt 0.075000 -0.129904 0.000000
vt 0.125000 -0.216506 0.000000
vt 0.038823 -0.144889 0.000000
vt 0.064705 -0.241481 0.000000
vt -0.000000 -0.150000 0.000000
vt -0.000000 -0.250000 0.000000
vt -0.064705 -0.241481 0.000000
vt -0.038823 -0.144889 0.000000
vt -0.125000 -0.216506 0.000000
vt -0.075000 -0.129904 0.000000
vt -0.176777 -0.176777 0.000000
vt -0.106066 -0.106066 0.000000
vt -0.216506 -0.125000 0.000000
vt -0.129904 -0.075000 0.000000
vt -0.241481 -0.064705 0.000000
vt -0.144889 -0.038823 0.000000
vt -0.250000 0.000000 0.000000
vt -0.150000 0.000000 0.000000
vt -0.144889 0.038823 0.000000
vt -0.241481 0.064705 0.000000
vt -0.129904 0.075000 0.000000
vt -0.216506 0.125000 0.000000
vt -0.106066 0.106066 0.000000
vt -0.176777 0.176777 0.000000
vt -0.075000 0.129904 0.000000
vt -0.125000 0.216506 0.000000
vt -0.038823 0.144889 0.000000
vn -0.965926 0.258819 0.000000
vn -0.965926 0.258819 0.000000
vn -1.000000 0.000000 0.000000
vn -1.000000 0.000000 0.000000
vn -0.965926 -0.258819 0.000000
vn -0.965926 -0.258819 0.000000
vn -0.866025 -0.500000 0.000000
vn -0.866025 -0.500000 0.000000
vn -0.707107 -0.707107 0.000000
vn -0.707107 -0.707107 0.000000
vn -0.500000 -0.866025 0.000000
vn -0.500000 -0.866025 0.000000
vn -0.258819 -0.965926 0.000000
vn -0.258819 -0.965926 0.000000
vn 0.000000 -1.000000 0.000000
vn 0.000000 -1.000000 0.000000
vn 0.258819 -0.965926 0.000000
vn 0.258819 -0.965926 0.000000
vn 0.500000 -0.866025 0.000000
vn 0.500000 -0.866025 0.000000
vn 0.707107 -0.707107 0.000000
vn 0.707107 -0.707107 0.000000
vn 0.866025 -0.500000 0.000000
vn 0.866025 -0.500000 0.000000
vn 0.965926 -0.258819 0.000000
vn 0.965926 -0.258819 0.000000
vn 1.000000 0.000000 -0.000000
vn 1.000000 0.000000 -0.000000
vn 0.965926 0.258819 -0.000000
vn 0.965926 0.258819 -0.000000
vn 0.866025 0.500000 -0.000000
vn 0.866025 0.500000 -0.000000
vn 0.707107 0.707107 -0.000000
vn 0.707107 0.707107 -0.000000
vn 0.500000 0.866025 -0.000000
vn 0.500000 0.866025 -0.000000
vn 0.258819 0.965926 -0.000000
vn 0.258819 0.965926 -0.000000
vn 0.000000 1.000000 -0.000000
vn 0.000000 1.000000 -0.000000
vn -0.258819 0.965926 0.000000
vn -0.258819 0.965926 0.000000
vn -0.500000 0.866025 0.000000
vn -0.500000 0.866025 0.000000
vn -0.707107 0.707107 0.000000
vn -0.707107 0.707107 0.000000
vn -0.866025 0.500000 0.000000
vn -0.866025 0.500000 0.000000
vn -0.965926 -0.258819 0.000000
vn -1.000000 -0.000000 0.000000
vn -0.965926 0.258819 0.000000
vn -0.866025 0.500000 0.000000
vn -0.707107 0.707107 0.000000
vn -0.500000 0.866025 0.000000
vn -0.258819 0.965926 0.000000
vn 0.000000 1.000000 -0.000000
vn 0.258819 0.965926 -0.000000
vn 0.500000 0.866025 -0.000000
vn 0.707107 0.707107 -0.000000
vn 0.866025 0.500000 -0.000000
vn 0.965926 0.258819 -0.000000
vn 1.000000 0.000000 -0.000000
vn 0.965926 -0.258819 0.000000
vn 0.866025 -0.500000 0.000000
vn 0.707107 -0.707107 0.000000
vn 0.500000 -0.866025 0.000000
vn 0.258819 -0.965926 0.000000
vn 0.000000 -1.000000 0.000000
vn -0.258819 -0.965926 0.000000
vn -0.500000 -0.866025 0.000000
vn -0.707107 -0.707107 0.000000
vn -0.866025 -0.500000 0.000000
vn 0.000000 0.000000 1.000000
vn 0.000000 0.000000 1.000000
vn 0.000000 0.000000 1.000000
vn 0.000000 0.000000 1.000000
vn 0.000000 0.000000 1.000000
vn 0.000000 0.000000 1.000000
vn 0.000000 0.000000 1.000000
vn 0.000000 0.000000 1.000000
vn 0.000000 0.000000 1.000000
vn 0.000000 0.000000 1.000000
vn 0.000000 0.000000 1.000000
vn 0.000000 0.000000 1.000000
vn 0.000000 0.000000 1.000000
vn 0.000000 0.000000 1.000000
vn 0.000000 0.000000 1.000000
vn 0.000000 0.000000 1.000000
vn 0.000000 0.000000 1.000000
vn 0.000000 0.000000 1.000000
vn 0.000000 0.000000 1.000000
vn 0.000000 0.000000 1.000000
vn 0.000000 0.000000 1.000000
vn 0.000000 0.000000 1.000000
vn 0.000000 0.000000 1.000000
vn 0.000000 0.000000 1.000000
vn 0.000000 0.000000 1.000000
vn 0.000000 0.000000 1.000000
vn 0.000000 0.000000 1.000000
vn 0.000000 0.000000 1.000000
vn 0.000000 0.000000 1.000000
vn 0.000000 0.000000 1.000000
vn 0.000000 0.000000 1.000000
vn 0.000000 0.000000 1.000000
vn 0.000000 0.000000 1.000000
vn 0.000000 0.000000 1.000000
vn 0.000000 0.000000 1.000000
vn 0.000000 0.000000 1.000000
vn 0.000000 0.000000 1.000000
vn 0.000000 0.000000 1.000000
vn 0.000000 0.000000 1.000000
vn 0.000000 0.000000 1.000000
vn 0.000000 0.000000 1.000000
vn 0.000000 0.000000 1.000000
vn 0.000000 0.000000 1.000000
vn 0.000000 0.000000 1.000000
vn 0.000000 0.000000 1.000000
vn 0.000000 0.000000 1.000000
vn 0.000000 0.000000 1.000000
vn 0.000000 0.000000 1.000000
vn -0.000000 -0.000000 -1.000000
vn -0.000000 -0.000000 -1.000000
vn -0.000000 -0.000000 -1.000000
vn -0.000000 -0.000000 -1.000000
vn -0.000000 -0.000000 -1.000000
vn -0.000000 -0.000000 -1.000000
vn -0.000000 -0.000000 -1.000000
vn -0.000000 -0.000000 -1.000000
vn -0.000000 -0.000000 -1.000000
vn -0.000000 -0.000000 -1.000000
vn -0.000000 -0.000000 -1.000000
vn -0.000000 -0.000000 -1.000000
vn -0.000000 -0.000000 -1.000000
vn -0.000000 -0.000000 -1.000000
vn -0.000000 -0.000000 -1.000000
vn -0.000000 -0.000000 -1.000000
vn -0.000000 -0.000000 -1.000000
vn -0.000000 -0.000000 -1.000000
vn -0.000000 -0.000000 -1.000000
vn -0.000000 -0.000000 -1.000000
vn -0.000000 -0.000000 -1.000000
vn -0.000000 -0.000000 -1.000000
vn -0.000000 -0.000000 -1.000000
vn -0.000000 -0.000000 -1.000000
vn 0.000000 0.000000 1.000000
vn 0.000000 0.000000 1.000000
vn 0.000000 0.000000 1.000000
vn 0.000000 0.000000 1.000000
vn 0.000000 0.000000 1.000000
vn 0.000000 0.000000 1.000000
vn 0.000000 0.000000 1.000000
vn 0.000000 0.000000 1.000000
vn 0.000000 0.000000 1.000000
vn 0.000000 0.000000 1.000000
vn 0.000000 0.000000 1.000000
vn 0.000000 0.000000 1.000000
vn 0.000000 0.000000 1.000000
vn 0.000000 0.000000 1.000000
vn 0.000000 0.000000 1.000000
vn 0.000000 0.000000 1.000000
vn 0.000000 0.000000 1.000000
vn 0.000000 0.000000 1.000000
vn 0.000000 0.000000 1.000000
vn 0.000000 0.000000 1.000000
vn 0.000000 0.000000 1.000000
vn 0.000000 0.000000 1.000000
vn 0.000000 0.000000 1.000000
vn 0.000000 0.000000 1.000000
vn -0.965926 -0.258819 0.000000
vn -0.965926 -0.258819 0.000000
vn -1.000000 -0.000000 0.000000
vn -1.000000 -0.000000 0.000000
vn -0.965926 0.258819 0.000000
vn -0.965926 0.258819 0.000000
vn -0.866025 0.500000 0.000000
vn -0.866025 0.500000 0.000000
vn -0.707107 0.707107 0.000000
vn -0.707107 0.707107 0.000000
vn -0.500000 0.866025 0.000000
vn -0.500000 0.866025 0.000000
vn -0.258819 0.965926 0.000000
vn -0.258819 0.965926 0.000000
vn 0.000000 1.000000 -0.000000
vn 0.000000 1.000000 -0.000000
vn 0.258819 0.965926 -0.000000
vn 0.258819 0.965926 -0.000000
vn 0.500000 0.866025 -0.000000
vn 0.500000 0.866025 -0.000000
vn 0.707107 0.707107 -0.000000
vn 0.707107 0.707107 -0.000000
vn 0.866025 0.500000 -0.000000
vn 0.866025 0.500000 -0.000000
vn 0.965926 0.258819 -0.000000
vn 0.965926 0.258819 -0.000000
vn 1.000000 0.000000 -0.000000
vn 1.000000 0.000000 -0.000000
vn 0.965926 -0.258819 0.000000
vn 0.965926 -0.258819 0.000000
vn 0.866025 -0.500000 0.000000
vn 0.866025 -0.500000 0.000000
vn 0.707107 -0.707107 0.000000
vn 0.707107 -0.707107 0.000000
vn 0.500000 -0.866025 0.000000
vn 0.500000 -0.866025 0.000000
vn 0.258819 -0.965926 0.000000
vn 0.258819 -0.965926 0.000000
vn 0.000000 -1.000000 0.000000
vn 0.000000 -1.000000 0.000000
vn -0.258819 -0.965926 0.000000
vn -0.258819 -0.965926 0.000000
vn -0.500000 -0.866025 0.000000
vn -0.500000 -0.866025 0.000000
vn -0.707107 -0.707107 0.000000
vn -0.707107 -0.707107 0.000000
vn -0.866025 -0.500000 0.000000
vn -0.866025 -0.500000 0.000000
vn -0.965926 0.258819 0.000000
vn -1.000000 0.000000 0.000000
vn -0.965926 -0.258819 0.000000
vn -0.866025 -0.500000 0.000000
vn -0.707107 -0.707107 0.000000
vn -0.500000 -0.866025 0.000000
vn -0.258819 -0.965926 0.000000
vn 0.000000 -1.000000 0.000000
vn 0.258819 -0.965926 0.000000
vn 0.500000 -0.866025 0.000000
vn 0.707107 -0.707107 0.000000
vn 0.866025 -0.500000 0.000000
vn 0.965926 -0.258819 0.000000
vn 1.000000 0.000000 -0.000000
vn 0.965926 0.258819 -0.000000
vn 0.866025 0.500000 -0.000000
vn 0.707107 0.707107 -0.000000
vn 0.500000 0.866025 -0.000000
vn 0.258819 0.965926 -0.000000
vn 0.000000 1.000000 -0.000000
vn -0.258819 0.965926 0.000000
vn -0.500000 0.866025 0.000000
vn -0.707107 0.707107 0.000000
vn -0.866025 0.500000 0.000000
vn 0.965926 -0.258819 -0.000000
vn 0.965926 -0.258819 -0.000000
vn 1.000000 -0.000000 -0.000000
vn 1.000000 -0.000000 -0.000000
vn 0.965926 0.258819 -0.000000
vn 0.965926 0.258819 -0.000000
vn 0.866025 0.500000 -0.000000
vn 0.866025 0.500000 -0.000000
vn 0.707107 0.707107 -0.000000
vn 0.707107 0.707107 -0.000000
vn 0.500000 0.866025 -0.000000
vn 0.500000 0.866025 -0.000000
vn 0.258819 0.965926 -0.000000
vn 0.258819 0.965926 -0.000000
vn -0.000000 1.000000 -0.000000
vn -0.000000 1.000000 -0.000000
vn -0.258819 0.965926 -0.000000
vn -0.258819 0.965926 -0.000000
vn -0.500000 0.866025 -0.000000
vn -0.500000 0.866025 -0.000000
vn -0.707107 0.707107 -0.000000
vn -0.707107 0.707107 -0.000000
vn -0.866025 0.500000 -0.000000
vn -0.866025 0.500000 -0.000000
vn -0.965926 0.258819 -0.000000
vn -0.965926 0.258819 -0.000000
vn -1.000000 -0.000000 0.000000
vn -1.000000 -0.000000 0.000000
vn -0.965926 -0.258819 0.000000
vn -0.965926 -0.258819 0.000000
vn -0.866025 -0.500000 0.000000
vn -0.866025 -0.500000 0.000000
vn -0.707107 -0.707107 0.000000
vn -0.707107 -0.707107 0.000000
vn -0.500000 -0.866025 0.000000
vn -0.500000 -0.866025 0.000000
vn -0.258819 -0.965926 0.000000
vn -0.258819 -0.965926 0.000000
vn -0.000000 -1.000000 0.000000
vn -0.000000 -1.000000 0.000000
vn 0.258819 -0.965926 -0.000000
vn 0.258819 -0.965926 -0.000000
vn 0.500000 -0.866025 -0.000000
vn 0.500000 -0.866025 -0.000000
vn 0.707107 -0.707107 -0.000000
vn 0.707107 -0.707107 -0.000000
vn 0.866025 -0.500000 -0.000000
vn 0.866025 -0.500000 -0.000000
vn 0.965926 0.258819 -0.000000
vn 0.965926 0.258819 -0.000000
vn 1.000000 0.000000 -0.000000
vn 1.000000 0.000000 -0.000000
vn 0.965926 -0.258819 -0.000000
vn 0.965926 -0.258819 -0.000000
vn 0.866025 -0.500000 -0.000000
vn 0.866025 -0.500000 -0.000000
vn 0.707107 -0.707107 -0.000000
vn 0.707107 -0.707107 -0.000000
vn 0.500000 -0.866025 -0.000000
vn 0.500000 -0.866025 -0.000000
vn 0.258819 -0.965926 -0.000000
vn 0.258819 -0.965926 -0.000000
vn -0.000000 -1.000000 0.000000
vn -0.000000 -1.000000 0.000000
vn -0.258819 -0.965926 0.000000
vn -0.258819 -0.965926 0.000000
vn -0.500000 -0.866025 0.000000
vn -0.500000 -0.866025 0.000000
vn -0.707107 -0.707107 0.000000
vn -0.707107 -0.707107 0.000000
vn -0.866025 -0.500000 0.000000
vn -0.866025 -0.500000 0.000000
vn -0.965926 -0.258819 0.000000
vn -0.965926 -0.258819 0.000000
vn -1.000000 -0.000000 0.000000
vn -1.000000 -0.000000 0.000000
vn -0.965926 0.258819 -0.000000
vn -0.965926 0.258819 -0.000000
vn -0.866025 0.500000 -0.000000
vn -0.866025 0.500000 -0.000000
vn -0.707107 0.707107 -0.000000
vn -0.707107 0.707107 -0.000000
vn -0.500000 0.866025 -0.000000
vn -0.500000 0.866025 -0.000000
vn -0.258819 0.965926 -0.000000
vn -0.258819 0.965926 -0.000000
vn -0.000000 1.000000 -0.000000
vn -0.000000 1.000000 -0.000000
vn 0.258819 0.965926 -0.000000
vn 0.258819 0.965926 -0.000000
vn 0.500000 0.866025 -0.000000
vn 0.500000 0.866025 -0.000000
vn 0.707107 0.707107 -0.000000
vn 0.707107 0.707107 -0.000000
vn 0.866025 0.500000 -0.000000
vn 0.866025 0.500000 -0.000000
vn -0.000000 -0.000000 -1.000000
vn -0.000000 -0.000000 -1.000000
vn -0.000000 -0.000000 -1.000000
vn -0.000000 -0.000000 -1.000000
vn -0.000000 -0.000000 -1.000000
vn -0.000000 -0.000000 -1.000000
vn -0.000000 -0.000000 -1.000000
vn -0.000000 -0.000000 -1.000000
vn -0.000000 -0.000000 -1.000000
vn -0.000000 -0.000000 -1.000000
vn -0.000000 -0.000000 -1.000000
vn -0.000000 -0.000000 -1.000000
vn -0.000000 -0.000000 -1.000000
vn -0.000000 -0.000000 -1.000000
vn -0.000000 -0.000000 -1.000000
vn -0.000000 -0.000000 -1.000000
vn -0.000000 -0.000000 -1.000000
vn -0.000000 -0.000000 -1.000000
vn -0.000000 -0.000000 -1.000000
vn -0.000000 -0.000000 -1.000000
vn -0.000000 -0.000000 -1.000000
vn -0.000000 -0.000000 -1.000000
vn -0.000000 -0.000000 -1.000000
vn -0.000000 -0.000000 -1.000000
vn -0.000000 -0.000000 -1.000000
vn -0.000000 -0.000000 -1.000000
vn -0.000000 -0.000000 -1.000000
vn -0.000000 -0.000000 -1.000000
vn -0.000000 -0.000000 -1.000000
vn -0.000000 -0.000000 -1.000000
vn -0.000000 -0.000000 -1.000000
vn -0.000000 -0.000000 -1.000000
vn -0.000000 -0.000000 -1.000000
vn -0.000000 -0.000000 -1.000000
vn -0.000000 -0.000000 -1.000000
vn -0.000000 -0.000000 -1.000000
vn -0.000000 -0.000000 -1.000000
vn -0.000000 -0.000000 -1.000000
vn -0.000000 -0.000000 -1.000000
vn -0.000000 -0.000000 -1.000000
vn -0.000000 -0.000000 -1.000000
vn -0.000000 -0.000000 -1.000000
vn -0.000000 -0.000000 -1.000000
vn -0.000000 -0.000000 -1.000000
vn -0.000000 -0.000000 -1.000000
vn -0.000000 -0.000000 -1.000000
vn -0.000000 -0.000000 -1.000000
vn -0.000000 -0.000000 -1.000000
f 1410/2615/2529 1458/2616/2530 1409/2617/2531
f 1409/2617/2531 1458/2616/2530 1457/2618/2532
f 1409/2619/2531 1457/2620/2532 1432/2621/2533
f 1432/2621/2533 1457/2620/2532 1480/2622/2534
f 1432/2621/2533 1480/2622/2534 1431/2623/2535
f 1431/2623/2535 1480/2622/2534 1479/2624/2536
f 1431/2623/2535 1479/2624/2536 1430/2625/2537
f 1430/2625/2537 1479/2624/2536 1478/2626/2538
f 1430/2625/2537 1478/2626/2538 1429/2627/2539
f 1429/2627/2539 1478/2626/2538 1477/2628/2540
f 1429/2627/2539 1477/2628/2540 1428/2629/2541
f 1428/2629/2541 1477/2628/2540 1476/2630/2542
f 1428/2629/2541 1476/2630/2542 1427/2631/2543
f 1427/2631/2543 1476/2630/2542 1475/2632/2544
f 1427/2631/2543 1475/2632/2544 1426/2633/2545
f 1426/2633/2545 1475/2632/2544 1474/2634/2546
f 1426/2633/2545 1474/2634/2546 1425/2635/2547
f 1425/2635/2547 1474/2634/2546 1473/2636/2548
f 1425/2635/2547 1473/2636/2548 1424/2637/2549
f 1424/2637/2549 1473/2636/2548 1472/2638/2550
f 1424/2637/2549 1472/2638/2550 1423/2639/2551
f 1423/2639/2551 1472/2638/2550 1471/2640/2552
f 1423/2639/2551 1471/2640/2552 1422/2641/2553
f 1422/2641/2553 1471/2640/2552 1470/2642/2554
f 1422/2641/2553 1470/2642/2554 1421/2643/2555
f 1421/2643/2555 1470/2642/2554 1469/2644/2556
f 1421/2643/2555 1469/2644/2556 1420/2645/2557
f 1420/2645/2557 1469/2644/2556 1468/2646/2558
f 1420/2645/2557 1468/2646/2558 1419/2647/2559
f 1419/2647/2559 1468/2646/2558 1467/2648/2560
f 1419/2647/2559 1467/2648/2560 1418/2649/2561
f 1418/2649/2561 1467/2648/2560 1466/2650/2562
f 1418/2649/2561 1466/2650/2562 1417/2651/2563
f 1417/2651/2563 1466/2650/2562 1465/2652/2564
f 1417/2651/2563 1465/2652/2564 1416/2653/2565
f 1416/2653/2565 1465/2652/2564 1464/2654/2566
f 1416/2653/2565 1464/2654/2566 1415/2655/2567
f 1415/2655/2567 1464/2654/2566 1463/2656/2568
f 1415/2655/2567 1463/2656/2568 1414/2657/2569
f 1414/2657/2569 1463/2656/2568 1462/2658/2570
f 1414/2657/2569 1462/2658/2570 1413/2659/2571
f 1413/2659/2571 1462/2658/2570 1461/2660/2572
f 1413/2659/2571 1461/2660/2572 1412/2661/2573
f 1412/2661/2573 1461/2660/2572 1460/2662/2574
f 1412/2661/2573 1460/2662/2574 1411/2663/2575
f 1411/2663/2575 1460/2662/2574 1459/2664/2576
f 1411/2663/2575 1459/2664/2576 1410/2615/2529
f 1410/2615/2529 1459/2664/2576 1458/2616/2530
f 1434/2665/2577 1480/2622/2534 1433/2666/2578
f 1433/2666/2578 1480/2622/2534 1457/2620/2532
f 1433/2667/2578 1457/2618/2532 1456/2668/2579
f 1456/2668/2579 1457/2618/2532 1458/2616/2530
f 1456/2668/2579 1458/2616/2530 1455/2669/2580
f 1455/2669/2580 1458/2616/2530 1459/2664/2576
f 1455/2669/2580 1459/2664/2576 1454/2670/2581
f 1454/2670/2581 1459/2664/2576 1460/2662/2574
f 1454/2670/2581 1460/2662/2574 1453/2671/2582
f 1453/2671/2582 1460/2662/2574 1461/2660/2572
f 1453/2671/2582 1461/2660/2572 1452/2672/2583
f 1452/2672/2583 1461/2660/2572 1462/2658/2570
f 1452/2672/2583 1462/2658/2570 1451/2673/2584
f 1451/2673/2584 1462/2658/2570 1463/2656/2568
f 1451/2673/2584 1463/2656/2568 1450/2674/2585
f 1450/2674/2585 1463/2656/2568 1464/2654/2566
f 1450/2674/2585 1464/2654/2566 1449/2675/2586
f 1449/2675/2586 1464/2654/2566 1465/2652/2564
f 1449/2675/2586 1465/2652/2564 1448/2676/2587
f 1448/2676/2587 1465/2652/2564 1466/2650/2562
f 1448/2676/2587 1466/2650/2562 1447/2677/2588
f 1447/2677/2588 1466/2650/2562 1467/2648/2560
f 1447/2677/2588 1467/2648/2560 1446/2678/2589
f 1446/2678/2589 1467/2648/2560 1468/2646/2558
f 1446/2678/2589 1468/2646/2558 1445/2679/2590
f 1445/2679/2590 1468/2646/2558 1469/2644/2556
f 1445/2679/2590 1469/2644/2556 1444/2680/2591
f 1444/2680/2591 1469/2644/2556 1470/2642/2554
f 1444/2680/2591 1470/2642/2554 1443/2681/2592
f 1443/2681/2592 1470/2642/2554 1471/2640/2552
f 1443/2681/2592 1471/2640/2552 1442/2682/2593
f 1442/2682/2593 1471/2640/2552 1472/2638/2550
f 1442/2682/2593 1472/2638/2550 1441/2683/2594
f 1441/2683/2594 1472/2638/2550 1473/2636/2548
f 1441/2683/2594 1473/2636/2548 1440/2684/2595
f 1440/2684/2595 1473/2636/2548 1474/2634/2546
f 1440/2684/2595 1474/2634/2546 1439/2685/2596
f 1439/2685/2596 1474/2634/2546 1475/2632/2544
f 1439/2685/2596 1475/2632/2544 1438/2686/2597
f 1438/2686/2597 1475/2632/2544 1476/2630/2542
f 1438/2686/2597 1476/2630/2542 1437/2687/2598
f 1437/2687/2598 1476/2630/2542 1477/2628/2540
f 1437/2687/2598 1477/2628/2540 1436/2688/2599
f 1436/2688/2599 1477/2628/2540 1478/2626/2538
f 1436/2688/2599 1478/2626/2538 1435/2689/2600
f 1435/2689/2600 1478/2626/2538 1479/2624/2536
f 1435/2689/2600 1479/2624/2536 1434/2665/2577
f 1434/2665/2577 1479/2624/2536 1480/2622/2534
f 1434/2690/2601 1433/2691/2602 1481/2692/2603
f 1481/2692/2603 1433/2691/2602 1456/2693/2604
f 1481/2692/2603 1456/2693/2604 1504/2694/2605
f 1504/2694/2605 1456/2693/2604 1455/2695/2606
f 1504/2694/2605 1455/2695/2606 1503/2696/2607
f 1503/2696/2607 1455/2695/2606 1454/2697/2608
f 1503/2696/2607 1454/2697/2608 1502/2698/2609
f 1502/2698/2609 1454/2697/2608 1453/2699/2610
f 1502/2698/2609 1453/2699/2610 1501/2700/2611
f 1501/2700/2611 1453/2699/2610 1452/2701/2612
f 1501/2700/2611 1452/2701/2612 1500/2702/2613
f 1500/2702/2613 1452/2701/2612 1451/2703/2614
f 1500/2702/2613 1451/2703/2614 1499/2704/2615
f 1499/2704/2615 1451/2703/2614 1498/2705/2616
f 1498/2705/2616 1451/2703/2614 1450/2706/2617
f 1498/2705/2616 1450/2706/2617 1497/2707/2618
f 1497/2707/2618 1450/2706/2617 1449/2708/2619
f 1497/2707/2618 1449/2708/2619 1496/2709/2620
f 1496/2709/2620 1449/2708/2619 1448/2710/2621
f 1496/2709/2620 1448/2710/2621 1495/2711/2622
f 1495/2711/2622 1448/2710/2621 1447/2712/2623
f 1495/2711/2622 1447/2712/2623 1494/2713/2624
f 1494/2713/2624 1447/2712/2623 1446/2714/2625
f 1494/2713/2624 1446/2714/2625 1493/2715/2626
f 1493/2715/2626 1446/2714/2625 1445/2716/2627
f 1493/2715/2626 1445/2716/2627 1492/2717/2628
f 1492/2717/2628 1445/2716/2627 1444/2718/2629
f 1492/2717/2628 1444/2718/2629 1443/2719/2630
f 1492/2717/2628 1443/2719/2630 1491/2720/2631
f 1491/2720/2631 1443/2719/2630 1442/2721/2632
f 1491/2720/2631 1442/2721/2632 1490/2722/2633
f 1490/2722/2633 1442/2721/2632 1441/2723/2634
f 1490/2722/2633 1441/2723/2634 1489/2724/2635
f 1489/2724/2635 1441/2723/2634 1440/2725/2636
f 1489/2724/2635 1440/2725/2636 1488/2726/2637
f 1488/2726/2637 1440/2725/2636 1439/2727/2638
f 1488/2726/2637 1439/2727/2638 1487/2728/2639
f 1487/2728/2639 1439/2727/2638 1486/2729/2640
f 1486/2729/2640 1439/2727/2638 1438/2730/2641
f 1486/2729/2640 1438/2730/2641 1485/2731/2642
f 1485/2731/2642 1438/2730/2641 1437/2732/2643
f 1485/2731/2642 1437/2732/2643 1484/2733/2644
f 1484/2733/2644 1437/2732/2643 1436/2734/2645
f 1484/2733/2644 1436/2734/2645 1483/2735/2646
f 1483/2735/2646 1436/2734/2645 1435/2736/2647
f 1483/2735/2646 1435/2736/2647 1482/2737/2648
f 1482/2737/2648 1435/2736/2647 1434/2690/2601
f 1482/2737/2648 1434/2690/2601 1481/2692/2603
f 1506/2738/2649 1516/2739/2650 1505/2740/2651
f 1505/2740/2651 1516/2739/2650 1517/2741/2652
f 1505/2740/2651 1517/2741/2652 1528/2742/2653
f 1528/2742/2653 1517/2741/2652 1518/2743/2654
f 1528/2742/2653 1518/2743/2654 1527/2744/2655
f 1527/2744/2655 1518/2743/2654 1519/2745/2656
f 1527/2744/2655 1519/2745/2656 1526/2746/2657
f 1526/2746/2657 1519/2745/2656 1520/2747/2658
f 1526/2746/2657 1520/2747/2658 1525/2748/2659
f 1525/2748/2659 1520/2747/2658 1521/2749/2660
f 1525/2748/2659 1521/2749/2660 1524/2750/2661
f 1524/2750/2661 1521/2749/2660 1522/2751/2662
f 1524/2750/2661 1522/2751/2662 1523/2752/2663
f 1516/2739/2650 1506/2738/2649 1515/2753/2664
f 1515/2753/2664 1506/2738/2649 1507/2754/2665
f 1515/2753/2664 1507/2754/2665 1514/2755/2666
f 1514/2755/2666 1507/2754/2665 1508/2756/2667
f 1514/2755/2666 1508/2756/2667 1513/2757/2668
f 1513/2757/2668 1508/2756/2667 1509/2758/2669
f 1513/2757/2668 1509/2758/2669 1512/2759/2670
f 1512/2759/2670 1509/2758/2669 1510/2760/2671
f 1512/2759/2670 1510/2760/2671 1511/2761/2672
f 1432/2762/2673 1422/2763/2674 1409/2764/2675
f 1409/2764/2675 1422/2763/2674 1421/2765/2676
f 1409/2764/2675 1421/2765/2676 1410/2766/2677
f 1410/2766/2677 1421/2765/2676 1420/2767/2678
f 1410/2766/2677 1420/2767/2678 1411/2768/2679
f 1411/2768/2679 1420/2767/2678 1419/2769/2680
f 1411/2768/2679 1419/2769/2680 1412/2770/2681
f 1412/2770/2681 1419/2769/2680 1418/2771/2682
f 1412/2770/2681 1418/2771/2682 1413/2772/2683
f 1413/2772/2683 1418/2771/2682 1417/2773/2684
f 1413/2772/2683 1417/2773/2684 1414/2774/2685
f 1414/2774/2685 1417/2773/2684 1416/2775/2686
f 1414/2774/2685 1416/2775/2686 1415/2776/2687
f 1422/2763/2674 1432/2762/2673 1423/2777/2688
f 1423/2777/2688 1432/2762/2673 1431/2778/2689
f 1423/2777/2688 1431/2778/2689 1424/2779/2690
f 1424/2779/2690 1431/2778/2689 1430/2780/2691
f 1424/2779/2690 1430/2780/2691 1425/2781/2692
f 1425/2781/2692 1430/2780/2691 1429/2782/2693
f 1425/2781/2692 1429/2782/2693 1426/2783/2694
f 1426/2783/2694 1429/2782/2693 1428/2784/2695
f 1426/2783/2694 1428/2784/2695 1427/2785/2696
f 1528/2786/2697 1554/2787/2698 1505/2788/2699
f 1505/2788/2699 1554/2787/2698 1553/2789/2700
f 1505/2790/2699 1553/2791/2700 1506/2792/2701
f 1506/2792/2701 1553/2791/2700 1576/2793/2702
f 1506/2792/2701 1576/2793/2702 1507/2794/2703
f 1507/2794/2703 1576/2793/2702 1575/2795/2704
f 1507/2794/2703 1575/2795/2704 1508/2796/2705
f 1508/2796/2705 1575/2795/2704 1574/2797/2706
f 1508/2796/2705 1574/2797/2706 1509/2798/2707
f 1509/2798/2707 1574/2797/2706 1573/2799/2708
f 1509/2798/2707 1573/2799/2708 1510/2800/2709
f 1510/2800/2709 1573/2799/2708 1572/2801/2710
f 1510/2800/2709 1572/2801/2710 1511/2802/2711
f 1511/2802/2711 1572/2801/2710 1571/2803/2712
f 1511/2802/2711 1571/2803/2712 1512/2804/2713
f 1512/2804/2713 1571/2803/2712 1570/2805/2714
f 1512/2804/2713 1570/2805/2714 1513/2806/2715
f 1513/2806/2715 1570/2805/2714 1569/2807/2716
f 1513/2806/2715 1569/2807/2716 1514/2808/2717
f 1514/2808/2717 1569/2807/2716 1568/2809/2718
f 1514/2808/2717 1568/2809/2718 1515/2810/2719
f 1515/2810/2719 1568/2809/2718 1567/2811/2720
f 1515/2810/2719 1567/2811/2720 1516/2812/2721
f 1516/2812/2721 1567/2811/2720 1566/2813/2722
f 1516/2812/2721 1566/2813/2722 1517/2814/2723
f 1517/2814/2723 1566/2813/2722 1565/2815/2724
f 1517/2814/2723 1565/2815/2724 1518/2816/2725
f 1518/2816/2725 1565/2815/2724 1564/2817/2726
f 1518/2816/2725 1564/2817/2726 1519/2818/2727
f 1519/2818/2727 1564/2817/2726 1563/2819/2728
f 1519/2818/2727 1563/2819/2728 1520/2820/2729
f 1520/2820/2729 1563/2819/2728 1562/2821/2730
f 1520/2820/2729 1562/2821/2730 1521/2822/2731
f 1521/2822/2731 1562/2821/2730 1561/2823/2732
f 1521/2822/2731 1561/2823/2732 1522/2824/2733
f 1522/2824/2733 1561/2823/2732 1560/2825/2734
f 1522/2824/2733 1560/2825/2734 1523/2826/2735
f 1523/2826/2735 1560/2825/2734 1559/2827/2736
f 1523/2826/2735 1559/2827/2736 1524/2828/2737
f 1524/2828/2737 1559/2827/2736 1558/2829/2738
f 1524/2828/2737 1558/2829/2738 1525/2830/2739
f 1525/2830/2739 1558/2829/2738 1557/2831/2740
f 1525/2830/2739 1557/2831/2740 1526/2832/2741
f 1526/2832/2741 1557/2831/2740 1556/2833/2742
f 1526/2832/2741 1556/2833/2742 1527/2834/2743
f 1527/2834/2743 1556/2833/2742 1555/2835/2744
f 1527/2834/2743 1555/2835/2744 1528/2786/2697
f 1528/2786/2697 1555/2835/2744 1554/2787/2698
f 1530/2836/2745 1576/2793/2702 1529/2837/2746
f 1529/2837/2746 1576/2793/2702 1553/2791/2700
f 1529/2838/2746 1553/2789/2700 1552/2839/2747
f 1552/2839/2747 1553/2789/2700 1554/2787/2698
f 1552/2839/2747 1554/2787/2698 1551/2840/2748
f 1551/2840/2748 1554/2787/2698 1555/2835/2744
f 1551/2840/2748 1555/2835/2744 1550/2841/2749
f 1550/2841/2749 1555/2835/2744 1556/2833/2742
f 1550/2841/2749 1556/2833/2742 1549/2842/2750
f 1549/2842/2750 1556/2833/2742 1557/2831/2740
f 1549/2842/2750 1557/2831/2740 1548/2843/2751
f 1548/2843/2751 1557/2831/2740 1558/2829/2738
f 1548/2843/2751 1558/2829/2738 1547/2844/2752
f 1547/2844/2752 1558/2829/2738 1559/2827/2736
f 1547/2844/2752 1559/2827/2736 1546/2845/2753
f 1546/2845/2753 1559/2827/2736 1560/2825/2734
f 1546/2845/2753 1560/2825/2734 1545/2846/2754
f 1545/2846/2754 1560/2825/2734 1561/2823/2732
f 1545/2846/2754 1561/2823/2732 1544/2847/2755
f 1544/2847/2755 1561/2823/2732 1562/2821/2730
f 1544/2847/2755 1562/2821/2730 1543/2848/2756
f 1543/2848/2756 1562/2821/2730 1563/2819/2728
f 1543/2848/2756 1563/2819/2728 1542/2849/2757
f 1542/2849/2757 1563/2819/2728 1564/2817/2726
f 1542/2849/2757 1564/2817/2726 1541/2850/2758
f 1541/2850/2758 1564/2817/2726 1565/2815/2724
f 1541/2850/2758 1565/2815/2724 1540/2851/2759
f 1540/2851/2759 1565/2815/2724 1566/2813/2722
f 1540/2851/2759 1566/2813/2722 1539/2852/2760
f 1539/2852/2760 1566/2813/2722 1567/2811/2720
f 1539/2852/2760 1567/2811/2720 1538/2853/2761
f 1538/2853/2761 1567/2811/2720 1568/2809/2718
f 1538/2853/2761 1568/2809/2718 1537/2854/2762
f 1537/2854/2762 1568/2809/2718 1569/2807/2716
f 1537/2854/2762 1569/2807/2716 1536/2855/2763
f 1536/2855/2763 1569/2807/2716 1570/2805/2714
f 1536/2855/2763 1570/2805/2714 1535/2856/2764
f 1535/2856/2764 1570/2805/2714 1571/2803/2712
f 1535/2856/2764 1571/2803/2712 1534/2857/2765
f 1534/2857/2765 1571/2803/2712 1572/2801/2710
f 1534/2857/2765 1572/2801/2710 1533/2858/2766
f 1533/2858/2766 1572/2801/2710 1573/2799/2708
f 1533/2858/2766 1573/2799/2708 1532/2859/2767
f 1532/2859/2767 1573/2799/2708 1574/2797/2706
f 1532/2859/2767 1574/2797/2706 1531/2860/2768
f 1531/2860/2768 1574/2797/2706 1575/2795/2704
f 1531/2860/2768 1575/2795/2704 1530/2836/2745
f 1530/2836/2745 1575/2795/2704 1576/2793/2702
f 1504/2861/2769 1603/2862/2770 1481/2863/2771
f 1481/2863/2771 1603/2862/2770 1601/2864/2772
f 1481/2865/2771 1601/2866/2772 1482/2867/2773
f 1482/2867/2773 1601/2866/2772 1647/2868/2774
f 1482/2867/2773 1647/2868/2774 1483/2869/2775
f 1483/2869/2775 1647/2868/2774 1645/2870/2776
f 1483/2869/2775 1645/2870/2776 1484/2871/2777
f 1484/2871/2777 1645/2870/2776 1643/2872/2778
f 1484/2871/2777 1643/2872/2778 1485/2873/2779
f 1485/2873/2779 1643/2872/2778 1641/2874/2780
f 1485/2873/2779 1641/2874/2780 1486/2875/2781
f 1486/2875/2781 1641/2874/2780 1639/2876/2782
f 1486/2875/2781 1639/2876/2782 1487/2877/2783
f 1487/2877/2783 1639/2876/2782 1637/2878/2784
f 1487/2877/2783 1637/2878/2784 1488/2879/2785
f 1488/2879/2785 1637/2878/2784 1635/2880/2786
f 1488/2879/2785 1635/2880/2786 1489/2881/2787
f 1489/2881/2787 1635/2880/2786 1633/2882/2788
f 1489/2881/2787 1633/2882/2788 1490/2883/2789
f 1490/2883/2789 1633/2882/2788 1631/2884/2790
f 1490/2883/2789 1631/2884/2790 1491/2885/2791
f 1491/2885/2791 1631/2884/2790 1629/2886/2792
f 1491/2885/2791 1629/2886/2792 1492/2887/2793
f 1492/2887/2793 1629/2886/2792 1627/2888/2794
f 1492/2887/2793 1627/2888/2794 1493/2889/2795
f 1493/2889/2795 1627/2888/2794 1625/2890/2796
f 1493/2889/2795 1625/2890/2796 1494/2891/2797
f 1494/2891/2797 1625/2890/2796 1623/2892/2798
f 1494/2891/2797 1623/2892/2798 1495/2893/2799
f 1495/2893/2799 1623/2892/2798 1621/2894/2800
f 1495/2893/2799 1621/2894/2800 1496/2895/2801
f 1496/2895/2801 1621/2894/2800 1619/2896/2802
f 1496/2895/2801 1619/2896/2802 1497/2897/2803
f 1497/2897/2803 1619/2896/2802 1617/2898/2804
f 1497/2897/2803 1617/2898/2804 1498/2899/2805
f 1498/2899/2805 1617/2898/2804 1615/2900/2806
f 1498/2899/2805 1615/2900/2806 1499/2901/2807
f 1499/2901/2807 1615/2900/2806 1613/2902/2808
f 1499/2901/2807 1613/2902/2808 1500/2903/2809
f 1500/2903/2809 1613/2902/2808 1611/2904/2810
f 1500/2903/2809 1611/2904/2810 1501/2905/2811
f 1501/2905/2811 1611/2904/2810 1609/2906/2812
f 1501/2905/2811 1609/2906/2812 1502/2907/2813
f 1502/2907/2813 1609/2906/2812 1607/2908/2814
f 1502/2907/2813 1607/2908/2814 1503/2909/2815
f 1503/2909/2815 1607/2908/2814 1605/2910/2816
f 1503/2909/2815 1605/2910/2816 1504/2861/2769
f 1504/2861/2769 1605/2910/2816 1603/2862/2770
f 1578/2911/2817 1648/2912/2818 1577/2913/2819
f 1577/2913/2819 1648/2912/2818 1602/2914/2820
f 1577/2915/2819 1602/2916/2820 1600/2917/2821
f 1600/2917/2821 1602/2916/2820 1604/2918/2822
f 1600/2917/2821 1604/2918/2822 1599/2919/2823
f 1599/2919/2823 1604/2918/2822 1606/2920/2824
f 1599/2919/2823 1606/2920/2824 1598/2921/2825
f 1598/2921/2825 1606/2920/2824 1608/2922/2826
f 1598/2921/2825 1608/2922/2826 1597/2923/2827
f 1597/2923/2827 1608/2922/2826 1610/2924/2828
f 1597/2923/2827 1610/2924/2828 1596/2925/2829
f 1596/2925/2829 1610/2924/2828 1612/2926/2830
f 1596/2925/2829 1612/2926/2830 1595/2927/2831
f 1595/2927/2831 1612/2926/2830 1614/2928/2832
f 1595/2927/2831 1614/2928/2832 1594/2929/2833
f 1594/2929/2833 1614/2928/2832 1616/2930/2834
f 1594/2929/2833 1616/2930/2834 1593/2931/2835
f 1593/2931/2835 1616/2930/2834 1618/2932/2836
f 1593/2931/2835 1618/2932/2836 1592/2933/2837
f 1592/2933/2837 1618/2932/2836 1620/2934/2838
f 1592/2933/2837 1620/2934/2838 1591/2935/2839
f 1591/2935/2839 1620/2934/2838 1622/2936/2840
f 1591/2935/2839 1622/2936/2840 1590/2937/2841
f 1590/2937/2841 1622/2936/2840 1624/2938/2842
f 1590/2937/2841 1624/2938/2842 1589/2939/2843
f 1589/2939/2843 1624/2938/2842 1626/2940/2844
f 1589/2939/2843 1626/2940/2844 1588/2941/2845
f 1588/2941/2845 1626/2940/2844 1628/2942/2846
f 1588/2941/2845 1628/2942/2846 1587/2943/2847
f 1587/2943/2847 1628/2942/2846 1630/2944/2848
f 1587/2943/2847 1630/2944/2848 1586/2945/2849
f 1586/2945/2849 1630/2944/2848 1632/2946/2850
f 1586/2945/2849 1632/2946/2850 1585/2947/2851
f 1585/2947/2851 1632/2946/2850 1634/2948/2852
f 1585/2947/2851 1634/2948/2852 1584/2949/2853
f 1584/2949/2853 1634/2948/2852 1636/2950/2854
f 1584/2949/2853 1636/2950/2854 1583/2951/2855
f 1583/2951/2855 1636/2950/2854 1638/2952/2856
f 1583/2951/2855 1638/2952/2856 1582/2953/2857
f 1582/2953/2857 1638/2952/2856 1640/2954/2858
f 1582/2953/2857 1640/2954/2858 1581/2955/2859
f 1581/2955/2859 1640/2954/2858 1642/2956/2860
f 1581/2955/2859 1642/2956/2860 1580/2957/2861
f 1580/2957/2861 1642/2956/2860 1644/2958/2862
f 1580/2957/2861 1644/2958/2862 1579/2959/2863
f 1579/2959/2863 1644/2958/2862 1646/2960/2864
f 1579/2959/2863 1646/2960/2864 1578/2911/2817
f 1578/2911/2817 1646/2960/2864 1648/2912/2818
f 1601/2866/2772 1602/2914/2820 1647/2868/2774
f 1647/2868/2774 1602/2914/2820 1648/2912/2818
f 1647/2868/2774 1648/2912/2818 1645/2870/2776
f 1645/2870/2776 1648/2912/2818 1646/2960/2864
f 1645/2870/2776 1646/2960/2864 1643/2872/2778
f 1643/2872/2778 1646/2960/2864 1644/2958/2862
f 1643/2872/2778 1644/2958/2862 1641/2874/2780
f 1641/2874/2780 1644/2958/2862 1642/2956/2860
f 1641/2874/2780 1642/2956/2860 1639/2876/2782
f 1639/2876/2782 1642/2956/2860 1640/2954/2858
f 1639/2876/2782 1640/2954/2858 1637/2878/2784
f 1637/2878/2784 1640/2954/2858 1638/2952/2856
f 1637/2878/2784 1638/2952/2856 1635/2880/2786
f 1635/2880/2786 1638/2952/2856 1636/2950/2854
f 1635/2880/2786 1636/2950/2854 1633/2882/2788
f 1633/2882/2788 1636/2950/2854 1634/2948/2852
f 1633/2882/2788 1634/2948/2852 1631/2884/2790
f 1631/2884/2790 1634/2948/2852 1632/2946/2850
f 1631/2884/2790 1632/2946/2850 1629/2886/2792
f 1629/2886/2792 1632/2946/2850 1630/2944/2848
f 1629/2886/2792 1630/2944/2848 1627/2888/2794
f 1627/2888/2794 1630/2944/2848 1628/2942/2846
f 1627/2888/2794 1628/2942/2846 1625/2890/2796
f 1625/2890/2796 1628/2942/2846 1626/2940/2844
f 1625/2890/2796 1626/2940/2844 1623/2892/2798
f 1623/2892/2798 1626/2940/2844 1624/2938/2842
f 1623/2892/2798 1624/2938/2842 1621/2894/2800
f 1621/2894/2800 1624/2938/2842 1622/2936/2840
f 1621/2894/2800 1622/2936/2840 1619/2896/2802
f 1619/2896/2802 1622/2936/2840 1620/2934/2838
f 1619/2896/2802 1620/2934/2838 1617/2898/2804
f 1617/2898/2804 1620/2934/2838 1618/2932/2836
f 1617/2898/2804 1618/2932/2836 1615/2900/2806
f 1615/2900/2806 1618/2932/2836 1616/2930/2834
f 1615/2900/2806 1616/2930/2834 1613/2902/2808
f 1613/2902/2808 1616/2930/2834 1614/2928/2832
f 1613/2902/2808 1614/2928/2832 1611/2904/2810
f 1611/2904/2810 1614/2928/2832 1612/2926/2830
f 1611/2904/2810 1612/2926/2830 1609/2906/2812
f 1609/2906/2812 1612/2926/2830 1610/2924/2828
f 1609/2906/2812 1610/2924/2828 1607/2908/2814
f 1607/2908/2814 1610/2924/2828 1608/2922/2826
f 1607/2908/2814 1608/2922/2826 1605/2910/2816
f 1605/2910/2816 1608/2922/2826 1606/2920/2824
f 1605/2910/2816 1606/2920/2824 1603/2862/2770
f 1603/2862/2770 1606/2920/2824 1604/2918/2822
f 1603/2862/2770 1604/2918/2822 1601/2864/2772
f 1601/2864/2772 1604/2918/2822 1602/2916/2820
f 1552/2961/2865 1578/2962/2866 1529/2963/2867
f 1529/2963/2867 1578/2962/2866 1577/2964/2868
f 1529/2963/2867 1577/2964/2868 1530/2965/2869
f 1530/2965/2869 1577/2964/2868 1600/2966/2870
f 1530/2965/2869 1600/2966/2870 1531/2967/2871
f 1531/2967/2871 1600/2966/2870 1599/2968/2872
f 1531/2967/2871 1599/2968/2872 1532/2969/2873
f 1532/2969/2873 1599/2968/2872 1598/2970/2874
f 1532/2969/2873 1598/2970/2874 1533/2971/2875
f 1533/2971/2875 1598/2970/2874 1597/2972/2876
f 1533/2971/2875 1597/2972/2876 1534/2973/2877
f 1534/2973/2877 1597/2972/2876 1596/2974/2878
f 1534/2973/2877 1596/2974/2878 1535/2975/2879
f 1535/2975/2879 1596/2974/2878 1595/2976/2880
f 1535/2975/2879 1595/2976/2880 1594/2977/2881
f 1552/2961/2865 1551/2978/2882 1578/2962/2866
f 1578/2962/2866 1551/2978/2882 1579/2979/2883
f 1579/2979/2883 1551/2978/2882 1550/2980/2884
f 1579/2979/2883 1550/2980/2884 1580/2981/2885
f 1580/2981/2885 1550/2980/2884 1549/2982/2886
f 1580/2981/2885 1549/2982/2886 1581/2983/2887
f 1581/2983/2887 1549/2982/2886 1548/2984/2888
f 1581/2983/2887 1548/2984/2888 1582/2985/2889
f 1582/2985/2889 1548/2984/2888 1547/2986/2890
f 1582/2985/2889 1547/2986/2890 1583/2987/2891
f 1583/2987/2891 1547/2986/2890 1584/2988/2892
f 1584/2988/2892 1547/2986/2890 1546/2989/2893
f 1584/2988/2892 1546/2989/2893 1585/2990/2894
f 1585/2990/2894 1546/2989/2893 1545/2991/2895
f 1585/2990/2894 1545/2991/2895 1586/2992/2896
f 1586/2992/2896 1545/2991/2895 1544/2993/2897
f 1586/2992/2896 1544/2993/2897 1587/2994/2898
f 1587/2994/2898 1544/2993/2897 1543/2995/2899
f 1587/2994/2898 1543/2995/2899 1588/2996/2900
f 1588/2996/2900 1543/2995/2899 1542/2997/2901
f 1588/2996/2900 1542/2997/2901 1589/2998/2902
f 1589/2998/2902 1542/2997/2901 1541/2999/2903
f 1589/2998/2902 1541/2999/2903 1540/3000/2904
f 1589/2998/2902 1540/3000/2904 1590/3001/2905
f 1590/3001/2905 1540/3000/2904 1539/3002/2906
f 1590/3001/2905 1539/3002/2906 1591/3003/2907
f 1591/3003/2907 1539/3002/2906 1538/3004/2908
f 1591/3003/2907 1538/3004/2908 1592/3005/2909
f 1592/3005/2909 1538/3004/2908 1537/3006/2910
f 1592/3005/2909 1537/3006/2910 1593/3007/2911
f 1593/3007/2911 1537/3006/2910 1536/3008/2912
f 1593/3007/2911 1536/3008/2912 1594/2977/2881
f 1594/2977/2881 1536/3008/2912 1535/2975/2879
g Body6

v 6.200000 0.620545 3.900000
v 6.189146 0.713092 3.900000
v 6.157175 0.800618 3.900000
v 6.105820 0.878371 3.900000
v 6.037868 0.942132 3.900000
v 5.957008 0.988442 3.900000
v 5.867628 1.014786 3.900000
v 5.774578 1.019736 3.900000
v 5.682907 1.003022 3.900000
v 5.597590 0.965552 3.900000
v 5.597590 0.965552 3.700000
v 5.682907 1.003022 3.700000
v 5.774578 1.019736 3.700000
v 5.867628 1.014786 3.700000
v 5.957008 0.988442 3.700000
v 6.037868 0.942132 3.700000
v 6.105820 0.878371 3.700000
v 6.157175 0.800618 3.700000
v 6.189146 0.713092 3.700000
v 6.200000 0.620545 3.700000
v 5.087391 0.716088 3.900000
v 4.545371 0.546529 3.900000
v 3.983961 0.460767 3.900000
v 3.416039 0.460767 3.900000
v 2.854629 0.546529 3.900000
v 2.312609 0.716088 3.900000
v 1.802410 0.965552 3.900000
v 1.802410 0.965552 3.700000
v 2.312609 0.716088 3.700000
v 2.854629 0.546529 3.700000
v 3.416039 0.460767 3.700000
v 3.983961 0.460767 3.700000
v 4.545371 0.546529 3.700000
v 5.087391 0.716088 3.700000
v 1.717093 1.003022 3.900000
v 1.625422 1.019736 3.900000
v 1.532372 1.014786 3.900000
v 1.442992 0.988442 3.900000
v 1.362132 0.942132 3.900000
v 1.294180 0.878371 3.900000
v 1.242825 0.800618 3.900000
v 1.210854 0.713092 3.900000
v 1.200000 0.620545 3.900000
v 1.200000 0.620545 3.700000
v 1.210854 0.713092 3.700000
v 1.242825 0.800618 3.700000
v 1.294180 0.878371 3.700000
v 1.362132 0.942132 3.700000
v 1.442992 0.988442 3.700000
v 1.532372 1.014786 3.700000
v 1.625422 1.019736 3.700000
v 1.717093 1.003022 3.700000
v 1.200000 0.300000 3.900000
v 1.200000 0.300000 3.700000
v 1.200000 7.779455 3.900000
v 1.210854 7.686908 3.900000
v 1.242825 7.599382 3.900000
v 1.294180 7.521629 3.900000
v 1.362132 7.457868 3.900000
v 1.442992 7.411558 3.900000
v 1.532372 7.385214 3.900000
v 1.625422 7.380264 3.900000
v 1.717093 7.396978 3.900000
v 1.802410 7.434448 3.900000
v 1.802410 7.434448 3.700000
v 1.717093 7.396978 3.700000
v 1.625422 7.380264 3.700000
v 1.532372 7.385214 3.700000
v 1.442992 7.411558 3.700000
v 1.362132 7.457868 3.700000
v 1.294180 7.521629 3.700000
v 1.242825 7.599382 3.700000
v 1.210854 7.686908 3.700000
v 1.200000 7.779455 3.700000
v 2.312609 7.683912 3.900000
v 2.854629 7.853471 3.900000
v 3.416039 7.939233 3.900000
v 3.983961 7.939233 3.900000
v 4.545371 7.853471 3.900000
v 5.087391 7.683912 3.900000
v 5.597590 7.434448 3.900000
v 5.597590 7.434448 3.700000
v 5.087391 7.683912 3.700000
v 4.545371 7.853471 3.700000
v 3.983961 7.939233 3.700000
v 3.416039 7.939233 3.700000
v 2.854629 7.853471 3.700000
v 2.312609 7.683912 3.700000
v 5.682907 7.396978 3.900000
v 5.774578 7.380264 3.900000
v 5.867628 7.385214 3.900000
v 5.957008 7.411558 3.900000
v 6.037868 7.457868 3.900000
v 6.105820 7.521629 3.900000
v 6.157175 7.599382 3.900000
v 6.189146 7.686908 3.900000
v 6.200000 7.779455 3.900000
v 6.200000 7.779455 3.700000
v 6.189146 7.686908 3.700000
v 6.157175 7.599382 3.700000
v 6.105820 7.521629 3.700000
v 6.037868 7.457868 3.700000
v 5.957008 7.411558 3.700000
v 5.867628 7.385214 3.700000
v 5.774578 7.380264 3.700000
v 5.682907 7.396978 3.700000
v 6.200000 8.100000 3.900000
v 6.200000 8.100000 3.700000
v 6.210222 8.177646 3.900000
v 6.240192 8.250000 3.900000
v 6.287868 8.312132 3.900000
v 6.350000 8.359808 3.900000
v 6.422354 8.389778 3.900000
v 6.500000 8.400000 3.900000
v 6.500000 8.400000 3.700000
v 6.422354 8.389778 3.700000
v 6.350000 8.359808 3.700000
v 6.287868 8.312132 3.700000
v 6.240192 8.250000 3.700000
v 6.210222 8.177646 3.700000
v 7.100000 8.400000 3.700000
v 7.177646 8.389778 3.700000
v 7.250000 8.359808 3.700000
v 7.312132 8.312132 3.700000
v 7.359808 8.250000 3.700000
v 7.389778 8.177646 3.700000
v 7.400000 8.100000 3.700000
v 7.400000 0.300000 3.700000
v 7.389778 0.222354 3.700000
v 7.359808 0.150000 3.700000
v 7.312132 0.087868 3.700000
v 7.250000 0.040192 3.700000
v 7.177646 0.010222 3.700000
v 7.100000 0.000000 3.700000
v 6.500000 0.000000 3.700000
v 6.422354 0.010222 3.700000
v 6.350000 0.040192 3.700000
v 6.287868 0.087868 3.700000
v 6.240192 0.150000 3.700000
v 6.210222 0.222354 3.700000
v 6.200000 0.300000 3.700000
v 1.189778 0.222354 3.700000
v 1.159808 0.150000 3.700000
v 1.112132 0.087868 3.700000
v 1.050000 0.040192 3.700000
v 0.977646 0.010222 3.700000
v 0.900000 0.000000 3.700000
v 0.300000 0.000000 3.700000
v 0.222354 0.010222 3.700000
v 0.150000 0.040192 3.700000
v 0.087868 0.087868 3.700000
v 0.040192 0.150000 3.700000
v 0.010222 0.222354 3.700000
v 0.000000 0.300000 3.700000
v -0.000000 8.100000 3.700000
v 0.010222 8.177646 3.700000
v 0.040192 8.250000 3.700000
v 0.087868 8.312132 3.700000
v 0.150000 8.359808 3.700000
v 0.222354 8.389778 3.700000
v 0.300000 8.400000 3.700000
v 0.900000 8.400000 3.700000
v 0.977646 8.389778 3.700000
v 1.050000 8.359808 3.700000
v 1.112132 8.312132 3.700000
v 1.159808 8.250000 3.700000
v 1.189778 8.177646 3.700000
v 1.200000 8.100000 3.700000
v 0.450000 0.600000 3.700000
v 0.455111 0.561177 3.700000
v 0.470096 0.525000 3.700000
v 0.493934 0.493934 3.700000
v 0.525000 0.470096 3.700000
v 0.561177 0.455111 3.700000
v 0.600000 0.450000 3.700000
v 0.638823 0.455111 3.700000
v 0.675000 0.470096 3.700000
v 0.706066 0.493934 3.700000
v 0.729904 0.525000 3.700000
v 0.744889 0.561177 3.700000
v 0.750000 0.600000 3.700000
v 0.744889 0.638823 3.700000
v 0.729904 0.675000 3.700000
v 0.706066 0.706066 3.700000
v 0.675000 0.729904 3.700000
v 0.638823 0.744889 3.700000
v 0.600000 0.750000 3.700000
v 0.561177 0.744889 3.700000
v 0.525000 0.729904 3.700000
v 0.493934 0.706066 3.700000
v 0.470096 0.675000 3.700000
v 0.455111 0.638823 3.700000
v 6.650000 0.600000 3.700000
v 6.655111 0.561177 3.700000
v 6.670096 0.525000 3.700000
v 6.693934 0.493934 3.700000
v 6.725000 0.470096 3.700000
v 6.761177 0.455111 3.700000
v 6.800000 0.450000 3.700000
v 6.838823 0.455111 3.700000
v 6.875000 0.470096 3.700000
v 6.906066 0.493934 3.700000
v 6.929904 0.525000 3.700000
v 6.944889 0.561177 3.700000
v 6.950000 0.600000 3.700000
v 6.944889 0.638823 3.700000
v 6.929904 0.675000 3.700000
v 6.906066 0.706066 3.700000
v 6.875000 0.729904 3.700000
v 6.838823 0.744889 3.700000
v 6.800000 0.750000 3.700000
v 6.761177 0.744889 3.700000
v 6.725000 0.729904 3.700000
v 6.693934 0.706066 3.700000
v 6.670096 0.675000 3.700000
v 6.655111 0.638823 3.700000
v 0.450000 7.800000 3.700000
v 0.455111 7.761177 3.700000
v 0.470096 7.725000 3.700000
v 0.493934 7.693934 3.700000
v 0.525000 7.670096 3.700000
v 0.561177 7.655111 3.700000
v 0.600000 7.650000 3.700000
v 0.638823 7.655111 3.700000
v 0.675000 7.670096 3.700000
v 0.706066 7.693934 3.700000
v 0.729904 7.725000 3.700000
v 0.744889 7.761177 3.700000
v 0.750000 7.800000 3.700000
v 0.744889 7.838823 3.700000
v 0.729904 7.875000 3.700000
v 0.706066 7.906066 3.700000
v 0.675000 7.929904 3.700000
v 0.638823 7.944889 3.700000
v 0.600000 7.950000 3.700000
v 0.561177 7.944889 3.700000
v 0.525000 7.929904 3.700000
v 0.493934 7.906066 3.700000
v 0.470096 7.875000 3.700000
v 0.455111 7.838823 3.700000
v 6.650000 7.800000 3.700000
v 6.655111 7.761177 3.700000
v 6.670096 7.725000 3.700000
v 6.693934 7.693934 3.700000
v 6.725000 7.670096 3.700000
v 6.761177 7.655111 3.700000
v 6.800000 7.650000 3.700000
v 6.838823 7.655111 3.700000
v 6.875000 7.670096 3.700000
v 6.906066 7.693934 3.700000
v 6.929904 7.725000 3.700000
v 6.944889 7.761177 3.700000
v 6.950000 7.800000 3.700000
v 6.944889 7.838823 3.700000
v 6.929904 7.875000 3.700000
v 6.906066 7.906066 3.700000
v 6.875000 7.929904 3.700000
v 6.838823 7.944889 3.700000
v 6.800000 7.950000 3.700000
v 6.761177 7.944889 3.700000
v 6.725000 7.929904 3.700000
v 6.693934 7.906066 3.700000
v 6.670096 7.875000 3.700000
v 6.655111 7.838823 3.700000
v 6.600000 4.200000 3.700000
v 6.555942 4.703580 3.700000
v 6.425109 5.191858 3.700000
v 6.211474 5.650000 3.700000
v 5.921529 6.064084 3.700000
v 5.564084 6.421529 3.700000
v 5.150000 6.711474 3.700000
v 4.691858 6.925109 3.700000
v 4.203580 7.055942 3.700000
v 3.700000 7.100000 3.700000
v 3.196420 7.055942 3.700000
v 2.708142 6.925109 3.700000
v 2.250000 6.711474 3.700000
v 1.835916 6.421529 3.700000
v 1.478471 6.064084 3.700000
v 1.188526 5.650000 3.700000
v 0.974891 5.191858 3.700000
v 0.844058 4.703580 3.700000
v 0.800000 4.200000 3.700000
v 0.844058 3.696420 3.700000
v 0.974891 3.208142 3.700000
v 1.188526 2.750000 3.700000
v 1.478471 2.335916 3.700000
v 1.835916 1.978471 3.700000
v 2.250000 1.688526 3.700000
v 2.708142 1.474891 3.700000
v 3.196420 1.344058 3.700000
v 3.700000 1.300000 3.700000
v 4.203580 1.344058 3.700000
v 4.691858 1.474891 3.700000
v 5.150000 1.688526 3.700000
v 5.564084 1.978471 3.700000
v 5.921529 2.335916 3.700000
v 6.211474 2.750000 3.700000
v 6.425109 3.208142 3.700000
v 6.555942 3.696420 3.700000
v 0.900000 8.400000 3.900000
v 0.977646 8.389778 3.900000
v 1.050000 8.359808 3.900000
v 1.112132 8.312132 3.900000
v 1.159808 8.250000 3.900000
v 1.189778 8.177646 3.900000
v 1.200000 8.100000 3.900000
v 0.300000 8.400000 3.900000
v 6.500000 0.000000 3.900000
v 6.422354 0.010222 3.900000
v 6.350000 0.040192 3.900000
v 6.287868 0.087868 3.900000
v 6.240192 0.150000 3.900000
v 6.210222 0.222354 3.900000
v 6.200000 0.300000 3.900000
v 7.100000 0.000000 3.900000
v 1.189778 0.222354 3.900000
v 1.159808 0.150000 3.900000
v 1.112132 0.087868 3.900000
v 1.050000 0.040192 3.900000
v 0.977646 0.010222 3.900000
v 0.900000 0.000000 3.900000
v 0.300000 0.000000 3.900000
v 7.100000 8.400000 3.900000
v 6.600000 4.200000 3.900000
v 6.555942 4.703580 3.900000
v 6.425109 5.191858 3.900000
v 6.211474 5.650000 3.900000
v 5.921529 6.064084 3.900000
v 5.564084 6.421529 3.900000
v 5.150000 6.711474 3.900000
v 4.691858 6.925109 3.900000
v 4.203580 7.055942 3.900000
v 3.700000 7.100000 3.900000
v 3.196420 7.055942 3.900000
v 2.708142 6.925109 3.900000
v 2.250000 6.711474 3.900000
v 1.835916 6.421529 3.900000
v 1.478471 6.064084 3.900000
v 1.188526 5.650000 3.900000
v 0.974891 5.191858 3.900000
v 0.844058 4.703580 3.900000
v 0.800000 4.200000 3.900000
v 0.844058 3.696420 3.900000
v 0.974891 3.208142 3.900000
v 1.188526 2.750000 3.900000
v 1.478471 2.335916 3.900000
v 1.835916 1.978471 3.900000
v 2.250000 1.688526 3.900000
v 2.708142 1.474891 3.900000
v 3.196420 1.344058 3.900000
v 3.700000 1.300000 3.900000
v 4.203580 1.344058 3.900000
v 4.691858 1.474891 3.900000
v 5.150000 1.688526 3.900000
v 5.564084 1.978471 3.900000
v 5.921529 2.335916 3.900000
v 6.211474 2.750000 3.900000
v 6.425109 3.208142 3.900000
v 6.555942 3.696420 3.900000
v 0.450000 0.600000 3.900000
v 0.455111 0.561177 3.900000
v 0.470096 0.525000 3.900000
v 0.493934 0.493934 3.900000
v 0.525000 0.470096 3.900000
v 0.561177 0.455111 3.900000
v 0.600000 0.450000 3.900000
v 0.638823 0.455111 3.900000
v 0.675000 0.470096 3.900000
v 0.706066 0.493934 3.900000
v 0.729904 0.525000 3.900000
v 0.744889 0.561177 3.900000
v 0.750000 0.600000 3.900000
v 0.744889 0.638823 3.900000
v 0.729904 0.675000 3.900000
v 0.706066 0.706066 3.900000
v 0.675000 0.729904 3.900000
v 0.638823 0.744889 3.900000
v 0.600000 0.750000 3.900000
v 0.561177 0.744889 3.900000
v 0.525000 0.729904 3.900000
v 0.493934 0.706066 3.900000
v 0.470096 0.675000 3.900000
v 0.455111 0.638823 3.900000
v 6.650000 0.600000 3.900000
v 6.655111 0.561177 3.900000
v 6.670096 0.525000 3.900000
v 6.693934 0.493934 3.900000
v 6.725000 0.470096 3.900000
v 6.761177 0.455111 3.900000
v 6.800000 0.450000 3.900000
v 6.838823 0.455111 3.900000
v 6.875000 0.470096 3.900000
v 6.906066 0.493934 3.900000
v 6.929904 0.525000 3.900000
v 6.944889 0.561177 3.900000
v 6.950000 0.600000 3.900000
v 6.944889 0.638823 3.900000
v 6.929904 0.675000 3.900000
v 6.906066 0.706066 3.900000
v 6.875000 0.729904 3.900000
v 6.838823 0.744889 3.900000
v 6.800000 0.750000 3.900000
v 6.761177 0.744889 3.900000
v 6.725000 0.729904 3.900000
v 6.693934 0.706066 3.900000
v 6.670096 0.675000 3.900000
v 6.655111 0.638823 3.900000
v 0.450000 7.800000 3.900000
v 0.455111 7.761177 3.900000
v 0.470096 7.725000 3.900000
v 0.493934 7.693934 3.900000
v 0.525000 7.670096 3.900000
v 0.561177 7.655111 3.900000
v 0.600000 7.650000 3.900000
v 0.638823 7.655111 3.900000
v 0.675000 7.670096 3.900000
v 0.706066 7.693934 3.900000
v 0.729904 7.725000 3.900000
v 0.744889 7.761177 3.900000
v 0.750000 7.800000 3.900000
v 0.744889 7.838823 3.900000
v 0.729904 7.875000 3.900000
v 0.706066 7.906066 3.900000
v 0.675000 7.929904 3.900000
v 0.638823 7.944889 3.900000
v 0.600000 7.950000 3.900000
v 0.561177 7.944889 3.900000
v 0.525000 7.929904 3.900000
v 0.493934 7.906066 3.900000
v 0.470096 7.875000 3.900000
v 0.455111 7.838823 3.900000
v 6.650000 7.800000 3.900000
v 6.655111 7.761177 3.900000
v 6.670096 7.725000 3.900000
v 6.693934 7.693934 3.900000
v 6.725000 7.670096 3.900000
v 6.761177 7.655111 3.900000
v 6.800000 7.650000 3.900000
v 6.838823 7.655111 3.900000
v 6.875000 7.670096 3.900000
v 6.906066 7.693934 3.900000
v 6.929904 7.725000 3.900000
v 6.944889 7.761177 3.900000
v 6.950000 7.800000 3.900000
v 6.944889 7.838823 3.900000
v 6.929904 7.875000 3.900000
v 6.906066 7.906066 3.900000
v 6.875000 7.929904 3.900000
v 6.838823 7.944889 3.900000
v 6.800000 7.950000 3.900000
v 6.761177 7.944889 3.900000
v 6.725000 7.929904 3.900000
v 6.693934 7.906066 3.900000
v 6.670096 7.875000 3.900000
v 6.655111 7.838823 3.900000
v 7.177646 8.389778 3.900000
v 7.250000 8.359808 3.900000
v 7.312132 8.312132 3.900000
v 7.359808 8.250000 3.900000
v 7.389778 8.177646 3.900000
v 7.400000 8.100000 3.900000
v 7.400000 0.300000 3.900000
v 7.389778 0.222354 3.900000
v 7.359808 0.150000 3.900000
v 7.312132 0.087868 3.900000
v 7.250000 0.040192 3.900000
v 7.177646 0.010222 3.900000
v 0.222354 0.010222 3.900000
v 0.150000 0.040192 3.900000
v 0.087868 0.087868 3.900000
v 0.040192 0.150000 3.900000
v 0.010222 0.222354 3.900000
v 0.000000 0.300000 3.900000
v -0.000000 8.100000 3.900000
v 0.010222 8.177646 3.900000
v 0.040192 8.250000 3.900000
v 0.087868 8.312132 3.900000
v 0.150000 8.359808 3.900000
v 0.222354 8.389778 3.900000
vt 0.200000 0.420273 0.000000
vt -0.000000 0.420273 0.000000
vt 0.200000 0.326879 0.000000
vt -0.000000 0.326879 0.000000
vt -0.000000 0.233485 0.000000
vt 0.200000 0.233485 0.000000
vt -0.000000 0.140091 0.000000
vt 0.200000 0.140091 0.000000
vt 0.000000 0.046697 0.000000
vt 0.200000 0.046697 0.000000
vt 0.000000 -0.046697 0.000000
vt 0.200000 -0.046697 0.000000
vt 0.000000 -0.140091 0.000000
vt 0.200000 -0.140091 0.000000
vt 0.000000 -0.233485 0.000000
vt 0.200000 -0.233485 0.000000
vt -0.000000 -0.326879 0.000000
vt 0.200000 -0.326879 0.000000
vt 0.200000 -0.420273 0.000000
vt -0.000000 -0.420273 0.000000
vt -0.200000 -7.880120 0.000000
vt -0.000000 -7.880120 0.000000
vt -0.200000 -7.311653 0.000000
vt -0.000000 -7.311653 0.000000
vt -0.200000 -6.743186 0.000000
vt -0.000000 -6.743186 0.000000
vt -0.200000 -6.174720 0.000000
vt -0.000000 -6.174720 0.000000
vt -0.200000 -5.606253 0.000000
vt 0.000000 -5.606253 0.000000
vt -0.200000 -5.037786 0.000000
vt 0.000000 -5.037786 0.000000
vt -0.200000 -4.469320 0.000000
vt 0.000000 -4.469320 0.000000
vt -0.200000 -3.900853 0.000000
vt 0.000000 -3.900853 0.000000
vt 0.200000 0.420273 0.000000
vt -0.000000 0.420273 0.000000
vt 0.200000 0.326879 0.000000
vt -0.000000 0.326879 0.000000
vt 0.000000 0.233485 0.000000
vt 0.200000 0.233485 0.000000
vt -0.000000 0.140091 0.000000
vt 0.200000 0.140091 0.000000
vt -0.000000 0.046697 0.000000
vt 0.200000 0.046697 0.000000
vt 0.000000 -0.046697 0.000000
vt 0.200000 -0.046697 0.000000
vt 0.000000 -0.140091 0.000000
vt 0.200000 -0.140091 0.000000
vt -0.000000 -0.233485 0.000000
vt 0.200000 -0.233485 0.000000
vt 0.000000 -0.326879 0.000000
vt 0.200000 -0.326879 0.000000
vt 0.200000 -0.420273 0.000000
vt -0.000000 -0.420273 0.000000
vt -0.620545 0.000000 0.000000
vt -0.300000 0.000000 0.000000
vt -0.620545 0.200000 0.000000
vt -0.300000 0.200000 0.000000
vt 0.200000 0.420273 0.000000
vt -0.000000 0.420273 0.000000
vt 0.200000 0.326879 0.000000
vt -0.000000 0.326879 0.000000
vt -0.000000 0.233485 0.000000
vt 0.200000 0.233485 0.000000
vt -0.000000 0.140091 0.000000
vt 0.200000 0.140091 0.000000
vt -0.000000 0.046697 0.000000
vt 0.200000 0.046697 0.000000
vt -0.000000 -0.046697 0.000000
vt 0.200000 -0.046697 0.000000
vt -0.000000 -0.140091 0.000000
vt 0.200000 -0.140091 0.000000
vt -0.000000 -0.233485 0.000000
vt 0.200000 -0.233485 0.000000
vt -0.000000 -0.326879 0.000000
vt 0.200000 -0.326879 0.000000
vt 0.200000 -0.420273 0.000000
vt 0.000000 -0.420273 0.000000
vt -0.200000 3.900853 0.000000
vt -0.000000 3.900853 0.000000
vt -0.200000 4.469320 0.000000
vt -0.000000 4.469320 0.000000
vt -0.200000 5.037786 0.000000
vt -0.000000 5.037786 0.000000
vt -0.200000 5.606253 0.000000
vt -0.000000 5.606253 0.000000
vt -0.200000 6.174720 0.000000
vt -0.000000 6.174720 0.000000
vt -0.200000 6.743186 0.000000
vt -0.000000 6.743186 0.000000
vt -0.200000 7.311653 0.000000
vt -0.000000 7.311653 0.000000
vt -0.200000 7.880120 0.000000
vt -0.000000 7.880120 0.000000
vt 0.200000 0.420273 0.000000
vt -0.000000 0.420273 0.000000
vt 0.200000 0.326879 0.000000
vt -0.000000 0.326879 0.000000
vt -0.000000 0.233485 0.000000
vt 0.200000 0.233485 0.000000
vt 0.000000 0.140091 0.000000
vt 0.200000 0.140091 0.000000
vt -0.000000 0.046697 0.000000
vt 0.200000 0.046697 0.000000
vt -0.000000 -0.046697 0.000000
vt 0.200000 -0.046697 0.000000
vt -0.000000 -0.140091 0.000000
vt 0.200000 -0.140091 0.000000
vt 0.000000 -0.233485 0.000000
vt 0.200000 -0.233485 0.000000
vt -0.000000 -0.326879 0.000000
vt 0.200000 -0.326879 0.000000
vt 0.200000 -0.420273 0.000000
vt 0.000000 -0.420273 0.000000
vt -0.620545 -0.000000 0.000000
vt -0.300000 -0.000000 0.000000
vt -0.620545 0.200000 0.000000
vt -0.300000 0.200000 0.000000
vt 0.100000 0.235619 0.000000
vt -0.100000 0.235619 0.000000
vt 0.100000 0.157080 0.000000
vt -0.100000 0.157080 0.000000
vt 0.100000 0.078540 0.000000
vt -0.100000 0.078540 0.000000
vt 0.100000 -0.000000 0.000000
vt -0.100000 -0.000000 0.000000
vt 0.100000 -0.078540 0.000000
vt -0.100000 -0.078540 0.000000
vt 0.100000 -0.157080 0.000000
vt -0.100000 -0.157080 0.000000
vt 0.100000 -0.235619 0.000000
vt -0.100000 -0.235619 0.000000
vt -2.510222 3.977646 0.000000
vt -2.970096 3.675000 0.000000
vt -2.500000 3.900000 0.000000
vt -2.955111 3.638823 0.000000
vt -2.500000 3.579455 0.000000
vt -2.950000 3.600000 0.000000
vt -2.955111 3.561177 0.000000
vt -2.540192 4.050000 0.000000
vt -2.587868 4.112132 0.000000
vt -2.650000 4.159808 0.000000
vt -2.722354 4.189778 0.000000
vt -2.993934 3.706066 0.000000
vt -2.800000 4.200000 0.000000
vt -3.025000 3.729904 0.000000
vt -3.061177 3.744889 0.000000
vt -3.100000 3.750000 0.000000
vt -3.400000 4.200000 0.000000
vt -3.138823 3.744889 0.000000
vt -3.175000 3.729904 0.000000
vt -3.206066 3.706066 0.000000
vt -3.477646 4.189778 0.000000
vt -3.229904 3.675000 0.000000
vt -3.550000 4.159808 0.000000
vt -3.612132 4.112132 0.000000
vt -3.659808 4.050000 0.000000
vt -3.689778 3.977646 0.000000
vt -3.700000 3.900000 0.000000
vt -3.700000 -3.900000 0.000000
vt -2.900000 -0.000000 0.000000
vt -2.855942 0.503580 0.000000
vt -2.725109 0.991858 0.000000
vt -3.689778 -3.977646 0.000000
vt -3.229904 -3.675000 0.000000
vt -3.244889 -3.638823 0.000000
vt -3.250000 -3.600000 0.000000
vt -3.659808 -4.050000 0.000000
vt -3.612132 -4.112132 0.000000
vt -3.550000 -4.159808 0.000000
vt -3.477646 -4.189778 0.000000
vt -3.206066 -3.706066 0.000000
vt -3.400000 -4.200000 0.000000
vt -3.175000 -3.729904 0.000000
vt -3.138823 -3.744889 0.000000
vt -3.100000 -3.750000 0.000000
vt -2.800000 -4.200000 0.000000
vt -3.061177 -3.744889 0.000000
vt -3.025000 -3.729904 0.000000
vt -2.993934 -3.706066 0.000000
vt -2.722354 -4.189778 0.000000
vt -2.970096 -3.675000 0.000000
vt -2.650000 -4.159808 0.000000
vt -2.587868 -4.112132 0.000000
vt -2.540192 -4.050000 0.000000
vt -2.510222 -3.977646 0.000000
vt -2.500000 -3.900000 0.000000
vt -2.955111 -3.638823 0.000000
vt -2.500000 -3.579455 0.000000
vt -2.950000 -3.600000 0.000000
vt -2.955111 -3.561177 0.000000
vt -2.489146 -3.486908 0.000000
vt -2.970096 -3.525000 0.000000
vt -2.457175 -3.399382 0.000000
vt -2.993934 -3.493934 0.000000
vt -3.025000 -3.470096 0.000000
vt -2.405820 -3.321629 0.000000
vt -3.061177 -3.455111 0.000000
vt -2.337868 -3.257868 0.000000
vt -2.221529 -1.864084 0.000000
vt -2.257008 -3.211558 0.000000
vt -1.864084 -2.221529 0.000000
vt -2.167628 -3.185214 0.000000
vt -2.074578 -3.180264 0.000000
vt -1.982907 -3.196978 0.000000
vt -1.450000 -2.511474 0.000000
vt -1.897590 -3.234448 0.000000
vt -1.387391 -3.483912 0.000000
vt -0.991858 -2.725109 0.000000
vt -0.845371 -3.653471 0.000000
vt -0.503580 -2.855942 0.000000
vt -0.283961 -3.739233 0.000000
vt -0.000000 -2.900000 0.000000
vt 0.283961 -3.739233 0.000000
vt 0.503580 -2.855942 0.000000
vt 0.845371 -3.653471 0.000000
vt 0.991858 -2.725109 0.000000
vt 1.387391 -3.483912 0.000000
vt 1.450000 -2.511474 0.000000
vt 1.897590 -3.234448 0.000000
vt 1.982907 -3.196978 0.000000
vt 1.864084 -2.221529 0.000000
vt 2.074578 -3.180264 0.000000
vt 2.167628 -3.185214 0.000000
vt 2.257008 -3.211558 0.000000
vt 2.221529 -1.864084 0.000000
vt 2.337868 -3.257868 0.000000
vt 3.061177 -3.455111 0.000000
vt 2.405820 -3.321629 0.000000
vt 3.025000 -3.470096 0.000000
vt 2.457175 -3.399382 0.000000
vt 2.993934 -3.493934 0.000000
vt 2.970096 -3.525000 0.000000
vt 2.489146 -3.486908 0.000000
vt 2.955111 -3.561177 0.000000
vt 2.500000 -3.579455 0.000000
vt 2.950000 -3.600000 0.000000
vt 2.955111 -3.638823 0.000000
vt 2.500000 -3.900000 0.000000
vt 2.970096 -3.675000 0.000000
vt 2.510222 -3.977646 0.000000
vt 2.540192 -4.050000 0.000000
vt 2.587868 -4.112132 0.000000
vt 2.650000 -4.159808 0.000000
vt 2.722354 -4.189778 0.000000
vt 2.993934 -3.706066 0.000000
vt 2.800000 -4.200000 0.000000
vt 3.025000 -3.729904 0.000000
vt 3.061177 -3.744889 0.000000
vt 3.100000 -3.750000 0.000000
vt 3.400000 -4.200000 0.000000
vt 3.138823 -3.744889 0.000000
vt 3.175000 -3.729904 0.000000
vt 3.206066 -3.706066 0.000000
vt 3.477646 -4.189778 0.000000
vt 3.229904 -3.675000 0.000000
vt 3.550000 -4.159808 0.000000
vt 3.612132 -4.112132 0.000000
vt 3.659808 -4.050000 0.000000
vt 3.689778 -3.977646 0.000000
vt 3.700000 -3.900000 0.000000
vt 3.700000 3.900000 0.000000
vt 2.900000 -0.000000 0.000000
vt 2.855942 -0.503580 0.000000
vt 2.725109 -0.991858 0.000000
vt 3.689778 3.977646 0.000000
vt 3.229904 3.675000 0.000000
vt 3.244889 3.638823 0.000000
vt 3.250000 3.600000 0.000000
vt 3.659808 4.050000 0.000000
vt 3.612132 4.112132 0.000000
vt 3.550000 4.159808 0.000000
vt 3.477646 4.189778 0.000000
vt 3.206066 3.706066 0.000000
vt 3.400000 4.200000 0.000000
vt 3.175000 3.729904 0.000000
vt 3.138823 3.744889 0.000000
vt 3.100000 3.750000 0.000000
vt 2.800000 4.200000 0.000000
vt 3.061177 3.744889 0.000000
vt 3.025000 3.729904 0.000000
vt 2.993934 3.706066 0.000000
vt 2.722354 4.189778 0.000000
vt 2.970096 3.675000 0.000000
vt 2.650000 4.159808 0.000000
vt 2.587868 4.112132 0.000000
vt 2.540192 4.050000 0.000000
vt 2.510222 3.977646 0.000000
vt 2.500000 3.900000 0.000000
vt 2.955111 3.638823 0.000000
vt 2.500000 3.579455 0.000000
vt 2.950000 3.600000 0.000000
vt 2.955111 3.561177 0.000000
vt 2.489146 3.486908 0.000000
vt 2.970096 3.525000 0.000000
vt 2.457175 3.399382 0.000000
vt 2.993934 3.493934 0.000000
vt 3.025000 3.470096 0.000000
vt 2.405820 3.321629 0.000000
vt 3.061177 3.455111 0.000000
vt 2.337868 3.257868 0.000000
vt 2.221529 1.864084 0.000000
vt 2.257008 3.211558 0.000000
vt 1.864084 2.221529 0.000000
vt 2.167628 3.185214 0.000000
vt 2.074578 3.180264 0.000000
vt 1.982907 3.196978 0.000000
vt 1.450000 2.511474 0.000000
vt 1.897590 3.234448 0.000000
vt 1.387391 3.483912 0.000000
vt 0.991858 2.725109 0.000000
vt 0.845371 3.653471 0.000000
vt 0.503580 2.855942 0.000000
vt 0.283961 3.739233 0.000000
vt -0.000000 2.900000 0.000000
vt -0.283961 3.739233 0.000000
vt -0.503580 2.855942 0.000000
vt -0.845371 3.653471 0.000000
vt -0.991858 2.725109 0.000000
vt -1.387391 3.483912 0.000000
vt -1.450000 2.511474 0.000000
vt -1.897590 3.234448 0.000000
vt -1.982907 3.196978 0.000000
vt -1.864084 2.221529 0.000000
vt -2.074578 3.180264 0.000000
vt -2.167628 3.185214 0.000000
vt -2.257008 3.211558 0.000000
vt -2.221529 1.864084 0.000000
vt -2.337868 3.257868 0.000000
vt -3.061177 3.455111 0.000000
vt -2.405820 3.321629 0.000000
vt -3.025000 3.470096 0.000000
vt -2.457175 3.399382 0.000000
vt -2.993934 3.493934 0.000000
vt -2.970096 3.525000 0.000000
vt -2.489146 3.486908 0.000000
vt 3.244889 -3.561177 0.000000
vt 3.250000 -3.600000 0.000000
vt 3.244889 -3.638823 0.000000
vt 3.100000 -3.450000 0.000000
vt 2.511474 -1.450000 0.000000
vt 3.138823 -3.455111 0.000000
vt 3.175000 -3.470096 0.000000
vt 3.206066 -3.493934 0.000000
vt 3.229904 -3.525000 0.000000
vt -3.244889 -3.561177 0.000000
vt -3.229904 -3.525000 0.000000
vt -3.206066 -3.493934 0.000000
vt -2.725109 -0.991858 0.000000
vt -3.175000 -3.470096 0.000000
vt -2.511474 -1.450000 0.000000
vt -3.138823 -3.455111 0.000000
vt -3.100000 -3.450000 0.000000
vt 3.244889 3.561177 0.000000
vt 3.229904 3.525000 0.000000
vt 3.206066 3.493934 0.000000
vt 2.725109 0.991858 0.000000
vt 3.175000 3.470096 0.000000
vt 2.511474 1.450000 0.000000
vt 3.138823 3.455111 0.000000
vt 3.100000 3.450000 0.000000
vt -3.100000 3.450000 0.000000
vt -2.511474 1.450000 0.000000
vt -3.138823 3.455111 0.000000
vt -3.175000 3.470096 0.000000
vt -3.206066 3.493934 0.000000
vt -3.229904 3.525000 0.000000
vt -3.244889 3.561177 0.000000
vt -3.250000 3.600000 0.000000
vt -3.244889 3.638823 0.000000
vt 2.855942 0.503580 0.000000
vt -2.855942 -0.503580 0.000000
vt 0.100000 0.235619 0.000000
vt -0.100000 0.235619 0.000000
vt 0.100000 0.157080 0.000000
vt -0.100000 0.157080 0.000000
vt 0.100000 0.078540 0.000000
vt -0.100000 0.078540 0.000000
vt 0.100000 0.000000 0.000000
vt -0.100000 0.000000 0.000000
vt 0.100000 -0.078540 0.000000
vt -0.100000 -0.078540 0.000000
vt 0.100000 -0.157080 0.000000
vt -0.100000 -0.157080 0.000000
vt 0.100000 -0.235619 0.000000
vt -0.100000 -0.235619 0.000000
vt 6.200000 0.000000 0.000000
vt 6.800000 0.000000 0.000000
vt 6.200000 0.200000 0.000000
vt 6.800000 0.200000 0.000000
vt 0.100000 0.235619 0.000000
vt -0.100000 0.235619 0.000000
vt 0.100000 0.157080 0.000000
vt -0.100000 0.157080 0.000000
vt 0.100000 0.078540 0.000000
vt -0.100000 0.078540 0.000000
vt 0.100000 0.000000 0.000000
vt -0.100000 0.000000 0.000000
vt 0.100000 -0.078540 0.000000
vt -0.100000 -0.078540 0.000000
vt 0.100000 -0.157080 0.000000
vt -0.100000 -0.157080 0.000000
vt 0.100000 -0.235619 0.000000
vt -0.100000 -0.235619 0.000000
vt 6.200000 0.000000 0.000000
vt 6.800000 0.000000 0.000000
vt 6.200000 0.200000 0.000000
vt 6.800000 0.200000 0.000000
vt 0.100000 0.235619 0.000000
vt -0.100000 0.235619 0.000000
vt 0.100000 0.157080 0.000000
vt -0.100000 0.157080 0.000000
vt 0.100000 0.078540 0.000000
vt -0.100000 0.078540 0.000000
vt 0.100000 0.000000 0.000000
vt -0.100000 0.000000 0.000000
vt 0.100000 -0.078540 0.000000
vt -0.100000 -0.078540 0.000000
vt 0.100000 -0.157080 0.000000
vt -0.100000 -0.157080 0.000000
vt 0.100000 -0.235619 0.000000
vt -0.100000 -0.235619 0.000000
vt 0.600000 0.200000 0.000000
vt -0.000000 0.200000 0.000000
vt 0.600000 0.000000 0.000000
vt 0.000000 0.000000 0.000000
vt -0.784370 0.200000 0.000000
vt -1.104915 0.200000 0.000000
vt -0.784370 0.000000 0.000000
vt -1.104915 0.000000 0.000000
vt -0.784370 0.200000 0.000000
vt -1.104915 0.200000 0.000000
vt -0.784370 0.000000 0.000000
vt -1.104915 0.000000 0.000000
vt 0.600000 0.200000 0.000000
vt 0.000000 0.200000 0.000000
vt 0.600000 0.000000 0.000000
vt 0.000000 0.000000 0.000000
vt 0.200000 -8.604473 0.000000
vt 0.000000 -8.604473 0.000000
vt 0.200000 -9.110619 0.000000
vt 0.000000 -9.110619 0.000000
vt 0.200000 9.110619 0.000000
vt 0.000000 9.110619 0.000000
vt 0.200000 8.604473 0.000000
vt 0.000000 8.604473 0.000000
vt 0.200000 8.098328 0.000000
vt 0.000000 8.098328 0.000000
vt 0.200000 7.592182 0.000000
vt 0.000000 7.592182 0.000000
vt 0.200000 7.086037 0.000000
vt 0.000000 7.086037 0.000000
vt 0.200000 6.579891 0.000000
vt 0.000000 6.579891 0.000000
vt 0.200000 6.073746 0.000000
vt 0.000000 6.073746 0.000000
vt 0.200000 5.567600 0.000000
vt 0.000000 5.567600 0.000000
vt 0.200000 5.061455 0.000000
vt 0.000000 5.061455 0.000000
vt 0.200000 4.555309 0.000000
vt 0.000000 4.555309 0.000000
vt 0.200000 4.049164 0.000000
vt 0.000000 4.049164 0.000000
vt 0.200000 3.543018 0.000000
vt 0.000000 3.543018 0.000000
vt 0.200000 3.036873 0.000000
vt 0.000000 3.036873 0.000000
vt 0.200000 2.530727 0.000000
vt 0.000000 2.530727 0.000000
vt 0.200000 2.024582 0.000000
vt 0.000000 2.024582 0.000000
vt 0.200000 1.518436 0.000000
vt 0.000000 1.518436 0.000000
vt 0.200000 1.012291 0.000000
vt 0.000000 1.012291 0.000000
vt 0.200000 0.506145 0.000000
vt 0.000000 0.506145 0.000000
vt 0.200000 0.000000 0.000000
vt 0.000000 0.000000 0.000000
vt 0.200000 -0.506145 0.000000
vt -0.000000 -0.506145 0.000000
vt 0.200000 -1.012291 0.000000
vt -0.000000 -1.012291 0.000000
vt 0.200000 -1.518436 0.000000
vt -0.000000 -1.518436 0.000000
vt 0.200000 -2.024582 0.000000
vt -0.000000 -2.024582 0.000000
vt 0.200000 -2.530727 0.000000
vt -0.000000 -2.530727 0.000000
vt 0.200000 -3.036873 0.000000
vt -0.000000 -3.036873 0.000000
vt 0.200000 -3.543018 0.000000
vt -0.000000 -3.543018 0.000000
vt 0.200000 -4.049164 0.000000
vt -0.000000 -4.049164 0.000000
vt 0.200000 -4.555309 0.000000
vt 0.000000 -4.555309 0.000000
vt 0.200000 -5.061455 0.000000
vt 0.000000 -5.061455 0.000000
vt 0.200000 -5.567600 0.000000
vt 0.000000 -5.567600 0.000000
vt 0.200000 -6.073746 0.000000
vt 0.000000 -6.073746 0.000000
vt 0.200000 -6.579891 0.000000
vt 0.000000 -6.579891 0.000000
vt 0.200000 -7.086037 0.000000
vt 0.000000 -7.086037 0.000000
vt 0.200000 -7.592182 0.000000
vt 0.000000 -7.592182 0.000000
vt 0.200000 -8.098328 0.000000
vt 0.000000 -8.098328 0.000000
vt 0.200000 -0.431969 0.000000
vt -0.000000 -0.431969 0.000000
vt 0.200000 -0.471239 0.000000
vt 0.000000 -0.471239 0.000000
vt 0.200000 0.471239 0.000000
vt 0.000000 0.471239 0.000000
vt 0.200000 0.431969 0.000000
vt -0.000000 0.431969 0.000000
vt 0.200000 0.392699 0.000000
vt 0.000000 0.392699 0.000000
vt 0.200000 0.353429 0.000000
vt 0.000000 0.353429 0.000000
vt 0.200000 0.314159 0.000000
vt 0.000000 0.314159 0.000000
vt 0.200000 0.274889 0.000000
vt 0.000000 0.274889 0.000000
vt 0.200000 0.235619 0.000000
vt 0.000000 0.235619 0.000000
vt 0.200000 0.196350 0.000000
vt 0.000000 0.196350 0.000000
vt 0.200000 0.157080 0.000000
vt -0.000000 0.157080 0.000000
vt 0.200000 0.117810 0.000000
vt -0.000000 0.117810 0.000000
vt 0.200000 0.078540 0.000000
vt 0.000000 0.078540 0.000000
vt 0.200000 0.039270 0.000000
vt -0.000000 0.039270 0.000000
vt 0.200000 0.000000 0.000000
vt 0.000000 0.000000 0.000000
vt 0.200000 -0.039270 0.000000
vt 0.000000 -0.039270 0.000000
vt 0.200000 -0.078540 0.000000
vt -0.000000 -0.078540 0.000000
vt 0.200000 -0.117810 0.000000
vt 0.000000 -0.117810 0.000000
vt 0.200000 -0.157080 0.000000
vt -0.000000 -0.157080 0.000000
vt 0.200000 -0.196350 0.000000
vt -0.000000 -0.196350 0.000000
vt 0.200000 -0.235619 0.000000
vt 0.000000 -0.235619 0.000000
vt 0.200000 -0.274889 0.000000
vt 0.000000 -0.274889 0.000000
vt 0.200000 -0.314159 0.000000
vt 0.000000 -0.314159 0.000000
vt 0.200000 -0.353429 0.000000
vt 0.000000 -0.353429 0.000000
vt 0.200000 -0.392699 0.000000
vt -0.000000 -0.392699 0.000000
vt 0.200000 -0.431969 0.000000
vt 0.000000 -0.431969 0.000000
vt 0.200000 -0.471239 0.000000
vt 0.000000 -0.471239 0.000000
vt 0.200000 0.471239 0.000000
vt 0.000000 0.471239 0.000000
vt 0.200000 0.431969 0.000000
vt 0.000000 0.431969 0.000000
vt 0.200000 0.392699 0.000000
vt 0.000000 0.392699 0.000000
vt 0.200000 0.353429 0.000000
vt -0.000000 0.353429 0.000000
vt 0.200000 0.314159 0.000000
vt 0.000000 0.314159 0.000000
vt 0.200000 0.274889 0.000000
vt -0.000000 0.274889 0.000000
vt 0.200000 0.235619 0.000000
vt 0.000000 0.235619 0.000000
vt 0.200000 0.196350 0.000000
vt -0.000000 0.196350 0.000000
vt 0.200000 0.157080 0.000000
vt 0.000000 0.157080 0.000000
vt 0.200000 0.117810 0.000000
vt -0.000000 0.117810 0.000000
vt 0.200000 0.078540 0.000000
vt 0.000000 0.078540 0.000000
vt 0.200000 0.039270 0.000000
vt 0.000000 0.039270 0.000000
vt 0.200000 0.000000 0.000000
vt 0.000000 0.000000 0.000000
vt 0.200000 -0.039270 0.000000
vt 0.000000 -0.039270 0.000000
vt 0.200000 -0.078540 0.000000
vt 0.000000 -0.078540 0.000000
vt 0.200000 -0.117810 0.000000
vt -0.000000 -0.117810 0.000000
vt 0.200000 -0.157080 0.000000
vt 0.000000 -0.157080 0.000000
vt 0.200000 -0.196350 0.000000
vt -0.000000 -0.196350 0.000000
vt 0.200000 -0.235619 0.000000
vt 0.000000 -0.235619 0.000000
vt 0.200000 -0.274889 0.000000
vt -0.000000 -0.274889 0.000000
vt 0.200000 -0.314159 0.000000
vt -0.000000 -0.314159 0.000000
vt 0.200000 -0.353429 0.000000
vt -0.000000 -0.353429 0.000000
vt 0.200000 -0.392699 0.000000
vt 0.000000 -0.392699 0.000000
vt 0.200000 -0.431969 0.000000
vt -0.000000 -0.431969 0.000000
vt 0.200000 -0.471239 0.000000
vt 0.000000 -0.471239 0.000000
vt 0.200000 0.471239 0.000000
vt 0.000000 0.471239 0.000000
vt 0.200000 0.431969 0.000000
vt -0.000000 0.431969 0.000000
vt 0.200000 0.392699 0.000000
vt -0.000000 0.392699 0.000000
vt 0.200000 0.353429 0.000000
vt 0.000000 0.353429 0.000000
vt 0.200000 0.314159 0.000000
vt -0.000000 0.314159 0.000000
vt 0.200000 0.274889 0.000000
vt -0.000000 0.274889 0.000000
vt 0.200000 0.235619 0.000000
vt -0.000000 0.235619 0.000000
vt 0.200000 0.196350 0.000000
vt -0.000000 0.196350 0.000000
vt 0.200000 0.157080 0.000000
vt -0.000000 0.157080 0.000000
vt 0.200000 0.117810 0.000000
vt 0.000000 0.117810 0.000000
vt 0.200000 0.078540 0.000000
vt -0.000000 0.078540 0.000000
vt 0.200000 0.039270 0.000000
vt -0.000000 0.039270 0.000000
vt 0.200000 0.000000 0.000000
vt 0.000000 0.000000 0.000000
vt 0.200000 -0.039270 0.000000
vt -0.000000 -0.039270 0.000000
vt 0.200000 -0.078540 0.000000
vt -0.000000 -0.078540 0.000000
vt 0.200000 -0.117810 0.000000
vt 0.000000 -0.117810 0.000000
vt 0.200000 -0.157080 0.000000
vt -0.000000 -0.157080 0.000000
vt 0.200000 -0.196350 0.000000
vt -0.000000 -0.196350 0.000000
vt 0.200000 -0.235619 0.000000
vt -0.000000 -0.235619 0.000000
vt 0.200000 -0.274889 0.000000
vt -0.000000 -0.274889 0.000000
vt 0.200000 -0.314159 0.000000
vt -0.000000 -0.314159 0.000000
vt 0.200000 -0.353429 0.000000
vt 0.000000 -0.353429 0.000000
vt 0.200000 -0.392699 0.000000
vt -0.000000 -0.392699 0.000000
vt 0.200000 -0.431969 0.000000
vt 0.000000 -0.431969 0.000000
vt 0.200000 -0.471239 0.000000
vt 0.000000 -0.471239 0.000000
vt 0.200000 0.471239 0.000000
vt 0.000000 0.471239 0.000000
vt 0.200000 0.431969 0.000000
vt 0.000000 0.431969 0.000000
vt 0.200000 0.392699 0.000000
vt 0.000000 0.392699 0.000000
vt 0.200000 0.353429 0.000000
vt -0.000000 0.353429 0.000000
vt 0.200000 0.314159 0.000000
vt 0.000000 0.314159 0.000000
vt 0.200000 0.274889 0.000000
vt 0.000000 0.274889 0.000000
vt 0.200000 0.235619 0.000000
vt 0.000000 0.235619 0.000000
vt 0.200000 0.196350 0.000000
vt 0.000000 0.196350 0.000000
vt 0.200000 0.157080 0.000000
vt 0.000000 0.157080 0.000000
vt 0.200000 0.117810 0.000000
vt -0.000000 0.117810 0.000000
vt 0.200000 0.078540 0.000000
vt 0.000000 0.078540 0.000000
vt 0.200000 0.039270 0.000000
vt 0.000000 0.039270 0.000000
vt 0.200000 0.000000 0.000000
vt 0.000000 0.000000 0.000000
vt 0.200000 -0.039270 0.000000
vt 0.000000 -0.039270 0.000000
vt 0.200000 -0.078540 0.000000
vt 0.000000 -0.078540 0.000000
vt 0.200000 -0.117810 0.000000
vt 0.000000 -0.117810 0.000000
vt 0.200000 -0.157080 0.000000
vt 0.000000 -0.157080 0.000000
vt 0.200000 -0.196350 0.000000
vt 0.000000 -0.196350 0.000000
vt 0.200000 -0.235619 0.000000
vt 0.000000 -0.235619 0.000000
vt 0.200000 -0.274889 0.000000
vt 0.000000 -0.274889 0.000000
vt 0.200000 -0.314159 0.000000
vt 0.000000 -0.314159 0.000000
vt 0.200000 -0.353429 0.000000
vt -0.000000 -0.353429 0.000000
vt 0.200000 -0.392699 0.000000
vt 0.000000 -0.392699 0.000000
vt -0.200000 0.000000 0.000000
vt -0.000000 0.000000 0.000000
vt -0.200000 0.078540 0.000000
vt -0.000000 0.078540 0.000000
vt -0.200000 0.157080 0.000000
vt -0.000000 0.157080 0.000000
vt -0.200000 0.235619 0.000000
vt -0.000000 0.235619 0.000000
vt -0.200000 0.314159 0.000000
vt -0.000000 0.314159 0.000000
vt -0.200000 0.392699 0.000000
vt -0.000000 0.392699 0.000000
vt -0.200000 0.471239 0.000000
vt -0.000000 0.471239 0.000000
vt 0.000000 0.000000 0.000000
vt 7.800000 0.000000 0.000000
vt 0.000000 0.200000 0.000000
vt 7.800000 0.200000 0.000000
vt -0.200000 0.000000 0.000000
vt -0.000000 0.000000 0.000000
vt -0.200000 0.078540 0.000000
vt -0.000000 0.078540 0.000000
vt -0.200000 0.157080 0.000000
vt -0.000000 0.157080 0.000000
vt -0.200000 0.235619 0.000000
vt -0.000000 0.235619 0.000000
vt -0.200000 0.314159 0.000000
vt -0.000000 0.314159 0.000000
vt -0.200000 0.392699 0.000000
vt -0.000000 0.392699 0.000000
vt -0.200000 0.471239 0.000000
vt -0.000000 0.471239 0.000000
vt -0.200000 -0.000000 0.000000
vt -0.000000 0.000000 0.000000
vt -0.200000 0.078540 0.000000
vt -0.000000 0.078540 0.000000
vt -0.200000 0.157080 0.000000
vt -0.000000 0.157080 0.000000
vt -0.200000 0.235619 0.000000
vt -0.000000 0.235619 0.000000
vt -0.200000 0.314159 0.000000
vt -0.000000 0.314159 0.000000
vt -0.200000 0.392699 0.000000
vt -0.000000 0.392699 0.000000
vt -0.200000 0.471239 0.000000
vt -0.000000 0.471239 0.000000
vt 0.000000 0.000000 0.000000
vt 7.800000 0.000000 0.000000
vt 0.000000 0.200000 0.000000
vt 7.800000 0.200000 0.000000
vt -0.200000 0.000000 0.000000
vt -0.000000 0.000000 0.000000
vt -0.200000 0.078540 0.000000
vt -0.000000 0.078540 0.000000
vt -0.200000 0.157080 0.000000
vt -0.000000 0.157080 0.000000
vt -0.200000 0.235619 0.000000
vt -0.000000 0.235619 0.000000
vt -0.200000 0.314159 0.000000
vt -0.000000 0.314159 0.000000
vt -0.200000 0.392699 0.000000
vt -0.000000 0.392699 0.000000
vt -0.200000 0.471239 0.000000
vt -0.000000 0.471239 0.000000
vt 2.722354 4.189778 0.000000
vt 2.993934 3.706066 0.000000
vt 2.800000 4.200000 0.000000
vt 3.025000 3.729904 0.000000
vt 3.061177 3.744889 0.000000
vt 2.970096 3.675000 0.000000
vt 2.650000 4.159808 0.000000
vt 2.587868 4.112132 0.000000
vt 2.540192 4.050000 0.000000
vt 2.510222 3.977646 0.000000
vt 2.500000 3.900000 0.000000
vt 2.955111 3.638823 0.000000
vt 2.500000 3.579455 0.000000
vt 2.950000 3.600000 0.000000
vt 2.955111 3.561177 0.000000
vt 2.489146 3.486908 0.000000
vt 2.970096 3.525000 0.000000
vt 2.457175 3.399382 0.000000
vt 2.993934 3.493934 0.000000
vt 3.025000 3.470096 0.000000
vt 2.405820 3.321629 0.000000
vt 3.061177 3.455111 0.000000
vt 2.337868 3.257868 0.000000
vt 2.221529 1.864084 0.000000
vt 2.257008 3.211558 0.000000
vt 1.864084 2.221529 0.000000
vt 2.167628 3.185214 0.000000
vt 2.074578 3.180264 0.000000
vt 1.982907 3.196978 0.000000
vt 1.450000 2.511474 0.000000
vt 1.897590 3.234448 0.000000
vt 1.387391 3.483912 0.000000
vt 0.991858 2.725109 0.000000
vt 0.845371 3.653471 0.000000
vt 0.503580 2.855942 0.000000
vt 0.283961 3.739233 0.000000
vt 0.000000 2.900000 0.000000
vt -0.283961 3.739233 0.000000
vt -0.503580 2.855942 0.000000
vt -0.845371 3.653471 0.000000
vt -0.991858 2.725109 0.000000
vt -1.387391 3.483912 0.000000
vt -1.450000 2.511474 0.000000
vt -1.897590 3.234448 0.000000
vt -1.982907 3.196978 0.000000
vt -1.864084 2.221529 0.000000
vt -2.074578 3.180264 0.000000
vt -2.167628 3.185214 0.000000
vt -2.257008 3.211558 0.000000
vt -2.221529 1.864084 0.000000
vt -2.337868 3.257868 0.000000
vt -3.061177 3.455111 0.000000
vt -2.405820 3.321629 0.000000
vt -3.025000 3.470096 0.000000
vt -2.457175 3.399382 0.000000
vt -2.993934 3.493934 0.000000
vt -2.970096 3.525000 0.000000
vt -2.489146 3.486908 0.000000
vt -2.955111 3.561177 0.000000
vt -2.500000 3.579455 0.000000
vt -2.950000 3.600000 0.000000
vt -2.955111 3.638823 0.000000
vt -2.500000 3.900000 0.000000
vt -2.970096 3.675000 0.000000
vt -2.510222 3.977646 0.000000
vt -2.540192 4.050000 0.000000
vt -2.587868 4.112132 0.000000
vt -2.650000 4.159808 0.000000
vt -2.722354 4.189778 0.000000
vt -2.993934 3.706066 0.000000
vt -2.800000 4.200000 0.000000
vt -3.025000 3.729904 0.000000
vt -3.061177 3.744889 0.000000
vt -3.100000 3.750000 0.000000
vt -3.400000 4.200000 0.000000
vt -3.138823 3.744889 0.000000
vt -3.175000 3.729904 0.000000
vt -3.206066 3.706066 0.000000
vt -3.477646 4.189778 0.000000
vt -3.229904 3.675000 0.000000
vt -3.550000 4.159808 0.000000
vt -3.612132 4.112132 0.000000
vt -3.659808 4.050000 0.000000
vt -3.689778 3.977646 0.000000
vt -3.700000 3.900000 0.000000
vt -3.700000 -3.900000 0.000000
vt -2.900000 -0.000000 0.000000
vt -2.855942 0.503580 0.000000
vt -2.725109 0.991858 0.000000
vt -3.689778 -3.977646 0.000000
vt -3.229904 -3.675000 0.000000
vt -3.244889 -3.638823 0.000000
vt -3.250000 -3.600000 0.000000
vt -3.659808 -4.050000 0.000000
vt -3.612132 -4.112132 0.000000
vt -3.550000 -4.159808 0.000000
vt -3.477646 -4.189778 0.000000
vt -3.206066 -3.706066 0.000000
vt -3.400000 -4.200000 0.000000
vt -3.175000 -3.729904 0.000000
vt -3.138823 -3.744889 0.000000
vt -3.100000 -3.750000 0.000000
vt -2.800000 -4.200000 0.000000
vt -3.061177 -3.744889 0.000000
vt -3.025000 -3.729904 0.000000
vt -2.993934 -3.706066 0.000000
vt -2.722354 -4.189778 0.000000
vt -2.970096 -3.675000 0.000000
vt -2.650000 -4.159808 0.000000
vt -2.587868 -4.112132 0.000000
vt -2.540192 -4.050000 0.000000
vt -2.510222 -3.977646 0.000000
vt -2.500000 -3.900000 0.000000
vt -2.955111 -3.638823 0.000000
vt -2.500000 -3.579455 0.000000
vt -2.950000 -3.600000 0.000000
vt -2.955111 -3.561177 0.000000
vt -2.489146 -3.486908 0.000000
vt -2.970096 -3.525000 0.000000
vt -2.457175 -3.399382 0.000000
vt -2.993934 -3.493934 0.000000
vt -3.025000 -3.470096 0.000000
vt -2.405820 -3.321629 0.000000
vt -3.061177 -3.455111 0.000000
vt -2.337868 -3.257868 0.000000
vt -2.221529 -1.864084 0.000000
vt -2.257008 -3.211558 0.000000
vt -1.864084 -2.221529 0.000000
vt -2.167628 -3.185214 0.000000
vt -2.074578 -3.180264 0.000000
vt -1.982907 -3.196978 0.000000
vt -1.450000 -2.511474 0.000000
vt -1.897590 -3.234448 0.000000
vt -1.387391 -3.483912 0.000000
vt -0.991858 -2.725109 0.000000
vt -0.845371 -3.653471 0.000000
vt -0.503580 -2.855942 0.000000
vt -0.283961 -3.739233 0.000000
vt 0.000000 -2.900000 0.000000
vt 0.283961 -3.739233 0.000000
vt 0.503580 -2.855942 0.000000
vt 0.845371 -3.653471 0.000000
vt 0.991858 -2.725109 0.000000
vt 1.387391 -3.483912 0.000000
vt 1.450000 -2.511474 0.000000
vt 1.897590 -3.234448 0.000000
vt 1.982907 -3.196978 0.000000
vt 1.864084 -2.221529 0.000000
vt 2.074578 -3.180264 0.000000
vt 2.167628 -3.185214 0.000000
vt 2.257008 -3.211558 0.000000
vt 2.221529 -1.864084 0.000000
vt 2.337868 -3.257868 0.000000
vt 3.061177 -3.455111 0.000000
vt 2.405820 -3.321629 0.000000
vt 3.025000 -3.470096 0.000000
vt 2.457175 -3.399382 0.000000
vt 2.993934 -3.493934 0.000000
vt 2.970096 -3.525000 0.000000
vt 2.489146 -3.486908 0.000000
vt 2.955111 -3.561177 0.000000
vt 2.500000 -3.579455 0.000000
vt 2.950000 -3.600000 0.000000
vt 2.955111 -3.638823 0.000000
vt 2.500000 -3.900000 0.000000
vt 2.970096 -3.675000 0.000000
vt 2.510222 -3.977646 0.000000
vt 2.540192 -4.050000 0.000000
vt 2.587868 -4.112132 0.000000
vt 2.650000 -4.159808 0.000000
vt 2.722354 -4.189778 0.000000
vt 2.993934 -3.706066 0.000000
vt 2.800000 -4.200000 0.000000
vt 3.025000 -3.729904 0.000000
vt 3.061177 -3.744889 0.000000
vt 3.100000 -3.750000 0.000000
vt 3.400000 -4.200000 0.000000
vt 3.138823 -3.744889 0.000000
vt 3.175000 -3.729904 0.000000
vt 3.206066 -3.706066 0.000000
vt 3.477646 -4.189778 0.000000
vt 3.229904 -3.675000 0.000000
vt 3.550000 -4.159808 0.000000
vt 3.612132 -4.112132 0.000000
vt 3.659808 -4.050000 0.000000
vt 3.689778 -3.977646 0.000000
vt 3.700000 -3.900000 0.000000
vt 3.700000 3.900000 0.000000
vt 2.900000 -0.000000 0.000000
vt 2.855942 -0.503580 0.000000
vt 2.725109 -0.991858 0.000000
vt 3.689778 3.977646 0.000000
vt 3.229904 3.675000 0.000000
vt 3.244889 3.638823 0.000000
vt 3.250000 3.600000 0.000000
vt 3.659808 4.050000 0.000000
vt 3.612132 4.112132 0.000000
vt 3.550000 4.159808 0.000000
vt 3.477646 4.189778 0.000000
vt 3.206066 3.706066 0.000000
vt 3.400000 4.200000 0.000000
vt 3.175000 3.729904 0.000000
vt 3.138823 3.744889 0.000000
vt 3.100000 3.750000 0.000000
vt 2.511474 -1.450000 0.000000
vt 3.175000 -3.470096 0.000000
vt 3.206066 -3.493934 0.000000
vt 3.229904 -3.525000 0.000000
vt 3.244889 -3.561177 0.000000
vt 3.100000 -3.450000 0.000000
vt 3.138823 -3.455111 0.000000
vt -3.100000 -3.450000 0.000000
vt -2.511474 -1.450000 0.000000
vt -3.138823 -3.455111 0.000000
vt -3.175000 -3.470096 0.000000
vt -2.725109 -0.991858 0.000000
vt -3.206066 -3.493934 0.000000
vt -3.229904 -3.525000 0.000000
vt -3.244889 -3.561177 0.000000
vt -2.855942 -0.503580 0.000000
vt -2.511474 1.450000 0.000000
vt -3.175000 3.470096 0.000000
vt -3.206066 3.493934 0.000000
vt -3.229904 3.525000 0.000000
vt -3.244889 3.561177 0.000000
vt -3.100000 3.450000 0.000000
vt -3.138823 3.455111 0.000000
vt 3.100000 3.450000 0.000000
vt 2.511474 1.450000 0.000000
vt 3.138823 3.455111 0.000000
vt 3.175000 3.470096 0.000000
vt 2.725109 0.991858 0.000000
vt 3.206066 3.493934 0.000000
vt 3.229904 3.525000 0.000000
vt 3.244889 3.561177 0.000000
vt 2.855942 0.503580 0.000000
vt -3.250000 3.600000 0.000000
vt -3.244889 3.638823 0.000000
vt 3.250000 -3.600000 0.000000
vt 3.244889 -3.638823 0.000000
vn -1.000000 -0.000000 -0.000000
vn -1.000000 -0.000000 -0.000000
vn -0.972866 -0.231369 -0.000000
vn -0.972866 -0.231369 -0.000000
vn -0.892936 -0.450183 -0.000000
vn -0.892936 -0.450183 -0.000000
vn -0.764549 -0.644566 -0.000000
vn -0.764549 -0.644566 -0.000000
vn -0.594671 -0.803969 -0.000000
vn -0.594671 -0.803969 -0.000000
vn -0.392521 -0.919743 -0.000000
vn -0.392521 -0.919743 -0.000000
vn -0.169070 -0.985604 -0.000000
vn -0.169070 -0.985604 -0.000000
vn 0.063556 -0.997978 0.000000
vn 0.063556 -0.997978 0.000000
vn 0.292733 -0.956194 0.000000
vn 0.292733 -0.956194 0.000000
vn 0.506024 -0.862519 0.000000
vn 0.506024 -0.862519 0.000000
vn 0.369971 -0.929043 -0.000000
vn 0.369971 -0.929043 -0.000000
vn 0.225432 -0.974259 -0.000000
vn 0.225432 -0.974259 -0.000000
vn 0.075723 -0.997129 -0.000000
vn 0.075723 -0.997129 -0.000000
vn -0.075723 -0.997129 -0.000000
vn -0.075723 -0.997129 -0.000000
vn -0.225432 -0.974259 -0.000000
vn -0.225432 -0.974259 -0.000000
vn -0.369971 -0.929043 -0.000000
vn -0.369971 -0.929043 -0.000000
vn -0.506024 -0.862519 -0.000000
vn -0.506024 -0.862519 -0.000000
vn -0.292733 -0.956194 -0.000000
vn -0.292733 -0.956194 -0.000000
vn -0.063556 -0.997978 -0.000000
vn -0.063556 -0.997978 -0.000000
vn 0.169070 -0.985604 0.000000
vn 0.169070 -0.985604 0.000000
vn 0.392521 -0.919743 0.000000
vn 0.392521 -0.919743 0.000000
vn 0.594671 -0.803969 0.000000
vn 0.594671 -0.803969 0.000000
vn 0.764549 -0.644566 0.000000
vn 0.764549 -0.644566 0.000000
vn 0.892936 -0.450183 0.000000
vn 0.892936 -0.450183 0.000000
vn 0.972866 -0.231369 0.000000
vn 0.972866 -0.231369 0.000000
vn 1.000000 -0.000000 0.000000
vn 1.000000 -0.000000 0.000000
vn 1.000000 0.000000 0.000000
vn 1.000000 0.000000 0.000000
vn 1.000000 -0.000000 0.000000
vn 1.000000 -0.000000 0.000000
vn 0.972866 0.231369 0.000000
vn 0.972866 0.231369 0.000000
vn 0.892936 0.450183 0.000000
vn 0.892936 0.450183 0.000000
vn 0.764549 0.644566 0.000000
vn 0.764549 0.644566 0.000000
vn 0.594671 0.803969 0.000000
vn 0.594671 0.803969 0.000000
vn 0.392521 0.919743 0.000000
vn 0.392521 0.919743 0.000000
vn 0.169070 0.985604 0.000000
vn 0.169070 0.985604 0.000000
vn -0.063556 0.997978 0.000000
vn -0.063556 0.997978 0.000000
vn -0.292733 0.956194 0.000000
vn -0.292733 0.956194 0.000000
vn -0.506024 0.862519 0.000000
vn -0.506024 0.862519 0.000000
vn -0.369971 0.929043 -0.000000
vn -0.369971 0.929043 -0.000000
vn -0.225432 0.974259 -0.000000
vn -0.225432 0.974259 -0.000000
vn -0.075723 0.997129 -0.000000
vn -0.075723 0.997129 -0.000000
vn 0.075723 0.997129 0.000000
vn 0.075723 0.997129 0.000000
vn 0.225432 0.974259 0.000000
vn 0.225432 0.974259 0.000000
vn 0.369971 0.929043 0.000000
vn 0.369971 0.929043 0.000000
vn 0.506024 0.862519 0.000000
vn 0.506024 0.862519 0.000000
vn 0.292733 0.956194 0.000000
vn 0.292733 0.956194 0.000000
vn 0.063556 0.997978 0.000000
vn 0.063556 0.997978 0.000000
vn -0.169070 0.985604 0.000000
vn -0.169070 0.985604 0.000000
vn -0.392521 0.919743 0.000000
vn -0.392521 0.919743 0.000000
vn -0.594671 0.803969 0.000000
vn -0.594671 0.803969 0.000000
vn -0.764549 0.644566 0.000000
vn -0.764549 0.644566 0.000000
vn -0.892936 0.450183 0.000000
vn -0.892936 0.450183 0.000000
vn -0.972866 0.231369 0.000000
vn -0.972866 0.231369 0.000000
vn -1.000000 -0.000000 -0.000000
vn -1.000000 -0.000000 -0.000000
vn -1.000000 0.000000 -0.000000
vn -1.000000 0.000000 -0.000000
vn -0.965926 0.258819 -0.000000
vn -0.965926 0.258819 -0.000000
vn -0.866025 0.500000 -0.000000
vn -0.866025 0.500000 -0.000000
vn -0.707107 0.707107 -0.000000
vn -0.707107 0.707107 -0.000000
vn -0.500000 0.866025 -0.000000
vn -0.500000 0.866025 -0.000000
vn -0.258819 0.965926 -0.000000
vn -0.258819 0.965926 -0.000000
vn -0.000000 1.000000 -0.000000
vn -0.000000 1.000000 -0.000000
vn -0.000000 -0.000000 -1.000000
vn -0.000000 -0.000000 -1.000000
vn -0.000000 -0.000000 -1.000000
vn -0.000000 -0.000000 -1.000000
vn -0.000000 -0.000000 -1.000000
vn -0.000000 -0.000000 -1.000000
vn -0.000000 -0.000000 -1.000000
vn -0.000000 -0.000000 -1.000000
vn -0.000000 -0.000000 -1.000000
vn -0.000000 -0.000000 -1.000000
vn -0.000000 -0.000000 -1.000000
vn -0.000000 -0.000000 -1.000000
vn -0.000000 -0.000000 -1.000000
vn -0.000000 -0.000000 -1.000000
vn -0.000000 -0.000000 -1.000000
vn -0.000000 -0.000000 -1.000000
vn -0.000000 -0.000000 -1.000000
vn -0.000000 -0.000000 -1.000000
vn -0.000000 -0.000000 -1.000000
vn -0.000000 -0.000000 -1.000000
vn -0.000000 -0.000000 -1.000000
vn -0.000000 -0.000000 -1.000000
vn -0.000000 -0.000000 -1.000000
vn -0.000000 -0.000000 -1.000000
vn -0.000000 -0.000000 -1.000000
vn -0.000000 -0.000000 -1.000000
vn -0.000000 -0.000000 -1.000000
vn -0.000000 -0.000000 -1.000000
vn -0.000000 -0.000000 -1.000000
vn -0.000000 -0.000000 -1.000000
vn -0.000000 -0.000000 -1.000000
vn -0.000000 -0.000000 -1.000000
vn -0.000000 -0.000000 -1.000000
vn -0.000000 -0.000000 -1.000000
vn -0.000000 -0.000000 -1.000000
vn -0.000000 -0.000000 -1.000000
vn -0.000000 -0.000000 -1.000000
vn -0.000000 -0.000000 -1.000000
vn -0.000000 -0.000000 -1.000000
vn -0.000000 -0.000000 -1.000000
vn -0.000000 -0.000000 -1.000000
vn -0.000000 -0.000000 -1.000000
vn -0.000000 -0.000000 -1.000000
vn -0.000000 -0.000000 -1.000000
vn -0.000000 -0.000000 -1.000000
vn -0.000000 -0.000000 -1.000000
vn -0.000000 -0.000000 -1.000000
vn -0.000000 -0.000000 -1.000000
vn -0.000000 -0.000000 -1.000000
vn -0.000000 -0.000000 -1.000000
vn -0.000000 -0.000000 -1.000000
vn -0.000000 -0.000000 -1.000000
vn -0.000000 -0.000000 -1.000000
vn -0.000000 -0.000000 -1.000000
vn -0.000000 -0.000000 -1.000000
vn -0.000000 -0.000000 -1.000000
vn -0.000000 -0.000000 -1.000000
vn -0.000000 -0.000000 -1.000000
vn -0.000000 -0.000000 -1.000000
vn -0.000000 -0.000000 -1.000000
vn -0.000000 -0.000000 -1.000000
vn -0.000000 -0.000000 -1.000000
vn -0.000000 -0.000000 -1.000000
vn -0.000000 -0.000000 -1.000000
vn -0.000000 -0.000000 -1.000000
vn -0.000000 -0.000000 -1.000000
vn -0.000000 -0.000000 -1.000000
vn -0.000000 -0.000000 -1.000000
vn -0.000000 -0.000000 -1.000000
vn -0.000000 -0.000000 -1.000000
vn -0.000000 -0.000000 -1.000000
vn -0.000000 -0.000000 -1.000000
vn -0.000000 -0.000000 -1.000000
vn -0.000000 -0.000000 -1.000000
vn -0.000000 -0.000000 -1.000000
vn -0.000000 -0.000000 -1.000000
vn -0.000000 -0.000000 -1.000000
vn -0.000000 -0.000000 -1.000000
vn -0.000000 -0.000000 -1.000000
vn -0.000000 -0.000000 -1.000000
vn -0.000000 -0.000000 -1.000000
vn -0.000000 -0.000000 -1.000000
vn -0.000000 -0.000000 -1.000000
vn -0.000000 -0.000000 -1.000000
vn -0.000000 -0.000000 -1.000000
vn -0.000000 -0.000000 -1.000000
vn -0.000000 -0.000000 -1.000000
vn -0.000000 -0.000000 -1.000000
vn -0.000000 -0.000000 -1.000000
vn -0.000000 -0.000000 -1.000000
vn -0.000000 -0.000000 -1.000000
vn -0.000000 -0.000000 -1.000000
vn -0.000000 -0.000000 -1.000000
vn -0.000000 -0.000000 -1.000000
vn -0.000000 -0.000000 -1.000000
vn -0.000000 -0.000000 -1.000000
vn -0.000000 -0.000000 -1.000000
vn -0.000000 -0.000000 -1.000000
vn -0.000000 -0.000000 -1.000000
vn -0.000000 -0.000000 -1.000000
vn -0.000000 -0.000000 -1.000000
vn -0.000000 -0.000000 -1.000000
vn -0.000000 -0.000000 -1.000000
vn -0.000000 -0.000000 -1.000000
vn -0.000000 -0.000000 -1.000000
vn -0.000000 -0.000000 -1.000000
vn -0.000000 -0.000000 -1.000000
vn -0.000000 -0.000000 -1.000000
vn -0.000000 -0.000000 -1.000000
vn -0.000000 -0.000000 -1.000000
vn -0.000000 -0.000000 -1.000000
vn -0.000000 -0.000000 -1.000000
vn -0.000000 -0.000000 -1.000000
vn -0.000000 -0.000000 -1.000000
vn -0.000000 -0.000000 -1.000000
vn -0.000000 -0.000000 -1.000000
vn -0.000000 -0.000000 -1.000000
vn -0.000000 -0.000000 -1.000000
vn -0.000000 -0.000000 -1.000000
vn -0.000000 -0.000000 -1.000000
vn -0.000000 -0.000000 -1.000000
vn -0.000000 -0.000000 -1.000000
vn -0.000000 -0.000000 -1.000000
vn -0.000000 -0.000000 -1.000000
vn -0.000000 -0.000000 -1.000000
vn -0.000000 -0.000000 -1.000000
vn -0.000000 -0.000000 -1.000000
vn -0.000000 -0.000000 -1.000000
vn -0.000000 -0.000000 -1.000000
vn -0.000000 -0.000000 -1.000000
vn -0.000000 -0.000000 -1.000000
vn -0.000000 -0.000000 -1.000000
vn -0.000000 -0.000000 -1.000000
vn -0.000000 -0.000000 -1.000000
vn -0.000000 -0.000000 -1.000000
vn -0.000000 -0.000000 -1.000000
vn -0.000000 -0.000000 -1.000000
vn -0.000000 -0.000000 -1.000000
vn -0.000000 -0.000000 -1.000000
vn -0.000000 -0.000000 -1.000000
vn -0.000000 -0.000000 -1.000000
vn -0.000000 -0.000000 -1.000000
vn -0.000000 -0.000000 -1.000000
vn -0.000000 -0.000000 -1.000000
vn -0.000000 -0.000000 -1.000000
vn -0.000000 -0.000000 -1.000000
vn -0.000000 -0.000000 -1.000000
vn -0.000000 -0.000000 -1.000000
vn -0.000000 -0.000000 -1.000000
vn -0.000000 -0.000000 -1.000000
vn -0.000000 -0.000000 -1.000000
vn -0.000000 -0.000000 -1.000000
vn -0.000000 -0.000000 -1.000000
vn -0.000000 -0.000000 -1.000000
vn -0.000000 -0.000000 -1.000000
vn -0.000000 -0.000000 -1.000000
vn -0.000000 -0.000000 -1.000000
vn -0.000000 -0.000000 -1.000000
vn -0.000000 -0.000000 -1.000000
vn -0.000000 -0.000000 -1.000000
vn -0.000000 -0.000000 -1.000000
vn -0.000000 -0.000000 -1.000000
vn -0.000000 -0.000000 -1.000000
vn -0.000000 -0.000000 -1.000000
vn -0.000000 -0.000000 -1.000000
vn -0.000000 -0.000000 -1.000000
vn -0.000000 -0.000000 -1.000000
vn -0.000000 -0.000000 -1.000000
vn -0.000000 -0.000000 -1.000000
vn -0.000000 -0.000000 -1.000000
vn -0.000000 -0.000000 -1.000000
vn -0.000000 -0.000000 -1.000000
vn -0.000000 -0.000000 -1.000000
vn -0.000000 -0.000000 -1.000000
vn -0.000000 -0.000000 -1.000000
vn -0.000000 -0.000000 -1.000000
vn -0.000000 -0.000000 -1.000000
vn -0.000000 -0.000000 -1.000000
vn -0.000000 -0.000000 -1.000000
vn -0.000000 -0.000000 -1.000000
vn -0.000000 -0.000000 -1.000000
vn -0.000000 -0.000000 -1.000000
vn -0.000000 -0.000000 -1.000000
vn -0.000000 -0.000000 -1.000000
vn -0.000000 -0.000000 -1.000000
vn -0.000000 -0.000000 -1.000000
vn -0.000000 -0.000000 -1.000000
vn -0.000000 -0.000000 -1.000000
vn -0.000000 -0.000000 -1.000000
vn -0.000000 -0.000000 -1.000000
vn -0.000000 -0.000000 -1.000000
vn -0.000000 -0.000000 -1.000000
vn -0.000000 -0.000000 -1.000000
vn -0.000000 -0.000000 -1.000000
vn -0.000000 -0.000000 -1.000000
vn -0.000000 -0.000000 -1.000000
vn -0.000000 -0.000000 -1.000000
vn -0.000000 -0.000000 -1.000000
vn -0.000000 -0.000000 -1.000000
vn -0.000000 -0.000000 -1.000000
vn -0.000000 -0.000000 -1.000000
vn -0.000000 -0.000000 -1.000000
vn -0.000000 -0.000000 -1.000000
vn -0.000000 -0.000000 -1.000000
vn -0.000000 -0.000000 -1.000000
vn -0.000000 -0.000000 -1.000000
vn -0.000000 -0.000000 -1.000000
vn -0.000000 -0.000000 -1.000000
vn -0.000000 -0.000000 -1.000000
vn -0.000000 -0.000000 -1.000000
vn -0.000000 -0.000000 -1.000000
vn -0.000000 -0.000000 -1.000000
vn -0.000000 -0.000000 -1.000000
vn -0.000000 -0.000000 -1.000000
vn -0.000000 -0.000000 -1.000000
vn -0.000000 -0.000000 -1.000000
vn -0.000000 -0.000000 -1.000000
vn -0.000000 -0.000000 -1.000000
vn -0.000000 -0.000000 -1.000000
vn -0.000000 -0.000000 -1.000000
vn -0.000000 -0.000000 -1.000000
vn -0.000000 -0.000000 -1.000000
vn -0.000000 -0.000000 -1.000000
vn -0.000000 -0.000000 -1.000000
vn -0.000000 -0.000000 -1.000000
vn -0.000000 -0.000000 -1.000000
vn -0.000000 -0.000000 -1.000000
vn -0.000000 -0.000000 -1.000000
vn -0.000000 -0.000000 -1.000000
vn -0.000000 -0.000000 -1.000000
vn -0.000000 -0.000000 -1.000000
vn -0.000000 -0.000000 -1.000000
vn -0.000000 -0.000000 -1.000000
vn -0.000000 -0.000000 -1.000000
vn -0.000000 -0.000000 -1.000000
vn -0.000000 -0.000000 -1.000000
vn -0.000000 -0.000000 -1.000000
vn -0.000000 -0.000000 -1.000000
vn -0.000000 -0.000000 -1.000000
vn -0.000000 -0.000000 -1.000000
vn 1.000000 0.000000 0.000000
vn 1.000000 0.000000 0.000000
vn 0.965926 0.258819 0.000000
vn 0.965926 0.258819 0.000000
vn 0.866025 0.500000 0.000000
vn 0.866025 0.500000 0.000000
vn 0.707107 0.707107 0.000000
vn 0.707107 0.707107 0.000000
vn 0.500000 0.866025 0.000000
vn 0.500000 0.866025 0.000000
vn 0.258819 0.965926 0.000000
vn 0.258819 0.965926 0.000000
vn -0.000000 1.000000 -0.000000
vn -0.000000 1.000000 -0.000000
vn 0.000000 1.000000 0.000000
vn 0.000000 1.000000 0.000000
vn -1.000000 -0.000000 -0.000000
vn -1.000000 -0.000000 -0.000000
vn -0.965926 -0.258819 -0.000000
vn -0.965926 -0.258819 -0.000000
vn -0.866025 -0.500000 -0.000000
vn -0.866025 -0.500000 -0.000000
vn -0.707107 -0.707107 -0.000000
vn -0.707107 -0.707107 -0.000000
vn -0.500000 -0.866025 -0.000000
vn -0.500000 -0.866025 -0.000000
vn -0.258819 -0.965926 -0.000000
vn -0.258819 -0.965926 -0.000000
vn -0.000000 -1.000000 -0.000000
vn -0.000000 -1.000000 -0.000000
vn 0.000000 -1.000000 0.000000
vn 0.000000 -1.000000 0.000000
vn 0.965926 -0.258819 -0.000000
vn 0.965926 -0.258819 -0.000000
vn 0.866025 -0.500000 -0.000000
vn 0.866025 -0.500000 -0.000000
vn 0.707107 -0.707107 -0.000000
vn 0.707107 -0.707107 -0.000000
vn 0.500000 -0.866025 -0.000000
vn 0.500000 -0.866025 -0.000000
vn 0.258819 -0.965926 -0.000000
vn 0.258819 -0.965926 -0.000000
vn 0.000000 -1.000000 -0.000000
vn 0.000000 -1.000000 -0.000000
vn 0.000000 -1.000000 0.000000
vn 0.000000 -1.000000 0.000000
vn 0.000000 1.000000 0.000000
vn 0.000000 1.000000 0.000000
vn -0.984808 0.173648 0.000000
vn -0.984808 0.173648 0.000000
vn -1.000000 0.000000 0.000000
vn -1.000000 0.000000 0.000000
vn -0.984808 -0.173648 -0.000000
vn -0.984808 -0.173648 -0.000000
vn -0.939693 -0.342020 -0.000000
vn -0.939693 -0.342020 -0.000000
vn -0.866025 -0.500000 -0.000000
vn -0.866025 -0.500000 -0.000000
vn -0.766044 -0.642788 -0.000000
vn -0.766044 -0.642788 -0.000000
vn -0.642788 -0.766044 -0.000000
vn -0.642788 -0.766044 -0.000000
vn -0.500000 -0.866025 -0.000000
vn -0.500000 -0.866025 -0.000000
vn -0.342020 -0.939693 -0.000000
vn -0.342020 -0.939693 -0.000000
vn -0.173648 -0.984808 -0.000000
vn -0.173648 -0.984808 -0.000000
vn 0.000000 -1.000000 0.000000
vn 0.000000 -1.000000 0.000000
vn 0.173648 -0.984808 0.000000
vn 0.173648 -0.984808 0.000000
vn 0.342020 -0.939693 0.000000
vn 0.342020 -0.939693 0.000000
vn 0.500000 -0.866025 0.000000
vn 0.500000 -0.866025 0.000000
vn 0.642788 -0.766044 0.000000
vn 0.642788 -0.766044 0.000000
vn 0.766044 -0.642788 0.000000
vn 0.766044 -0.642788 0.000000
vn 0.866025 -0.500000 0.000000
vn 0.866025 -0.500000 0.000000
vn 0.939693 -0.342020 0.000000
vn 0.939693 -0.342020 0.000000
vn 0.984808 -0.173648 0.000000
vn 0.984808 -0.173648 0.000000
vn 1.000000 -0.000000 0.000000
vn 1.000000 -0.000000 0.000000
vn 0.984808 0.173648 0.000000
vn 0.984808 0.173648 0.000000
vn 0.939693 0.342020 0.000000
vn 0.939693 0.342020 0.000000
vn 0.866025 0.500000 0.000000
vn 0.866025 0.500000 0.000000
vn 0.766044 0.642788 0.000000
vn 0.766044 0.642788 0.000000
vn 0.642788 0.766044 0.000000
vn 0.642788 0.766044 0.000000
vn 0.500000 0.866025 0.000000
vn 0.500000 0.866025 0.000000
vn 0.342020 0.939693 0.000000
vn 0.342020 0.939693 0.000000
vn 0.173648 0.984808 0.000000
vn 0.173648 0.984808 0.000000
vn 0.000000 1.000000 0.000000
vn 0.000000 1.000000 0.000000
vn -0.173648 0.984808 0.000000
vn -0.173648 0.984808 0.000000
vn -0.342020 0.939693 0.000000
vn -0.342020 0.939693 0.000000
vn -0.500000 0.866025 0.000000
vn -0.500000 0.866025 0.000000
vn -0.642788 0.766044 0.000000
vn -0.642788 0.766044 0.000000
vn -0.766044 0.642788 0.000000
vn -0.766044 0.642788 0.000000
vn -0.866025 0.500000 0.000000
vn -0.866025 0.500000 0.000000
vn -0.939693 0.342020 0.000000
vn -0.939693 0.342020 0.000000
vn 0.965926 0.258819 -0.000000
vn 0.965926 0.258819 -0.000000
vn 1.000000 0.000000 -0.000000
vn 1.000000 0.000000 -0.000000
vn 0.965926 -0.258819 0.000000
vn 0.965926 -0.258819 0.000000
vn 0.866025 -0.500000 0.000000
vn 0.866025 -0.500000 0.000000
vn 0.707107 -0.707107 0.000000
vn 0.707107 -0.707107 0.000000
vn 0.500000 -0.866025 0.000000
vn 0.500000 -0.866025 0.000000
vn 0.258819 -0.965926 0.000000
vn 0.258819 -0.965926 0.000000
vn -0.000000 -1.000000 0.000000
vn -0.000000 -1.000000 0.000000
vn -0.258819 -0.965926 0.000000
vn -0.258819 -0.965926 0.000000
vn -0.500000 -0.866025 0.000000
vn -0.500000 -0.866025 0.000000
vn -0.707107 -0.707107 0.000000
vn -0.707107 -0.707107 0.000000
vn -0.866025 -0.500000 0.000000
vn -0.866025 -0.500000 0.000000
vn -0.965926 -0.258819 0.000000
vn -0.965926 -0.258819 0.000000
vn -1.000000 0.000000 0.000000
vn -1.000000 0.000000 0.000000
vn -0.965926 0.258819 0.000000
vn -0.965926 0.258819 0.000000
vn -0.866025 0.500000 0.000000
vn -0.866025 0.500000 0.000000
vn -0.707107 0.707107 0.000000
vn -0.707107 0.707107 0.000000
vn -0.500000 0.866025 0.000000
vn -0.500000 0.866025 0.000000
vn -0.258819 0.965926 0.000000
vn -0.258819 0.965926 0.000000
vn -0.000000 1.000000 0.000000
vn -0.000000 1.000000 0.000000
vn 0.258819 0.965926 -0.000000
vn 0.258819 0.965926 -0.000000
vn 0.500000 0.866025 -0.000000
vn 0.500000 0.866025 -0.000000
vn 0.707107 0.707107 -0.000000
vn 0.707107 0.707107 -0.000000
vn 0.866025 0.500000 -0.000000
vn 0.866025 0.500000 -0.000000
vn 0.965926 0.258819 -0.000000
vn 0.965926 0.258819 -0.000000
vn 1.000000 0.000000 -0.000000
vn 1.000000 0.000000 -0.000000
vn 0.965926 -0.258819 0.000000
vn 0.965926 -0.258819 0.000000
vn 0.866025 -0.500000 0.000000
vn 0.866025 -0.500000 0.000000
vn 0.707107 -0.707107 0.000000
vn 0.707107 -0.707107 0.000000
vn 0.500000 -0.866025 0.000000
vn 0.500000 -0.866025 0.000000
vn 0.258819 -0.965926 0.000000
vn 0.258819 -0.965926 0.000000
vn -0.000000 -1.000000 0.000000
vn -0.000000 -1.000000 0.000000
vn -0.258819 -0.965926 0.000000
vn -0.258819 -0.965926 0.000000
vn -0.500000 -0.866025 0.000000
vn -0.500000 -0.866025 0.000000
vn -0.707107 -0.707107 0.000000
vn -0.707107 -0.707107 0.000000
vn -0.866025 -0.500000 0.000000
vn -0.866025 -0.500000 0.000000
vn -0.965926 -0.258819 0.000000
vn -0.965926 -0.258819 0.000000
vn -1.000000 0.000000 0.000000
vn -1.000000 0.000000 0.000000
vn -0.965926 0.258819 0.000000
vn -0.965926 0.258819 0.000000
vn -0.866025 0.500000 0.000000
vn -0.866025 0.500000 0.000000
vn -0.707107 0.707107 0.000000
vn -0.707107 0.707107 0.000000
vn -0.500000 0.866025 0.000000
vn -0.500000 0.866025 0.000000
vn -0.258819 0.965926 0.000000
vn -0.258819 0.965926 0.000000
vn -0.000000 1.000000 0.000000
vn -0.000000 1.000000 0.000000
vn 0.258819 0.965926 -0.000000
vn 0.258819 0.965926 -0.000000
vn 0.500000 0.866025 -0.000000
vn 0.500000 0.866025 -0.000000
vn 0.707107 0.707107 -0.000000
vn 0.707107 0.707107 -0.000000
vn 0.866025 0.500000 -0.000000
vn 0.866025 0.500000 -0.000000
vn 0.965926 0.258819 -0.000000
vn 0.965926 0.258819 -0.000000
vn 1.000000 0.000000 -0.000000
vn 1.000000 0.000000 -0.000000
vn 0.965926 -0.258819 0.000000
vn 0.965926 -0.258819 0.000000
vn 0.866025 -0.500000 0.000000
vn 0.866025 -0.500000 0.000000
vn 0.707107 -0.707107 0.000000
vn 0.707107 -0.707107 0.000000
vn 0.500000 -0.866025 0.000000
vn 0.500000 -0.866025 0.000000
vn 0.258819 -0.965926 0.000000
vn 0.258819 -0.965926 0.000000
vn -0.000000 -1.000000 0.000000
vn -0.000000 -1.000000 0.000000
vn -0.258819 -0.965926 0.000000
vn -0.258819 -0.965926 0.000000
vn -0.500000 -0.866025 0.000000
vn -0.500000 -0.866025 0.000000
vn -0.707107 -0.707107 0.000000
vn -0.707107 -0.707107 0.000000
vn -0.866025 -0.500000 0.000000
vn -0.866025 -0.500000 0.000000
vn -0.965926 -0.258819 0.000000
vn -0.965926 -0.258819 0.000000
vn -1.000000 0.000000 0.000000
vn -1.000000 0.000000 0.000000
vn -0.965926 0.258819 0.000000
vn -0.965926 0.258819 0.000000
vn -0.866025 0.500000 0.000000
vn -0.866025 0.500000 0.000000
vn -0.707107 0.707107 0.000000
vn -0.707107 0.707107 0.000000
vn -0.500000 0.866025 0.000000
vn -0.500000 0.866025 0.000000
vn -0.258819 0.965926 0.000000
vn -0.258819 0.965926 0.000000
vn -0.000000 1.000000 0.000000
vn -0.000000 1.000000 0.000000
vn 0.258819 0.965926 -0.000000
vn 0.258819 0.965926 -0.000000
vn 0.500000 0.866025 -0.000000
vn 0.500000 0.866025 -0.000000
vn 0.707107 0.707107 -0.000000
vn 0.707107 0.707107 -0.000000
vn 0.866025 0.500000 -0.000000
vn 0.866025 0.500000 -0.000000
vn 0.965926 0.258819 -0.000000
vn 0.965926 0.258819 -0.000000
vn 1.000000 0.000000 -0.000000
vn 1.000000 0.000000 -0.000000
vn 0.965926 -0.258819 0.000000
vn 0.965926 -0.258819 0.000000
vn 0.866025 -0.500000 0.000000
vn 0.866025 -0.500000 0.000000
vn 0.707107 -0.707107 0.000000
vn 0.707107 -0.707107 0.000000
vn 0.500000 -0.866025 0.000000
vn 0.500000 -0.866025 0.000000
vn 0.258819 -0.965926 0.000000
vn 0.258819 -0.965926 0.000000
vn -0.000000 -1.000000 0.000000
vn -0.000000 -1.000000 0.000000
vn -0.258819 -0.965926 0.000000
vn -0.258819 -0.965926 0.000000
vn -0.500000 -0.866025 0.000000
vn -0.500000 -0.866025 0.000000
vn -0.707107 -0.707107 0.000000
vn -0.707107 -0.707107 0.000000
vn -0.866025 -0.500000 0.000000
vn -0.866025 -0.500000 0.000000
vn -0.965926 -0.258819 0.000000
vn -0.965926 -0.258819 0.000000
vn -1.000000 0.000000 0.000000
vn -1.000000 0.000000 0.000000
vn -0.965926 0.258819 0.000000
vn -0.965926 0.258819 0.000000
vn -0.866025 0.500000 0.000000
vn -0.866025 0.500000 0.000000
vn -0.707107 0.707107 0.000000
vn -0.707107 0.707107 0.000000
vn -0.500000 0.866025 0.000000
vn -0.500000 0.866025 0.000000
vn -0.258819 0.965926 0.000000
vn -0.258819 0.965926 0.000000
vn -0.000000 1.000000 0.000000
vn -0.000000 1.000000 0.000000
vn 0.258819 0.965926 -0.000000
vn 0.258819 0.965926 -0.000000
vn 0.500000 0.866025 -0.000000
vn 0.500000 0.866025 -0.000000
vn 0.707107 0.707107 -0.000000
vn 0.707107 0.707107 -0.000000
vn 0.866025 0.500000 -0.000000
vn 0.866025 0.500000 -0.000000
vn 1.000000 -0.000000 -0.000000
vn 1.000000 -0.000000 -0.000000
vn 0.965926 0.258819 -0.000000
vn 0.965926 0.258819 -0.000000
vn 0.866025 0.500000 -0.000000
vn 0.866025 0.500000 -0.000000
vn 0.707107 0.707107 -0.000000
vn 0.707107 0.707107 -0.000000
vn 0.500000 0.866025 -0.000000
vn 0.500000 0.866025 -0.000000
vn 0.258819 0.965926 -0.000000
vn 0.258819 0.965926 -0.000000
vn 1.000000 0.000000 0.000000
vn 1.000000 0.000000 0.000000
vn 0.258819 -0.965926 -0.000000
vn 0.258819 -0.965926 -0.000000
vn 0.500000 -0.866025 -0.000000
vn 0.500000 -0.866025 -0.000000
vn 0.707107 -0.707107 -0.000000
vn 0.707107 -0.707107 -0.000000
vn 0.866025 -0.500000 -0.000000
vn 0.866025 -0.500000 -0.000000
vn 0.965926 -0.258819 -0.000000
vn 0.965926 -0.258819 -0.000000
vn -1.000000 0.000000 -0.000000
vn -1.000000 -0.000000 0.000000
vn -0.965926 -0.258819 0.000000
vn -0.965926 -0.258819 0.000000
vn -0.866025 -0.500000 0.000000
vn -0.866025 -0.500000 0.000000
vn -0.707107 -0.707107 0.000000
vn -0.707107 -0.707107 0.000000
vn -0.500000 -0.866025 0.000000
vn -0.500000 -0.866025 0.000000
vn -0.258819 -0.965926 0.000000
vn -0.258819 -0.965926 0.000000
vn -1.000000 0.000000 0.000000
vn -1.000000 0.000000 0.000000
vn -0.258819 0.965926 -0.000000
vn -0.258819 0.965926 -0.000000
vn -0.500000 0.866025 -0.000000
vn -0.500000 0.866025 -0.000000
vn -0.707107 0.707107 -0.000000
vn -0.707107 0.707107 -0.000000
vn -0.866025 0.500000 -0.000000
vn -0.866025 0.500000 -0.000000
vn -0.965926 0.258819 -0.000000
vn -0.965926 0.258819 -0.000000
vn 0.000000 0.000000 1.000000
vn 0.000000 0.000000 1.000000
vn 0.000000 0.000000 1.000000
vn 0.000000 0.000000 1.000000
vn 0.000000 0.000000 1.000000
vn 0.000000 0.000000 1.000000
vn 0.000000 0.000000 1.000000
vn 0.000000 0.000000 1.000000
vn 0.000000 0.000000 1.000000
vn 0.000000 0.000000 1.000000
vn 0.000000 0.000000 1.000000
vn 0.000000 0.000000 1.000000
vn 0.000000 0.000000 1.000000
vn 0.000000 0.000000 1.000000
vn 0.000000 0.000000 1.000000
vn 0.000000 0.000000 1.000000
vn 0.000000 0.000000 1.000000
vn 0.000000 0.000000 1.000000
vn 0.000000 0.000000 1.000000
vn 0.000000 0.000000 1.000000
vn 0.000000 0.000000 1.000000
vn 0.000000 0.000000 1.000000
vn 0.000000 0.000000 1.000000
vn 0.000000 0.000000 1.000000
vn 0.000000 0.000000 1.000000
vn 0.000000 0.000000 1.000000
vn 0.000000 0.000000 1.000000
vn 0.000000 0.000000 1.000000
vn 0.000000 0.000000 1.000000
vn 0.000000 0.000000 1.000000
vn 0.000000 0.000000 1.000000
vn 0.000000 0.000000 1.000000
vn 0.000000 0.000000 1.000000
vn 0.000000 0.000000 1.000000
vn 0.000000 0.000000 1.000000
vn 0.000000 0.000000 1.000000
vn 0.000000 0.000000 1.000000
vn 0.000000 0.000000 1.000000
vn 0.000000 0.000000 1.000000
vn 0.000000 0.000000 1.000000
vn 0.000000 0.000000 1.000000
vn 0.000000 0.000000 1.000000
vn 0.000000 0.000000 1.000000
vn 0.000000 0.000000 1.000000
vn 0.000000 0.000000 1.000000
vn 0.000000 0.000000 1.000000
vn 0.000000 0.000000 1.000000
vn 0.000000 0.000000 1.000000
vn 0.000000 0.000000 1.000000
vn 0.000000 0.000000 1.000000
vn 0.000000 0.000000 1.000000
vn 0.000000 0.000000 1.000000
vn 0.000000 0.000000 1.000000
vn 0.000000 0.000000 1.000000
vn 0.000000 0.000000 1.000000
vn 0.000000 0.000000 1.000000
vn 0.000000 0.000000 1.000000
vn 0.000000 0.000000 1.000000
vn 0.000000 0.000000 1.000000
vn 0.000000 0.000000 1.000000
vn 0.000000 0.000000 1.000000
vn 0.000000 0.000000 1.000000
vn 0.000000 0.000000 1.000000
vn 0.000000 0.000000 1.000000
vn 0.000000 0.000000 1.000000
vn 0.000000 0.000000 1.000000
vn 0.000000 0.000000 1.000000
vn 0.000000 0.000000 1.000000
vn 0.000000 0.000000 1.000000
vn 0.000000 0.000000 1.000000
vn 0.000000 0.000000 1.000000
vn 0.000000 0.000000 1.000000
vn 0.000000 0.000000 1.000000
vn 0.000000 0.000000 1.000000
vn 0.000000 0.000000 1.000000
vn 0.000000 0.000000 1.000000
vn 0.000000 0.000000 1.000000
vn 0.000000 0.000000 1.000000
vn 0.000000 0.000000 1.000000
vn 0.000000 0.000000 1.000000
vn 0.000000 0.000000 1.000000
vn 0.000000 0.000000 1.000000
vn 0.000000 0.000000 1.000000
vn 0.000000 0.000000 1.000000
vn 0.000000 0.000000 1.000000
vn 0.000000 0.000000 1.000000
vn 0.000000 0.000000 1.000000
vn 0.000000 0.000000 1.000000
vn 0.000000 0.000000 1.000000
vn 0.000000 0.000000 1.000000
vn 0.000000 0.000000 1.000000
vn 0.000000 0.000000 1.000000
vn 0.000000 0.000000 1.000000
vn 0.000000 0.000000 1.000000
vn 0.000000 0.000000 1.000000
vn 0.000000 0.000000 1.000000
vn 0.000000 0.000000 1.000000
vn 0.000000 0.000000 1.000000
vn 0.000000 0.000000 1.000000
vn 0.000000 0.000000 1.000000
vn 0.000000 0.000000 1.000000
vn 0.000000 0.000000 1.000000
vn 0.000000 0.000000 1.000000
vn 0.000000 0.000000 1.000000
vn 0.000000 0.000000 1.000000
vn 0.000000 0.000000 1.000000
vn 0.000000 0.000000 1.000000
vn 0.000000 0.000000 1.000000
vn 0.000000 0.000000 1.000000
vn 0.000000 0.000000 1.000000
vn 0.000000 0.000000 1.000000
vn 0.000000 0.000000 1.000000
vn 0.000000 0.000000 1.000000
vn 0.000000 0.000000 1.000000
vn 0.000000 0.000000 1.000000
vn 0.000000 0.000000 1.000000
vn 0.000000 0.000000 1.000000
vn 0.000000 0.000000 1.000000
vn 0.000000 0.000000 1.000000
vn 0.000000 0.000000 1.000000
vn 0.000000 0.000000 1.000000
vn 0.000000 0.000000 1.000000
vn 0.000000 0.000000 1.000000
vn 0.000000 0.000000 1.000000
vn 0.000000 0.000000 1.000000
vn 0.000000 0.000000 1.000000
vn 0.000000 0.000000 1.000000
vn 0.000000 0.000000 1.000000
vn 0.000000 0.000000 1.000000
vn 0.000000 0.000000 1.000000
vn 0.000000 0.000000 1.000000
vn 0.000000 0.000000 1.000000
vn 0.000000 0.000000 1.000000
vn 0.000000 0.000000 1.000000
vn 0.000000 0.000000 1.000000
vn 0.000000 0.000000 1.000000
vn 0.000000 0.000000 1.000000
vn 0.000000 0.000000 1.000000
vn 0.000000 0.000000 1.000000
vn 0.000000 0.000000 1.000000
vn 0.000000 0.000000 1.000000
vn 0.000000 0.000000 1.000000
vn 0.000000 0.000000 1.000000
vn 0.000000 0.000000 1.000000
vn 0.000000 0.000000 1.000000
vn 0.000000 0.000000 1.000000
vn 0.000000 0.000000 1.000000
vn 0.000000 0.000000 1.000000
vn 0.000000 0.000000 1.000000
vn 0.000000 0.000000 1.000000
vn 0.000000 0.000000 1.000000
vn 0.000000 0.000000 1.000000
vn 0.000000 0.000000 1.000000
vn 0.000000 0.000000 1.000000
vn 0.000000 0.000000 1.000000
vn 0.000000 0.000000 1.000000
vn 0.000000 0.000000 1.000000
vn 0.000000 0.000000 1.000000
vn 0.000000 0.000000 1.000000
vn 0.000000 0.000000 1.000000
vn 0.000000 0.000000 1.000000
vn 0.000000 0.000000 1.000000
vn 0.000000 0.000000 1.000000
vn 0.000000 0.000000 1.000000
vn 0.000000 0.000000 1.000000
vn 0.000000 0.000000 1.000000
vn 0.000000 0.000000 1.000000
vn 0.000000 0.000000 1.000000
vn 0.000000 0.000000 1.000000
vn 0.000000 0.000000 1.000000
vn 0.000000 0.000000 1.000000
vn 0.000000 0.000000 1.000000
vn 0.000000 0.000000 1.000000
vn 0.000000 0.000000 1.000000
vn 0.000000 0.000000 1.000000
vn 0.000000 0.000000 1.000000
vn 0.000000 0.000000 1.000000
vn 0.000000 0.000000 1.000000
vn 0.000000 0.000000 1.000000
vn 0.000000 0.000000 1.000000
vn 0.000000 0.000000 1.000000
vn 0.000000 0.000000 1.000000
vn 0.000000 0.000000 1.000000
vn 0.000000 0.000000 1.000000
vn 0.000000 0.000000 1.000000
vn 0.000000 0.000000 1.000000
vn 0.000000 0.000000 1.000000
vn 0.000000 0.000000 1.000000
vn 0.000000 0.000000 1.000000
vn 0.000000 0.000000 1.000000
vn 0.000000 0.000000 1.000000
vn 0.000000 0.000000 1.000000
vn 0.000000 0.000000 1.000000
vn 0.000000 0.000000 1.000000
vn 0.000000 0.000000 1.000000
vn 0.000000 0.000000 1.000000
vn 0.000000 0.000000 1.000000
vn 0.000000 0.000000 1.000000
vn 0.000000 0.000000 1.000000
vn 0.000000 0.000000 1.000000
vn 0.000000 0.000000 1.000000
vn 0.000000 0.000000 1.000000
vn 0.000000 0.000000 1.000000
vn 0.000000 0.000000 1.000000
vn 0.000000 0.000000 1.000000
vn 0.000000 0.000000 1.000000
vn 0.000000 0.000000 1.000000
vn 0.000000 0.000000 1.000000
vn 0.000000 0.000000 1.000000
vn 0.000000 0.000000 1.000000
vn 0.000000 0.000000 1.000000
vn 0.000000 0.000000 1.000000
vn 0.000000 0.000000 1.000000
vn 0.000000 0.000000 1.000000
vn 0.000000 0.000000 1.000000
vn 0.000000 0.000000 1.000000
vn 0.000000 0.000000 1.000000
vn 0.000000 0.000000 1.000000
vn 0.000000 0.000000 1.000000
vn 0.000000 0.000000 1.000000
vn 0.000000 0.000000 1.000000
vn 0.000000 0.000000 1.000000
vn 0.000000 0.000000 1.000000
vn 0.000000 0.000000 1.000000
vn 0.000000 0.000000 1.000000
vn 0.000000 0.000000 1.000000
vn 0.000000 0.000000 1.000000
vn 0.000000 0.000000 1.000000
vn 0.000000 0.000000 1.000000
vn 0.000000 0.000000 1.000000
vn 0.000000 0.000000 1.000000
vn 0.000000 0.000000 1.000000
vn 0.000000 0.000000 1.000000
vn 0.000000 0.000000 1.000000
vn 0.000000 0.000000 1.000000
vn 0.000000 0.000000 1.000000
vn 0.000000 0.000000 1.000000
vn 0.000000 0.000000 1.000000
vn 0.000000 0.000000 1.000000
vn 0.000000 0.000000 1.000000
f 1668/3009/2913 1649/3010/2914 1667/3011/2915
f 1667/3011/2915 1649/3010/2914 1650/3012/2916
f 1667/3011/2915 1650/3012/2916 1651/3013/2917
f 1667/3011/2915 1651/3013/2917 1666/3014/2918
f 1666/3014/2918 1651/3013/2917 1652/3015/2919
f 1666/3014/2918 1652/3015/2919 1665/3016/2920
f 1665/3016/2920 1652/3015/2919 1653/3017/2921
f 1665/3016/2920 1653/3017/2921 1664/3018/2922
f 1664/3018/2922 1653/3017/2921 1654/3019/2923
f 1664/3018/2922 1654/3019/2923 1663/3020/2924
f 1663/3020/2924 1654/3019/2923 1655/3021/2925
f 1663/3020/2924 1655/3021/2925 1662/3022/2926
f 1662/3022/2926 1655/3021/2925 1656/3023/2927
f 1662/3022/2926 1656/3023/2927 1661/3024/2928
f 1661/3024/2928 1656/3023/2927 1657/3025/2929
f 1661/3024/2928 1657/3025/2929 1660/3026/2930
f 1660/3026/2930 1657/3025/2929 1659/3027/2931
f 1659/3027/2931 1657/3025/2929 1658/3028/2932
f 1659/3029/2931 1658/3030/2932 1682/3031/2933
f 1682/3031/2933 1658/3030/2932 1669/3032/2934
f 1682/3031/2933 1669/3032/2934 1681/3033/2935
f 1681/3033/2935 1669/3032/2934 1670/3034/2936
f 1681/3033/2935 1670/3034/2936 1680/3035/2937
f 1680/3035/2937 1670/3034/2936 1671/3036/2938
f 1680/3035/2937 1671/3036/2938 1679/3037/2939
f 1679/3037/2939 1671/3036/2938 1672/3038/2940
f 1679/3037/2939 1672/3038/2940 1678/3039/2941
f 1678/3039/2941 1672/3038/2940 1673/3040/2942
f 1678/3039/2941 1673/3040/2942 1677/3041/2943
f 1677/3041/2943 1673/3040/2942 1674/3042/2944
f 1677/3041/2943 1674/3042/2944 1676/3043/2945
f 1676/3043/2945 1674/3042/2944 1675/3044/2946
f 1676/3045/2945 1675/3046/2946 1700/3047/2947
f 1700/3047/2947 1675/3046/2946 1683/3048/2948
f 1700/3047/2947 1683/3048/2948 1684/3049/2949
f 1700/3047/2947 1684/3049/2949 1699/3050/2950
f 1699/3050/2950 1684/3049/2949 1685/3051/2951
f 1699/3050/2950 1685/3051/2951 1698/3052/2952
f 1698/3052/2952 1685/3051/2951 1686/3053/2953
f 1698/3052/2952 1686/3053/2953 1697/3054/2954
f 1697/3054/2954 1686/3053/2953 1687/3055/2955
f 1697/3054/2954 1687/3055/2955 1696/3056/2956
f 1696/3056/2956 1687/3055/2955 1688/3057/2957
f 1696/3056/2956 1688/3057/2957 1695/3058/2958
f 1695/3058/2958 1688/3057/2957 1689/3059/2959
f 1695/3058/2958 1689/3059/2959 1694/3060/2960
f 1694/3060/2960 1689/3059/2959 1690/3061/2961
f 1694/3060/2960 1690/3061/2961 1693/3062/2962
f 1693/3062/2962 1690/3061/2961 1692/3063/2963
f 1692/3063/2963 1690/3061/2961 1691/3064/2964
f 1691/3065/2964 1701/3066/2965 1692/3067/2963
f 1692/3067/2963 1701/3066/2965 1702/3068/2966
f 1722/3069/2967 1703/3070/2968 1721/3071/2969
f 1721/3071/2969 1703/3070/2968 1704/3072/2970
f 1721/3071/2969 1704/3072/2970 1705/3073/2971
f 1721/3071/2969 1705/3073/2971 1720/3074/2972
f 1720/3074/2972 1705/3073/2971 1706/3075/2973
f 1720/3074/2972 1706/3075/2973 1719/3076/2974
f 1719/3076/2974 1706/3075/2973 1707/3077/2975
f 1719/3076/2974 1707/3077/2975 1718/3078/2976
f 1718/3078/2976 1707/3077/2975 1708/3079/2977
f 1718/3078/2976 1708/3079/2977 1717/3080/2978
f 1717/3080/2978 1708/3079/2977 1709/3081/2979
f 1717/3080/2978 1709/3081/2979 1716/3082/2980
f 1716/3082/2980 1709/3081/2979 1710/3083/2981
f 1716/3082/2980 1710/3083/2981 1715/3084/2982
f 1715/3084/2982 1710/3083/2981 1711/3085/2983
f 1715/3084/2982 1711/3085/2983 1714/3086/2984
f 1714/3086/2984 1711/3085/2983 1713/3087/2985
f 1713/3087/2985 1711/3085/2983 1712/3088/2986
f 1713/3089/2985 1712/3090/2986 1736/3091/2987
f 1736/3091/2987 1712/3090/2986 1723/3092/2988
f 1736/3091/2987 1723/3092/2988 1735/3093/2989
f 1735/3093/2989 1723/3092/2988 1724/3094/2990
f 1735/3093/2989 1724/3094/2990 1734/3095/2991
f 1734/3095/2991 1724/3094/2990 1725/3096/2992
f 1734/3095/2991 1725/3096/2992 1733/3097/2993
f 1733/3097/2993 1725/3096/2992 1726/3098/2994
f 1733/3097/2993 1726/3098/2994 1732/3099/2995
f 1732/3099/2995 1726/3098/2994 1727/3100/2996
f 1732/3099/2995 1727/3100/2996 1731/3101/2997
f 1731/3101/2997 1727/3100/2996 1728/3102/2998
f 1731/3101/2997 1728/3102/2998 1730/3103/2999
f 1730/3103/2999 1728/3102/2998 1729/3104/3000
f 1730/3105/2999 1729/3106/3000 1754/3107/3001
f 1754/3107/3001 1729/3106/3000 1737/3108/3002
f 1754/3107/3001 1737/3108/3002 1738/3109/3003
f 1754/3107/3001 1738/3109/3003 1753/3110/3004
f 1753/3110/3004 1738/3109/3003 1739/3111/3005
f 1753/3110/3004 1739/3111/3005 1752/3112/3006
f 1752/3112/3006 1739/3111/3005 1740/3113/3007
f 1752/3112/3006 1740/3113/3007 1751/3114/3008
f 1751/3114/3008 1740/3113/3007 1741/3115/3009
f 1751/3114/3008 1741/3115/3009 1750/3116/3010
f 1750/3116/3010 1741/3115/3009 1742/3117/3011
f 1750/3116/3010 1742/3117/3011 1749/3118/3012
f 1749/3118/3012 1742/3117/3011 1743/3119/3013
f 1749/3118/3012 1743/3119/3013 1748/3120/3014
f 1748/3120/3014 1743/3119/3013 1744/3121/3015
f 1748/3120/3014 1744/3121/3015 1747/3122/3016
f 1747/3122/3016 1744/3121/3015 1746/3123/3017
f 1746/3123/3017 1744/3121/3015 1745/3124/3018
f 1745/3125/3018 1755/3126/3019 1746/3127/3017
f 1746/3127/3017 1755/3126/3019 1756/3128/3020
f 1756/3129/3020 1755/3130/3019 1768/3131/3021
f 1768/3131/3021 1755/3130/3019 1757/3132/3022
f 1768/3131/3021 1757/3132/3022 1767/3133/3023
f 1767/3133/3023 1757/3132/3022 1758/3134/3024
f 1767/3133/3023 1758/3134/3024 1766/3135/3025
f 1766/3135/3025 1758/3134/3024 1759/3136/3026
f 1766/3135/3025 1759/3136/3026 1765/3137/3027
f 1765/3137/3027 1759/3136/3026 1760/3138/3028
f 1765/3137/3027 1760/3138/3028 1764/3139/3029
f 1764/3139/3029 1760/3138/3028 1761/3140/3030
f 1764/3139/3029 1761/3140/3030 1763/3141/3031
f 1763/3141/3031 1761/3140/3030 1762/3142/3032
f 1768/3143/3033 1911/3144/3034 1756/3145/3035
f 1756/3145/3035 1911/3144/3034 1912/3146/3036
f 1756/3145/3035 1912/3146/3036 1746/3147/3037
f 1746/3147/3037 1912/3146/3036 1889/3148/3038
f 1746/3147/3037 1889/3148/3038 1890/3149/3039
f 1768/3143/3033 1767/3150/3040 1911/3144/3034
f 1911/3144/3034 1767/3150/3040 1766/3151/3041
f 1911/3144/3034 1766/3151/3041 1765/3152/3042
f 1765/3152/3042 1764/3153/3043 1911/3144/3034
f 1911/3144/3034 1764/3153/3043 1910/3154/3044
f 1910/3154/3044 1764/3153/3043 1763/3155/3045
f 1910/3154/3044 1763/3155/3045 1909/3156/3046
f 1909/3156/3046 1763/3155/3045 1908/3157/3047
f 1908/3157/3047 1763/3155/3045 1907/3158/3048
f 1907/3158/3048 1763/3155/3045 1769/3159/3049
f 1907/3158/3048 1769/3159/3049 1906/3160/3050
f 1906/3160/3050 1769/3159/3049 1905/3161/3051
f 1905/3161/3051 1769/3159/3049 1904/3162/3052
f 1904/3162/3052 1769/3159/3049 1770/3163/3053
f 1904/3162/3052 1770/3163/3053 1903/3164/3054
f 1903/3164/3054 1770/3163/3053 1771/3165/3055
f 1903/3164/3054 1771/3165/3055 1772/3166/3056
f 1772/3166/3056 1773/3167/3057 1903/3164/3054
f 1903/3164/3054 1773/3167/3057 1774/3168/3058
f 1903/3164/3054 1774/3168/3058 1775/3169/3059
f 1776/3170/3060 1913/3171/3061 1775/3169/3059
f 1775/3169/3059 1913/3171/3061 1914/3172/3062
f 1775/3169/3059 1914/3172/3062 1915/3173/3063
f 1777/3174/3064 1851/3175/3065 1776/3170/3060
f 1776/3170/3060 1851/3175/3065 1852/3176/3066
f 1776/3170/3060 1852/3176/3066 1853/3177/3067
f 1777/3174/3064 1778/3178/3068 1851/3175/3065
f 1851/3175/3065 1778/3178/3068 1779/3179/3069
f 1851/3175/3065 1779/3179/3069 1780/3180/3070
f 1780/3180/3070 1781/3181/3071 1851/3175/3065
f 1851/3175/3065 1781/3181/3071 1850/3182/3072
f 1850/3182/3072 1781/3181/3071 1782/3183/3073
f 1850/3182/3072 1782/3183/3073 1849/3184/3074
f 1849/3184/3074 1782/3183/3073 1848/3185/3075
f 1848/3185/3075 1782/3183/3073 1847/3186/3076
f 1847/3186/3076 1782/3183/3073 1783/3187/3077
f 1847/3186/3076 1783/3187/3077 1846/3188/3078
f 1846/3188/3078 1783/3187/3077 1845/3189/3079
f 1845/3189/3079 1783/3187/3077 1844/3190/3080
f 1844/3190/3080 1783/3187/3077 1784/3191/3081
f 1844/3190/3080 1784/3191/3081 1843/3192/3082
f 1843/3192/3082 1784/3191/3081 1785/3193/3083
f 1843/3192/3082 1785/3193/3083 1786/3194/3084
f 1786/3194/3084 1787/3195/3085 1843/3192/3082
f 1843/3192/3082 1787/3195/3085 1788/3196/3086
f 1843/3192/3082 1788/3196/3086 1789/3197/3087
f 1843/3192/3082 1789/3197/3087 1842/3198/3088
f 1842/3198/3088 1789/3197/3087 1668/3199/3089
f 1842/3198/3088 1668/3199/3089 1841/3200/3090
f 1841/3200/3090 1668/3199/3089 1864/3201/3091
f 1864/3201/3091 1668/3199/3089 1667/3202/3092
f 1864/3201/3091 1667/3202/3092 1863/3203/3093
f 1863/3203/3093 1667/3202/3092 1666/3204/3094
f 1863/3203/3093 1666/3204/3094 1862/3205/3095
f 1862/3205/3095 1666/3204/3094 1861/3206/3096
f 1861/3206/3096 1666/3204/3094 1665/3207/3097
f 1861/3206/3096 1665/3207/3097 1860/3208/3098
f 1860/3208/3098 1665/3207/3097 1664/3209/3099
f 1860/3208/3098 1664/3209/3099 1945/3210/3100
f 1945/3210/3100 1664/3209/3099 1663/3211/3101
f 1945/3210/3100 1663/3211/3101 1944/3212/3102
f 1944/3212/3102 1663/3211/3101 1662/3213/3103
f 1944/3212/3102 1662/3213/3103 1661/3214/3104
f 1661/3214/3104 1660/3215/3105 1944/3212/3102
f 1944/3212/3102 1660/3215/3105 1943/3216/3106
f 1943/3216/3106 1660/3215/3105 1659/3217/3107
f 1943/3216/3106 1659/3217/3107 1682/3218/3108
f 1943/3216/3106 1682/3218/3108 1942/3219/3109
f 1942/3219/3109 1682/3218/3108 1681/3220/3110
f 1942/3219/3109 1681/3220/3110 1941/3221/3111
f 1941/3221/3111 1681/3220/3110 1680/3222/3112
f 1941/3221/3111 1680/3222/3112 1940/3223/3113
f 1940/3223/3113 1680/3222/3112 1679/3224/3114
f 1940/3223/3113 1679/3224/3114 1939/3225/3115
f 1939/3225/3115 1679/3224/3114 1678/3226/3116
f 1939/3225/3115 1678/3226/3116 1938/3227/3117
f 1938/3227/3117 1678/3226/3116 1677/3228/3118
f 1938/3227/3117 1677/3228/3118 1937/3229/3119
f 1937/3229/3119 1677/3228/3118 1676/3230/3120
f 1937/3229/3119 1676/3230/3120 1700/3231/3121
f 1937/3229/3119 1700/3231/3121 1936/3232/3122
f 1936/3232/3122 1700/3231/3121 1699/3233/3123
f 1936/3232/3122 1699/3233/3123 1698/3234/3124
f 1698/3234/3124 1697/3235/3125 1936/3232/3122
f 1936/3232/3122 1697/3235/3125 1935/3236/3126
f 1935/3236/3126 1697/3235/3125 1696/3237/3127
f 1935/3236/3126 1696/3237/3127 1834/3238/3128
f 1834/3238/3128 1696/3237/3127 1695/3239/3129
f 1834/3238/3128 1695/3239/3129 1833/3240/3130
f 1833/3240/3130 1695/3239/3129 1694/3241/3131
f 1833/3240/3130 1694/3241/3131 1832/3242/3132
f 1832/3242/3132 1694/3241/3131 1831/3243/3133
f 1831/3243/3133 1694/3241/3131 1693/3244/3134
f 1831/3243/3133 1693/3244/3134 1830/3245/3135
f 1830/3245/3135 1693/3244/3134 1692/3246/3136
f 1830/3245/3135 1692/3246/3136 1829/3247/3137
f 1829/3247/3137 1692/3246/3136 1828/3248/3138
f 1828/3248/3138 1692/3246/3136 1702/3249/3139
f 1828/3248/3138 1702/3249/3139 1827/3250/3140
f 1827/3250/3140 1702/3249/3139 1790/3251/3141
f 1827/3250/3140 1790/3251/3141 1791/3252/3142
f 1791/3252/3142 1792/3253/3143 1827/3250/3140
f 1827/3250/3140 1792/3253/3143 1793/3254/3144
f 1827/3250/3140 1793/3254/3144 1794/3255/3145
f 1827/3250/3140 1794/3255/3145 1826/3256/3146
f 1826/3256/3146 1794/3255/3145 1795/3257/3147
f 1826/3256/3146 1795/3257/3147 1825/3258/3148
f 1825/3258/3148 1795/3257/3147 1824/3259/3149
f 1824/3259/3149 1795/3257/3147 1823/3260/3150
f 1823/3260/3150 1795/3257/3147 1796/3261/3151
f 1823/3260/3150 1796/3261/3151 1822/3262/3152
f 1822/3262/3152 1796/3261/3151 1821/3263/3153
f 1821/3263/3153 1796/3261/3151 1820/3264/3154
f 1820/3264/3154 1796/3261/3151 1797/3265/3155
f 1820/3264/3154 1797/3265/3155 1819/3266/3156
f 1819/3266/3156 1797/3265/3155 1798/3267/3157
f 1819/3266/3156 1798/3267/3157 1799/3268/3158
f 1799/3268/3158 1800/3269/3159 1819/3266/3156
f 1819/3266/3156 1800/3269/3159 1801/3270/3160
f 1819/3266/3156 1801/3270/3160 1802/3271/3161
f 1803/3272/3162 1931/3273/3163 1802/3271/3161
f 1802/3271/3161 1931/3273/3163 1932/3274/3164
f 1802/3271/3161 1932/3274/3164 1933/3275/3165
f 1804/3276/3166 1887/3277/3167 1803/3272/3162
f 1803/3272/3162 1887/3277/3167 1888/3278/3168
f 1803/3272/3162 1888/3278/3168 1865/3279/3169
f 1804/3276/3166 1805/3280/3170 1887/3277/3167
f 1887/3277/3167 1805/3280/3170 1806/3281/3171
f 1887/3277/3167 1806/3281/3171 1807/3282/3172
f 1807/3282/3172 1808/3283/3173 1887/3277/3167
f 1887/3277/3167 1808/3283/3173 1886/3284/3174
f 1886/3284/3174 1808/3283/3173 1809/3285/3175
f 1886/3284/3174 1809/3285/3175 1885/3286/3176
f 1885/3286/3176 1809/3285/3175 1884/3287/3177
f 1884/3287/3177 1809/3285/3175 1883/3288/3178
f 1883/3288/3178 1809/3285/3175 1810/3289/3179
f 1883/3288/3178 1810/3289/3179 1882/3290/3180
f 1882/3290/3180 1810/3289/3179 1881/3291/3181
f 1881/3291/3181 1810/3289/3179 1880/3292/3182
f 1880/3292/3182 1810/3289/3179 1811/3293/3183
f 1880/3292/3182 1811/3293/3183 1879/3294/3184
f 1879/3294/3184 1811/3293/3183 1812/3295/3185
f 1879/3294/3184 1812/3295/3185 1813/3296/3186
f 1813/3296/3186 1814/3297/3187 1879/3294/3184
f 1879/3294/3184 1814/3297/3187 1815/3298/3188
f 1879/3294/3184 1815/3298/3188 1816/3299/3189
f 1879/3294/3184 1816/3299/3189 1878/3300/3190
f 1878/3300/3190 1816/3299/3189 1722/3301/3191
f 1878/3300/3190 1722/3301/3191 1877/3302/3192
f 1877/3302/3192 1722/3301/3191 1876/3303/3193
f 1876/3303/3193 1722/3301/3191 1721/3304/3194
f 1876/3303/3193 1721/3304/3194 1875/3305/3195
f 1875/3305/3195 1721/3304/3194 1720/3306/3196
f 1875/3305/3195 1720/3306/3196 1874/3307/3197
f 1874/3307/3197 1720/3306/3196 1873/3308/3198
f 1873/3308/3198 1720/3306/3196 1719/3309/3199
f 1873/3308/3198 1719/3309/3199 1872/3310/3200
f 1872/3310/3200 1719/3309/3199 1718/3311/3201
f 1872/3310/3200 1718/3311/3201 1927/3312/3202
f 1927/3312/3202 1718/3311/3201 1717/3313/3203
f 1927/3312/3202 1717/3313/3203 1926/3314/3204
f 1926/3314/3204 1717/3313/3203 1716/3315/3205
f 1926/3314/3204 1716/3315/3205 1715/3316/3206
f 1715/3316/3206 1714/3317/3207 1926/3314/3204
f 1926/3314/3204 1714/3317/3207 1925/3318/3208
f 1925/3318/3208 1714/3317/3207 1713/3319/3209
f 1925/3318/3208 1713/3319/3209 1736/3320/3210
f 1925/3318/3208 1736/3320/3210 1924/3321/3211
f 1924/3321/3211 1736/3320/3210 1735/3322/3212
f 1924/3321/3211 1735/3322/3212 1923/3323/3213
f 1923/3323/3213 1735/3322/3212 1734/3324/3214
f 1923/3323/3213 1734/3324/3214 1922/3325/3215
f 1922/3325/3215 1734/3324/3214 1733/3326/3216
f 1922/3325/3215 1733/3326/3216 1921/3327/3217
f 1921/3327/3217 1733/3326/3216 1732/3328/3218
f 1921/3327/3217 1732/3328/3218 1920/3329/3219
f 1920/3329/3219 1732/3328/3218 1731/3330/3220
f 1920/3329/3219 1731/3330/3220 1919/3331/3221
f 1919/3331/3221 1731/3330/3220 1730/3332/3222
f 1919/3331/3221 1730/3332/3222 1754/3333/3223
f 1919/3331/3221 1754/3333/3223 1918/3334/3224
f 1918/3334/3224 1754/3333/3223 1753/3335/3225
f 1918/3334/3224 1753/3335/3225 1752/3336/3226
f 1752/3336/3226 1751/3337/3227 1918/3334/3224
f 1918/3334/3224 1751/3337/3227 1917/3338/3228
f 1917/3338/3228 1751/3337/3227 1750/3339/3229
f 1917/3338/3228 1750/3339/3229 1894/3340/3230
f 1894/3340/3230 1750/3339/3229 1749/3341/3231
f 1894/3340/3230 1749/3341/3231 1893/3342/3232
f 1893/3342/3232 1749/3341/3231 1748/3343/3233
f 1893/3342/3232 1748/3343/3233 1892/3344/3234
f 1892/3344/3234 1748/3343/3233 1891/3345/3235
f 1891/3345/3235 1748/3343/3233 1747/3346/3236
f 1891/3345/3235 1747/3346/3236 1890/3149/3039
f 1890/3149/3039 1747/3346/3236 1746/3147/3037
f 1840/3347/3237 1817/3348/3238 1802/3271/3161
f 1802/3271/3161 1817/3348/3238 1818/3349/3239
f 1802/3271/3161 1818/3349/3239 1819/3266/3156
f 1834/3238/3128 1835/3350/3240 1935/3236/3126
f 1935/3236/3126 1835/3350/3240 1934/3351/3241
f 1934/3351/3241 1835/3350/3240 1836/3352/3242
f 1934/3351/3241 1836/3352/3242 1837/3353/3243
f 1934/3351/3241 1837/3353/3243 1933/3275/3165
f 1933/3275/3165 1837/3353/3243 1838/3354/3244
f 1933/3275/3165 1838/3354/3244 1802/3271/3161
f 1802/3271/3161 1838/3354/3244 1839/3355/3245
f 1802/3271/3161 1839/3355/3245 1840/3347/3237
f 1853/3177/3067 1854/3356/3246 1776/3170/3060
f 1776/3170/3060 1854/3356/3246 1855/3357/3247
f 1776/3170/3060 1855/3357/3247 1856/3358/3248
f 1776/3170/3060 1856/3358/3248 1947/3359/3249
f 1947/3359/3249 1856/3358/3248 1857/3360/3250
f 1947/3359/3249 1857/3360/3250 1946/3361/3251
f 1946/3361/3251 1857/3360/3250 1858/3362/3252
f 1946/3361/3251 1858/3362/3252 1859/3363/3253
f 1946/3361/3251 1859/3363/3253 1945/3210/3100
f 1945/3210/3100 1859/3363/3253 1860/3208/3098
f 1865/3279/3169 1866/3364/3254 1803/3272/3162
f 1803/3272/3162 1866/3364/3254 1867/3365/3255
f 1803/3272/3162 1867/3365/3255 1868/3366/3256
f 1803/3272/3162 1868/3366/3256 1929/3367/3257
f 1929/3367/3257 1868/3366/3256 1869/3368/3258
f 1929/3367/3257 1869/3368/3258 1928/3369/3259
f 1928/3369/3259 1869/3368/3258 1870/3370/3260
f 1928/3369/3259 1870/3370/3260 1871/3371/3261
f 1928/3369/3259 1871/3371/3261 1927/3312/3202
f 1927/3312/3202 1871/3371/3261 1872/3310/3200
f 1894/3340/3230 1895/3372/3262 1917/3338/3228
f 1917/3338/3228 1895/3372/3262 1916/3373/3263
f 1916/3373/3263 1895/3372/3262 1896/3374/3264
f 1916/3373/3263 1896/3374/3264 1897/3375/3265
f 1916/3373/3263 1897/3375/3265 1915/3173/3063
f 1915/3173/3063 1897/3375/3265 1898/3376/3266
f 1915/3173/3063 1898/3376/3266 1775/3169/3059
f 1775/3169/3059 1898/3376/3266 1899/3377/3267
f 1775/3169/3059 1899/3377/3267 1900/3378/3268
f 1900/3378/3268 1901/3379/3269 1775/3169/3059
f 1775/3169/3059 1901/3379/3269 1902/3380/3270
f 1775/3169/3059 1902/3380/3270 1903/3164/3054
f 1929/3367/3257 1930/3381/3271 1803/3272/3162
f 1803/3272/3162 1930/3381/3271 1931/3273/3163
f 1947/3359/3249 1948/3382/3272 1776/3170/3060
f 1776/3170/3060 1948/3382/3272 1913/3171/3061
f 1955/3383/3273 1816/3384/3274 1954/3385/3275
f 1954/3385/3275 1816/3384/3274 1815/3386/3276
f 1954/3385/3275 1815/3386/3276 1953/3387/3277
f 1953/3387/3277 1815/3386/3276 1814/3388/3278
f 1953/3387/3277 1814/3388/3278 1952/3389/3279
f 1952/3389/3279 1814/3388/3278 1813/3390/3280
f 1952/3389/3279 1813/3390/3280 1951/3391/3281
f 1951/3391/3281 1813/3390/3280 1812/3392/3282
f 1951/3391/3281 1812/3392/3282 1950/3393/3283
f 1950/3393/3283 1812/3392/3282 1811/3394/3284
f 1950/3393/3283 1811/3394/3284 1949/3395/3285
f 1949/3395/3285 1811/3394/3284 1810/3396/3286
f 1810/3397/3286 1809/3398/3287 1949/3399/3285
f 1949/3399/3285 1809/3398/3287 1956/3400/3288
f 1963/3401/3289 1789/3402/3290 1962/3403/3291
f 1962/3403/3291 1789/3402/3290 1788/3404/3292
f 1962/3403/3291 1788/3404/3292 1961/3405/3293
f 1961/3405/3293 1788/3404/3292 1787/3406/3294
f 1961/3405/3293 1787/3406/3294 1960/3407/3295
f 1960/3407/3295 1787/3406/3294 1786/3408/3296
f 1960/3407/3295 1786/3408/3296 1959/3409/3297
f 1959/3409/3297 1786/3408/3296 1785/3410/3298
f 1959/3409/3297 1785/3410/3298 1958/3411/3299
f 1958/3411/3299 1785/3410/3298 1784/3412/3300
f 1958/3411/3299 1784/3412/3300 1957/3413/3301
f 1957/3413/3301 1784/3412/3300 1783/3414/3302
f 1783/3415/3302 1782/3416/3303 1957/3417/3301
f 1957/3417/3301 1782/3416/3303 1964/3418/3304
f 1702/3419/2966 1701/3420/2965 1790/3421/3305
f 1790/3421/3305 1701/3420/2965 1965/3422/3306
f 1790/3421/3305 1965/3422/3306 1791/3423/3307
f 1791/3423/3307 1965/3422/3306 1966/3424/3308
f 1791/3423/3307 1966/3424/3308 1792/3425/3309
f 1792/3425/3309 1966/3424/3308 1967/3426/3310
f 1792/3425/3309 1967/3426/3310 1793/3427/3311
f 1793/3427/3311 1967/3426/3310 1968/3428/3312
f 1793/3427/3311 1968/3428/3312 1794/3429/3313
f 1794/3429/3313 1968/3428/3312 1969/3430/3314
f 1794/3429/3313 1969/3430/3314 1795/3431/3315
f 1795/3431/3315 1969/3430/3314 1970/3432/3316
f 1970/3433/3316 1971/3434/3317 1795/3435/3315
f 1795/3435/3315 1971/3434/3317 1796/3436/3318
f 1722/3437/2967 1816/3438/3274 1703/3439/2968
f 1703/3439/2968 1816/3438/3274 1955/3440/3273
f 1668/3441/2913 1789/3442/3290 1649/3443/2914
f 1649/3443/2914 1789/3442/3290 1963/3444/3289
f 1762/3445/3032 1972/3446/3319 1763/3447/3031
f 1763/3447/3031 1972/3446/3319 1769/3448/3320
f 1948/3449/3321 2008/3450/3322 1913/3451/3323
f 1913/3451/3323 2008/3450/3322 1973/3452/3324
f 1913/3453/3323 1973/3454/3324 1914/3455/3325
f 1914/3455/3325 1973/3454/3324 1974/3456/3326
f 1914/3455/3325 1974/3456/3326 1915/3457/3327
f 1915/3457/3327 1974/3456/3326 1975/3458/3328
f 1915/3457/3327 1975/3458/3328 1916/3459/3329
f 1916/3459/3329 1975/3458/3328 1976/3460/3330
f 1916/3459/3329 1976/3460/3330 1917/3461/3331
f 1917/3461/3331 1976/3460/3330 1977/3462/3332
f 1917/3461/3331 1977/3462/3332 1918/3463/3333
f 1918/3463/3333 1977/3462/3332 1978/3464/3334
f 1918/3463/3333 1978/3464/3334 1919/3465/3335
f 1919/3465/3335 1978/3464/3334 1979/3466/3336
f 1919/3465/3335 1979/3466/3336 1920/3467/3337
f 1920/3467/3337 1979/3466/3336 1980/3468/3338
f 1920/3467/3337 1980/3468/3338 1921/3469/3339
f 1921/3469/3339 1980/3468/3338 1981/3470/3340
f 1921/3469/3339 1981/3470/3340 1922/3471/3341
f 1922/3471/3341 1981/3470/3340 1982/3472/3342
f 1922/3471/3341 1982/3472/3342 1923/3473/3343
f 1923/3473/3343 1982/3472/3342 1983/3474/3344
f 1923/3473/3343 1983/3474/3344 1924/3475/3345
f 1924/3475/3345 1983/3474/3344 1984/3476/3346
f 1924/3475/3345 1984/3476/3346 1925/3477/3347
f 1925/3477/3347 1984/3476/3346 1985/3478/3348
f 1925/3477/3347 1985/3478/3348 1926/3479/3349
f 1926/3479/3349 1985/3478/3348 1986/3480/3350
f 1926/3479/3349 1986/3480/3350 1927/3481/3351
f 1927/3481/3351 1986/3480/3350 1987/3482/3352
f 1927/3481/3351 1987/3482/3352 1928/3483/3353
f 1928/3483/3353 1987/3482/3352 1988/3484/3354
f 1928/3483/3353 1988/3484/3354 1929/3485/3355
f 1929/3485/3355 1988/3484/3354 1989/3486/3356
f 1929/3485/3355 1989/3486/3356 1930/3487/3357
f 1930/3487/3357 1989/3486/3356 1990/3488/3358
f 1930/3487/3357 1990/3488/3358 1931/3489/3359
f 1931/3489/3359 1990/3488/3358 1991/3490/3360
f 1931/3489/3359 1991/3490/3360 1932/3491/3361
f 1932/3491/3361 1991/3490/3360 1992/3492/3362
f 1932/3491/3361 1992/3492/3362 1933/3493/3363
f 1933/3493/3363 1992/3492/3362 1993/3494/3364
f 1933/3493/3363 1993/3494/3364 1934/3495/3365
f 1934/3495/3365 1993/3494/3364 1994/3496/3366
f 1934/3495/3365 1994/3496/3366 1935/3497/3367
f 1935/3497/3367 1994/3496/3366 1995/3498/3368
f 1935/3497/3367 1995/3498/3368 1936/3499/3369
f 1936/3499/3369 1995/3498/3368 1996/3500/3370
f 1936/3499/3369 1996/3500/3370 1937/3501/3371
f 1937/3501/3371 1996/3500/3370 1997/3502/3372
f 1937/3501/3371 1997/3502/3372 1938/3503/3373
f 1938/3503/3373 1997/3502/3372 1998/3504/3374
f 1938/3503/3373 1998/3504/3374 1939/3505/3375
f 1939/3505/3375 1998/3504/3374 1999/3506/3376
f 1939/3505/3375 1999/3506/3376 1940/3507/3377
f 1940/3507/3377 1999/3506/3376 2000/3508/3378
f 1940/3507/3377 2000/3508/3378 1941/3509/3379
f 1941/3509/3379 2000/3508/3378 2001/3510/3380
f 1941/3509/3379 2001/3510/3380 1942/3511/3381
f 1942/3511/3381 2001/3510/3380 2002/3512/3382
f 1942/3511/3381 2002/3512/3382 1943/3513/3383
f 1943/3513/3383 2002/3512/3382 2003/3514/3384
f 1943/3513/3383 2003/3514/3384 1944/3515/3385
f 1944/3515/3385 2003/3514/3384 2004/3516/3386
f 1944/3515/3385 2004/3516/3386 1945/3517/3387
f 1945/3517/3387 2004/3516/3386 2005/3518/3388
f 1945/3517/3387 2005/3518/3388 1946/3519/3389
f 1946/3519/3389 2005/3518/3388 2006/3520/3390
f 1946/3519/3389 2006/3520/3390 1947/3521/3391
f 1947/3521/3391 2006/3520/3390 2007/3522/3392
f 1947/3521/3391 2007/3522/3392 1948/3449/3321
f 1948/3449/3321 2007/3522/3392 2008/3450/3322
f 2010/3523/3393 1818/3524/3394 2009/3525/3395
f 2009/3525/3395 1818/3524/3394 1817/3526/3396
f 2009/3527/3395 1817/3528/3396 2032/3529/3397
f 2032/3529/3397 1817/3528/3396 1840/3530/3398
f 2032/3529/3397 1840/3530/3398 2031/3531/3399
f 2031/3531/3399 1840/3530/3398 1839/3532/3400
f 2031/3531/3399 1839/3532/3400 2030/3533/3401
f 2030/3533/3401 1839/3532/3400 1838/3534/3402
f 2030/3533/3401 1838/3534/3402 2029/3535/3403
f 2029/3535/3403 1838/3534/3402 1837/3536/3404
f 2029/3535/3403 1837/3536/3404 2028/3537/3405
f 2028/3537/3405 1837/3536/3404 1836/3538/3406
f 2028/3537/3405 1836/3538/3406 2027/3539/3407
f 2027/3539/3407 1836/3538/3406 1835/3540/3408
f 2027/3539/3407 1835/3540/3408 2026/3541/3409
f 2026/3541/3409 1835/3540/3408 1834/3542/3410
f 2026/3541/3409 1834/3542/3410 2025/3543/3411
f 2025/3543/3411 1834/3542/3410 1833/3544/3412
f 2025/3543/3411 1833/3544/3412 2024/3545/3413
f 2024/3545/3413 1833/3544/3412 1832/3546/3414
f 2024/3545/3413 1832/3546/3414 2023/3547/3415
f 2023/3547/3415 1832/3546/3414 1831/3548/3416
f 2023/3547/3415 1831/3548/3416 2022/3549/3417
f 2022/3549/3417 1831/3548/3416 1830/3550/3418
f 2022/3549/3417 1830/3550/3418 2021/3551/3419
f 2021/3551/3419 1830/3550/3418 1829/3552/3420
f 2021/3551/3419 1829/3552/3420 2020/3553/3421
f 2020/3553/3421 1829/3552/3420 1828/3554/3422
f 2020/3553/3421 1828/3554/3422 2019/3555/3423
f 2019/3555/3423 1828/3554/3422 1827/3556/3424
f 2019/3555/3423 1827/3556/3424 2018/3557/3425
f 2018/3557/3425 1827/3556/3424 1826/3558/3426
f 2018/3557/3425 1826/3558/3426 2017/3559/3427
f 2017/3559/3427 1826/3558/3426 1825/3560/3428
f 2017/3559/3427 1825/3560/3428 2016/3561/3429
f 2016/3561/3429 1825/3560/3428 1824/3562/3430
f 2016/3561/3429 1824/3562/3430 2015/3563/3431
f 2015/3563/3431 1824/3562/3430 1823/3564/3432
f 2015/3563/3431 1823/3564/3432 2014/3565/3433
f 2014/3565/3433 1823/3564/3432 1822/3566/3434
f 2014/3565/3433 1822/3566/3434 2013/3567/3435
f 2013/3567/3435 1822/3566/3434 1821/3568/3436
f 2013/3567/3435 1821/3568/3436 2012/3569/3437
f 2012/3569/3437 1821/3568/3436 1820/3570/3438
f 2012/3569/3437 1820/3570/3438 2011/3571/3439
f 2011/3571/3439 1820/3570/3438 1819/3572/3440
f 2011/3571/3439 1819/3572/3440 2010/3523/3393
f 2010/3523/3393 1819/3572/3440 1818/3524/3394
f 2034/3573/3441 1842/3574/3442 2033/3575/3443
f 2033/3575/3443 1842/3574/3442 1841/3576/3444
f 2033/3577/3443 1841/3578/3444 2056/3579/3445
f 2056/3579/3445 1841/3578/3444 1864/3580/3446
f 2056/3579/3445 1864/3580/3446 2055/3581/3447
f 2055/3581/3447 1864/3580/3446 1863/3582/3448
f 2055/3581/3447 1863/3582/3448 2054/3583/3449
f 2054/3583/3449 1863/3582/3448 1862/3584/3450
f 2054/3583/3449 1862/3584/3450 2053/3585/3451
f 2053/3585/3451 1862/3584/3450 1861/3586/3452
f 2053/3585/3451 1861/3586/3452 2052/3587/3453
f 2052/3587/3453 1861/3586/3452 1860/3588/3454
f 2052/3587/3453 1860/3588/3454 2051/3589/3455
f 2051/3589/3455 1860/3588/3454 1859/3590/3456
f 2051/3589/3455 1859/3590/3456 2050/3591/3457
f 2050/3591/3457 1859/3590/3456 1858/3592/3458
f 2050/3591/3457 1858/3592/3458 2049/3593/3459
f 2049/3593/3459 1858/3592/3458 1857/3594/3460
f 2049/3593/3459 1857/3594/3460 2048/3595/3461
f 2048/3595/3461 1857/3594/3460 1856/3596/3462
f 2048/3595/3461 1856/3596/3462 2047/3597/3463
f 2047/3597/3463 1856/3596/3462 1855/3598/3464
f 2047/3597/3463 1855/3598/3464 2046/3599/3465
f 2046/3599/3465 1855/3598/3464 1854/3600/3466
f 2046/3599/3465 1854/3600/3466 2045/3601/3467
f 2045/3601/3467 1854/3600/3466 1853/3602/3468
f 2045/3601/3467 1853/3602/3468 2044/3603/3469
f 2044/3603/3469 1853/3602/3468 1852/3604/3470
f 2044/3603/3469 1852/3604/3470 2043/3605/3471
f 2043/3605/3471 1852/3604/3470 1851/3606/3472
f 2043/3605/3471 1851/3606/3472 2042/3607/3473
f 2042/3607/3473 1851/3606/3472 1850/3608/3474
f 2042/3607/3473 1850/3608/3474 2041/3609/3475
f 2041/3609/3475 1850/3608/3474 1849/3610/3476
f 2041/3609/3475 1849/3610/3476 2040/3611/3477
f 2040/3611/3477 1849/3610/3476 1848/3612/3478
f 2040/3611/3477 1848/3612/3478 2039/3613/3479
f 2039/3613/3479 1848/3612/3478 1847/3614/3480
f 2039/3613/3479 1847/3614/3480 2038/3615/3481
f 2038/3615/3481 1847/3614/3480 1846/3616/3482
f 2038/3615/3481 1846/3616/3482 2037/3617/3483
f 2037/3617/3483 1846/3616/3482 1845/3618/3484
f 2037/3617/3483 1845/3618/3484 2036/3619/3485
f 2036/3619/3485 1845/3618/3484 1844/3620/3486
f 2036/3619/3485 1844/3620/3486 2035/3621/3487
f 2035/3621/3487 1844/3620/3486 1843/3622/3488
f 2035/3621/3487 1843/3622/3488 2034/3573/3441
f 2034/3573/3441 1843/3622/3488 1842/3574/3442
f 2058/3623/3489 1866/3624/3490 2057/3625/3491
f 2057/3625/3491 1866/3624/3490 1865/3626/3492
f 2057/3627/3491 1865/3628/3492 2080/3629/3493
f 2080/3629/3493 1865/3628/3492 1888/3630/3494
f 2080/3629/3493 1888/3630/3494 2079/3631/3495
f 2079/3631/3495 1888/3630/3494 1887/3632/3496
f 2079/3631/3495 1887/3632/3496 2078/3633/3497
f 2078/3633/3497 1887/3632/3496 1886/3634/3498
f 2078/3633/3497 1886/3634/3498 2077/3635/3499
f 2077/3635/3499 1886/3634/3498 1885/3636/3500
f 2077/3635/3499 1885/3636/3500 2076/3637/3501
f 2076/3637/3501 1885/3636/3500 1884/3638/3502
f 2076/3637/3501 1884/3638/3502 2075/3639/3503
f 2075/3639/3503 1884/3638/3502 1883/3640/3504
f 2075/3639/3503 1883/3640/3504 2074/3641/3505
f 2074/3641/3505 1883/3640/3504 1882/3642/3506
f 2074/3641/3505 1882/3642/3506 2073/3643/3507
f 2073/3643/3507 1882/3642/3506 1881/3644/3508
f 2073/3643/3507 1881/3644/3508 2072/3645/3509
f 2072/3645/3509 1881/3644/3508 1880/3646/3510
f 2072/3645/3509 1880/3646/3510 2071/3647/3511
f 2071/3647/3511 1880/3646/3510 1879/3648/3512
f 2071/3647/3511 1879/3648/3512 2070/3649/3513
f 2070/3649/3513 1879/3648/3512 1878/3650/3514
f 2070/3649/3513 1878/3650/3514 2069/3651/3515
f 2069/3651/3515 1878/3650/3514 1877/3652/3516
f 2069/3651/3515 1877/3652/3516 2068/3653/3517
f 2068/3653/3517 1877/3652/3516 1876/3654/3518
f 2068/3653/3517 1876/3654/3518 2067/3655/3519
f 2067/3655/3519 1876/3654/3518 1875/3656/3520
f 2067/3655/3519 1875/3656/3520 2066/3657/3521
f 2066/3657/3521 1875/3656/3520 1874/3658/3522
f 2066/3657/3521 1874/3658/3522 2065/3659/3523
f 2065/3659/3523 1874/3658/3522 1873/3660/3524
f 2065/3659/3523 1873/3660/3524 2064/3661/3525
f 2064/3661/3525 1873/3660/3524 1872/3662/3526
f 2064/3661/3525 1872/3662/3526 2063/3663/3527
f 2063/3663/3527 1872/3662/3526 1871/3664/3528
f 2063/3663/3527 1871/3664/3528 2062/3665/3529
f 2062/3665/3529 1871/3664/3528 1870/3666/3530
f 2062/3665/3529 1870/3666/3530 2061/3667/3531
f 2061/3667/3531 1870/3666/3530 1869/3668/3532
f 2061/3667/3531 1869/3668/3532 2060/3669/3533
f 2060/3669/3533 1869/3668/3532 1868/3670/3534
f 2060/3669/3533 1868/3670/3534 2059/3671/3535
f 2059/3671/3535 1868/3670/3534 1867/3672/3536
f 2059/3671/3535 1867/3672/3536 2058/3623/3489
f 2058/3623/3489 1867/3672/3536 1866/3624/3490
f 2082/3673/3537 1890/3674/3538 2081/3675/3539
f 2081/3675/3539 1890/3674/3538 1889/3676/3540
f 2081/3677/3539 1889/3678/3540 2104/3679/3541
f 2104/3679/3541 1889/3678/3540 1912/3680/3542
f 2104/3679/3541 1912/3680/3542 2103/3681/3543
f 2103/3681/3543 1912/3680/3542 1911/3682/3544
f 2103/3681/3543 1911/3682/3544 2102/3683/3545
f 2102/3683/3545 1911/3682/3544 1910/3684/3546
f 2102/3683/3545 1910/3684/3546 2101/3685/3547
f 2101/3685/3547 1910/3684/3546 1909/3686/3548
f 2101/3685/3547 1909/3686/3548 2100/3687/3549
f 2100/3687/3549 1909/3686/3548 1908/3688/3550
f 2100/3687/3549 1908/3688/3550 2099/3689/3551
f 2099/3689/3551 1908/3688/3550 1907/3690/3552
f 2099/3689/3551 1907/3690/3552 2098/3691/3553
f 2098/3691/3553 1907/3690/3552 1906/3692/3554
f 2098/3691/3553 1906/3692/3554 2097/3693/3555
f 2097/3693/3555 1906/3692/3554 1905/3694/3556
f 2097/3693/3555 1905/3694/3556 2096/3695/3557
f 2096/3695/3557 1905/3694/3556 1904/3696/3558
f 2096/3695/3557 1904/3696/3558 2095/3697/3559
f 2095/3697/3559 1904/3696/3558 1903/3698/3560
f 2095/3697/3559 1903/3698/3560 2094/3699/3561
f 2094/3699/3561 1903/3698/3560 1902/3700/3562
f 2094/3699/3561 1902/3700/3562 2093/3701/3563
f 2093/3701/3563 1902/3700/3562 1901/3702/3564
f 2093/3701/3563 1901/3702/3564 2092/3703/3565
f 2092/3703/3565 1901/3702/3564 1900/3704/3566
f 2092/3703/3565 1900/3704/3566 2091/3705/3567
f 2091/3705/3567 1900/3704/3566 1899/3706/3568
f 2091/3705/3567 1899/3706/3568 2090/3707/3569
f 2090/3707/3569 1899/3706/3568 1898/3708/3570
f 2090/3707/3569 1898/3708/3570 2089/3709/3571
f 2089/3709/3571 1898/3708/3570 1897/3710/3572
f 2089/3709/3571 1897/3710/3572 2088/3711/3573
f 2088/3711/3573 1897/3710/3572 1896/3712/3574
f 2088/3711/3573 1896/3712/3574 2087/3713/3575
f 2087/3713/3575 1896/3712/3574 1895/3714/3576
f 2087/3713/3575 1895/3714/3576 2086/3715/3577
f 2086/3715/3577 1895/3714/3576 1894/3716/3578
f 2086/3715/3577 1894/3716/3578 2085/3717/3579
f 2085/3717/3579 1894/3716/3578 1893/3718/3580
f 2085/3717/3579 1893/3718/3580 2084/3719/3581
f 2084/3719/3581 1893/3718/3580 1892/3720/3582
f 2084/3719/3581 1892/3720/3582 2083/3721/3583
f 2083/3721/3583 1892/3720/3582 1891/3722/3584
f 2083/3721/3583 1891/3722/3584 2082/3673/3537
f 2082/3673/3537 1891/3722/3584 1890/3674/3538
f 2110/3723/3585 1775/3724/3586 2109/3725/3587
f 2109/3725/3587 1775/3724/3586 1774/3726/3588
f 2109/3725/3587 1774/3726/3588 2108/3727/3589
f 2108/3727/3589 1774/3726/3588 1773/3728/3590
f 2108/3727/3589 1773/3728/3590 2107/3729/3591
f 2107/3729/3591 1773/3728/3590 1772/3730/3592
f 2107/3729/3591 1772/3730/3592 2106/3731/3593
f 2106/3731/3593 1772/3730/3592 1771/3732/3594
f 2106/3731/3593 1771/3732/3594 2105/3733/3595
f 2105/3733/3595 1771/3732/3594 1770/3734/3596
f 2105/3733/3595 1770/3734/3596 1972/3735/3319
f 1972/3735/3319 1770/3734/3596 1769/3736/3320
f 1776/3737/3597 1775/3738/3586 2111/3739/3598
f 2111/3739/3598 1775/3738/3586 2110/3740/3585
f 1964/3741/3304 1782/3742/3303 2116/3743/3599
f 2116/3743/3599 1782/3742/3303 1781/3744/3600
f 2116/3743/3599 1781/3744/3600 2115/3745/3601
f 2115/3745/3601 1781/3744/3600 1780/3746/3602
f 2115/3745/3601 1780/3746/3602 2114/3747/3603
f 2114/3747/3603 1780/3746/3602 1779/3748/3604
f 2114/3747/3603 1779/3748/3604 2113/3749/3605
f 2113/3749/3605 1779/3748/3604 1778/3750/3606
f 2113/3749/3605 1778/3750/3606 2112/3751/3607
f 2112/3751/3607 1778/3750/3606 1777/3752/3608
f 2112/3751/3607 1777/3752/3608 2111/3753/3598
f 2111/3753/3598 1777/3752/3608 1776/3754/3597
f 2122/3755/3609 1802/3756/3610 2121/3757/3611
f 2121/3757/3611 1802/3756/3610 1801/3758/3612
f 2121/3757/3611 1801/3758/3612 2120/3759/3613
f 2120/3759/3613 1801/3758/3612 1800/3760/3614
f 2120/3759/3613 1800/3760/3614 2119/3761/3615
f 2119/3761/3615 1800/3760/3614 1799/3762/3616
f 2119/3761/3615 1799/3762/3616 2118/3763/3617
f 2118/3763/3617 1799/3762/3616 1798/3764/3618
f 2118/3763/3617 1798/3764/3618 2117/3765/3619
f 2117/3765/3619 1798/3764/3618 1797/3766/3620
f 2117/3765/3619 1797/3766/3620 1971/3767/3317
f 1971/3767/3317 1797/3766/3620 1796/3768/3318
f 1803/3769/3621 1802/3770/3610 2123/3771/3622
f 2123/3771/3622 1802/3770/3610 2122/3772/3609
f 1956/3773/3288 1809/3774/3287 2128/3775/3623
f 2128/3775/3623 1809/3774/3287 1808/3776/3624
f 2128/3775/3623 1808/3776/3624 2127/3777/3625
f 2127/3777/3625 1808/3776/3624 1807/3778/3626
f 2127/3777/3625 1807/3778/3626 2126/3779/3627
f 2126/3779/3627 1807/3778/3626 1806/3780/3628
f 2126/3779/3627 1806/3780/3628 2125/3781/3629
f 2125/3781/3629 1806/3780/3628 1805/3782/3630
f 2125/3781/3629 1805/3782/3630 2124/3783/3631
f 2124/3783/3631 1805/3782/3630 1804/3784/3632
f 2124/3783/3631 1804/3784/3632 2123/3785/3622
f 2123/3785/3622 1804/3784/3632 1803/3786/3621
f 1761/3787/3633 2102/3788/3634 1762/3789/3635
f 1762/3789/3635 2102/3788/3634 2101/3790/3636
f 1762/3789/3635 2101/3790/3636 2100/3791/3637
f 2102/3788/3634 1761/3787/3633 2103/3792/3638
f 2103/3792/3638 1761/3787/3633 1760/3793/3639
f 2103/3792/3638 1760/3793/3639 1759/3794/3640
f 1759/3794/3640 1758/3795/3641 2103/3792/3638
f 2103/3792/3638 1758/3795/3641 1757/3796/3642
f 2103/3792/3638 1757/3796/3642 1755/3797/3643
f 2103/3792/3638 1755/3797/3643 2104/3798/3644
f 2104/3798/3644 1755/3797/3643 1745/3799/3645
f 2104/3798/3644 1745/3799/3645 2081/3800/3646
f 2081/3800/3646 1745/3799/3645 2082/3801/3647
f 2082/3801/3647 1745/3799/3645 1744/3802/3648
f 2082/3801/3647 1744/3802/3648 2083/3803/3649
f 2083/3803/3649 1744/3802/3648 1743/3804/3650
f 2083/3803/3649 1743/3804/3650 2084/3805/3651
f 2084/3805/3651 1743/3804/3650 2085/3806/3652
f 2085/3806/3652 1743/3804/3650 1742/3807/3653
f 2085/3806/3652 1742/3807/3653 2086/3808/3654
f 2086/3808/3654 1742/3807/3653 1741/3809/3655
f 2086/3808/3654 1741/3809/3655 1977/3810/3656
f 1977/3810/3656 1741/3809/3655 1740/3811/3657
f 1977/3810/3656 1740/3811/3657 1978/3812/3658
f 1978/3812/3658 1740/3811/3657 1739/3813/3659
f 1978/3812/3658 1739/3813/3659 1738/3814/3660
f 1738/3814/3660 1737/3815/3661 1978/3812/3658
f 1978/3812/3658 1737/3815/3661 1979/3816/3662
f 1979/3816/3662 1737/3815/3661 1729/3817/3663
f 1979/3816/3662 1729/3817/3663 1728/3818/3664
f 1979/3816/3662 1728/3818/3664 1980/3819/3665
f 1980/3819/3665 1728/3818/3664 1727/3820/3666
f 1980/3819/3665 1727/3820/3666 1981/3821/3667
f 1981/3821/3667 1727/3820/3666 1726/3822/3668
f 1981/3821/3667 1726/3822/3668 1982/3823/3669
f 1982/3823/3669 1726/3822/3668 1725/3824/3670
f 1982/3823/3669 1725/3824/3670 1983/3825/3671
f 1983/3825/3671 1725/3824/3670 1724/3826/3672
f 1983/3825/3671 1724/3826/3672 1984/3827/3673
f 1984/3827/3673 1724/3826/3672 1723/3828/3674
f 1984/3827/3673 1723/3828/3674 1985/3829/3675
f 1985/3829/3675 1723/3828/3674 1712/3830/3676
f 1985/3829/3675 1712/3830/3676 1711/3831/3677
f 1985/3829/3675 1711/3831/3677 1986/3832/3678
f 1986/3832/3678 1711/3831/3677 1710/3833/3679
f 1986/3832/3678 1710/3833/3679 1709/3834/3680
f 1709/3834/3680 1708/3835/3681 1986/3832/3678
f 1986/3832/3678 1708/3835/3681 1987/3836/3682
f 1987/3836/3682 1708/3835/3681 1707/3837/3683
f 1987/3836/3682 1707/3837/3683 2064/3838/3684
f 2064/3838/3684 1707/3837/3683 1706/3839/3685
f 2064/3838/3684 1706/3839/3685 2065/3840/3686
f 2065/3840/3686 1706/3839/3685 1705/3841/3687
f 2065/3840/3686 1705/3841/3687 2066/3842/3688
f 2066/3842/3688 1705/3841/3687 2067/3843/3689
f 2067/3843/3689 1705/3841/3687 1704/3844/3690
f 2067/3843/3689 1704/3844/3690 2068/3845/3691
f 2068/3845/3691 1704/3844/3690 1703/3846/3692
f 2068/3845/3691 1703/3846/3692 2069/3847/3693
f 2069/3847/3693 1703/3846/3692 2070/3848/3694
f 2070/3848/3694 1703/3846/3692 1955/3849/3695
f 2070/3848/3694 1955/3849/3695 2071/3850/3696
f 2071/3850/3696 1955/3849/3695 1954/3851/3697
f 2071/3850/3696 1954/3851/3697 1953/3852/3698
f 1953/3852/3698 1952/3853/3699 2071/3850/3696
f 2071/3850/3696 1952/3853/3699 1951/3854/3700
f 2071/3850/3696 1951/3854/3700 1950/3855/3701
f 2071/3850/3696 1950/3855/3701 2072/3856/3702
f 2072/3856/3702 1950/3855/3701 1949/3857/3703
f 2072/3856/3702 1949/3857/3703 2073/3858/3704
f 2073/3858/3704 1949/3857/3703 2074/3859/3705
f 2074/3859/3705 1949/3857/3703 2075/3860/3706
f 2075/3860/3706 1949/3857/3703 1956/3861/3707
f 2075/3860/3706 1956/3861/3707 2076/3862/3708
f 2076/3862/3708 1956/3861/3707 2077/3863/3709
f 2077/3863/3709 1956/3861/3707 2078/3864/3710
f 2078/3864/3710 1956/3861/3707 2128/3865/3711
f 2078/3864/3710 2128/3865/3711 2079/3866/3712
f 2079/3866/3712 2128/3865/3711 2127/3867/3713
f 2079/3866/3712 2127/3867/3713 2126/3868/3714
f 2126/3868/3714 2125/3869/3715 2079/3866/3712
f 2079/3866/3712 2125/3869/3715 2124/3870/3716
f 2079/3866/3712 2124/3870/3716 2123/3871/3717
f 2122/3872/3718 1991/3873/3719 2123/3871/3717
f 2123/3871/3717 1991/3873/3719 1990/3874/3720
f 2123/3871/3717 1990/3874/3720 1989/3875/3721
f 2121/3876/3722 2011/3877/3723 2122/3872/3718
f 2122/3872/3718 2011/3877/3723 2010/3878/3724
f 2122/3872/3718 2010/3878/3724 2009/3879/3725
f 2121/3876/3722 2120/3880/3726 2011/3877/3723
f 2011/3877/3723 2120/3880/3726 2119/3881/3727
f 2011/3877/3723 2119/3881/3727 2118/3882/3728
f 2118/3882/3728 2117/3883/3729 2011/3877/3723
f 2011/3877/3723 2117/3883/3729 2012/3884/3730
f 2012/3884/3730 2117/3883/3729 1971/3885/3731
f 2012/3884/3730 1971/3885/3731 2013/3886/3732
f 2013/3886/3732 1971/3885/3731 2014/3887/3733
f 2014/3887/3733 1971/3885/3731 2015/3888/3734
f 2015/3888/3734 1971/3885/3731 1970/3889/3735
f 2015/3888/3734 1970/3889/3735 2016/3890/3736
f 2016/3890/3736 1970/3889/3735 2017/3891/3737
f 2017/3891/3737 1970/3889/3735 2018/3892/3738
f 2018/3892/3738 1970/3889/3735 1969/3893/3739
f 2018/3892/3738 1969/3893/3739 2019/3894/3740
f 2019/3894/3740 1969/3893/3739 1968/3895/3741
f 2019/3894/3740 1968/3895/3741 1967/3896/3742
f 1967/3896/3742 1966/3897/3743 2019/3894/3740
f 2019/3894/3740 1966/3897/3743 1965/3898/3744
f 2019/3894/3740 1965/3898/3744 1701/3899/3745
f 2019/3894/3740 1701/3899/3745 2020/3900/3746
f 2020/3900/3746 1701/3899/3745 1691/3901/3747
f 2020/3900/3746 1691/3901/3747 2021/3902/3748
f 2021/3902/3748 1691/3901/3747 2022/3903/3749
f 2022/3903/3749 1691/3901/3747 1690/3904/3750
f 2022/3903/3749 1690/3904/3750 2023/3905/3751
f 2023/3905/3751 1690/3904/3750 1689/3906/3752
f 2023/3905/3751 1689/3906/3752 2024/3907/3753
f 2024/3907/3753 1689/3906/3752 2025/3908/3754
f 2025/3908/3754 1689/3906/3752 1688/3909/3755
f 2025/3908/3754 1688/3909/3755 2026/3910/3756
f 2026/3910/3756 1688/3909/3755 1687/3911/3757
f 2026/3910/3756 1687/3911/3757 1995/3912/3758
f 1995/3912/3758 1687/3911/3757 1686/3913/3759
f 1995/3912/3758 1686/3913/3759 1996/3914/3760
f 1996/3914/3760 1686/3913/3759 1685/3915/3761
f 1996/3914/3760 1685/3915/3761 1684/3916/3762
f 1684/3916/3762 1683/3917/3763 1996/3914/3760
f 1996/3914/3760 1683/3917/3763 1997/3918/3764
f 1997/3918/3764 1683/3917/3763 1675/3919/3765
f 1997/3918/3764 1675/3919/3765 1674/3920/3766
f 1997/3918/3764 1674/3920/3766 1998/3921/3767
f 1998/3921/3767 1674/3920/3766 1673/3922/3768
f 1998/3921/3767 1673/3922/3768 1999/3923/3769
f 1999/3923/3769 1673/3922/3768 1672/3924/3770
f 1999/3923/3769 1672/3924/3770 2000/3925/3771
f 2000/3925/3771 1672/3924/3770 1671/3926/3772
f 2000/3925/3771 1671/3926/3772 2001/3927/3773
f 2001/3927/3773 1671/3926/3772 1670/3928/3774
f 2001/3927/3773 1670/3928/3774 2002/3929/3775
f 2002/3929/3775 1670/3928/3774 1669/3930/3776
f 2002/3929/3775 1669/3930/3776 2003/3931/3777
f 2003/3931/3777 1669/3930/3776 1658/3932/3778
f 2003/3931/3777 1658/3932/3778 1657/3933/3779
f 2003/3931/3777 1657/3933/3779 2004/3934/3780
f 2004/3934/3780 1657/3933/3779 1656/3935/3781
f 2004/3934/3780 1656/3935/3781 1655/3936/3782
f 1655/3936/3782 1654/3937/3783 2004/3934/3780
f 2004/3934/3780 1654/3937/3783 2005/3938/3784
f 2005/3938/3784 1654/3937/3783 1653/3939/3785
f 2005/3938/3784 1653/3939/3785 2052/3940/3786
f 2052/3940/3786 1653/3939/3785 1652/3941/3787
f 2052/3940/3786 1652/3941/3787 2053/3942/3788
f 2053/3942/3788 1652/3941/3787 1651/3943/3789
f 2053/3942/3788 1651/3943/3789 2054/3944/3790
f 2054/3944/3790 1651/3943/3789 2055/3945/3791
f 2055/3945/3791 1651/3943/3789 1650/3946/3792
f 2055/3945/3791 1650/3946/3792 2056/3947/3793
f 2056/3947/3793 1650/3946/3792 1649/3948/3794
f 2056/3947/3793 1649/3948/3794 2033/3949/3795
f 2033/3949/3795 1649/3948/3794 2034/3950/3796
f 2034/3950/3796 1649/3948/3794 1963/3951/3797
f 2034/3950/3796 1963/3951/3797 2035/3952/3798
f 2035/3952/3798 1963/3951/3797 1962/3953/3799
f 2035/3952/3798 1962/3953/3799 1961/3954/3800
f 1961/3954/3800 1960/3955/3801 2035/3952/3798
f 2035/3952/3798 1960/3955/3801 1959/3956/3802
f 2035/3952/3798 1959/3956/3802 1958/3957/3803
f 2035/3952/3798 1958/3957/3803 2036/3958/3804
f 2036/3958/3804 1958/3957/3803 1957/3959/3805
f 2036/3958/3804 1957/3959/3805 2037/3960/3806
f 2037/3960/3806 1957/3959/3805 2038/3961/3807
f 2038/3961/3807 1957/3959/3805 2039/3962/3808
f 2039/3962/3808 1957/3959/3805 1964/3963/3809
f 2039/3962/3808 1964/3963/3809 2040/3964/3810
f 2040/3964/3810 1964/3963/3809 2041/3965/3811
f 2041/3965/3811 1964/3963/3809 2042/3966/3812
f 2042/3966/3812 1964/3963/3809 2116/3967/3813
f 2042/3966/3812 2116/3967/3813 2043/3968/3814
f 2043/3968/3814 2116/3967/3813 2115/3969/3815
f 2043/3968/3814 2115/3969/3815 2114/3970/3816
f 2114/3970/3816 2113/3971/3817 2043/3968/3814
f 2043/3968/3814 2113/3971/3817 2112/3972/3818
f 2043/3968/3814 2112/3972/3818 2111/3973/3819
f 2110/3974/3820 1973/3975/3821 2111/3973/3819
f 2111/3973/3819 1973/3975/3821 2008/3976/3822
f 2111/3973/3819 2008/3976/3822 2007/3977/3823
f 2109/3978/3824 2095/3979/3825 2110/3974/3820
f 2110/3974/3820 2095/3979/3825 2094/3980/3826
f 2110/3974/3820 2094/3980/3826 2093/3981/3827
f 2109/3978/3824 2108/3982/3828 2095/3979/3825
f 2095/3979/3825 2108/3982/3828 2107/3983/3829
f 2095/3979/3825 2107/3983/3829 2106/3984/3830
f 2106/3984/3830 2105/3985/3831 2095/3979/3825
f 2095/3979/3825 2105/3985/3831 2096/3986/3832
f 2096/3986/3832 2105/3985/3831 1972/3987/3833
f 2096/3986/3832 1972/3987/3833 2097/3988/3834
f 2097/3988/3834 1972/3987/3833 2098/3989/3835
f 2098/3989/3835 1972/3987/3833 2099/3990/3836
f 2099/3990/3836 1972/3987/3833 1762/3789/3635
f 2099/3990/3836 1762/3789/3635 2100/3791/3637
f 2006/3991/3837 2049/3992/3838 2007/3977/3823
f 2007/3977/3823 2049/3992/3838 2048/3993/3839
f 2007/3977/3823 2048/3993/3839 2111/3973/3819
f 2111/3973/3819 2048/3993/3839 2047/3994/3840
f 2111/3973/3819 2047/3994/3840 2046/3995/3841
f 2005/3938/3784 2051/3996/3842 2006/3991/3837
f 2006/3991/3837 2051/3996/3842 2050/3997/3843
f 2006/3991/3837 2050/3997/3843 2049/3992/3838
f 2026/3910/3756 1995/3912/3758 2027/3998/3844
f 2027/3998/3844 1995/3912/3758 1994/3999/3845
f 2027/3998/3844 1994/3999/3845 2028/4000/3846
f 2028/4000/3846 1994/3999/3845 2029/4001/3847
f 2029/4001/3847 1994/3999/3845 1993/4002/3848
f 2029/4001/3847 1993/4002/3848 2030/4003/3849
f 2030/4003/3849 1993/4002/3848 2122/3872/3718
f 2030/4003/3849 2122/3872/3718 2031/4004/3850
f 2031/4004/3850 2122/3872/3718 2032/4005/3851
f 2032/4005/3851 2122/3872/3718 2009/3879/3725
f 1993/4002/3848 1992/4006/3852 2122/3872/3718
f 2122/3872/3718 1992/4006/3852 1991/3873/3719
f 1988/4007/3853 2061/4008/3854 1989/3875/3721
f 1989/3875/3721 2061/4008/3854 2060/4009/3855
f 1989/3875/3721 2060/4009/3855 2123/3871/3717
f 2123/3871/3717 2060/4009/3855 2059/4010/3856
f 2123/3871/3717 2059/4010/3856 2058/4011/3857
f 1987/3836/3682 2063/4012/3858 1988/4007/3853
f 1988/4007/3853 2063/4012/3858 2062/4013/3859
f 1988/4007/3853 2062/4013/3859 2061/4008/3854
f 2086/3808/3654 1977/3810/3656 2087/4014/3860
f 2087/4014/3860 1977/3810/3656 1976/4015/3861
f 2087/4014/3860 1976/4015/3861 2088/4016/3862
f 2088/4016/3862 1976/4015/3861 2089/4017/3863
f 2089/4017/3863 1976/4015/3861 1975/4018/3864
f 2089/4017/3863 1975/4018/3864 2090/4019/3865
f 2090/4019/3865 1975/4018/3864 2110/3974/3820
f 2090/4019/3865 2110/3974/3820 2091/4020/3866
f 2091/4020/3866 2110/3974/3820 2092/4021/3867
f 2092/4021/3867 2110/3974/3820 2093/3981/3827
f 1975/4018/3864 1974/4022/3868 2110/3974/3820
f 2110/3974/3820 1974/4022/3868 1973/3975/3821
f 2058/4011/3857 2057/4023/3869 2123/3871/3717
f 2123/3871/3717 2057/4023/3869 2080/4024/3870
f 2123/3871/3717 2080/4024/3870 2079/3866/3712
f 2064/3838/3684 2063/4012/3858 1987/3836/3682
f 2052/3940/3786 2051/3996/3842 2005/3938/3784
f 2046/3995/3841 2045/4025/3871 2111/3973/3819
f 2111/3973/3819 2045/4025/3871 2044/4026/3872
f 2111/3973/3819 2044/4026/3872 2043/3968/3814
# 2128 vertices
# 4026 texture params
# 3872 normals
# 4304 facets

# 6 groups
