# WaveFront *.obj file (generated by Autodesk ATF)

mtllib Dome_livox.mtl

g Body1

v 3.149974 -0.013411 0.000000
v 3.154234 -0.045763 0.000000
v 3.166721 -0.075911 0.000000
v 3.186586 -0.101799 0.000000
v 3.212474 -0.121664 0.000000
v 3.242622 -0.134151 0.000000
v 3.274974 -0.138411 0.000000
v 3.307327 -0.134151 0.000000
v 3.337474 -0.121664 0.000000
v 3.363363 -0.101799 0.000000
v 3.383227 -0.075911 0.000000
v 3.395715 -0.045763 0.000000
v 3.399974 -0.013411 0.000000
v 3.395715 0.018942 0.000000
v 3.383227 0.049089 0.000000
v 3.363363 0.074978 0.000000
v 3.337474 0.094843 0.000000
v 3.307327 0.107330 0.000000
v 3.274974 0.111589 0.000000
v 3.242622 0.107330 0.000000
v 3.212474 0.094843 0.000000
v 3.186586 0.074978 0.000000
v 3.166721 0.049089 0.000000
v 3.154234 0.018942 0.000000
v 3.149974 -0.013411 -0.200000
v 3.154234 0.018942 -0.200000
v 3.166721 0.049089 -0.200000
v 3.186586 0.074978 -0.200000
v 3.212474 0.094843 -0.200000
v 3.242622 0.107330 -0.200000
v 3.274974 0.111589 -0.200000
v 3.307327 0.107330 -0.200000
v 3.337474 0.094843 -0.200000
v 3.363363 0.074978 -0.200000
v 3.383227 0.049089 -0.200000
v 3.395715 0.018942 -0.200000
v 3.399974 -0.013411 -0.200000
v 3.395715 -0.045763 -0.200000
v 3.383227 -0.075911 -0.200000
v 3.363363 -0.101799 -0.200000
v 3.337474 -0.121664 -0.200000
v 3.307327 -0.134151 -0.200000
v 3.274974 -0.138411 -0.200000
v 3.242622 -0.134151 -0.200000
v 3.212474 -0.121664 -0.200000
v 3.186586 -0.101799 -0.200000
v 3.166721 -0.075911 -0.200000
v 3.154234 -0.045763 -0.200000
v -0.111589 3.274974 0.000000
v -0.107330 3.242622 0.000000
v -0.094843 3.212474 0.000000
v -0.074978 3.186586 0.000000
v -0.049089 3.166721 0.000000
v -0.018942 3.154234 0.000000
v 0.013411 3.149974 0.000000
v 0.045763 3.154234 0.000000
v 0.075911 3.166721 0.000000
v 0.101799 3.186586 0.000000
v 0.121664 3.212474 0.000000
v 0.134151 3.242622 0.000000
v 0.138411 3.274974 0.000000
v 0.134151 3.307327 0.000000
v 0.121664 3.337474 0.000000
v 0.101799 3.363363 0.000000
v 0.075911 3.383227 0.000000
v 0.045763 3.395715 0.000000
v 0.013411 3.399974 0.000000
v -0.018942 3.395715 0.000000
v -0.049089 3.383227 0.000000
v -0.074978 3.363363 0.000000
v -0.094843 3.337474 0.000000
v -0.107330 3.307327 0.000000
v -0.111589 3.274974 -0.200000
v -0.107330 3.307327 -0.200000
v -0.094843 3.337474 -0.200000
v -0.074978 3.363363 -0.200000
v -0.049089 3.383227 -0.200000
v -0.018942 3.395715 -0.200000
v 0.013411 3.399974 -0.200000
v 0.045763 3.395715 -0.200000
v 0.075911 3.383227 -0.200000
v 0.101799 3.363363 -0.200000
v 0.121664 3.337474 -0.200000
v 0.134151 3.307327 -0.200000
v 0.138411 3.274974 -0.200000
v 0.134151 3.242622 -0.200000
v 0.121664 3.212474 -0.200000
v 0.101799 3.186586 -0.200000
v 0.075911 3.166721 -0.200000
v 0.045763 3.154234 -0.200000
v 0.013411 3.149974 -0.200000
v -0.018942 3.154234 -0.200000
v -0.049089 3.166721 -0.200000
v -0.074978 3.186586 -0.200000
v -0.094843 3.212474 -0.200000
v -0.107330 3.242622 -0.200000
v -0.138411 -3.274974 0.000000
v -0.134151 -3.307327 0.000000
v -0.121664 -3.337474 0.000000
v -0.101799 -3.363363 0.000000
v -0.075911 -3.383227 0.000000
v -0.045763 -3.395715 0.000000
v -0.013411 -3.399974 0.000000
v 0.018942 -3.395715 0.000000
v 0.049089 -3.383227 0.000000
v 0.074978 -3.363363 0.000000
v 0.094843 -3.337474 0.000000
v 0.107330 -3.307327 0.000000
v 0.111589 -3.274974 0.000000
v 0.107330 -3.242622 0.000000
v 0.094843 -3.212474 0.000000
v 0.074978 -3.186586 0.000000
v 0.049089 -3.166721 0.000000
v 0.018942 -3.154234 0.000000
v -0.013411 -3.149974 0.000000
v -0.045763 -3.154234 0.000000
v -0.075911 -3.166721 0.000000
v -0.101799 -3.186586 0.000000
v -0.121664 -3.212474 0.000000
v -0.134151 -3.242622 0.000000
v -0.138411 -3.274974 -0.200000
v -0.134151 -3.242622 -0.200000
v -0.121664 -3.212474 -0.200000
v -0.101799 -3.186586 -0.200000
v -0.075911 -3.166721 -0.200000
v -0.045763 -3.154234 -0.200000
v -0.013411 -3.149974 -0.200000
v 0.018942 -3.154234 -0.200000
v 0.049089 -3.166721 -0.200000
v 0.074978 -3.186586 -0.200000
v 0.094843 -3.212474 -0.200000
v 0.107330 -3.242622 -0.200000
v 0.111589 -3.274974 -0.200000
v 0.107330 -3.307327 -0.200000
v 0.094843 -3.337474 -0.200000
v 0.074978 -3.363363 -0.200000
v 0.049089 -3.383227 -0.200000
v 0.018942 -3.395715 -0.200000
v -0.013411 -3.399974 -0.200000
v -0.045763 -3.395715 -0.200000
v -0.075911 -3.383227 -0.200000
v -0.101799 -3.363363 -0.200000
v -0.121664 -3.337474 -0.200000
v -0.134151 -3.307327 -0.200000
v -3.399974 0.013411 0.000000
v -3.395715 -0.018942 0.000000
v -3.383227 -0.049089 0.000000
v -3.363363 -0.074978 0.000000
v -3.337474 -0.094843 0.000000
v -3.307327 -0.107330 0.000000
v -3.274974 -0.111589 0.000000
v -3.242622 -0.107330 0.000000
v -3.212474 -0.094843 0.000000
v -3.186586 -0.074978 0.000000
v -3.166721 -0.049089 0.000000
v -3.154234 -0.018942 0.000000
v -3.149974 0.013411 0.000000
v -3.154234 0.045763 0.000000
v -3.166721 0.075911 0.000000
v -3.186586 0.101799 0.000000
v -3.212474 0.121664 0.000000
v -3.242622 0.134151 0.000000
v -3.274974 0.138411 0.000000
v -3.307327 0.134151 0.000000
v -3.337474 0.121664 0.000000
v -3.363363 0.101799 0.000000
v -3.383227 0.075911 0.000000
v -3.395715 0.045763 0.000000
v -3.399974 0.013411 -0.200000
v -3.395715 0.045763 -0.200000
v -3.383227 0.075911 -0.200000
v -3.363363 0.101799 -0.200000
v -3.337474 0.121664 -0.200000
v -3.307327 0.134151 -0.200000
v -3.274974 0.138411 -0.200000
v -3.242622 0.134151 -0.200000
v -3.212474 0.121664 -0.200000
v -3.186586 0.101799 -0.200000
v -3.166721 0.075911 -0.200000
v -3.154234 0.045763 -0.200000
v -3.149974 0.013411 -0.200000
v -3.154234 -0.018942 -0.200000
v -3.166721 -0.049089 -0.200000
v -3.186586 -0.074978 -0.200000
v -3.212474 -0.094843 -0.200000
v -3.242622 -0.107330 -0.200000
v -3.274974 -0.111589 -0.200000
v -3.307327 -0.107330 -0.200000
v -3.337474 -0.094843 -0.200000
v -3.363363 -0.074978 -0.200000
v -3.383227 -0.049089 -0.200000
v -3.395715 -0.018942 -0.200000
v -2.800000 0.000000 0.000000
v -2.759725 -0.473202 0.000000
v -2.640057 -0.932791 0.000000
v -2.444440 -1.365546 0.000000
v -2.178500 -1.759016 0.000000
v -1.849889 -2.101882 0.000000
v -1.468060 -2.384282 0.000000
v -1.043998 -2.598089 0.000000
v -0.589902 -2.737155 0.000000
v -0.118835 -2.797477 0.000000
v 0.355650 -2.777321 0.000000
v 0.819904 -2.677267 0.000000
v 1.260570 -2.500192 0.000000
v 1.664973 -2.251192 0.000000
v 2.021477 -1.937429 0.000000
v 2.319827 -1.567929 0.000000
v 2.551440 -1.153323 0.000000
v 2.709652 -0.705539 0.000000
v 2.789913 -0.237457 0.000000
v 2.789913 0.237457 0.000000
v 2.709652 0.705539 0.000000
v 2.551440 1.153323 0.000000
v 2.319827 1.567929 0.000000
v 2.021477 1.937429 0.000000
v 1.664973 2.251192 0.000000
v 1.260570 2.500192 0.000000
v 0.819904 2.677267 0.000000
v 0.355650 2.777321 0.000000
v -0.118835 2.797477 0.000000
v -0.589902 2.737155 0.000000
v -1.043998 2.598089 0.000000
v -1.468060 2.384282 0.000000
v -1.849889 2.101882 0.000000
v -2.178500 1.759016 0.000000
v -2.444440 1.365546 0.000000
v -2.640057 0.932791 0.000000
v -2.759725 0.473202 0.000000
v -3.000000 0.000000 -0.200000
v -2.959084 0.493784 -0.200000
v -2.837452 0.974098 -0.200000
v -2.638421 1.427842 -0.200000
v -2.367422 1.842638 -0.200000
v -2.031845 2.207172 -0.200000
v -1.640844 2.511499 -0.200000
v -1.205086 2.747320 -0.200000
v -0.736456 2.908201 -0.200000
v -0.247738 2.989753 -0.200000
v 0.247738 2.989753 -0.200000
v 0.736456 2.908201 -0.200000
v 1.205086 2.747320 -0.200000
v 1.640844 2.511499 -0.200000
v 2.031845 2.207172 -0.200000
v 2.367422 1.842638 -0.200000
v 2.638421 1.427842 -0.200000
v 2.837452 0.974098 -0.200000
v 2.959084 0.493784 -0.200000
v 3.000000 0.000000 -0.200000
v 2.959084 -0.493784 -0.200000
v 2.837452 -0.974098 -0.200000
v 2.638421 -1.427842 -0.200000
v 2.367422 -1.842638 -0.200000
v 2.031845 -2.207172 -0.200000
v 1.640844 -2.511499 -0.200000
v 1.205086 -2.747320 -0.200000
v 0.736456 -2.908201 -0.200000
v 0.247738 -2.989753 -0.200000
v -0.247738 -2.989753 -0.200000
v -0.736456 -2.908201 -0.200000
v -1.205086 -2.747320 -0.200000
v -1.640844 -2.511499 -0.200000
v -2.031845 -2.207172 -0.200000
v -2.367422 -1.842638 -0.200000
v -2.638421 -1.427842 -0.200000
v -2.837452 -0.974098 -0.200000
v -2.959084 -0.493784 -0.200000
v -2.806815 0.000000 -0.051764
v -2.826795 0.000000 -0.100000
v -2.858579 0.000000 -0.141421
v -2.900000 0.000000 -0.173205
v -2.948236 0.000000 -0.193185
v 2.797713 -0.225855 -0.051764
v -2.770467 -0.450245 -0.051764
v -2.790189 -0.453450 -0.100000
v -2.821561 -0.458548 -0.141421
v -2.862446 -0.465193 -0.173205
v -2.910057 -0.472930 -0.193185
v -2.662366 -0.888828 -0.051764
v -2.681318 -0.895155 -0.100000
v -2.711466 -0.905220 -0.141421
v -2.750756 -0.918337 -0.173205
v -2.796509 -0.933612 -0.193185
v -2.485311 -1.304392 -0.051764
v -2.503003 -1.313677 -0.100000
v -2.531146 -1.328448 -0.141421
v -2.567822 -1.347697 -0.173205
v -2.610534 -1.370114 -0.193185
v -2.243888 -1.686172 -0.051764
v -2.259861 -1.698175 -0.100000
v -2.285270 -1.717269 -0.141421
v -2.318384 -1.742153 -0.173205
v -2.356946 -1.771130 -0.193185
v -1.944349 -2.024282 -0.051764
v -1.958190 -2.038691 -0.100000
v -1.980207 -2.061614 -0.141421
v -2.008901 -2.091487 -0.173205
v -2.042315 -2.126275 -0.193185
v -1.594453 -2.309963 -0.051764
v -1.605803 -2.326407 -0.100000
v -1.623858 -2.352564 -0.141421
v -1.647388 -2.386653 -0.173205
v -1.674789 -2.426351 -0.193185
v -1.203261 -2.535818 -0.051764
v -1.211826 -2.553869 -0.100000
v -1.225451 -2.582584 -0.141421
v -1.243208 -2.620006 -0.173205
v -1.263887 -2.663585 -0.193185
v -0.780905 -2.695996 -0.051764
v -0.786464 -2.715188 -0.100000
v -0.795307 -2.745717 -0.141421
v -0.806831 -2.785503 -0.173205
v -0.820251 -2.831834 -0.193185
v -0.338324 -2.786350 -0.051764
v -0.340732 -2.806184 -0.100000
v -0.344564 -2.837736 -0.141421
v -0.349556 -2.878856 -0.173205
v -0.355371 -2.926740 -0.193185
v 0.113019 -2.804539 -0.051764
v 0.113824 -2.824502 -0.100000
v 0.115103 -2.856260 -0.141421
v 0.116771 -2.897648 -0.173205
v 0.118714 -2.945845 -0.193185
v 0.561435 -2.750091 -0.051764
v 0.565432 -2.769667 -0.100000
v 0.571789 -2.800809 -0.141421
v 0.580075 -2.841393 -0.173205
v 0.589723 -2.888654 -0.193185
v 0.995310 -2.624417 -0.051764
v 1.002395 -2.643099 -0.100000
v 1.013666 -2.672817 -0.141421
v 1.028354 -2.711547 -0.173205
v 1.045459 -2.756649 -0.193185
v 1.403407 -2.430773 -0.051764
v 1.413397 -2.448076 -0.100000
v 1.429289 -2.475602 -0.141421
v 1.450000 -2.511474 -0.173205
v 1.474118 -2.553247 -0.193185
v 1.775157 -2.174173 -0.051764
v 1.787793 -2.189649 -0.100000
v 1.807895 -2.214269 -0.141421
v 1.834092 -2.246354 -0.173205
v 1.864598 -2.283718 -0.193185
v 2.100931 -1.861263 -0.051764
v 2.115886 -1.874512 -0.100000
v 2.139677 -1.895588 -0.141421
v 2.170681 -1.923056 -0.173205
v 2.206786 -1.955042 -0.193185
v 2.372292 -1.500147 -0.051764
v 2.389179 -1.510825 -0.100000
v 2.416042 -1.527813 -0.141421
v 2.451051 -1.549951 -0.173205
v 2.491820 -1.575731 -0.193185
v 2.582212 -1.100178 -0.051764
v 2.600593 -1.108009 -0.100000
v 2.629834 -1.120467 -0.141421
v 2.667940 -1.136703 -0.173205
v 2.712317 -1.155610 -0.193185
v 2.725254 -0.671715 -0.051764
v 2.744653 -0.676496 -0.100000
v 2.775514 -0.684103 -0.141421
v 2.815731 -0.694015 -0.173205
v 2.862566 -0.705559 -0.193185
v 2.817628 -0.227462 -0.100000
v 2.849309 -0.230020 -0.141421
v 2.890596 -0.233353 -0.173205
v 2.938676 -0.237234 -0.193185
v 2.725254 0.671715 -0.051764
v 2.744653 0.676496 -0.100000
v 2.775514 0.684103 -0.141421
v 2.815731 0.694015 -0.173205
v 2.862566 0.705559 -0.193185
v 2.938676 0.237234 -0.193185
v 2.890596 0.233353 -0.173205
v 2.849309 0.230020 -0.141421
v 2.817628 0.227462 -0.100000
v 2.797713 0.225855 -0.051764
v 2.582212 1.100178 -0.051764
v 2.600593 1.108009 -0.100000
v 2.629834 1.120467 -0.141421
v 2.667940 1.136703 -0.173205
v 2.712317 1.155610 -0.193185
v 2.372292 1.500147 -0.051764
v 2.389179 1.510825 -0.100000
v 2.416042 1.527813 -0.141421
v 2.451051 1.549951 -0.173205
v 2.491820 1.575731 -0.193185
v 2.100931 1.861263 -0.051764
v 2.115886 1.874512 -0.100000
v 2.139677 1.895588 -0.141421
v 2.170681 1.923056 -0.173205
v 2.206786 1.955042 -0.193185
v 1.775157 2.174173 -0.051764
v 1.787793 2.189649 -0.100000
v 1.807895 2.214269 -0.141421
v 1.834092 2.246354 -0.173205
v 1.864598 2.283718 -0.193185
v 1.403407 2.430773 -0.051764
v 1.413397 2.448076 -0.100000
v 1.429289 2.475602 -0.141421
v 1.450000 2.511474 -0.173205
v 1.474118 2.553247 -0.193185
v 0.995310 2.624417 -0.051764
v 1.002395 2.643099 -0.100000
v 1.013666 2.672817 -0.141421
v 1.028354 2.711547 -0.173205
v 1.045459 2.756649 -0.193185
v 0.561435 2.750091 -0.051764
v 0.565432 2.769667 -0.100000
v 0.571789 2.800809 -0.141421
v 0.580075 2.841393 -0.173205
v 0.589723 2.888654 -0.193185
v 0.113019 2.804539 -0.051764
v 0.113824 2.824502 -0.100000
v 0.115103 2.856260 -0.141421
v 0.116771 2.897648 -0.173205
v 0.118714 2.945845 -0.193185
v -0.338324 2.786350 -0.051764
v -0.340732 2.806184 -0.100000
v -0.344564 2.837736 -0.141421
v -0.349556 2.878856 -0.173205
v -0.355371 2.926740 -0.193185
v -0.780905 2.695996 -0.051764
v -0.786464 2.715188 -0.100000
v -0.795307 2.745717 -0.141421
v -0.806831 2.785503 -0.173205
v -0.820251 2.831834 -0.193185
v -1.203261 2.535818 -0.051764
v -1.211826 2.553869 -0.100000
v -1.225451 2.582584 -0.141421
v -1.243208 2.620006 -0.173205
v -1.263887 2.663585 -0.193185
v -1.594453 2.309963 -0.051764
v -1.605803 2.326407 -0.100000
v -1.623858 2.352564 -0.141421
v -1.647388 2.386653 -0.173205
v -1.674789 2.426351 -0.193185
v -1.944349 2.024282 -0.051764
v -1.958190 2.038691 -0.100000
v -1.980207 2.061614 -0.141421
v -2.008901 2.091487 -0.173205
v -2.042315 2.126275 -0.193185
v -2.243888 1.686172 -0.051764
v -2.259861 1.698175 -0.100000
v -2.285270 1.717269 -0.141421
v -2.318384 1.742153 -0.173205
v -2.356946 1.771130 -0.193185
v -2.485311 1.304392 -0.051764
v -2.503003 1.313677 -0.100000
v -2.531146 1.328448 -0.141421
v -2.567822 1.347697 -0.173205
v -2.610534 1.370114 -0.193185
v -2.662366 0.888828 -0.051764
v -2.681318 0.895155 -0.100000
v -2.711466 0.905220 -0.141421
v -2.750756 0.918337 -0.173205
v -2.796509 0.933612 -0.193185
v -2.770467 0.450245 -0.051764
v -2.790189 0.453450 -0.100000
v -2.821561 0.458548 -0.141421
v -2.862446 0.465193 -0.173205
v -2.910057 0.472930 -0.193185
v -3.500000 0.000000 -0.200000
v -3.458981 0.534272 -0.200000
v -3.336887 1.056022 -0.200000
v -3.136579 1.553019 -0.200000
v -2.862753 2.013615 -0.200000
v -2.521826 2.427014 -0.200000
v -2.121789 2.783525 -0.200000
v -1.672019 3.074793 -0.200000
v -1.183059 3.293990 -0.200000
v -0.666369 3.435979 -0.200000
v -0.134060 3.497432 -0.200000
v 0.401392 3.476907 -0.200000
v 0.927435 3.374887 -0.200000
v 1.431740 3.193763 -0.200000
v 1.902486 2.937779 -0.200000
v 2.328640 2.612936 -0.200000
v 2.700212 2.226849 -0.200000
v 3.008494 1.788565 -0.200000
v 3.246259 1.308360 -0.200000
v 3.407934 0.797487 -0.200000
v 3.489730 0.267922 -0.200000
v 3.489730 -0.267922 -0.200000
v 3.407934 -0.797487 -0.200000
v 3.246259 -1.308360 -0.200000
v 3.008494 -1.788565 -0.200000
v 2.700212 -2.226849 -0.200000
v 2.328640 -2.612936 -0.200000
v 1.902486 -2.937779 -0.200000
v 1.431740 -3.193763 -0.200000
v 0.927435 -3.374887 -0.200000
v 0.401392 -3.476907 -0.200000
v -0.134060 -3.497432 -0.200000
v -0.666369 -3.435979 -0.200000
v -1.183059 -3.293990 -0.200000
v -1.672019 -3.074793 -0.200000
v -2.121789 -2.783525 -0.200000
v -2.521826 -2.427014 -0.200000
v -2.862753 -2.013615 -0.200000
v -3.136579 -1.553019 -0.200000
v -3.336887 -1.056022 -0.200000
v -3.458981 -0.534272 -0.200000
v -3.500000 0.000000 0.000000
v -3.458981 -0.534272 0.000000
v -3.336887 -1.056022 0.000000
v -3.136579 -1.553019 0.000000
v -2.862753 -2.013615 0.000000
v -2.521826 -2.427014 0.000000
v -2.121789 -2.783525 0.000000
v -1.672019 -3.074793 0.000000
v -1.183059 -3.293990 0.000000
v -0.666369 -3.435979 0.000000
v -0.134060 -3.497432 0.000000
v 0.401392 -3.476907 0.000000
v 0.927435 -3.374887 0.000000
v 1.431740 -3.193763 0.000000
v 1.902486 -2.937779 0.000000
v 2.328640 -2.612936 0.000000
v 2.700212 -2.226849 0.000000
v 3.008494 -1.788565 0.000000
v 3.246259 -1.308360 0.000000
v 3.407934 -0.797487 0.000000
v 3.489730 -0.267922 0.000000
v 3.489730 0.267922 0.000000
v 3.407934 0.797487 0.000000
v 3.246259 1.308360 0.000000
v 3.008494 1.788565 0.000000
v 2.700212 2.226849 0.000000
v 2.328640 2.612936 0.000000
v 1.902486 2.937779 0.000000
v 1.431740 3.193763 0.000000
v 0.927435 3.374887 0.000000
v 0.401392 3.476907 0.000000
v -0.134060 3.497432 0.000000
v -0.666369 3.435979 0.000000
v -1.183059 3.293990 0.000000
v -1.672019 3.074793 0.000000
v -2.121789 2.783525 0.000000
v -2.521826 2.427014 0.000000
v -2.862753 2.013615 0.000000
v -3.136579 1.553019 0.000000
v -3.336887 1.056022 0.000000
v -3.458981 0.534272 0.000000
v 3.000000 0.000000 0.000000
v 2.959084 -0.493784 0.000000
v 2.837452 -0.974098 0.000000
v 2.638421 -1.427842 0.000000
v 2.367422 -1.842638 0.000000
v 2.031845 -2.207172 0.000000
v 1.640844 -2.511499 0.000000
v 1.205086 -2.747320 0.000000
v 0.736456 -2.908201 0.000000
v 0.247738 -2.989753 0.000000
v -0.247738 -2.989753 0.000000
v -0.736456 -2.908201 0.000000
v -1.205086 -2.747320 0.000000
v -1.640844 -2.511499 0.000000
v -2.031845 -2.207172 0.000000
v -2.367422 -1.842638 0.000000
v -2.638421 -1.427842 0.000000
v -2.837452 -0.974098 0.000000
v -2.959084 -0.493784 0.000000
v -3.000000 0.000000 0.000000
v -2.959084 0.493784 0.000000
v -2.837452 0.974098 0.000000
v -2.638421 1.427842 0.000000
v -2.367422 1.842638 0.000000
v -2.031845 2.207172 0.000000
v -1.640844 2.511499 0.000000
v -1.205086 2.747320 0.000000
v -0.736456 2.908201 0.000000
v -0.247738 2.989753 0.000000
v 0.247738 2.989753 0.000000
v 0.736456 2.908201 0.000000
v 1.205086 2.747320 0.000000
v 1.640844 2.511499 0.000000
v 2.031845 2.207172 0.000000
v 2.367422 1.842638 0.000000
v 2.638421 1.427842 0.000000
v 2.837452 0.974098 0.000000
v 2.959084 0.493784 0.000000
v -0.000000 -0.000000 2.800000
v -2.765527 -0.000000 0.438017
v -2.662958 -0.000000 0.865248
v -2.494818 -0.000000 1.271173
v -2.265248 -0.000000 1.645799
v -1.979899 -0.000000 1.979899
v -1.645799 -0.000000 2.265248
v -1.271173 -0.000000 2.494818
v -0.865248 -0.000000 2.662958
v -0.438017 -0.000000 2.765527
v -2.725748 0.467376 0.438017
v -2.624654 0.450042 0.865248
v -2.458933 0.421626 1.271173
v -2.232664 0.382829 1.645799
v -1.951420 0.334605 1.979899
v -1.622125 0.278141 2.265248
v -1.252889 0.214829 2.494818
v -0.852802 0.146228 2.662958
v -0.431716 0.074025 2.765527
v -2.607553 0.921307 0.438017
v -2.510843 0.887137 0.865248
v -2.352308 0.831123 1.271173
v -2.135851 0.754644 1.645799
v -1.866802 0.659583 1.979899
v -1.551786 0.548281 2.265248
v -1.198561 0.423478 2.494818
v -0.815822 0.288248 2.662958
v -0.412996 0.145921 2.765527
v -2.414344 1.348734 0.438017
v -2.324800 1.298711 0.865248
v -2.178012 1.216710 1.271173
v -1.977593 1.104750 1.645799
v -1.728480 0.965587 1.979899
v -1.436805 0.802648 2.265248
v -1.109752 0.619945 2.494818
v -0.755373 0.421977 2.662958
v -0.382395 0.213618 2.765527
v -2.151679 1.737360 0.438017
v -2.071877 1.672924 0.865248
v -1.941058 1.567295 1.271173
v -1.762444 1.423074 1.645799
v -1.540432 1.243812 1.979899
v -1.280490 1.033924 2.265248
v -0.989018 0.798577 2.494818
v -0.673194 0.543566 2.662958
v -0.340792 0.275171 2.765527
v -1.827114 2.076005 0.438017
v -1.759349 1.999009 0.865248
v -1.648263 1.872791 1.271173
v -1.496592 1.700459 1.645799
v -1.308069 1.486255 1.979899
v -1.087338 1.235456 2.265248
v -0.839832 0.954235 2.494818
v -0.571647 0.649517 2.662958
v -0.289386 0.328807 2.765527
v -1.449986 2.354927 0.438017
v -1.396208 2.267587 0.865248
v -1.308051 2.124410 1.271173
v -1.187686 1.928924 1.645799
v -1.038075 1.685942 1.979899
v -0.862904 1.401446 2.265248
v -0.666485 1.082441 2.494818
v -0.453656 0.736784 2.662958
v -0.229655 0.372984 2.765527
v -1.031145 2.566102 0.438017
v -0.992901 2.470930 0.865248
v -0.930209 2.314914 1.271173
v -0.844612 2.101898 1.645799
v -0.738218 1.837127 1.979899
v -0.613647 1.527119 2.265248
v -0.473965 1.179508 2.494818
v -0.322613 0.802854 2.662958
v -0.163317 0.406431 2.765527
v -0.582639 2.703456 0.438017
v -0.561030 2.603189 0.865248
v -0.525606 2.438823 1.271173
v -0.477241 2.214405 1.645799
v -0.417124 1.935461 1.979899
v -0.346736 1.608859 2.265248
v -0.267810 1.242642 2.494818
v -0.182290 0.845827 2.662958
v -0.092281 0.428185 2.765527
v -0.117372 2.763036 0.438017
v -0.113019 2.660559 0.865248
v -0.105883 2.492570 1.271173
v -0.096140 2.263207 1.645799
v -0.084029 1.978115 1.979899
v -0.069850 1.644316 2.265248
v -0.053950 1.270028 2.494818
v -0.036722 0.864468 2.662958
v -0.018590 0.437622 2.765527
v 0.351271 2.743128 0.438017
v 0.338243 2.641389 0.865248
v 0.316886 2.474611 1.271173
v 0.287727 2.246900 1.645799
v 0.251482 1.963863 1.979899
v 0.209046 1.632468 2.265248
v 0.161462 1.260877 2.494818
v 0.109902 0.858239 2.662958
v 0.055636 0.434469 2.765527
v 0.809809 2.644305 0.438017
v 0.779775 2.546232 0.865248
v 0.730540 2.385462 1.271173
v 0.663316 2.165954 1.645799
v 0.579760 1.893114 1.979899
v 0.481927 1.573658 2.265248
v 0.372229 1.215454 2.494818
v 0.253364 0.827321 2.662958
v 0.128261 0.418817 2.765527
v 1.245051 2.469411 0.438017
v 1.198874 2.377824 0.865248
v 1.123177 2.227688 1.271173
v 1.019823 2.022698 1.645799
v 0.891358 1.767903 1.979899
v 0.740945 1.469576 2.265248
v 0.572287 1.135064 2.494818
v 0.389538 0.772602 2.662958
v 0.197197 0.391116 2.765527
v 1.644474 2.223476 0.438017
v 1.583483 2.141011 0.865248
v 1.483502 2.005827 1.271173
v 1.346991 1.821253 1.645799
v 1.177314 1.591833 1.979899
v 0.978647 1.323217 2.265248
v 0.755882 1.022020 2.494818
v 0.514505 0.695657 2.662958
v 0.260459 0.352164 2.765527
v 1.996589 1.913576 0.438017
v 1.922539 1.842604 0.865248
v 1.801149 1.726262 1.271173
v 1.635409 1.567413 1.645799
v 1.429400 1.369969 1.979899
v 1.188194 1.138792 2.265248
v 0.917731 0.879574 2.494818
v 0.624671 0.598698 2.662958
v 0.316229 0.303081 2.765527
v 2.291266 1.548626 0.438017
v 2.206287 1.491189 0.865248
v 2.066981 1.397035 1.271173
v 1.876779 1.268482 1.645799
v 1.640365 1.108694 1.979899
v 1.363560 0.921606 2.265248
v 1.053179 0.711825 2.494818
v 0.716866 0.484517 2.662958
v 0.362901 0.245278 2.765527
v 2.520027 1.139124 0.438017
v 2.426563 1.096876 0.865248
v 2.273349 1.027619 1.271173
v 2.064158 0.933058 1.645799
v 1.804140 0.815523 1.979899
v 1.499699 0.677907 2.265248
v 1.158329 0.523598 2.494818
v 0.788438 0.356397 2.662958
v 0.399133 0.180420 2.765527
v 2.676292 0.696852 0.438017
v 2.577032 0.671007 0.865248
v 2.414318 0.628639 1.271173
v 2.192155 0.570793 1.645799
v 1.916013 0.498891 1.979899
v 1.592694 0.414705 2.265248
v 1.230156 0.320308 2.494818
v 0.837329 0.218023 2.662958
v 0.423883 0.110371 2.765527
v 2.755565 0.234533 0.438017
v 2.653365 0.225835 0.865248
v 2.485831 0.211575 1.271173
v 2.257087 0.192106 1.645799
v 1.972766 0.167907 1.979899
v 1.639870 0.139573 2.265248
v 1.266594 0.107803 2.494818
v 0.862131 0.073378 2.662958
v 0.436439 0.037146 2.765527
v 2.755565 -0.234533 0.438017
v 2.653365 -0.225835 0.865248
v 2.485831 -0.211575 1.271173
v 2.257087 -0.192106 1.645799
v 1.972766 -0.167907 1.979899
v 1.639870 -0.139573 2.265248
v 1.266594 -0.107803 2.494818
v 0.862131 -0.073378 2.662958
v 0.436439 -0.037146 2.765527
v 2.676292 -0.696852 0.438017
v 2.577032 -0.671007 0.865248
v 2.414318 -0.628639 1.271173
v 2.192155 -0.570793 1.645799
v 1.916013 -0.498891 1.979899
v 1.592694 -0.414705 2.265248
v 1.230156 -0.320308 2.494818
v 0.837329 -0.218023 2.662958
v 0.423883 -0.110371 2.765527
v 2.520027 -1.139124 0.438017
v 2.426563 -1.096876 0.865248
v 2.273349 -1.027619 1.271173
v 2.064158 -0.933058 1.645799
v 1.804140 -0.815523 1.979899
v 1.499699 -0.677907 2.265248
v 1.158329 -0.523598 2.494818
v 0.788438 -0.356397 2.662958
v 0.399133 -0.180420 2.765527
v 2.291266 -1.548626 0.438017
v 2.206287 -1.491189 0.865248
v 2.066981 -1.397035 1.271173
v 1.876779 -1.268482 1.645799
v 1.640365 -1.108694 1.979899
v 1.363560 -0.921606 2.265248
v 1.053179 -0.711825 2.494818
v 0.716866 -0.484517 2.662958
v 0.362901 -0.245278 2.765527
v 1.996589 -1.913576 0.438017
v 1.922539 -1.842604 0.865248
v 1.801149 -1.726262 1.271173
v 1.635409 -1.567413 1.645799
v 1.429400 -1.369969 1.979899
v 1.188194 -1.138792 2.265248
v 0.917731 -0.879574 2.494818
v 0.624671 -0.598698 2.662958
v 0.316229 -0.303081 2.765527
v 1.644474 -2.223476 0.438017
v 1.583483 -2.141011 0.865248
v 1.483502 -2.005827 1.271173
v 1.346991 -1.821253 1.645799
v 1.177314 -1.591833 1.979899
v 0.978647 -1.323217 2.265248
v 0.755882 -1.022020 2.494818
v 0.514505 -0.695657 2.662958
v 0.260459 -0.352164 2.765527
v 1.245051 -2.469411 0.438017
v 1.198874 -2.377824 0.865248
v 1.123177 -2.227688 1.271173
v 1.019823 -2.022698 1.645799
v 0.891358 -1.767903 1.979899
v 0.740945 -1.469576 2.265248
v 0.572287 -1.135064 2.494818
v 0.389538 -0.772602 2.662958
v 0.197197 -0.391116 2.765527
v 0.809809 -2.644305 0.438017
v 0.779775 -2.546232 0.865248
v 0.730540 -2.385462 1.271173
v 0.663316 -2.165954 1.645799
v 0.579760 -1.893114 1.979899
v 0.481927 -1.573658 2.265248
v 0.372229 -1.215454 2.494818
v 0.253364 -0.827321 2.662958
v 0.128261 -0.418817 2.765527
v 0.351271 -2.743128 0.438017
v 0.338243 -2.641389 0.865248
v 0.316886 -2.474611 1.271173
v 0.287727 -2.246900 1.645799
v 0.251482 -1.963863 1.979899
v 0.209046 -1.632468 2.265248
v 0.161462 -1.260877 2.494818
v 0.109902 -0.858239 2.662958
v 0.055636 -0.434469 2.765527
v -0.117372 -2.763036 0.438017
v -0.113019 -2.660559 0.865248
v -0.105883 -2.492570 1.271173
v -0.096140 -2.263207 1.645799
v -0.084029 -1.978115 1.979899
v -0.069850 -1.644316 2.265248
v -0.053950 -1.270028 2.494818
v -0.036722 -0.864468 2.662958
v -0.018590 -0.437622 2.765527
v -0.582639 -2.703456 0.438017
v -0.561030 -2.603189 0.865248
v -0.525606 -2.438823 1.271173
v -0.477241 -2.214405 1.645799
v -0.417124 -1.935461 1.979899
v -0.346736 -1.608859 2.265248
v -0.267810 -1.242642 2.494818
v -0.182290 -0.845827 2.662958
v -0.092281 -0.428185 2.765527
v -1.031145 -2.566102 0.438017
v -0.992901 -2.470930 0.865248
v -0.930209 -2.314914 1.271173
v -0.844612 -2.101898 1.645799
v -0.738218 -1.837127 1.979899
v -0.613647 -1.527119 2.265248
v -0.473965 -1.179508 2.494818
v -0.322613 -0.802854 2.662958
v -0.163317 -0.406431 2.765527
v -1.449986 -2.354927 0.438017
v -1.396208 -2.267587 0.865248
v -1.308051 -2.124410 1.271173
v -1.187686 -1.928924 1.645799
v -1.038075 -1.685942 1.979899
v -0.862904 -1.401446 2.265248
v -0.666485 -1.082441 2.494818
v -0.453656 -0.736784 2.662958
v -0.229655 -0.372984 2.765527
v -1.827114 -2.076005 0.438017
v -1.759349 -1.999009 0.865248
v -1.648263 -1.872791 1.271173
v -1.496592 -1.700459 1.645799
v -1.308069 -1.486255 1.979899
v -1.087338 -1.235456 2.265248
v -0.839832 -0.954235 2.494818
v -0.571647 -0.649517 2.662958
v -0.289386 -0.328807 2.765527
v -2.151679 -1.737360 0.438017
v -2.071877 -1.672924 0.865248
v -1.941058 -1.567295 1.271173
v -1.762444 -1.423074 1.645799
v -1.540432 -1.243812 1.979899
v -1.280490 -1.033924 2.265248
v -0.989018 -0.798577 2.494818
v -0.673194 -0.543566 2.662958
v -0.340792 -0.275171 2.765527
v -2.414344 -1.348734 0.438017
v -2.324800 -1.298711 0.865248
v -2.178012 -1.216710 1.271173
v -1.977593 -1.104750 1.645799
v -1.728480 -0.965587 1.979899
v -1.436805 -0.802648 2.265248
v -1.109752 -0.619945 2.494818
v -0.755373 -0.421977 2.662958
v -0.382395 -0.213618 2.765527
v -2.607553 -0.921307 0.438017
v -2.510843 -0.887137 0.865248
v -2.352308 -0.831123 1.271173
v -2.135851 -0.754644 1.645799
v -1.866802 -0.659583 1.979899
v -1.551786 -0.548281 2.265248
v -1.198561 -0.423478 2.494818
v -0.815822 -0.288248 2.662958
v -0.412996 -0.145921 2.765527
v -2.725748 -0.467376 0.438017
v -2.624654 -0.450042 0.865248
v -2.458933 -0.421626 1.271173
v -2.232664 -0.382829 1.645799
v -1.951420 -0.334605 1.979899
v -1.622125 -0.278141 2.265248
v -1.252889 -0.214829 2.494818
v -0.852802 -0.146228 2.662958
v -0.431716 -0.074025 2.765527
v -0.000000 0.000000 3.000000
v -2.963065 0.000000 0.469303
v -2.853170 0.000000 0.927051
v -2.673020 0.000000 1.361971
v -2.427051 0.000000 1.763356
v -2.121320 0.000000 2.121320
v -1.763356 0.000000 2.427051
v -1.361971 0.000000 2.673020
v -0.927051 0.000000 2.853170
v -0.469303 0.000000 2.963065
v 2.922653 0.487704 0.469303
v 2.814256 0.469616 0.927051
v 2.636563 0.439965 1.361971
v 2.393949 0.399479 1.763356
v 2.092388 0.349158 2.121320
v 1.739306 0.290239 2.427051
v 1.343396 0.224173 2.673020
v 0.914407 0.152588 2.853170
v 0.462903 0.077245 2.963065
v 0.469303 0.000000 2.963065
v 0.927051 0.000000 2.853170
v 1.361971 0.000000 2.673020
v 1.763356 0.000000 2.427051
v 2.121320 0.000000 2.121320
v 2.427051 0.000000 1.763356
v 2.673020 0.000000 1.361971
v 2.853170 0.000000 0.927051
v 2.963065 0.000000 0.469303
v 2.802518 0.962106 0.469303
v 2.698577 0.926423 0.927051
v 2.528188 0.867928 1.361971
v 2.295547 0.788062 1.763356
v 2.006381 0.688792 2.121320
v 1.667812 0.572561 2.427051
v 1.288176 0.442231 2.673020
v 0.876821 0.301013 2.853170
v 0.443875 0.152383 2.963065
v 2.605938 1.410263 0.469303
v 2.509288 1.357959 0.927051
v 2.350851 1.272217 1.361971
v 2.134528 1.155149 1.763356
v 1.865646 1.009637 2.121320
v 1.550825 0.839265 2.427051
v 1.197818 0.648227 2.673020
v 0.815317 0.441227 2.853170
v 0.412740 0.223364 2.963065
v 2.338275 1.819952 0.469303
v 2.251552 1.752453 0.927051
v 2.109388 1.641803 1.361971
v 1.915284 1.490726 1.763356
v 1.674020 1.302942 2.121320
v 1.391535 1.083076 2.427051
v 1.074787 0.836540 2.673020
v 0.731573 0.569406 2.853170
v 0.370346 0.288252 2.963065
v 2.006829 2.179998 0.469303
v 1.932399 2.099145 0.927051
v 1.810387 1.966604 1.361971
v 1.643797 1.785639 1.763356
v 1.436731 1.560706 2.121320
v 1.194288 1.297343 2.427051
v 0.922438 1.002035 2.673020
v 0.627875 0.682054 2.853170
v 0.317851 0.345278 2.963065
v 1.620643 2.480579 0.469303
v 1.560536 2.388578 0.927051
v 1.462003 2.237762 1.361971
v 1.327471 2.031846 1.763356
v 1.160252 1.775898 2.121320
v 0.964464 1.476222 2.427051
v 0.744928 1.140197 2.673020
v 0.507049 0.776096 2.853170
v 0.256685 0.392885 2.963065
v 1.190250 2.713496 0.469303
v 1.146105 2.612857 0.927051
v 1.073740 2.447880 1.361971
v 0.974935 2.222629 1.763356
v 0.852125 1.942649 2.121320
v 0.708332 1.614834 2.427051
v 0.547098 1.247257 2.673020
v 0.372392 0.848969 2.853170
v 0.188517 0.429776 2.963065
v 0.727389 2.872396 0.469303
v 0.700412 2.765863 0.927051
v 0.656188 2.591226 1.361971
v 0.595806 2.352784 1.763356
v 0.520753 2.056409 2.121320
v 0.432878 1.709398 2.427051
v 0.334344 1.320296 2.673020
v 0.227578 0.898683 2.853170
v 0.115207 0.454943 2.963065
v 0.244688 2.952945 0.469303
v 0.235613 2.843425 0.927051
v 0.220736 2.663890 1.361971
v 0.200424 2.418761 1.763356
v 0.175177 2.114075 2.121320
v 0.145617 1.757333 2.427051
v 0.112471 1.357320 2.673020
v 0.076555 0.923885 2.853170
v 0.038755 0.467700 2.963065
v -0.244688 2.952945 0.469303
v -0.235613 2.843425 0.927051
v -0.220736 2.663890 1.361971
v -0.200424 2.418761 1.763356
v -0.175177 2.114075 2.121320
v -0.145617 1.757333 2.427051
v -0.112471 1.357320 2.673020
v -0.076555 0.923885 2.853170
v -0.038755 0.467700 2.963065
v -0.727389 2.872396 0.469303
v -0.700412 2.765863 0.927051
v -0.656188 2.591226 1.361971
v -0.595806 2.352784 1.763356
v -0.520753 2.056409 2.121320
v -0.432878 1.709398 2.427051
v -0.334344 1.320296 2.673020
v -0.227578 0.898683 2.853170
v -0.115207 0.454943 2.963065
v -1.190250 2.713496 0.469303
v -1.146105 2.612857 0.927051
v -1.073740 2.447880 1.361971
v -0.974935 2.222629 1.763356
v -0.852125 1.942649 2.121320
v -0.708332 1.614834 2.427051
v -0.547098 1.247257 2.673020
v -0.372392 0.848969 2.853170
v -0.188517 0.429776 2.963065
v -1.620643 2.480579 0.469303
v -1.560536 2.388578 0.927051
v -1.462003 2.237762 1.361971
v -1.327471 2.031846 1.763356
v -1.160252 1.775898 2.121320
v -0.964464 1.476222 2.427051
v -0.744928 1.140197 2.673020
v -0.507049 0.776096 2.853170
v -0.256685 0.392885 2.963065
v -2.006829 2.179998 0.469303
v -1.932399 2.099145 0.927051
v -1.810387 1.966604 1.361971
v -1.643797 1.785639 1.763356
v -1.436731 1.560706 2.121320
v -1.194288 1.297343 2.427051
v -0.922438 1.002035 2.673020
v -0.627875 0.682054 2.853170
v -0.317851 0.345278 2.963065
v -2.338275 1.819952 0.469303
v -2.251552 1.752453 0.927051
v -2.109388 1.641803 1.361971
v -1.915284 1.490726 1.763356
v -1.674020 1.302942 2.121320
v -1.391535 1.083076 2.427051
v -1.074787 0.836540 2.673020
v -0.731573 0.569406 2.853170
v -0.370346 0.288252 2.963065
v -2.605938 1.410263 0.469303
v -2.509288 1.357959 0.927051
v -2.350851 1.272217 1.361971
v -2.134528 1.155149 1.763356
v -1.865646 1.009637 2.121320
v -1.550825 0.839265 2.427051
v -1.197818 0.648227 2.673020
v -0.815317 0.441227 2.853170
v -0.412740 0.223364 2.963065
v -2.802518 0.962106 0.469303
v -2.698577 0.926423 0.927051
v -2.528188 0.867928 1.361971
v -2.295547 0.788062 1.763356
v -2.006381 0.688792 2.121320
v -1.667812 0.572561 2.427051
v -1.288176 0.442231 2.673020
v -0.876821 0.301013 2.853170
v -0.443875 0.152383 2.963065
v -2.922653 0.487704 0.469303
v -2.814256 0.469616 0.927051
v -2.636563 0.439965 1.361971
v -2.393949 0.399479 1.763356
v -2.092388 0.349158 2.121320
v -1.739306 0.290239 2.427051
v -1.343396 0.224173 2.673020
v -0.914407 0.152588 2.853170
v -0.462903 0.077245 2.963065
v -2.922653 -0.487704 0.469303
v -2.814256 -0.469616 0.927051
v -2.636563 -0.439965 1.361971
v -2.393949 -0.399479 1.763356
v -2.092388 -0.349158 2.121320
v -1.739306 -0.290239 2.427051
v -1.343396 -0.224173 2.673020
v -0.914407 -0.152588 2.853170
v -0.462903 -0.077245 2.963065
v -2.802518 -0.962106 0.469303
v -2.698577 -0.926423 0.927051
v -2.528188 -0.867928 1.361971
v -2.295547 -0.788062 1.763356
v -2.006381 -0.688792 2.121320
v -1.667812 -0.572561 2.427051
v -1.288176 -0.442231 2.673020
v -0.876821 -0.301013 2.853170
v -0.443875 -0.152383 2.963065
v -2.605938 -1.410263 0.469303
v -2.509288 -1.357959 0.927051
v -2.350851 -1.272217 1.361971
v -2.134528 -1.155149 1.763356
v -1.865646 -1.009637 2.121320
v -1.550825 -0.839265 2.427051
v -1.197818 -0.648227 2.673020
v -0.815317 -0.441227 2.853170
v -0.412740 -0.223364 2.963065
v -2.338275 -1.819952 0.469303
v -2.251552 -1.752453 0.927051
v -2.109388 -1.641803 1.361971
v -1.915284 -1.490726 1.763356
v -1.674020 -1.302942 2.121320
v -1.391535 -1.083076 2.427051
v -1.074787 -0.836540 2.673020
v -0.731573 -0.569406 2.853170
v -0.370346 -0.288252 2.963065
v -2.006829 -2.179998 0.469303
v -1.932399 -2.099145 0.927051
v -1.810387 -1.966604 1.361971
v -1.643797 -1.785639 1.763356
v -1.436731 -1.560706 2.121320
v -1.194288 -1.297343 2.427051
v -0.922438 -1.002035 2.673020
v -0.627875 -0.682054 2.853170
v -0.317851 -0.345278 2.963065
v -1.620643 -2.480579 0.469303
v -1.560536 -2.388578 0.927051
v -1.462003 -2.237762 1.361971
v -1.327471 -2.031846 1.763356
v -1.160252 -1.775898 2.121320
v -0.964464 -1.476222 2.427051
v -0.744928 -1.140197 2.673020
v -0.507049 -0.776096 2.853170
v -0.256685 -0.392885 2.963065
v -1.190250 -2.713496 0.469303
v -1.146105 -2.612857 0.927051
v -1.073740 -2.447880 1.361971
v -0.974935 -2.222629 1.763356
v -0.852125 -1.942649 2.121320
v -0.708332 -1.614834 2.427051
v -0.547098 -1.247257 2.673020
v -0.372392 -0.848969 2.853170
v -0.188517 -0.429776 2.963065
v -0.727389 -2.872396 0.469303
v -0.700412 -2.765863 0.927051
v -0.656188 -2.591226 1.361971
v -0.595806 -2.352784 1.763356
v -0.520753 -2.056409 2.121320
v -0.432878 -1.709398 2.427051
v -0.334344 -1.320296 2.673020
v -0.227578 -0.898683 2.853170
v -0.115207 -0.454943 2.963065
v -0.244688 -2.952945 0.469303
v -0.235613 -2.843425 0.927051
v -0.220736 -2.663890 1.361971
v -0.200424 -2.418761 1.763356
v -0.175177 -2.114075 2.121320
v -0.145617 -1.757333 2.427051
v -0.112471 -1.357320 2.673020
v -0.076555 -0.923885 2.853170
v -0.038755 -0.467700 2.963065
v 0.244688 -2.952945 0.469303
v 0.235613 -2.843425 0.927051
v 0.220736 -2.663890 1.361971
v 0.200424 -2.418761 1.763356
v 0.175177 -2.114075 2.121320
v 0.145617 -1.757333 2.427051
v 0.112471 -1.357320 2.673020
v 0.076555 -0.923885 2.853170
v 0.038755 -0.467700 2.963065
v 0.727389 -2.872396 0.469303
v 0.700412 -2.765863 0.927051
v 0.656188 -2.591226 1.361971
v 0.595806 -2.352784 1.763356
v 0.520753 -2.056409 2.121320
v 0.432878 -1.709398 2.427051
v 0.334344 -1.320296 2.673020
v 0.227578 -0.898683 2.853170
v 0.115207 -0.454943 2.963065
v 1.190250 -2.713496 0.469303
v 1.146105 -2.612857 0.927051
v 1.073740 -2.447880 1.361971
v 0.974935 -2.222629 1.763356
v 0.852125 -1.942649 2.121320
v 0.708332 -1.614834 2.427051
v 0.547098 -1.247257 2.673020
v 0.372392 -0.848969 2.853170
v 0.188517 -0.429776 2.963065
v 1.620643 -2.480579 0.469303
v 1.560536 -2.388578 0.927051
v 1.462003 -2.237762 1.361971
v 1.327471 -2.031846 1.763356
v 1.160252 -1.775898 2.121320
v 0.964464 -1.476222 2.427051
v 0.744928 -1.140197 2.673020
v 0.507049 -0.776096 2.853170
v 0.256685 -0.392885 2.963065
v 2.006829 -2.179998 0.469303
v 1.932399 -2.099145 0.927051
v 1.810387 -1.966604 1.361971
v 1.643797 -1.785639 1.763356
v 1.436731 -1.560706 2.121320
v 1.194288 -1.297343 2.427051
v 0.922438 -1.002035 2.673020
v 0.627875 -0.682054 2.853170
v 0.317851 -0.345278 2.963065
v 2.338275 -1.819952 0.469303
v 2.251552 -1.752453 0.927051
v 2.109388 -1.641803 1.361971
v 1.915284 -1.490726 1.763356
v 1.674020 -1.302942 2.121320
v 1.391535 -1.083076 2.427051
v 1.074787 -0.836540 2.673020
v 0.731573 -0.569406 2.853170
v 0.370346 -0.288252 2.963065
v 2.605938 -1.410263 0.469303
v 2.509288 -1.357959 0.927051
v 2.350851 -1.272217 1.361971
v 2.134528 -1.155149 1.763356
v 1.865646 -1.009637 2.121320
v 1.550825 -0.839265 2.427051
v 1.197818 -0.648227 2.673020
v 0.815317 -0.441227 2.853170
v 0.412740 -0.223364 2.963065
v 2.802518 -0.962106 0.469303
v 2.698577 -0.926423 0.927051
v 2.528188 -0.867928 1.361971
v 2.295547 -0.788062 1.763356
v 2.006381 -0.688792 2.121320
v 1.667812 -0.572561 2.427051
v 1.288176 -0.442231 2.673020
v 0.876821 -0.301013 2.853170
v 0.443875 -0.152383 2.963065
v 2.922653 -0.487704 0.469303
v 2.814256 -0.469616 0.927051
v 2.636563 -0.439965 1.361971
v 2.393949 -0.399479 1.763356
v 2.092388 -0.349158 2.121320
v 1.739306 -0.290239 2.427051
v 1.343396 -0.224173 2.673020
v 0.914407 -0.152588 2.853170
v 0.462903 -0.077245 2.963065
vt 0.200000 -0.359974 0.000000
vt 0.000000 -0.359974 0.000000
vt 0.200000 -0.392699 0.000000
vt 0.000000 -0.392699 0.000000
vt 0.200000 0.392699 0.000000
vt 0.000000 0.392699 0.000000
vt 0.200000 0.359974 0.000000
vt 0.000000 0.359974 0.000000
vt 0.200000 0.327249 0.000000
vt 0.000000 0.327249 0.000000
vt 0.200000 0.294524 0.000000
vt 0.000000 0.294524 0.000000
vt 0.200000 0.261799 0.000000
vt 0.000000 0.261799 0.000000
vt 0.200000 0.229074 0.000000
vt 0.000000 0.229074 0.000000
vt 0.200000 0.196350 0.000000
vt 0.000000 0.196350 0.000000
vt 0.200000 0.163625 0.000000
vt 0.000000 0.163625 0.000000
vt 0.200000 0.130900 0.000000
vt 0.000000 0.130900 0.000000
vt 0.200000 0.098175 0.000000
vt 0.000000 0.098175 0.000000
vt 0.200000 0.065450 0.000000
vt 0.000000 0.065450 0.000000
vt 0.200000 0.032725 0.000000
vt 0.000000 0.032725 0.000000
vt 0.200000 0.000000 0.000000
vt 0.000000 0.000000 0.000000
vt 0.200000 -0.032725 0.000000
vt 0.000000 -0.032725 0.000000
vt 0.200000 -0.065450 0.000000
vt 0.000000 -0.065450 0.000000
vt 0.200000 -0.098175 0.000000
vt 0.000000 -0.098175 0.000000
vt 0.200000 -0.130900 0.000000
vt 0.000000 -0.130900 0.000000
vt 0.200000 -0.163625 0.000000
vt 0.000000 -0.163625 0.000000
vt 0.200000 -0.196350 0.000000
vt 0.000000 -0.196350 0.000000
vt 0.200000 -0.229074 0.000000
vt 0.000000 -0.229074 0.000000
vt 0.200000 -0.261799 0.000000
vt 0.000000 -0.261799 0.000000
vt 0.200000 -0.294524 0.000000
vt 0.000000 -0.294524 0.000000
vt 0.200000 -0.327249 0.000000
vt 0.000000 -0.327249 0.000000
vt 0.200000 -0.359974 0.000000
vt 0.000000 -0.359974 0.000000
vt 0.200000 -0.392699 0.000000
vt 0.000000 -0.392699 0.000000
vt 0.200000 0.392699 0.000000
vt 0.000000 0.392699 0.000000
vt 0.200000 0.359974 0.000000
vt 0.000000 0.359974 0.000000
vt 0.200000 0.327249 0.000000
vt 0.000000 0.327249 0.000000
vt 0.200000 0.294524 0.000000
vt 0.000000 0.294524 0.000000
vt 0.200000 0.261799 0.000000
vt 0.000000 0.261799 0.000000
vt 0.200000 0.229074 0.000000
vt 0.000000 0.229074 0.000000
vt 0.200000 0.196350 0.000000
vt 0.000000 0.196350 0.000000
vt 0.200000 0.163625 0.000000
vt 0.000000 0.163625 0.000000
vt 0.200000 0.130900 0.000000
vt 0.000000 0.130900 0.000000
vt 0.200000 0.098175 0.000000
vt 0.000000 0.098175 0.000000
vt 0.200000 0.065450 0.000000
vt 0.000000 0.065450 0.000000
vt 0.200000 0.032725 0.000000
vt 0.000000 0.032725 0.000000
vt 0.200000 0.000000 0.000000
vt 0.000000 0.000000 0.000000
vt 0.200000 -0.032725 0.000000
vt 0.000000 -0.032725 0.000000
vt 0.200000 -0.065450 0.000000
vt 0.000000 -0.065450 0.000000
vt 0.200000 -0.098175 0.000000
vt 0.000000 -0.098175 0.000000
vt 0.200000 -0.130900 0.000000
vt 0.000000 -0.130900 0.000000
vt 0.200000 -0.163625 0.000000
vt 0.000000 -0.163625 0.000000
vt 0.200000 -0.196350 0.000000
vt 0.000000 -0.196350 0.000000
vt 0.200000 -0.229074 0.000000
vt 0.000000 -0.229074 0.000000
vt 0.200000 -0.261799 0.000000
vt 0.000000 -0.261799 0.000000
vt 0.200000 -0.294524 0.000000
vt 0.000000 -0.294524 0.000000
vt 0.200000 -0.327249 0.000000
vt 0.000000 -0.327249 0.000000
vt 0.200000 -0.359974 0.000000
vt 0.000000 -0.359974 0.000000
vt 0.200000 -0.392699 0.000000
vt 0.000000 -0.392699 0.000000
vt 0.200000 0.392699 0.000000
vt 0.000000 0.392699 0.000000
vt 0.200000 0.359974 0.000000
vt 0.000000 0.359974 0.000000
vt 0.200000 0.327249 0.000000
vt 0.000000 0.327249 0.000000
vt 0.200000 0.294524 0.000000
vt 0.000000 0.294524 0.000000
vt 0.200000 0.261799 0.000000
vt 0.000000 0.261799 0.000000
vt 0.200000 0.229074 0.000000
vt 0.000000 0.229074 0.000000
vt 0.200000 0.196350 0.000000
vt 0.000000 0.196350 0.000000
vt 0.200000 0.163625 0.000000
vt 0.000000 0.163625 0.000000
vt 0.200000 0.130900 0.000000
vt 0.000000 0.130900 0.000000
vt 0.200000 0.098175 0.000000
vt 0.000000 0.098175 0.000000
vt 0.200000 0.065450 0.000000
vt 0.000000 0.065450 0.000000
vt 0.200000 0.032725 0.000000
vt 0.000000 0.032725 0.000000
vt 0.200000 0.000000 0.000000
vt 0.000000 0.000000 0.000000
vt 0.200000 -0.032725 0.000000
vt 0.000000 -0.032725 0.000000
vt 0.200000 -0.065450 0.000000
vt 0.000000 -0.065450 0.000000
vt 0.200000 -0.098175 0.000000
vt 0.000000 -0.098175 0.000000
vt 0.200000 -0.130900 0.000000
vt 0.000000 -0.130900 0.000000
vt 0.200000 -0.163625 0.000000
vt 0.000000 -0.163625 0.000000
vt 0.200000 -0.196350 0.000000
vt 0.000000 -0.196350 0.000000
vt 0.200000 -0.229074 0.000000
vt 0.000000 -0.229074 0.000000
vt 0.200000 -0.261799 0.000000
vt 0.000000 -0.261799 0.000000
vt 0.200000 -0.294524 0.000000
vt 0.000000 -0.294524 0.000000
vt 0.200000 -0.327249 0.000000
vt 0.000000 -0.327249 0.000000
vt 0.200000 -0.359974 0.000000
vt 0.000000 -0.359974 0.000000
vt 0.200000 -0.392699 0.000000
vt 0.000000 -0.392699 0.000000
vt 0.200000 0.392699 0.000000
vt 0.000000 0.392699 0.000000
vt 0.200000 0.359974 0.000000
vt 0.000000 0.359974 0.000000
vt 0.200000 0.327249 0.000000
vt 0.000000 0.327249 0.000000
vt 0.200000 0.294524 0.000000
vt 0.000000 0.294524 0.000000
vt 0.200000 0.261799 0.000000
vt 0.000000 0.261799 0.000000
vt 0.200000 0.229074 0.000000
vt 0.000000 0.229074 0.000000
vt 0.200000 0.196350 0.000000
vt 0.000000 0.196350 0.000000
vt 0.200000 0.163625 0.000000
vt 0.000000 0.163625 0.000000
vt 0.200000 0.130900 0.000000
vt 0.000000 0.130900 0.000000
vt 0.200000 0.098175 0.000000
vt 0.000000 0.098175 0.000000
vt 0.200000 0.065450 0.000000
vt 0.000000 0.065450 0.000000
vt 0.200000 0.032725 0.000000
vt 0.000000 0.032725 0.000000
vt 0.200000 0.000000 0.000000
vt 0.000000 0.000000 0.000000
vt 0.200000 -0.032725 0.000000
vt 0.000000 -0.032725 0.000000
vt 0.200000 -0.065450 0.000000
vt 0.000000 -0.065450 0.000000
vt 0.200000 -0.098175 0.000000
vt 0.000000 -0.098175 0.000000
vt 0.200000 -0.130900 0.000000
vt 0.000000 -0.130900 0.000000
vt 0.200000 -0.163625 0.000000
vt 0.000000 -0.163625 0.000000
vt 0.200000 -0.196350 0.000000
vt 0.000000 -0.196350 0.000000
vt 0.200000 -0.229074 0.000000
vt 0.000000 -0.229074 0.000000
vt 0.200000 -0.261799 0.000000
vt 0.000000 -0.261799 0.000000
vt 0.200000 -0.294524 0.000000
vt 0.000000 -0.294524 0.000000
vt 0.200000 -0.327249 0.000000
vt 0.000000 -0.327249 0.000000
vt 0.628319 -8.495058 0.000000
vt 0.575959 -8.519952 0.000000
vt 0.628319 -8.980490 0.000000
vt 0.575959 -8.980490 0.000000
vt 0.628319 8.980490 0.000000
vt 0.575959 8.980490 0.000000
vt 0.575959 8.519952 0.000000
vt 0.523599 8.980490 0.000000
vt 0.523599 8.519952 0.000000
vt 0.471239 8.980490 0.000000
vt 0.471239 8.519952 0.000000
vt 0.418879 8.980490 0.000000
vt 0.418879 8.519952 0.000000
vt 0.366519 8.980490 0.000000
vt 0.366519 8.519952 0.000000
vt 0.314159 8.980490 0.000000
vt 0.314159 8.507832 0.000000
vt 0.575959 -8.059414 0.000000
vt 0.628319 -8.009626 0.000000
vt 0.575959 -7.598876 0.000000
vt 0.628319 -7.524194 0.000000
vt 0.575959 -7.138338 0.000000
vt 0.628319 -7.038762 0.000000
vt 0.575959 -6.677800 0.000000
vt 0.628319 -6.553330 0.000000
vt 0.575959 -6.217262 0.000000
vt 0.628319 -6.067898 0.000000
vt 0.575959 -5.756724 0.000000
vt 0.628319 -5.582467 0.000000
vt 0.575959 -5.296186 0.000000
vt 0.628319 -5.097035 0.000000
vt 0.575959 -4.835648 0.000000
vt 0.628319 -4.611603 0.000000
vt 0.575959 -4.375110 0.000000
vt 0.628319 -4.126171 0.000000
vt 0.575959 -3.914572 0.000000
vt 0.628319 -3.640739 0.000000
vt 0.575959 -3.454034 0.000000
vt 0.628319 -3.155307 0.000000
vt 0.575959 -2.993497 0.000000
vt 0.628319 -2.669875 0.000000
vt 0.575959 -2.532959 0.000000
vt 0.628319 -2.184443 0.000000
vt 0.575959 -2.072421 0.000000
vt 0.628319 -1.699012 0.000000
vt 0.575959 -1.611883 0.000000
vt 0.628319 -1.213580 0.000000
vt 0.575959 -1.151345 0.000000
vt 0.628319 -0.728148 0.000000
vt 0.575959 -0.690807 0.000000
vt 0.628319 -0.242716 0.000000
vt 0.575959 -0.230269 0.000000
vt 0.628319 0.242716 0.000000
vt 0.575959 0.230269 0.000000
vt 0.575959 0.690807 0.000000
vt 0.523599 0.690807 0.000000
vt 0.523599 1.151345 0.000000
vt 0.471239 1.151345 0.000000
vt 0.471239 1.611883 0.000000
vt 0.418879 1.611883 0.000000
vt 0.418879 2.072421 0.000000
vt 0.366519 2.072421 0.000000
vt 0.366519 2.532959 0.000000
vt 0.314159 2.363287 0.000000
vt 0.314159 2.835944 0.000000
vt 0.366519 2.993497 0.000000
vt 0.314159 3.308601 0.000000
vt 0.366519 3.454034 0.000000
vt 0.314159 3.781259 0.000000
vt 0.366519 3.914572 0.000000
vt 0.314159 4.253916 0.000000
vt 0.366519 4.375110 0.000000
vt 0.314159 4.726574 0.000000
vt 0.366519 4.835648 0.000000
vt 0.314159 5.199231 0.000000
vt 0.366519 5.296186 0.000000
vt 0.314159 5.671888 0.000000
vt 0.366519 5.756724 0.000000
vt 0.314159 6.144546 0.000000
vt 0.366519 6.217262 0.000000
vt 0.314159 6.617203 0.000000
vt 0.366519 6.677800 0.000000
vt 0.314159 7.089860 0.000000
vt 0.366519 7.138338 0.000000
vt 0.314159 7.562518 0.000000
vt 0.366519 7.598876 0.000000
vt 0.314159 8.035175 0.000000
vt 0.366519 8.059414 0.000000
vt 0.628319 0.728148 0.000000
vt 0.575959 1.151345 0.000000
vt 0.523599 1.611883 0.000000
vt 0.471239 2.072421 0.000000
vt 0.418879 2.532959 0.000000
vt 0.628319 1.213580 0.000000
vt 0.575959 1.611883 0.000000
vt 0.523599 2.072421 0.000000
vt 0.471239 2.532959 0.000000
vt 0.418879 2.993497 0.000000
vt 0.628319 1.699012 0.000000
vt 0.575959 2.072421 0.000000
vt 0.523599 2.532959 0.000000
vt 0.471239 2.993497 0.000000
vt 0.418879 3.454034 0.000000
vt 0.628319 2.184443 0.000000
vt 0.575959 2.532959 0.000000
vt 0.523599 2.993497 0.000000
vt 0.471239 3.454034 0.000000
vt 0.418879 3.914572 0.000000
vt 0.628319 2.669875 0.000000
vt 0.575959 2.993497 0.000000
vt 0.523599 3.454034 0.000000
vt 0.471239 3.914572 0.000000
vt 0.418879 4.375110 0.000000
vt 0.628319 3.155307 0.000000
vt 0.575959 3.454034 0.000000
vt 0.523599 3.914572 0.000000
vt 0.471239 4.375110 0.000000
vt 0.418879 4.835648 0.000000
vt 0.628319 3.640739 0.000000
vt 0.575959 3.914572 0.000000
vt 0.523599 4.375110 0.000000
vt 0.471239 4.835648 0.000000
vt 0.418879 5.296186 0.000000
vt 0.628319 4.126171 0.000000
vt 0.575959 4.375110 0.000000
vt 0.523599 4.835648 0.000000
vt 0.471239 5.296186 0.000000
vt 0.418879 5.756724 0.000000
vt 0.628319 4.611603 0.000000
vt 0.575959 4.835648 0.000000
vt 0.523599 5.296186 0.000000
vt 0.471239 5.756724 0.000000
vt 0.418879 6.217262 0.000000
vt 0.628319 5.097035 0.000000
vt 0.575959 5.296186 0.000000
vt 0.523599 5.756724 0.000000
vt 0.471239 6.217262 0.000000
vt 0.418879 6.677800 0.000000
vt 0.628319 5.582467 0.000000
vt 0.575959 5.756724 0.000000
vt 0.523599 6.217262 0.000000
vt 0.471239 6.677800 0.000000
vt 0.418879 7.138338 0.000000
vt 0.628319 6.067898 0.000000
vt 0.575959 6.217262 0.000000
vt 0.523599 6.677800 0.000000
vt 0.471239 7.138338 0.000000
vt 0.418879 7.598876 0.000000
vt 0.628319 6.553330 0.000000
vt 0.575959 6.677800 0.000000
vt 0.523599 7.138338 0.000000
vt 0.471239 7.598876 0.000000
vt 0.418879 8.059414 0.000000
vt 0.628319 7.038762 0.000000
vt 0.575959 7.138338 0.000000
vt 0.523599 7.598876 0.000000
vt 0.471239 8.059414 0.000000
vt 0.628319 7.524194 0.000000
vt 0.575959 7.598876 0.000000
vt 0.523599 8.059414 0.000000
vt 0.628319 8.009626 0.000000
vt 0.575959 8.059414 0.000000
vt 0.628319 8.495058 0.000000
vt 0.314159 1.890629 0.000000
vt 0.366519 1.611883 0.000000
vt 0.418879 1.151345 0.000000
vt 0.471239 0.690807 0.000000
vt 0.523599 0.230269 0.000000
vt 0.314159 1.417972 0.000000
vt 0.366519 1.151345 0.000000
vt 0.418879 0.690807 0.000000
vt 0.471239 0.230269 0.000000
vt 0.523599 -0.230269 0.000000
vt 0.314159 0.945315 0.000000
vt 0.366519 0.690807 0.000000
vt 0.418879 0.230269 0.000000
vt 0.471239 -0.230269 0.000000
vt 0.523599 -0.690807 0.000000
vt 0.314159 0.472657 0.000000
vt 0.366519 0.230269 0.000000
vt 0.418879 -0.230269 0.000000
vt 0.471239 -0.690807 0.000000
vt 0.523599 -1.151345 0.000000
vt 0.314159 0.000000 0.000000
vt 0.366519 -0.230269 0.000000
vt 0.418879 -0.690807 0.000000
vt 0.471239 -1.151345 0.000000
vt 0.523599 -1.611883 0.000000
vt 0.314159 -0.472657 0.000000
vt 0.366519 -0.690807 0.000000
vt 0.418879 -1.151345 0.000000
vt 0.471239 -1.611883 0.000000
vt 0.523599 -2.072421 0.000000
vt 0.314159 -0.945315 0.000000
vt 0.366519 -1.151345 0.000000
vt 0.418879 -1.611883 0.000000
vt 0.471239 -2.072421 0.000000
vt 0.523599 -2.532959 0.000000
vt 0.314159 -1.417972 0.000000
vt 0.366519 -1.611883 0.000000
vt 0.418879 -2.072421 0.000000
vt 0.471239 -2.532959 0.000000
vt 0.523599 -2.993497 0.000000
vt 0.314159 -1.890629 0.000000
vt 0.366519 -2.072421 0.000000
vt 0.418879 -2.532959 0.000000
vt 0.471239 -2.993497 0.000000
vt 0.523599 -3.454034 0.000000
vt 0.314159 -2.363287 0.000000
vt 0.366519 -2.532959 0.000000
vt 0.418879 -2.993497 0.000000
vt 0.471239 -3.454034 0.000000
vt 0.523599 -3.914572 0.000000
vt 0.314159 -2.835944 0.000000
vt 0.366519 -2.993497 0.000000
vt 0.418879 -3.454034 0.000000
vt 0.471239 -3.914572 0.000000
vt 0.523599 -4.375110 0.000000
vt 0.314159 -3.308601 0.000000
vt 0.366519 -3.454034 0.000000
vt 0.418879 -3.914572 0.000000
vt 0.471239 -4.375110 0.000000
vt 0.523599 -4.835648 0.000000
vt 0.314159 -3.781259 0.000000
vt 0.366519 -3.914572 0.000000
vt 0.418879 -4.375110 0.000000
vt 0.471239 -4.835648 0.000000
vt 0.523599 -5.296186 0.000000
vt 0.314159 -4.253916 0.000000
vt 0.366519 -4.375110 0.000000
vt 0.418879 -4.835648 0.000000
vt 0.471239 -5.296186 0.000000
vt 0.523599 -5.756724 0.000000
vt 0.314159 -4.726574 0.000000
vt 0.366519 -4.835648 0.000000
vt 0.418879 -5.296186 0.000000
vt 0.471239 -5.756724 0.000000
vt 0.523599 -6.217262 0.000000
vt 0.314159 -5.199231 0.000000
vt 0.366519 -5.296186 0.000000
vt 0.418879 -5.756724 0.000000
vt 0.471239 -6.217262 0.000000
vt 0.523599 -6.677800 0.000000
vt 0.314159 -5.671888 0.000000
vt 0.366519 -5.756724 0.000000
vt 0.418879 -6.217262 0.000000
vt 0.471239 -6.677800 0.000000
vt 0.523599 -7.138338 0.000000
vt 0.314159 -6.144546 0.000000
vt 0.366519 -6.217262 0.000000
vt 0.418879 -6.677800 0.000000
vt 0.471239 -7.138338 0.000000
vt 0.523599 -7.598876 0.000000
vt 0.314159 -6.617203 0.000000
vt 0.366519 -6.677800 0.000000
vt 0.418879 -7.138338 0.000000
vt 0.471239 -7.598876 0.000000
vt 0.523599 -8.059414 0.000000
vt 0.314159 -7.089860 0.000000
vt 0.366519 -7.138338 0.000000
vt 0.418879 -7.598876 0.000000
vt 0.471239 -8.059414 0.000000
vt 0.523599 -8.519952 0.000000
vt 0.314159 -7.562518 0.000000
vt 0.366519 -7.598876 0.000000
vt 0.418879 -8.059414 0.000000
vt 0.471239 -8.519952 0.000000
vt 0.523599 -8.980490 0.000000
vt 0.314159 -8.035175 0.000000
vt 0.366519 -8.059414 0.000000
vt 0.418879 -8.519952 0.000000
vt 0.471239 -8.980490 0.000000
vt 0.314159 -8.507832 0.000000
vt 0.366519 -8.519952 0.000000
vt 0.418879 -8.980490 0.000000
vt 0.314159 -8.980490 0.000000
vt 0.366519 -8.980490 0.000000
vt 3.154234 -0.018942 0.000000
vt 3.149974 0.013411 0.000000
vt 3.000000 0.000000 0.000000
vt 3.154234 0.045763 0.000000
vt 3.166721 0.075911 0.000000
vt 3.186586 0.101799 0.000000
vt 2.959084 0.493784 0.000000
vt 3.212474 0.121664 0.000000
vt 3.242622 0.134151 0.000000
vt 3.274974 0.138411 0.000000
vt 3.489730 0.267922 0.000000
vt 3.407934 0.797487 0.000000
vt 3.307327 0.134151 0.000000
vt 3.337474 0.121664 0.000000
vt 3.363363 0.101799 0.000000
vt 3.383227 0.075911 0.000000
vt 3.395715 0.045763 0.000000
vt 3.399974 0.013411 0.000000
vt 3.489730 -0.267922 0.000000
vt 3.395715 -0.018942 0.000000
vt 3.383227 -0.049089 0.000000
vt 3.363363 -0.074978 0.000000
vt 3.337474 -0.094843 0.000000
vt 3.307327 -0.107330 0.000000
vt 3.274974 -0.111589 0.000000
vt 2.959084 -0.493784 0.000000
vt 3.407934 -0.797487 0.000000
vt 2.837452 -0.974098 0.000000
vt 3.246259 -1.308360 0.000000
vt 2.638421 -1.427842 0.000000
vt 3.008494 -1.788565 0.000000
vt 2.367422 -1.842638 0.000000
vt 2.700212 -2.226849 0.000000
vt 2.031845 -2.207172 0.000000
vt 2.328640 -2.612936 0.000000
vt 1.640844 -2.511499 0.000000
vt 1.902486 -2.937779 0.000000
vt 1.431740 -3.193763 0.000000
vt 1.205086 -2.747320 0.000000
vt 0.927435 -3.374887 0.000000
vt 0.736456 -2.908201 0.000000
vt 0.401392 -3.476907 0.000000
vt 0.247738 -2.989753 0.000000
vt 0.134151 -3.242622 0.000000
vt 0.121664 -3.212474 0.000000
vt 0.101799 -3.186586 0.000000
vt 0.075911 -3.166721 0.000000
vt 0.045763 -3.154234 0.000000
vt 0.013411 -3.149974 0.000000
vt -0.247738 -2.989753 0.000000
vt -0.018942 -3.154234 0.000000
vt -0.049089 -3.166721 0.000000
vt -0.074978 -3.186586 0.000000
vt -0.094843 -3.212474 0.000000
vt -0.107330 -3.242622 0.000000
vt -0.111589 -3.274974 0.000000
vt -0.666369 -3.435979 0.000000
vt -0.107330 -3.307327 0.000000
vt -0.134060 -3.497432 0.000000
vt -0.094843 -3.337474 0.000000
vt -0.074978 -3.363363 0.000000
vt -0.049089 -3.383227 0.000000
vt -0.018942 -3.395715 0.000000
vt 0.013411 -3.399974 0.000000
vt 0.045763 -3.395715 0.000000
vt 0.075911 -3.383227 0.000000
vt 0.101799 -3.363363 0.000000
vt 0.121664 -3.337474 0.000000
vt 0.134151 -3.307327 0.000000
vt 0.138411 -3.274974 0.000000
vt 3.242622 -0.107330 0.000000
vt 3.212474 -0.094843 0.000000
vt 3.186586 -0.074978 0.000000
vt 3.166721 -0.049089 0.000000
vt -0.134151 3.307327 0.000000
vt -0.666369 3.435979 0.000000
vt -0.138411 3.274974 0.000000
vt -0.247738 2.989753 0.000000
vt -0.134151 3.242622 0.000000
vt -0.121664 3.212474 0.000000
vt -0.101799 3.186586 0.000000
vt -0.075911 3.166721 0.000000
vt -0.045763 3.154234 0.000000
vt -0.013411 3.149974 0.000000
vt 0.247738 2.989753 0.000000
vt 0.018942 3.154234 0.000000
vt 0.049089 3.166721 0.000000
vt 0.074978 3.186586 0.000000
vt 0.094843 3.212474 0.000000
vt 0.107330 3.242622 0.000000
vt 0.401392 3.476907 0.000000
vt 0.111589 3.274974 0.000000
vt 0.107330 3.307327 0.000000
vt 0.094843 3.337474 0.000000
vt 0.074978 3.363363 0.000000
vt 0.049089 3.383227 0.000000
vt 0.018942 3.395715 0.000000
vt -0.134060 3.497432 0.000000
vt -0.013411 3.399974 0.000000
vt -0.045763 3.395715 0.000000
vt -0.075911 3.383227 0.000000
vt -0.101799 3.363363 0.000000
vt -0.121664 3.337474 0.000000
vt -3.395715 -0.045763 0.000000
vt -3.399974 -0.013411 0.000000
vt -3.500000 -0.000000 0.000000
vt -3.395715 0.018942 0.000000
vt -3.383227 0.049089 0.000000
vt -3.363363 0.074978 0.000000
vt -3.458981 0.534272 0.000000
vt -3.337474 0.094843 0.000000
vt -3.307327 0.107330 0.000000
vt -3.274974 0.111589 0.000000
vt -3.242622 0.107330 0.000000
vt -2.959084 0.493784 0.000000
vt -3.212474 0.094843 0.000000
vt -3.186586 0.074978 0.000000
vt -3.000000 -0.000000 0.000000
vt -3.166721 0.049089 0.000000
vt -3.154234 0.018942 0.000000
vt -3.149974 -0.013411 0.000000
vt -3.154234 -0.045763 0.000000
vt -3.166721 -0.075911 0.000000
vt -3.186586 -0.101799 0.000000
vt -2.959084 -0.493784 0.000000
vt -3.212474 -0.121664 0.000000
vt -3.242622 -0.134151 0.000000
vt -3.458981 -0.534272 0.000000
vt -3.274974 -0.138411 0.000000
vt -3.307327 -0.134151 0.000000
vt -3.337474 -0.121664 0.000000
vt -3.363363 -0.101799 0.000000
vt -3.383227 -0.075911 0.000000
vt -3.336887 -1.056022 0.000000
vt -2.837452 -0.974098 0.000000
vt -3.136579 -1.553019 0.000000
vt -2.638421 -1.427842 0.000000
vt -2.862753 -2.013615 0.000000
vt -2.367422 -1.842638 0.000000
vt -2.521826 -2.427014 0.000000
vt -2.031845 -2.207172 0.000000
vt -2.121789 -2.783525 0.000000
vt -1.640844 -2.511499 0.000000
vt -1.672019 -3.074793 0.000000
vt -1.205086 -2.747320 0.000000
vt -1.183059 -3.293990 0.000000
vt -0.736456 -2.908201 0.000000
vt 2.837452 0.974098 0.000000
vt 3.246259 1.308360 0.000000
vt 2.638421 1.427842 0.000000
vt 3.008494 1.788565 0.000000
vt 2.367422 1.842638 0.000000
vt 2.700212 2.226849 0.000000
vt 2.031845 2.207172 0.000000
vt 2.328640 2.612936 0.000000
vt 1.640844 2.511499 0.000000
vt 1.902486 2.937779 0.000000
vt 1.431740 3.193763 0.000000
vt 1.205086 2.747320 0.000000
vt 0.927435 3.374887 0.000000
vt 0.736456 2.908201 0.000000
vt -0.736456 2.908201 0.000000
vt -1.183059 3.293990 0.000000
vt -1.205086 2.747320 0.000000
vt -1.672019 3.074793 0.000000
vt -1.640844 2.511499 0.000000
vt -2.121789 2.783525 0.000000
vt -2.031845 2.207172 0.000000
vt -2.521826 2.427014 0.000000
vt -2.367422 1.842638 0.000000
vt -2.862753 2.013615 0.000000
vt -2.638421 1.427842 0.000000
vt -3.136579 1.553019 0.000000
vt -2.837452 0.974098 0.000000
vt -3.336887 1.056022 0.000000
vt -3.154234 0.045763 0.000000
vt -3.149974 0.013411 0.000000
vt -3.000000 0.000000 0.000000
vt -3.154234 -0.018942 0.000000
vt -3.166721 -0.049089 0.000000
vt -3.186586 -0.074978 0.000000
vt -2.959084 -0.493784 0.000000
vt -3.212474 -0.094843 0.000000
vt -3.242622 -0.107330 0.000000
vt -3.274974 -0.111589 0.000000
vt -3.489730 -0.267922 0.000000
vt -3.407934 -0.797487 0.000000
vt -3.307327 -0.107330 0.000000
vt -3.337474 -0.094843 0.000000
vt -3.363363 -0.074978 0.000000
vt -3.383227 -0.049089 0.000000
vt -3.395715 -0.018942 0.000000
vt -3.399974 0.013411 0.000000
vt -3.489730 0.267922 0.000000
vt -3.395715 0.045763 0.000000
vt -3.383227 0.075911 0.000000
vt -3.363363 0.101799 0.000000
vt -3.337474 0.121664 0.000000
vt -3.307327 0.134151 0.000000
vt -3.274974 0.138411 0.000000
vt -2.959084 0.493784 0.000000
vt -3.407934 0.797487 0.000000
vt -2.837452 0.974098 0.000000
vt -3.246259 1.308360 0.000000
vt -2.638421 1.427842 0.000000
vt -3.008494 1.788565 0.000000
vt -2.367422 1.842638 0.000000
vt -2.700212 2.226849 0.000000
vt -2.031845 2.207172 0.000000
vt -2.328640 2.612936 0.000000
vt -1.640844 2.511499 0.000000
vt -1.902486 2.937779 0.000000
vt -1.431740 3.193763 0.000000
vt -1.205086 2.747320 0.000000
vt -0.927435 3.374887 0.000000
vt -0.736456 2.908201 0.000000
vt -0.401392 3.476907 0.000000
vt -0.247738 2.989753 0.000000
vt -0.107330 3.242622 0.000000
vt -0.094843 3.212474 0.000000
vt -0.074978 3.186586 0.000000
vt -0.049089 3.166721 0.000000
vt -0.018942 3.154234 0.000000
vt 0.013411 3.149974 0.000000
vt 0.247738 2.989753 0.000000
vt 0.045763 3.154234 0.000000
vt 0.075911 3.166721 0.000000
vt 0.101799 3.186586 0.000000
vt 0.121664 3.212474 0.000000
vt 0.134151 3.242622 0.000000
vt 0.138411 3.274974 0.000000
vt 0.666369 3.435979 0.000000
vt 0.134151 3.307327 0.000000
vt 0.134060 3.497432 0.000000
vt 0.121664 3.337474 0.000000
vt 0.101799 3.363363 0.000000
vt 0.075911 3.383227 0.000000
vt 0.045763 3.395715 0.000000
vt 0.013411 3.399974 0.000000
vt -0.018942 3.395715 0.000000
vt -0.049089 3.383227 0.000000
vt -0.074978 3.363363 0.000000
vt -0.094843 3.337474 0.000000
vt -0.107330 3.307327 0.000000
vt -0.111589 3.274974 0.000000
vt -3.242622 0.134151 0.000000
vt -3.212474 0.121664 0.000000
vt -3.186586 0.101799 0.000000
vt -3.166721 0.075911 0.000000
vt 0.107330 -3.307327 0.000000
vt 0.666369 -3.435979 0.000000
vt 0.111589 -3.274974 0.000000
vt 0.247738 -2.989753 0.000000
vt 0.107330 -3.242622 0.000000
vt 0.094843 -3.212474 0.000000
vt 0.074978 -3.186586 0.000000
vt 0.049089 -3.166721 0.000000
vt 0.018942 -3.154234 0.000000
vt -0.013411 -3.149974 0.000000
vt -0.247738 -2.989753 0.000000
vt -0.045763 -3.154234 0.000000
vt -0.075911 -3.166721 0.000000
vt -0.101799 -3.186586 0.000000
vt -0.121664 -3.212474 0.000000
vt -0.134151 -3.242622 0.000000
vt -0.401392 -3.476907 0.000000
vt -0.138411 -3.274974 0.000000
vt -0.134151 -3.307327 0.000000
vt -0.121664 -3.337474 0.000000
vt -0.101799 -3.363363 0.000000
vt -0.075911 -3.383227 0.000000
vt -0.045763 -3.395715 0.000000
vt 0.134060 -3.497432 0.000000
vt -0.013411 -3.399974 0.000000
vt 0.018942 -3.395715 0.000000
vt 0.049089 -3.383227 0.000000
vt 0.074978 -3.363363 0.000000
vt 0.094843 -3.337474 0.000000
vt 3.395715 0.018942 0.000000
vt 3.399974 -0.013411 0.000000
vt 3.500000 -0.000000 0.000000
vt 3.395715 -0.045763 0.000000
vt 3.383227 -0.075911 0.000000
vt 3.363363 -0.101799 0.000000
vt 3.458981 -0.534272 0.000000
vt 3.337474 -0.121664 0.000000
vt 3.307327 -0.134151 0.000000
vt 3.274974 -0.138411 0.000000
vt 3.242622 -0.134151 0.000000
vt 2.959084 -0.493784 0.000000
vt 3.212474 -0.121664 0.000000
vt 3.186586 -0.101799 0.000000
vt 3.000000 -0.000000 0.000000
vt 3.166721 -0.075911 0.000000
vt 3.154234 -0.045763 0.000000
vt 3.149974 -0.013411 0.000000
vt 3.154234 0.018942 0.000000
vt 3.166721 0.049089 0.000000
vt 3.186586 0.074978 0.000000
vt 2.959084 0.493784 0.000000
vt 3.212474 0.094843 0.000000
vt 3.242622 0.107330 0.000000
vt 3.458981 0.534272 0.000000
vt 3.274974 0.111589 0.000000
vt 3.307327 0.107330 0.000000
vt 3.337474 0.094843 0.000000
vt 3.363363 0.074978 0.000000
vt 3.383227 0.049089 0.000000
vt 3.336887 1.056022 0.000000
vt 2.837452 0.974098 0.000000
vt 3.136579 1.553019 0.000000
vt 2.638421 1.427842 0.000000
vt 2.862753 2.013615 0.000000
vt 2.367422 1.842638 0.000000
vt 2.521826 2.427014 0.000000
vt 2.031845 2.207172 0.000000
vt 2.121789 2.783525 0.000000
vt 1.640844 2.511499 0.000000
vt 1.672019 3.074793 0.000000
vt 1.205086 2.747320 0.000000
vt 1.183059 3.293990 0.000000
vt 0.736456 2.908201 0.000000
vt -2.837452 -0.974098 0.000000
vt -3.246259 -1.308360 0.000000
vt -2.638421 -1.427842 0.000000
vt -3.008494 -1.788565 0.000000
vt -2.367422 -1.842638 0.000000
vt -2.700212 -2.226849 0.000000
vt -2.031845 -2.207172 0.000000
vt -2.328640 -2.612936 0.000000
vt -1.640844 -2.511499 0.000000
vt -1.902486 -2.937779 0.000000
vt -1.431740 -3.193763 0.000000
vt -1.205086 -2.747320 0.000000
vt -0.927435 -3.374887 0.000000
vt -0.736456 -2.908201 0.000000
vt 0.736456 -2.908201 0.000000
vt 1.183059 -3.293990 0.000000
vt 1.205086 -2.747320 0.000000
vt 1.672019 -3.074793 0.000000
vt 1.640844 -2.511499 0.000000
vt 2.121789 -2.783525 0.000000
vt 2.031845 -2.207172 0.000000
vt 2.521826 -2.427014 0.000000
vt 2.367422 -1.842638 0.000000
vt 2.862753 -2.013615 0.000000
vt 2.638421 -1.427842 0.000000
vt 3.136579 -1.553019 0.000000
vt 2.837452 -0.974098 0.000000
vt 3.336887 -1.056022 0.000000
vt -0.200000 10.459205 0.000000
vt 0.000000 10.459205 0.000000
vt -0.200000 10.995574 0.000000
vt -0.000000 10.995574 0.000000
vt -0.200000 -10.995574 0.000000
vt -0.000000 -10.995574 0.000000
vt -0.200000 -10.459205 0.000000
vt -0.000000 -10.459205 0.000000
vt -0.200000 -9.922835 0.000000
vt -0.000000 -9.922835 0.000000
vt -0.200000 -9.386466 0.000000
vt -0.000000 -9.386466 0.000000
vt -0.200000 -8.850096 0.000000
vt -0.000000 -8.850096 0.000000
vt -0.200000 -8.313727 0.000000
vt -0.000000 -8.313727 0.000000
vt -0.200000 -7.777357 0.000000
vt -0.000000 -7.777357 0.000000
vt -0.200000 -7.240988 0.000000
vt -0.000000 -7.240988 0.000000
vt -0.200000 -6.704618 0.000000
vt -0.000000 -6.704618 0.000000
vt -0.200000 -6.168249 0.000000
vt -0.000000 -6.168249 0.000000
vt -0.200000 -5.631880 0.000000
vt -0.000000 -5.631880 0.000000
vt -0.200000 -5.095510 0.000000
vt -0.000000 -5.095510 0.000000
vt -0.200000 -4.559141 0.000000
vt -0.000000 -4.559141 0.000000
vt -0.200000 -4.022771 0.000000
vt -0.000000 -4.022771 0.000000
vt -0.200000 -3.486402 0.000000
vt -0.000000 -3.486402 0.000000
vt -0.200000 -2.950032 0.000000
vt -0.000000 -2.950032 0.000000
vt -0.200000 -2.413663 0.000000
vt -0.000000 -2.413663 0.000000
vt -0.200000 -1.877293 0.000000
vt -0.000000 -1.877293 0.000000
vt -0.200000 -1.340924 0.000000
vt -0.000000 -1.340924 0.000000
vt -0.200000 -0.804554 0.000000
vt -0.000000 -0.804554 0.000000
vt -0.200000 -0.268185 0.000000
vt -0.000000 -0.268185 0.000000
vt -0.200000 0.268185 0.000000
vt -0.000000 0.268185 0.000000
vt -0.200000 0.804554 0.000000
vt -0.000000 0.804554 0.000000
vt -0.200000 1.340924 0.000000
vt -0.000000 1.340924 0.000000
vt -0.200000 1.877293 0.000000
vt -0.000000 1.877293 0.000000
vt -0.200000 2.413663 0.000000
vt -0.000000 2.413663 0.000000
vt -0.200000 2.950032 0.000000
vt -0.000000 2.950032 0.000000
vt -0.200000 3.486402 0.000000
vt -0.000000 3.486402 0.000000
vt -0.200000 4.022771 0.000000
vt -0.000000 4.022771 0.000000
vt -0.200000 4.559141 0.000000
vt -0.000000 4.559141 0.000000
vt -0.200000 5.095510 0.000000
vt -0.000000 5.095510 0.000000
vt -0.200000 5.631880 0.000000
vt 0.000000 5.631880 0.000000
vt -0.200000 6.168249 0.000000
vt 0.000000 6.168249 0.000000
vt -0.200000 6.704618 0.000000
vt 0.000000 6.704618 0.000000
vt -0.200000 7.240988 0.000000
vt 0.000000 7.240988 0.000000
vt -0.200000 7.777357 0.000000
vt 0.000000 7.777357 0.000000
vt -0.200000 8.313727 0.000000
vt 0.000000 8.313727 0.000000
vt -0.200000 8.850096 0.000000
vt 0.000000 8.850096 0.000000
vt -0.200000 9.386466 0.000000
vt 0.000000 9.386466 0.000000
vt -0.200000 9.922835 0.000000
vt 0.000000 9.922835 0.000000
vt 0.000000 5.883818 0.000000
vt 0.439823 5.883818 0.000000
vt 0.000000 6.220036 0.000000
vt 0.439823 6.220036 0.000000
vt 0.000000 -6.220036 0.000000
vt 0.439823 -6.220036 0.000000
vt 0.000000 -5.883818 0.000000
vt 0.439823 -5.883818 0.000000
vt 0.000000 -5.547600 0.000000
vt 0.439823 -5.547600 0.000000
vt 0.000000 -5.211382 0.000000
vt 0.439823 -5.211382 0.000000
vt 0.000000 -4.875163 0.000000
vt 0.439823 -4.875163 0.000000
vt 0.000000 -4.538945 0.000000
vt 0.439823 -4.538945 0.000000
vt 0.000000 -4.202727 0.000000
vt 0.439823 -4.202727 0.000000
vt 0.000000 -3.866509 0.000000
vt 0.439823 -3.866509 0.000000
vt 0.000000 -3.530291 0.000000
vt 0.439823 -3.530291 0.000000
vt 0.000000 -3.194073 0.000000
vt 0.439823 -3.194073 0.000000
vt 0.000000 -2.857854 0.000000
vt 0.439823 -2.857854 0.000000
vt 0.000000 -2.521636 0.000000
vt 0.439823 -2.521636 0.000000
vt 0.000000 -2.185418 0.000000
vt 0.439823 -2.185418 0.000000
vt 0.000000 -1.849200 0.000000
vt 0.439823 -1.849200 0.000000
vt 0.000000 -1.512982 0.000000
vt 0.439823 -1.512982 0.000000
vt 0.000000 -1.176764 0.000000
vt 0.439823 -1.176764 0.000000
vt 0.000000 -0.840545 0.000000
vt 0.439823 -0.840545 0.000000
vt 0.000000 -0.504327 0.000000
vt 0.439823 -0.504327 0.000000
vt 0.000000 -0.168109 0.000000
vt 0.439823 -0.168109 0.000000
vt 0.000000 0.168109 0.000000
vt 0.439823 0.168109 0.000000
vt 0.000000 0.504327 0.000000
vt 0.439823 0.504327 0.000000
vt 0.000000 0.840545 0.000000
vt 0.439823 0.840545 0.000000
vt 0.000000 1.176764 0.000000
vt 0.439823 1.176764 0.000000
vt 0.000000 1.512982 0.000000
vt 0.439823 1.512982 0.000000
vt 0.000000 1.849200 0.000000
vt 0.439823 1.849200 0.000000
vt 0.000000 2.185418 0.000000
vt 0.439823 2.185418 0.000000
vt 0.000000 2.521636 0.000000
vt 0.439823 2.521636 0.000000
vt 0.000000 2.857854 0.000000
vt 0.439823 2.857854 0.000000
vt 0.000000 3.194073 0.000000
vt 0.439823 3.194073 0.000000
vt 0.000000 3.530291 0.000000
vt 0.439823 3.530291 0.000000
vt 0.000000 3.866509 0.000000
vt 0.439823 3.866509 0.000000
vt 0.000000 4.202727 0.000000
vt 0.439823 4.202727 0.000000
vt 0.000000 4.538945 0.000000
vt 0.439823 4.538945 0.000000
vt 0.000000 4.875163 0.000000
vt 0.439823 4.875163 0.000000
vt 0.000000 5.211382 0.000000
vt 0.439823 5.211382 0.000000
vt 0.000000 5.547600 0.000000
vt 0.439823 5.547600 0.000000
vt 3.958407 -6.220036 0.000000
vt 4.398230 -6.220036 0.000000
vt 3.958407 -5.883818 0.000000
vt 4.398230 -5.883818 0.000000
vt 3.958407 -5.547600 0.000000
vt 4.398230 -5.547600 0.000000
vt 3.958407 -5.211382 0.000000
vt 4.398230 -5.211382 0.000000
vt 3.958407 -4.875163 0.000000
vt 4.398230 -4.875163 0.000000
vt 3.958407 -4.538945 0.000000
vt 4.398230 -4.538945 0.000000
vt 3.958407 -4.202727 0.000000
vt 4.398230 -4.202727 0.000000
vt 3.958407 -3.866509 0.000000
vt 4.398230 -3.866509 0.000000
vt 3.958407 -3.530291 0.000000
vt 4.398230 -3.530291 0.000000
vt 3.958407 -3.194073 0.000000
vt 4.398230 -3.194073 0.000000
vt 3.958407 -2.857854 0.000000
vt 4.398230 -2.857854 0.000000
vt 3.958407 -2.521636 0.000000
vt 4.398230 -2.521636 0.000000
vt 3.958407 -2.185418 0.000000
vt 3.958407 -1.849200 0.000000
vt 4.398230 -1.849200 0.000000
vt 3.958407 -1.512982 0.000000
vt 4.398230 -1.512982 0.000000
vt 3.958407 -1.176764 0.000000
vt 4.398230 -1.176764 0.000000
vt 3.958407 -0.840545 0.000000
vt 4.398230 -0.840545 0.000000
vt 3.958407 -0.504327 0.000000
vt 4.398230 -0.504327 0.000000
vt 3.958407 -0.168109 0.000000
vt 4.398230 -0.168109 0.000000
vt 3.958407 0.168109 0.000000
vt 4.398230 0.168109 0.000000
vt 3.958407 0.504327 0.000000
vt 4.398230 0.504327 0.000000
vt 3.958407 0.840545 0.000000
vt 4.398230 0.840545 0.000000
vt 3.958407 1.176764 0.000000
vt 4.398230 1.176764 0.000000
vt 3.958407 1.512982 0.000000
vt 4.398230 1.512982 0.000000
vt 3.958407 1.849200 0.000000
vt 3.958407 2.185418 0.000000
vt 4.398230 2.185418 0.000000
vt 3.958407 2.521636 0.000000
vt 4.398230 2.521636 0.000000
vt 3.958407 2.857854 0.000000
vt 4.398230 2.857854 0.000000
vt 3.958407 3.194073 0.000000
vt 4.398230 3.194073 0.000000
vt 3.958407 3.530291 0.000000
vt 4.398230 3.530291 0.000000
vt 3.958407 3.866509 0.000000
vt 4.398230 3.866509 0.000000
vt 3.958407 4.202727 0.000000
vt 4.398230 4.202727 0.000000
vt 3.958407 4.538945 0.000000
vt 4.398230 4.538945 0.000000
vt 3.958407 4.875163 0.000000
vt 4.398230 4.875163 0.000000
vt 3.958407 5.211382 0.000000
vt 4.398230 5.211382 0.000000
vt 3.958407 5.547600 0.000000
vt 4.398230 5.547600 0.000000
vt 3.958407 5.883818 0.000000
vt 4.398230 5.883818 0.000000
vt 3.958407 6.220036 0.000000
vt 0.879646 -6.220036 0.000000
vt 0.879646 -5.883818 0.000000
vt 0.879646 -5.547600 0.000000
vt 0.879646 -5.211382 0.000000
vt 0.879646 -4.875163 0.000000
vt 0.879646 -4.538945 0.000000
vt 0.879646 -4.202727 0.000000
vt 0.879646 -3.866509 0.000000
vt 0.879646 -3.530291 0.000000
vt 0.879646 -3.194073 0.000000
vt 0.879646 -2.857854 0.000000
vt 0.879646 -2.521636 0.000000
vt 0.879646 -2.185418 0.000000
vt 0.879646 -1.849200 0.000000
vt 0.879646 -1.512982 0.000000
vt 0.879646 -1.176764 0.000000
vt 0.879646 -0.840545 0.000000
vt 0.879646 -0.504327 0.000000
vt 0.879646 -0.168109 0.000000
vt 0.879646 0.168109 0.000000
vt 0.879646 0.504327 0.000000
vt 0.879646 0.840545 0.000000
vt 0.879646 1.176764 0.000000
vt 0.879646 1.512982 0.000000
vt 0.879646 1.849200 0.000000
vt 0.879646 2.185418 0.000000
vt 0.879646 2.521636 0.000000
vt 0.879646 2.857854 0.000000
vt 0.879646 3.194073 0.000000
vt 0.879646 3.530291 0.000000
vt 0.879646 3.866509 0.000000
vt 0.879646 4.202727 0.000000
vt 0.879646 4.538945 0.000000
vt 0.879646 4.875163 0.000000
vt 0.879646 5.211382 0.000000
vt 0.879646 5.547600 0.000000
vt 0.879646 5.883818 0.000000
vt 0.879646 6.220036 0.000000
vt 1.319469 -6.220036 0.000000
vt 1.319469 -5.883818 0.000000
vt 1.319469 -5.547600 0.000000
vt 1.319469 -5.211382 0.000000
vt 1.319469 -4.875163 0.000000
vt 1.319469 -4.538945 0.000000
vt 1.319469 -4.202727 0.000000
vt 1.319469 -3.866509 0.000000
vt 1.319469 -3.530291 0.000000
vt 1.319469 -3.194073 0.000000
vt 1.319469 -2.857854 0.000000
vt 1.319469 -2.521636 0.000000
vt 1.319469 -2.185418 0.000000
vt 1.319469 -1.849200 0.000000
vt 1.319469 -1.512982 0.000000
vt 1.319469 -1.176764 0.000000
vt 1.319469 -0.840545 0.000000
vt 1.319469 -0.504327 0.000000
vt 1.319469 -0.168109 0.000000
vt 1.319469 0.168109 0.000000
vt 1.319469 0.504327 0.000000
vt 1.319469 0.840545 0.000000
vt 1.319469 1.176764 0.000000
vt 1.319469 1.512982 0.000000
vt 1.319469 1.849200 0.000000
vt 1.319469 2.185418 0.000000
vt 1.319469 2.521636 0.000000
vt 1.319469 2.857854 0.000000
vt 1.319469 3.194073 0.000000
vt 1.319469 3.530291 0.000000
vt 1.319469 3.866509 0.000000
vt 1.319469 4.202727 0.000000
vt 1.319469 4.538945 0.000000
vt 1.319469 4.875163 0.000000
vt 1.319469 5.211382 0.000000
vt 1.319469 5.547600 0.000000
vt 1.319469 5.883818 0.000000
vt 1.319469 6.220036 0.000000
vt 1.759292 -6.220036 0.000000
vt 1.759292 -5.883818 0.000000
vt 1.759292 -5.547600 0.000000
vt 1.759292 -5.211382 0.000000
vt 1.759292 -4.875163 0.000000
vt 1.759292 -4.538945 0.000000
vt 1.759292 -4.202727 0.000000
vt 1.759292 -3.866509 0.000000
vt 1.759292 -3.530291 0.000000
vt 1.759292 -3.194073 0.000000
vt 1.759292 -2.857854 0.000000
vt 1.759292 -2.521636 0.000000
vt 1.759292 -2.185418 0.000000
vt 1.759292 -1.849200 0.000000
vt 1.759292 -1.512982 0.000000
vt 1.759292 -1.176764 0.000000
vt 1.759292 -0.840545 0.000000
vt 1.759292 -0.504327 0.000000
vt 1.759292 -0.168109 0.000000
vt 1.759292 0.168109 0.000000
vt 1.759292 0.504327 0.000000
vt 1.759292 0.840545 0.000000
vt 1.759292 1.176764 0.000000
vt 1.759292 1.512982 0.000000
vt 1.759292 1.849200 0.000000
vt 1.759292 2.185418 0.000000
vt 1.759292 2.521636 0.000000
vt 1.759292 2.857854 0.000000
vt 1.759292 3.194073 0.000000
vt 1.759292 3.530291 0.000000
vt 1.759292 3.866509 0.000000
vt 1.759292 4.202727 0.000000
vt 1.759292 4.538945 0.000000
vt 1.759292 4.875163 0.000000
vt 1.759292 5.211382 0.000000
vt 1.759292 5.547600 0.000000
vt 1.759292 5.883818 0.000000
vt 1.759292 6.220036 0.000000
vt 2.199115 -6.220036 0.000000
vt 2.199115 -5.883818 0.000000
vt 2.199115 -5.547600 0.000000
vt 2.199115 -5.211382 0.000000
vt 2.199115 -4.875163 0.000000
vt 2.199115 -4.538945 0.000000
vt 2.199115 -4.202727 0.000000
vt 2.199115 -3.866509 0.000000
vt 2.199115 -3.530291 0.000000
vt 2.199115 -3.194073 0.000000
vt 2.199115 -2.857854 0.000000
vt 2.199115 -2.521636 0.000000
vt 2.199115 -2.185418 0.000000
vt 2.199115 -1.849200 0.000000
vt 2.199115 -1.512982 0.000000
vt 2.199115 -1.176764 0.000000
vt 2.199115 -0.840545 0.000000
vt 2.199115 -0.504327 0.000000
vt 2.199115 -0.168109 0.000000
vt 2.199115 0.168109 0.000000
vt 2.199115 0.504327 0.000000
vt 2.199115 0.840545 0.000000
vt 2.199115 1.176764 0.000000
vt 2.199115 1.512982 0.000000
vt 2.199115 1.849200 0.000000
vt 2.199115 2.185418 0.000000
vt 2.199115 2.521636 0.000000
vt 2.199115 2.857854 0.000000
vt 2.199115 3.194073 0.000000
vt 2.199115 3.530291 0.000000
vt 2.199115 3.866509 0.000000
vt 2.199115 4.202727 0.000000
vt 2.199115 4.538945 0.000000
vt 2.199115 4.875163 0.000000
vt 2.199115 5.211382 0.000000
vt 2.199115 5.547600 0.000000
vt 2.199115 5.883818 0.000000
vt 2.199115 6.220036 0.000000
vt 2.638938 -6.220036 0.000000
vt 2.638938 -5.883818 0.000000
vt 2.638938 -5.547600 0.000000
vt 2.638938 -5.211382 0.000000
vt 2.638938 -4.875163 0.000000
vt 2.638938 -4.538945 0.000000
vt 2.638938 -4.202727 0.000000
vt 2.638938 -3.866509 0.000000
vt 2.638938 -3.530291 0.000000
vt 2.638938 -3.194073 0.000000
vt 2.638938 -2.857854 0.000000
vt 2.638938 -2.521636 0.000000
vt 2.638938 -2.185418 0.000000
vt 2.638938 -1.849200 0.000000
vt 2.638938 -1.512982 0.000000
vt 2.638938 -1.176764 0.000000
vt 2.638938 -0.840545 0.000000
vt 2.638938 -0.504327 0.000000
vt 2.638938 -0.168109 0.000000
vt 2.638938 0.168109 0.000000
vt 2.638938 0.504327 0.000000
vt 2.638938 0.840545 0.000000
vt 2.638938 1.176764 0.000000
vt 2.638938 1.512982 0.000000
vt 2.638938 1.849200 0.000000
vt 2.638938 2.185418 0.000000
vt 2.638938 2.521636 0.000000
vt 2.638938 2.857854 0.000000
vt 2.638938 3.194073 0.000000
vt 2.638938 3.530291 0.000000
vt 2.638938 3.866509 0.000000
vt 2.638938 4.202727 0.000000
vt 2.638938 4.538945 0.000000
vt 2.638938 4.875163 0.000000
vt 2.638938 5.211382 0.000000
vt 2.638938 5.547600 0.000000
vt 2.638938 5.883818 0.000000
vt 2.638938 6.220036 0.000000
vt 3.078761 -6.220036 0.000000
vt 3.078761 -5.883818 0.000000
vt 3.078761 -5.547600 0.000000
vt 3.078761 -5.211382 0.000000
vt 3.078761 -4.875163 0.000000
vt 3.078761 -4.538945 0.000000
vt 3.078761 -4.202727 0.000000
vt 3.078761 -3.866509 0.000000
vt 3.078761 -3.530291 0.000000
vt 3.078761 -3.194073 0.000000
vt 3.078761 -2.857854 0.000000
vt 3.078761 -2.521636 0.000000
vt 3.078761 -2.185418 0.000000
vt 3.078761 -1.849200 0.000000
vt 3.078761 -1.512982 0.000000
vt 3.078761 -1.176764 0.000000
vt 3.078761 -0.840545 0.000000
vt 3.078761 -0.504327 0.000000
vt 3.078761 -0.168109 0.000000
vt 3.078761 0.168109 0.000000
vt 3.078761 0.504327 0.000000
vt 3.078761 0.840545 0.000000
vt 3.078761 1.176764 0.000000
vt 3.078761 1.512982 0.000000
vt 3.078761 1.849200 0.000000
vt 3.078761 2.185418 0.000000
vt 3.078761 2.521636 0.000000
vt 3.078761 2.857854 0.000000
vt 3.078761 3.194073 0.000000
vt 3.078761 3.530291 0.000000
vt 3.078761 3.866509 0.000000
vt 3.078761 4.202727 0.000000
vt 3.078761 4.538945 0.000000
vt 3.078761 4.875163 0.000000
vt 3.078761 5.211382 0.000000
vt 3.078761 5.547600 0.000000
vt 3.078761 5.883818 0.000000
vt 3.078761 6.220036 0.000000
vt 3.518584 -6.220036 0.000000
vt 3.518584 -5.883818 0.000000
vt 3.518584 -5.547600 0.000000
vt 3.518584 -5.211382 0.000000
vt 3.518584 -4.875163 0.000000
vt 3.518584 -4.538945 0.000000
vt 3.518584 -4.202727 0.000000
vt 3.518584 -3.866509 0.000000
vt 3.518584 -3.530291 0.000000
vt 3.518584 -3.194073 0.000000
vt 3.518584 -2.857854 0.000000
vt 3.518584 -2.521636 0.000000
vt 3.518584 -2.185418 0.000000
vt 3.518584 -1.849200 0.000000
vt 3.518584 -1.512982 0.000000
vt 3.518584 -1.176764 0.000000
vt 3.518584 -0.840545 0.000000
vt 3.518584 -0.504327 0.000000
vt 3.518584 -0.168109 0.000000
vt 3.518584 0.168109 0.000000
vt 3.518584 0.504327 0.000000
vt 3.518584 0.840545 0.000000
vt 3.518584 1.176764 0.000000
vt 3.518584 1.512982 0.000000
vt 3.518584 1.849200 0.000000
vt 3.518584 2.185418 0.000000
vt 3.518584 2.521636 0.000000
vt 3.518584 2.857854 0.000000
vt 3.518584 3.194073 0.000000
vt 3.518584 3.530291 0.000000
vt 3.518584 3.866509 0.000000
vt 3.518584 4.202727 0.000000
vt 3.518584 4.538945 0.000000
vt 3.518584 4.875163 0.000000
vt 3.518584 5.211382 0.000000
vt 3.518584 5.547600 0.000000
vt 3.518584 5.883818 0.000000
vt 3.518584 6.220036 0.000000
vt 4.398230 -2.073345 0.000000
vt 4.398230 2.073345 0.000000
vt -0.000000 0.350754 0.000000
vt -0.471239 0.350754 0.000000
vt -0.000000 0.000000 0.000000
vt -0.471239 0.000000 0.000000
vt -0.000000 -0.350754 0.000000
vt -0.471239 -0.350754 0.000000
vt -0.000000 -0.701508 0.000000
vt -0.471239 -0.701508 0.000000
vt -0.000000 -1.052262 0.000000
vt -0.471239 -1.052262 0.000000
vt -0.000000 -1.403016 0.000000
vt -0.471239 -1.403016 0.000000
vt -0.000000 -1.753770 0.000000
vt -0.471239 -1.753770 0.000000
vt -0.000000 -2.104523 0.000000
vt -0.471239 -2.104523 0.000000
vt -0.000000 -2.455277 0.000000
vt -0.471239 -2.455277 0.000000
vt -0.000000 -2.806031 0.000000
vt -0.471239 -2.806031 0.000000
vt -0.000000 -3.156785 0.000000
vt -0.471239 -3.156785 0.000000
vt -0.000000 -3.507539 0.000000
vt -0.471239 -3.507539 0.000000
vt -0.000000 -3.858293 0.000000
vt -0.471239 -3.858293 0.000000
vt -0.000000 -4.209047 0.000000
vt -0.471239 -4.209047 0.000000
vt -0.000000 -4.559801 0.000000
vt -0.471239 -4.559801 0.000000
vt -0.000000 -4.910555 0.000000
vt -0.471239 -4.910555 0.000000
vt -0.000000 -5.261309 0.000000
vt -0.471239 -5.261309 0.000000
vt -0.000000 -5.612063 0.000000
vt -0.471239 -5.612063 0.000000
vt -0.000000 -5.962817 0.000000
vt -0.471239 -5.962817 0.000000
vt -0.000000 -6.313570 0.000000
vt -0.471239 -6.313570 0.000000
vt -0.000000 -6.664324 0.000000
vt -0.471239 -6.664324 0.000000
vt -0.000000 6.664324 0.000000
vt -0.471239 6.664324 0.000000
vt -0.000000 6.313570 0.000000
vt -0.471239 6.313570 0.000000
vt -0.000000 5.962817 0.000000
vt -0.471239 5.962817 0.000000
vt -0.000000 5.612063 0.000000
vt -0.471239 5.612063 0.000000
vt -0.000000 5.261309 0.000000
vt -0.471239 5.261309 0.000000
vt -0.000000 4.910555 0.000000
vt -0.471239 4.910555 0.000000
vt -0.000000 4.559801 0.000000
vt -0.471239 4.559801 0.000000
vt -0.000000 4.209047 0.000000
vt -0.471239 4.209047 0.000000
vt -0.000000 3.858293 0.000000
vt -0.471239 3.858293 0.000000
vt -0.000000 3.507539 0.000000
vt -0.471239 3.507539 0.000000
vt -0.000000 3.156785 0.000000
vt -0.471239 3.156785 0.000000
vt -0.000000 2.806031 0.000000
vt -0.471239 2.806031 0.000000
vt -0.000000 2.455277 0.000000
vt -0.471239 2.455277 0.000000
vt -0.000000 2.104523 0.000000
vt -0.471239 2.104523 0.000000
vt -0.000000 1.753770 0.000000
vt -0.471239 1.753770 0.000000
vt -0.000000 1.403016 0.000000
vt -0.471239 1.403016 0.000000
vt -0.000000 1.052262 0.000000
vt -0.471239 1.052262 0.000000
vt -0.000000 0.701508 0.000000
vt -0.471239 0.701508 0.000000
vt -4.241150 6.664324 0.000000
vt -4.712389 6.664324 0.000000
vt -4.241150 6.313570 0.000000
vt -4.712389 6.313570 0.000000
vt -4.241150 5.962817 0.000000
vt -4.712389 5.962817 0.000000
vt -4.241150 5.612063 0.000000
vt -4.712389 5.612063 0.000000
vt -4.241150 5.261309 0.000000
vt -4.712389 5.261309 0.000000
vt -4.241150 4.910555 0.000000
vt -4.712389 4.910555 0.000000
vt -4.241150 4.559801 0.000000
vt -4.712389 4.559801 0.000000
vt -4.241150 4.209047 0.000000
vt -4.712389 4.209047 0.000000
vt -4.241150 3.858293 0.000000
vt -4.712389 3.858293 0.000000
vt -4.241150 3.507539 0.000000
vt -4.712389 3.507539 0.000000
vt -4.241150 3.156785 0.000000
vt -4.712389 3.156785 0.000000
vt -4.241150 2.806031 0.000000
vt -4.712389 2.806031 0.000000
vt -4.241150 2.455277 0.000000
vt -4.712389 2.455277 0.000000
vt -4.241150 2.104523 0.000000
vt -4.241150 1.753770 0.000000
vt -4.712389 1.753770 0.000000
vt -4.241150 1.403016 0.000000
vt -4.712389 1.403016 0.000000
vt -4.241150 1.052262 0.000000
vt -4.712389 1.052262 0.000000
vt -4.241150 0.701508 0.000000
vt -4.712389 0.701508 0.000000
vt -4.241150 0.350754 0.000000
vt -4.712389 0.350754 0.000000
vt -4.241150 0.000000 0.000000
vt -4.712389 0.000000 0.000000
vt -4.241150 -0.350754 0.000000
vt -4.712389 -0.350754 0.000000
vt -4.241150 -0.701508 0.000000
vt -4.712389 -0.701508 0.000000
vt -4.241150 -1.052262 0.000000
vt -4.712389 -1.052262 0.000000
vt -4.241150 -1.403016 0.000000
vt -4.712389 -1.403016 0.000000
vt -4.241150 -1.753770 0.000000
vt -4.712389 -1.753770 0.000000
vt -4.241150 -2.104523 0.000000
vt -4.712389 -2.104523 0.000000
vt -4.241150 -2.455277 0.000000
vt -4.241150 -2.806031 0.000000
vt -4.712389 -2.806031 0.000000
vt -4.241150 -3.156785 0.000000
vt -4.712389 -3.156785 0.000000
vt -4.241150 -3.507539 0.000000
vt -4.712389 -3.507539 0.000000
vt -4.241150 -3.858293 0.000000
vt -4.712389 -3.858293 0.000000
vt -4.241150 -4.209047 0.000000
vt -4.712389 -4.209047 0.000000
vt -4.241150 -4.559801 0.000000
vt -4.712389 -4.559801 0.000000
vt -4.241150 -4.910555 0.000000
vt -4.712389 -4.910555 0.000000
vt -4.241150 -5.261309 0.000000
vt -4.712389 -5.261309 0.000000
vt -4.241150 -5.612063 0.000000
vt -4.712389 -5.612063 0.000000
vt -4.241150 -5.962817 0.000000
vt -4.712389 -5.962817 0.000000
vt -4.241150 -6.313570 0.000000
vt -4.712389 -6.313570 0.000000
vt -4.241150 -6.664324 0.000000
vt -0.942478 6.664324 0.000000
vt -0.942478 6.313570 0.000000
vt -0.942478 5.962817 0.000000
vt -0.942478 5.612063 0.000000
vt -0.942478 5.261309 0.000000
vt -0.942478 4.910555 0.000000
vt -0.942478 4.559801 0.000000
vt -0.942478 4.209047 0.000000
vt -0.942478 3.858293 0.000000
vt -0.942478 3.507539 0.000000
vt -0.942478 3.156785 0.000000
vt -0.942478 2.806031 0.000000
vt -0.942478 2.455277 0.000000
vt -0.942478 2.104523 0.000000
vt -0.942478 1.753770 0.000000
vt -0.942478 1.403016 0.000000
vt -0.942478 1.052262 0.000000
vt -0.942478 0.701508 0.000000
vt -0.942478 0.350754 0.000000
vt -0.942478 0.000000 0.000000
vt -0.942478 -0.350754 0.000000
vt -0.942478 -0.701508 0.000000
vt -0.942478 -1.052262 0.000000
vt -0.942478 -1.403016 0.000000
vt -0.942478 -1.753770 0.000000
vt -0.942478 -2.104523 0.000000
vt -0.942478 -2.455277 0.000000
vt -0.942478 -2.806031 0.000000
vt -0.942478 -3.156785 0.000000
vt -0.942478 -3.507539 0.000000
vt -0.942478 -3.858293 0.000000
vt -0.942478 -4.209047 0.000000
vt -0.942478 -4.559801 0.000000
vt -0.942478 -4.910555 0.000000
vt -0.942478 -5.261309 0.000000
vt -0.942478 -5.612063 0.000000
vt -0.942478 -5.962817 0.000000
vt -0.942478 -6.313570 0.000000
vt -0.942478 -6.664324 0.000000
vt -1.413717 6.664324 0.000000
vt -1.413717 6.313570 0.000000
vt -1.413717 5.962817 0.000000
vt -1.413717 5.612063 0.000000
vt -1.413717 5.261309 0.000000
vt -1.413717 4.910555 0.000000
vt -1.413717 4.559801 0.000000
vt -1.413717 4.209047 0.000000
vt -1.413717 3.858293 0.000000
vt -1.413717 3.507539 0.000000
vt -1.413717 3.156785 0.000000
vt -1.413717 2.806031 0.000000
vt -1.413717 2.455277 0.000000
vt -1.413717 2.104523 0.000000
vt -1.413717 1.753770 0.000000
vt -1.413717 1.403016 0.000000
vt -1.413717 1.052262 0.000000
vt -1.413717 0.701508 0.000000
vt -1.413717 0.350754 0.000000
vt -1.413717 0.000000 0.000000
vt -1.413717 -0.350754 0.000000
vt -1.413717 -0.701508 0.000000
vt -1.413717 -1.052262 0.000000
vt -1.413717 -1.403016 0.000000
vt -1.413717 -1.753770 0.000000
vt -1.413717 -2.104523 0.000000
vt -1.413717 -2.455277 0.000000
vt -1.413717 -2.806031 0.000000
vt -1.413717 -3.156785 0.000000
vt -1.413717 -3.507539 0.000000
vt -1.413717 -3.858293 0.000000
vt -1.413717 -4.209047 0.000000
vt -1.413717 -4.559801 0.000000
vt -1.413717 -4.910555 0.000000
vt -1.413717 -5.261309 0.000000
vt -1.413717 -5.612063 0.000000
vt -1.413717 -5.962817 0.000000
vt -1.413717 -6.313570 0.000000
vt -1.413717 -6.664324 0.000000
vt -1.884956 6.664324 0.000000
vt -1.884956 6.313570 0.000000
vt -1.884956 5.962817 0.000000
vt -1.884956 5.612063 0.000000
vt -1.884956 5.261309 0.000000
vt -1.884956 4.910555 0.000000
vt -1.884956 4.559801 0.000000
vt -1.884956 4.209047 0.000000
vt -1.884956 3.858293 0.000000
vt -1.884956 3.507539 0.000000
vt -1.884956 3.156785 0.000000
vt -1.884956 2.806031 0.000000
vt -1.884956 2.455277 0.000000
vt -1.884956 2.104523 0.000000
vt -1.884956 1.753770 0.000000
vt -1.884956 1.403016 0.000000
vt -1.884956 1.052262 0.000000
vt -1.884956 0.701508 0.000000
vt -1.884956 0.350754 0.000000
vt -1.884956 0.000000 0.000000
vt -1.884956 -0.350754 0.000000
vt -1.884956 -0.701508 0.000000
vt -1.884956 -1.052262 0.000000
vt -1.884956 -1.403016 0.000000
vt -1.884956 -1.753770 0.000000
vt -1.884956 -2.104523 0.000000
vt -1.884956 -2.455277 0.000000
vt -1.884956 -2.806031 0.000000
vt -1.884956 -3.156785 0.000000
vt -1.884956 -3.507539 0.000000
vt -1.884956 -3.858293 0.000000
vt -1.884956 -4.209047 0.000000
vt -1.884956 -4.559801 0.000000
vt -1.884956 -4.910555 0.000000
vt -1.884956 -5.261309 0.000000
vt -1.884956 -5.612063 0.000000
vt -1.884956 -5.962817 0.000000
vt -1.884956 -6.313570 0.000000
vt -1.884956 -6.664324 0.000000
vt -2.356194 6.664324 0.000000
vt -2.356194 6.313570 0.000000
vt -2.356194 5.962817 0.000000
vt -2.356194 5.612063 0.000000
vt -2.356194 5.261309 0.000000
vt -2.356194 4.910555 0.000000
vt -2.356194 4.559801 0.000000
vt -2.356194 4.209047 0.000000
vt -2.356194 3.858293 0.000000
vt -2.356194 3.507539 0.000000
vt -2.356194 3.156785 0.000000
vt -2.356194 2.806031 0.000000
vt -2.356194 2.455277 0.000000
vt -2.356194 2.104523 0.000000
vt -2.356194 1.753770 0.000000
vt -2.356194 1.403016 0.000000
vt -2.356194 1.052262 0.000000
vt -2.356194 0.701508 0.000000
vt -2.356194 0.350754 0.000000
vt -2.356194 0.000000 0.000000
vt -2.356194 -0.350754 0.000000
vt -2.356194 -0.701508 0.000000
vt -2.356194 -1.052262 0.000000
vt -2.356194 -1.403016 0.000000
vt -2.356194 -1.753770 0.000000
vt -2.356194 -2.104523 0.000000
vt -2.356194 -2.455277 0.000000
vt -2.356194 -2.806031 0.000000
vt -2.356194 -3.156785 0.000000
vt -2.356194 -3.507539 0.000000
vt -2.356194 -3.858293 0.000000
vt -2.356194 -4.209047 0.000000
vt -2.356194 -4.559801 0.000000
vt -2.356194 -4.910555 0.000000
vt -2.356194 -5.261309 0.000000
vt -2.356194 -5.612063 0.000000
vt -2.356194 -5.962817 0.000000
vt -2.356194 -6.313570 0.000000
vt -2.356194 -6.664324 0.000000
vt -2.827433 6.664324 0.000000
vt -2.827433 6.313570 0.000000
vt -2.827433 5.962817 0.000000
vt -2.827433 5.612063 0.000000
vt -2.827433 5.261309 0.000000
vt -2.827433 4.910555 0.000000
vt -2.827433 4.559801 0.000000
vt -2.827433 4.209047 0.000000
vt -2.827433 3.858293 0.000000
vt -2.827433 3.507539 0.000000
vt -2.827433 3.156785 0.000000
vt -2.827433 2.806031 0.000000
vt -2.827433 2.455277 0.000000
vt -2.827433 2.104523 0.000000
vt -2.827433 1.753770 0.000000
vt -2.827433 1.403016 0.000000
vt -2.827433 1.052262 0.000000
vt -2.827433 0.701508 0.000000
vt -2.827433 0.350754 0.000000
vt -2.827433 0.000000 0.000000
vt -2.827433 -0.350754 0.000000
vt -2.827433 -0.701508 0.000000
vt -2.827433 -1.052262 0.000000
vt -2.827433 -1.403016 0.000000
vt -2.827433 -1.753770 0.000000
vt -2.827433 -2.104523 0.000000
vt -2.827433 -2.455277 0.000000
vt -2.827433 -2.806031 0.000000
vt -2.827433 -3.156785 0.000000
vt -2.827433 -3.507539 0.000000
vt -2.827433 -3.858293 0.000000
vt -2.827433 -4.209047 0.000000
vt -2.827433 -4.559801 0.000000
vt -2.827433 -4.910555 0.000000
vt -2.827433 -5.261309 0.000000
vt -2.827433 -5.612063 0.000000
vt -2.827433 -5.962817 0.000000
vt -2.827433 -6.313570 0.000000
vt -2.827433 -6.664324 0.000000
vt -3.298672 6.664324 0.000000
vt -3.298672 6.313570 0.000000
vt -3.298672 5.962817 0.000000
vt -3.298672 5.612063 0.000000
vt -3.298672 5.261309 0.000000
vt -3.298672 4.910555 0.000000
vt -3.298672 4.559801 0.000000
vt -3.298672 4.209047 0.000000
vt -3.298672 3.858293 0.000000
vt -3.298672 3.507539 0.000000
vt -3.298672 3.156785 0.000000
vt -3.298672 2.806031 0.000000
vt -3.298672 2.455277 0.000000
vt -3.298672 2.104523 0.000000
vt -3.298672 1.753770 0.000000
vt -3.298672 1.403016 0.000000
vt -3.298672 1.052262 0.000000
vt -3.298672 0.701508 0.000000
vt -3.298672 0.350754 0.000000
vt -3.298672 0.000000 0.000000
vt -3.298672 -0.350754 0.000000
vt -3.298672 -0.701508 0.000000
vt -3.298672 -1.052262 0.000000
vt -3.298672 -1.403016 0.000000
vt -3.298672 -1.753770 0.000000
vt -3.298672 -2.104523 0.000000
vt -3.298672 -2.455277 0.000000
vt -3.298672 -2.806031 0.000000
vt -3.298672 -3.156785 0.000000
vt -3.298672 -3.507539 0.000000
vt -3.298672 -3.858293 0.000000
vt -3.298672 -4.209047 0.000000
vt -3.298672 -4.559801 0.000000
vt -3.298672 -4.910555 0.000000
vt -3.298672 -5.261309 0.000000
vt -3.298672 -5.612063 0.000000
vt -3.298672 -5.962817 0.000000
vt -3.298672 -6.313570 0.000000
vt -3.298672 -6.664324 0.000000
vt -3.769911 6.664324 0.000000
vt -3.769911 6.313570 0.000000
vt -3.769911 5.962817 0.000000
vt -3.769911 5.612063 0.000000
vt -3.769911 5.261309 0.000000
vt -3.769911 4.910555 0.000000
vt -3.769911 4.559801 0.000000
vt -3.769911 4.209047 0.000000
vt -3.769911 3.858293 0.000000
vt -3.769911 3.507539 0.000000
vt -3.769911 3.156785 0.000000
vt -3.769911 2.806031 0.000000
vt -3.769911 2.455277 0.000000
vt -3.769911 2.104523 0.000000
vt -3.769911 1.753770 0.000000
vt -3.769911 1.403016 0.000000
vt -3.769911 1.052262 0.000000
vt -3.769911 0.701508 0.000000
vt -3.769911 0.350754 0.000000
vt -3.769911 0.000000 0.000000
vt -3.769911 -0.350754 0.000000
vt -3.769911 -0.701508 0.000000
vt -3.769911 -1.052262 0.000000
vt -3.769911 -1.403016 0.000000
vt -3.769911 -1.753770 0.000000
vt -3.769911 -2.104523 0.000000
vt -3.769911 -2.455277 0.000000
vt -3.769911 -2.806031 0.000000
vt -3.769911 -3.156785 0.000000
vt -3.769911 -3.507539 0.000000
vt -3.769911 -3.858293 0.000000
vt -3.769911 -4.209047 0.000000
vt -3.769911 -4.559801 0.000000
vt -3.769911 -4.910555 0.000000
vt -3.769911 -5.261309 0.000000
vt -3.769911 -5.612063 0.000000
vt -3.769911 -5.962817 0.000000
vt -3.769911 -6.313570 0.000000
vt -3.769911 -6.664324 0.000000
vt -4.712389 2.104523 0.000000
vt -4.712389 -2.455277 0.000000
vn 0.965926 0.258819 -0.000000
vn 0.965926 0.258819 -0.000000
vn 1.000000 0.000000 -0.000000
vn 1.000000 0.000000 -0.000000
vn 0.965926 -0.258819 0.000000
vn 0.965926 -0.258819 0.000000
vn 0.866025 -0.500000 0.000000
vn 0.866025 -0.500000 0.000000
vn 0.707107 -0.707107 0.000000
vn 0.707107 -0.707107 0.000000
vn 0.500000 -0.866025 0.000000
vn 0.500000 -0.866025 0.000000
vn 0.258819 -0.965926 0.000000
vn 0.258819 -0.965926 0.000000
vn -0.000000 -1.000000 0.000000
vn -0.000000 -1.000000 0.000000
vn -0.258819 -0.965926 0.000000
vn -0.258819 -0.965926 0.000000
vn -0.500000 -0.866025 0.000000
vn -0.500000 -0.866025 0.000000
vn -0.707107 -0.707107 0.000000
vn -0.707107 -0.707107 0.000000
vn -0.866025 -0.500000 0.000000
vn -0.866025 -0.500000 0.000000
vn -0.965926 -0.258819 0.000000
vn -0.965926 -0.258819 0.000000
vn -1.000000 0.000000 0.000000
vn -1.000000 0.000000 0.000000
vn -0.965926 0.258819 0.000000
vn -0.965926 0.258819 0.000000
vn -0.866025 0.500000 0.000000
vn -0.866025 0.500000 0.000000
vn -0.707107 0.707107 0.000000
vn -0.707107 0.707107 0.000000
vn -0.500000 0.866025 0.000000
vn -0.500000 0.866025 0.000000
vn -0.258819 0.965926 0.000000
vn -0.258819 0.965926 0.000000
vn -0.000000 1.000000 0.000000
vn -0.000000 1.000000 0.000000
vn 0.258819 0.965926 -0.000000
vn 0.258819 0.965926 -0.000000
vn 0.500000 0.866025 -0.000000
vn 0.500000 0.866025 -0.000000
vn 0.707107 0.707107 -0.000000
vn 0.707107 0.707107 -0.000000
vn 0.866025 0.500000 -0.000000
vn 0.866025 0.500000 -0.000000
vn 0.965926 0.258819 -0.000000
vn 0.965926 0.258819 -0.000000
vn 1.000000 0.000000 -0.000000
vn 1.000000 0.000000 -0.000000
vn 0.965926 -0.258819 0.000000
vn 0.965926 -0.258819 0.000000
vn 0.866025 -0.500000 0.000000
vn 0.866025 -0.500000 0.000000
vn 0.707107 -0.707107 0.000000
vn 0.707107 -0.707107 0.000000
vn 0.500000 -0.866025 0.000000
vn 0.500000 -0.866025 0.000000
vn 0.258819 -0.965926 0.000000
vn 0.258819 -0.965926 0.000000
vn -0.000000 -1.000000 0.000000
vn -0.000000 -1.000000 0.000000
vn -0.258819 -0.965926 0.000000
vn -0.258819 -0.965926 0.000000
vn -0.500000 -0.866025 0.000000
vn -0.500000 -0.866025 0.000000
vn -0.707107 -0.707107 0.000000
vn -0.707107 -0.707107 0.000000
vn -0.866025 -0.500000 0.000000
vn -0.866025 -0.500000 0.000000
vn -0.965926 -0.258819 0.000000
vn -0.965926 -0.258819 0.000000
vn -1.000000 0.000000 0.000000
vn -1.000000 0.000000 0.000000
vn -0.965926 0.258819 0.000000
vn -0.965926 0.258819 0.000000
vn -0.866025 0.500000 0.000000
vn -0.866025 0.500000 0.000000
vn -0.707107 0.707107 0.000000
vn -0.707107 0.707107 0.000000
vn -0.500000 0.866025 0.000000
vn -0.500000 0.866025 0.000000
vn -0.258819 0.965926 0.000000
vn -0.258819 0.965926 0.000000
vn -0.000000 1.000000 0.000000
vn -0.000000 1.000000 0.000000
vn 0.258819 0.965926 -0.000000
vn 0.258819 0.965926 -0.000000
vn 0.500000 0.866025 -0.000000
vn 0.500000 0.866025 -0.000000
vn 0.707107 0.707107 -0.000000
vn 0.707107 0.707107 -0.000000
vn 0.866025 0.500000 -0.000000
vn 0.866025 0.500000 -0.000000
vn 0.965926 0.258819 -0.000000
vn 0.965926 0.258819 -0.000000
vn 1.000000 0.000000 -0.000000
vn 1.000000 0.000000 -0.000000
vn 0.965926 -0.258819 0.000000
vn 0.965926 -0.258819 0.000000
vn 0.866025 -0.500000 0.000000
vn 0.866025 -0.500000 0.000000
vn 0.707107 -0.707107 0.000000
vn 0.707107 -0.707107 0.000000
vn 0.500000 -0.866025 0.000000
vn 0.500000 -0.866025 0.000000
vn 0.258819 -0.965926 0.000000
vn 0.258819 -0.965926 0.000000
vn -0.000000 -1.000000 0.000000
vn -0.000000 -1.000000 0.000000
vn -0.258819 -0.965926 0.000000
vn -0.258819 -0.965926 0.000000
vn -0.500000 -0.866025 0.000000
vn -0.500000 -0.866025 0.000000
vn -0.707107 -0.707107 0.000000
vn -0.707107 -0.707107 0.000000
vn -0.866025 -0.500000 0.000000
vn -0.866025 -0.500000 0.000000
vn -0.965926 -0.258819 0.000000
vn -0.965926 -0.258819 0.000000
vn -1.000000 0.000000 0.000000
vn -1.000000 0.000000 0.000000
vn -0.965926 0.258819 0.000000
vn -0.965926 0.258819 0.000000
vn -0.866025 0.500000 0.000000
vn -0.866025 0.500000 0.000000
vn -0.707107 0.707107 0.000000
vn -0.707107 0.707107 0.000000
vn -0.500000 0.866025 0.000000
vn -0.500000 0.866025 0.000000
vn -0.258819 0.965926 0.000000
vn -0.258819 0.965926 0.000000
vn -0.000000 1.000000 0.000000
vn -0.000000 1.000000 0.000000
vn 0.258819 0.965926 -0.000000
vn 0.258819 0.965926 -0.000000
vn 0.500000 0.866025 -0.000000
vn 0.500000 0.866025 -0.000000
vn 0.707107 0.707107 -0.000000
vn 0.707107 0.707107 -0.000000
vn 0.866025 0.500000 -0.000000
vn 0.866025 0.500000 -0.000000
vn 0.965926 0.258819 -0.000000
vn 0.965926 0.258819 -0.000000
vn 1.000000 0.000000 -0.000000
vn 1.000000 0.000000 -0.000000
vn 0.965926 -0.258819 0.000000
vn 0.965926 -0.258819 0.000000
vn 0.866025 -0.500000 0.000000
vn 0.866025 -0.500000 0.000000
vn 0.707107 -0.707107 0.000000
vn 0.707107 -0.707107 0.000000
vn 0.500000 -0.866025 0.000000
vn 0.500000 -0.866025 0.000000
vn 0.258819 -0.965926 0.000000
vn 0.258819 -0.965926 0.000000
vn -0.000000 -1.000000 0.000000
vn -0.000000 -1.000000 0.000000
vn -0.258819 -0.965926 0.000000
vn -0.258819 -0.965926 0.000000
vn -0.500000 -0.866025 0.000000
vn -0.500000 -0.866025 0.000000
vn -0.707107 -0.707107 0.000000
vn -0.707107 -0.707107 0.000000
vn -0.866025 -0.500000 0.000000
vn -0.866025 -0.500000 0.000000
vn -0.965926 -0.258819 0.000000
vn -0.965926 -0.258819 0.000000
vn -1.000000 0.000000 0.000000
vn -1.000000 0.000000 0.000000
vn -0.965926 0.258819 0.000000
vn -0.965926 0.258819 0.000000
vn -0.866025 0.500000 0.000000
vn -0.866025 0.500000 0.000000
vn -0.707107 0.707107 0.000000
vn -0.707107 0.707107 0.000000
vn -0.500000 0.866025 0.000000
vn -0.500000 0.866025 0.000000
vn -0.258819 0.965926 0.000000
vn -0.258819 0.965926 0.000000
vn -0.000000 1.000000 0.000000
vn -0.000000 1.000000 0.000000
vn 0.258819 0.965926 -0.000000
vn 0.258819 0.965926 -0.000000
vn 0.500000 0.866025 -0.000000
vn 0.500000 0.866025 -0.000000
vn 0.707107 0.707107 -0.000000
vn 0.707107 0.707107 -0.000000
vn 0.866025 0.500000 -0.000000
vn 0.866025 0.500000 -0.000000
vn 0.985616 0.169001 -0.000000
vn 0.953417 0.154945 -0.258819
vn 1.000000 0.000000 -0.000000
vn 0.965926 0.000000 -0.258819
vn 0.953417 -0.154945 -0.258819
vn 0.866025 -0.000000 -0.500000
vn 0.854811 -0.138920 -0.500000
vn 0.707107 -0.000000 -0.707107
vn 0.697950 -0.113428 -0.707107
vn 0.500000 -0.000000 -0.866025
vn 0.493525 -0.080206 -0.866025
vn 0.258819 -0.000000 -0.965926
vn 0.255467 -0.041517 -0.965926
vn -0.000000 0.000000 -1.000000
vn -0.000000 0.000000 -1.000000
vn 0.916216 0.305878 -0.258819
vn 0.942877 0.333140 -0.000000
vn 0.855285 0.448888 -0.258819
vn 0.873014 0.487695 -0.000000
vn 0.772202 0.580272 -0.258819
vn 0.778036 0.628220 -0.000000
vn 0.669120 0.696628 -0.258819
vn 0.660675 0.750672 -0.000000
vn 0.548708 0.794941 -0.258819
vn 0.524307 0.851529 -0.000000
vn 0.414085 0.872666 -0.258819
vn 0.372856 0.927889 -0.000000
vn 0.268737 0.927789 -0.258819
vn 0.210679 0.977555 -0.000000
vn 0.116429 0.958883 -0.258819
vn 0.042441 0.999099 -0.000000
vn -0.038894 0.965142 -0.258819
vn -0.127018 0.991900 -0.000000
vn -0.193210 0.946405 -0.258819
vn -0.292823 0.956167 -0.000000
vn -0.342522 0.903156 -0.258819
vn -0.450204 0.892926 -0.000000
vn -0.482963 0.836516 -0.258819
vn -0.594633 0.803997 -0.000000
vn -0.610895 0.748211 -0.258819
vn -0.721956 0.691939 -0.000000
vn -0.723006 0.640527 -0.258819
vn -0.828510 0.559975 -0.000000
vn -0.816391 0.516254 -0.258819
vn -0.911228 0.411901 -0.000000
vn -0.888632 0.378611 -0.258819
vn -0.967733 0.251978 -0.000000
vn -0.937858 0.231161 -0.258819
vn -0.996397 0.084806 -0.000000
vn -0.962794 0.077725 -0.258819
vn -0.996397 -0.084806 -0.000000
vn -0.962794 -0.077725 -0.258819
vn -0.937858 -0.231161 -0.258819
vn -0.840860 -0.207253 -0.500000
vn -0.796726 -0.339453 -0.500000
vn -0.650524 -0.277162 -0.707107
vn -0.597640 -0.377924 -0.707107
vn -0.422595 -0.267233 -0.866025
vn -0.374255 -0.331561 -0.866025
vn -0.193729 -0.171629 -0.965926
vn -0.163689 -0.200483 -0.965926
vn 0.000000 0.000000 -1.000000
vn 0.000000 0.000000 -1.000000
vn -0.129410 -0.224144 -0.965926
vn 0.000000 0.000000 -1.000000
vn -0.091778 -0.242000 -0.965926
vn 0.000000 0.000000 -1.000000
vn -0.051770 -0.253588 -0.965926
vn 0.000000 0.000000 -1.000000
vn -0.010422 -0.258609 -0.965926
vn -0.000000 0.000000 -1.000000
vn 0.031197 -0.256932 -0.965926
vn -0.000000 0.000000 -1.000000
vn 0.072008 -0.248600 -0.965926
vn -0.000000 0.000000 -1.000000
vn 0.110954 -0.233830 -0.965926
vn -0.000000 0.000000 -1.000000
vn 0.147026 -0.213004 -0.965926
vn -0.000000 0.000000 -1.000000
vn 0.179290 -0.186661 -0.965926
vn -0.000000 0.000000 -1.000000
vn 0.206911 -0.155484 -0.965926
vn -0.000000 0.000000 -1.000000
vn 0.229173 -0.120279 -0.965926
vn -0.000000 0.000000 -1.000000
vn 0.245499 -0.081960 -0.965926
vn -0.967733 -0.251978 -0.000000
vn -0.888632 -0.378611 -0.258819
vn -0.731956 -0.462861 -0.500000
vn -0.529277 -0.468899 -0.707107
vn -0.316223 -0.387302 -0.866025
vn -0.911228 -0.411901 -0.000000
vn -0.816391 -0.516254 -0.258819
vn -0.648229 -0.574281 -0.500000
vn -0.447206 -0.547728 -0.707107
vn -0.250000 -0.433013 -0.866025
vn -0.828510 -0.559975 -0.000000
vn -0.723006 -0.640527 -0.258819
vn -0.547714 -0.670828 -0.500000
vn -0.353553 -0.612372 -0.707107
vn -0.177302 -0.467508 -0.866025
vn -0.721956 -0.691939 -0.000000
vn -0.610895 -0.748211 -0.258819
vn -0.433013 -0.750000 -0.500000
vn -0.250744 -0.661156 -0.707107
vn -0.100013 -0.489895 -0.866025
vn -0.594633 -0.803997 -0.000000
vn -0.482963 -0.836516 -0.258819
vn -0.307097 -0.809748 -0.500000
vn -0.141440 -0.692817 -0.707107
vn -0.020133 -0.499594 -0.866025
vn -0.450204 -0.892926 -0.000000
vn -0.342522 -0.903156 -0.258819
vn -0.173227 -0.848524 -0.500000
vn -0.028472 -0.706533 -0.707107
vn 0.060268 -0.496354 -0.866025
vn -0.292823 -0.956167 -0.000000
vn -0.193210 -0.946405 -0.258819
vn -0.034871 -0.865323 -0.500000
vn 0.085232 -0.701951 -0.707107
vn 0.139109 -0.480259 -0.866025
vn -0.127018 -0.991900 -0.000000
vn -0.038894 -0.965142 -0.258819
vn 0.104388 -0.859711 -0.500000
vn 0.196729 -0.679189 -0.707107
vn 0.214346 -0.451725 -0.866025
vn 0.042441 -0.999099 -0.000000
vn 0.116429 -0.958883 -0.258819
vn 0.240943 -0.831833 -0.500000
vn 0.303131 -0.638836 -0.707107
vn 0.284032 -0.411492 -0.866025
vn 0.210679 -0.977555 -0.000000
vn 0.268737 -0.927789 -0.258819
vn 0.371259 -0.782411 -0.500000
vn 0.401682 -0.581937 -0.707107
vn 0.346362 -0.360601 -0.866025
vn 0.372856 -0.927889 -0.000000
vn 0.414085 -0.872666 -0.258819
vn 0.491959 -0.712725 -0.500000
vn 0.489830 -0.509967 -0.707107
vn 0.399721 -0.300371 -0.866025
vn 0.524307 -0.851529 -0.000000
vn 0.548708 -0.794941 -0.258819
vn 0.599917 -0.624580 -0.500000
vn 0.565291 -0.424789 -0.707107
vn 0.442728 -0.232362 -0.866025
vn 0.660675 -0.750672 -0.000000
vn 0.669120 -0.696628 -0.258819
vn 0.692338 -0.520258 -0.500000
vn 0.626112 -0.328609 -0.707107
vn 0.474268 -0.158334 -0.866025
vn 0.778036 -0.628220 -0.000000
vn 0.772202 -0.580272 -0.258819
vn 0.766827 -0.402462 -0.500000
vn 0.670717 -0.223918 -0.707107
vn 0.873014 -0.487695 -0.000000
vn 0.855285 -0.448888 -0.258819
vn 0.821457 -0.274243 -0.500000
vn 0.942877 -0.333140 -0.000000
vn 0.916216 -0.305878 -0.258819
vn 0.985616 -0.169001 -0.000000
vn 0.000000 0.000000 -1.000000
vn -0.218751 -0.138330 -0.965926
vn -0.459990 -0.195983 -0.866025
vn -0.686560 -0.169222 -0.707107
vn -0.863217 -0.069686 -0.500000
vn 0.000000 0.000000 -1.000000
vn -0.238108 -0.101448 -0.965926
vn -0.485471 -0.119658 -0.866025
vn -0.704814 -0.056898 -0.707107
vn -0.863217 0.069686 -0.500000
vn 0.000000 0.000000 -1.000000
vn -0.251298 -0.061939 -0.965926
vn -0.498379 -0.040233 -0.866025
vn -0.704814 0.056898 -0.707107
vn -0.840860 0.207253 -0.500000
vn 0.000000 0.000000 -1.000000
vn -0.257980 -0.020826 -0.965926
vn -0.498379 0.040233 -0.866025
vn -0.686560 0.169222 -0.707107
vn -0.796726 0.339453 -0.500000
vn 0.000000 0.000000 -1.000000
vn -0.257980 0.020826 -0.965926
vn -0.485471 0.119658 -0.866025
vn -0.650524 0.277162 -0.707107
vn -0.731956 0.462861 -0.500000
vn 0.000000 -0.000000 -1.000000
vn -0.251298 0.061939 -0.965926
vn -0.459990 0.195983 -0.866025
vn -0.597640 0.377924 -0.707107
vn -0.648229 0.574281 -0.500000
vn 0.000000 -0.000000 -1.000000
vn -0.238108 0.101448 -0.965926
vn -0.422595 0.267233 -0.866025
vn -0.529277 0.468899 -0.707107
vn -0.547714 0.670828 -0.500000
vn 0.000000 -0.000000 -1.000000
vn -0.218751 0.138330 -0.965926
vn -0.374255 0.331561 -0.866025
vn -0.447206 0.547728 -0.707107
vn -0.433013 0.750000 -0.500000
vn 0.000000 -0.000000 -1.000000
vn -0.193729 0.171629 -0.965926
vn -0.316223 0.387302 -0.866025
vn -0.353553 0.612372 -0.707107
vn -0.307097 0.809748 -0.500000
vn -0.000000 0.000000 -1.000000
vn -0.163689 0.200483 -0.965926
vn -0.250000 0.433013 -0.866025
vn -0.250744 0.661156 -0.707107
vn -0.173227 0.848524 -0.500000
vn 0.000000 -0.000000 -1.000000
vn -0.129410 0.224144 -0.965926
vn -0.177302 0.467508 -0.866025
vn -0.141440 0.692817 -0.707107
vn -0.034871 0.865323 -0.500000
vn 0.000000 -0.000000 -1.000000
vn -0.091778 0.242000 -0.965926
vn -0.100013 0.489895 -0.866025
vn -0.028472 0.706533 -0.707107
vn 0.104388 0.859711 -0.500000
vn 0.000000 -0.000000 -1.000000
vn -0.051770 0.253588 -0.965926
vn -0.020133 0.499594 -0.866025
vn 0.085232 0.701951 -0.707107
vn 0.240943 0.831833 -0.500000
vn 0.000000 -0.000000 -1.000000
vn -0.010422 0.258609 -0.965926
vn 0.060268 0.496354 -0.866025
vn 0.196729 0.679189 -0.707107
vn 0.371259 0.782411 -0.500000
vn -0.000000 -0.000000 -1.000000
vn 0.031197 0.256932 -0.965926
vn 0.139109 0.480259 -0.866025
vn 0.303131 0.638836 -0.707107
vn 0.491959 0.712725 -0.500000
vn -0.000000 -0.000000 -1.000000
vn 0.072008 0.248600 -0.965926
vn 0.214346 0.451725 -0.866025
vn 0.401682 0.581937 -0.707107
vn 0.599917 0.624580 -0.500000
vn -0.000000 -0.000000 -1.000000
vn 0.110954 0.233830 -0.965926
vn 0.284032 0.411492 -0.866025
vn 0.489830 0.509967 -0.707107
vn 0.692338 0.520258 -0.500000
vn -0.000000 -0.000000 -1.000000
vn 0.147026 0.213004 -0.965926
vn 0.346362 0.360601 -0.866025
vn 0.565291 0.424789 -0.707107
vn 0.766827 0.402462 -0.500000
vn 0.000000 0.000000 -1.000000
vn 0.179290 0.186661 -0.965926
vn 0.399721 0.300371 -0.866025
vn 0.626112 0.328609 -0.707107
vn 0.821457 0.274243 -0.500000
vn -0.000000 -0.000000 -1.000000
vn 0.206911 0.155484 -0.965926
vn 0.442728 0.232362 -0.866025
vn 0.670717 0.223918 -0.707107
vn 0.854811 0.138920 -0.500000
vn 0.000000 0.000000 -1.000000
vn 0.229173 0.120279 -0.965926
vn 0.474268 0.158334 -0.866025
vn 0.697950 0.113428 -0.707107
vn -0.000000 -0.000000 -1.000000
vn 0.245499 0.081960 -0.965926
vn 0.493525 0.080206 -0.866025
vn -0.000000 -0.000000 -1.000000
vn 0.255467 0.041517 -0.965926
vn 0.000000 0.000000 -1.000000
vn 0.000000 0.000000 -1.000000
vn 0.000000 0.000000 -1.000000
vn 0.000000 0.000000 -1.000000
vn 0.000000 0.000000 -1.000000
vn 0.000000 0.000000 -1.000000
vn 0.000000 0.000000 -1.000000
vn 0.000000 0.000000 -1.000000
vn 0.000000 0.000000 -1.000000
vn 0.000000 0.000000 -1.000000
vn 0.000000 0.000000 -1.000000
vn 0.000000 0.000000 -1.000000
vn 0.000000 0.000000 -1.000000
vn 0.000000 0.000000 -1.000000
vn 0.000000 0.000000 -1.000000
vn 0.000000 0.000000 -1.000000
vn 0.000000 0.000000 -1.000000
vn 0.000000 0.000000 -1.000000
vn 0.000000 0.000000 -1.000000
vn 0.000000 0.000000 -1.000000
vn 0.000000 0.000000 -1.000000
vn 0.000000 0.000000 -1.000000
vn 0.000000 0.000000 -1.000000
vn 0.000000 0.000000 -1.000000
vn 0.000000 0.000000 -1.000000
vn 0.000000 0.000000 -1.000000
vn 0.000000 0.000000 -1.000000
vn 0.000000 0.000000 -1.000000
vn 0.000000 0.000000 -1.000000
vn 0.000000 0.000000 -1.000000
vn 0.000000 0.000000 -1.000000
vn 0.000000 0.000000 -1.000000
vn 0.000000 0.000000 -1.000000
vn 0.000000 0.000000 -1.000000
vn 0.000000 0.000000 -1.000000
vn 0.000000 0.000000 -1.000000
vn 0.000000 0.000000 -1.000000
vn 0.000000 0.000000 -1.000000
vn 0.000000 0.000000 -1.000000
vn 0.000000 0.000000 -1.000000
vn 0.000000 0.000000 -1.000000
vn 0.000000 0.000000 -1.000000
vn 0.000000 0.000000 -1.000000
vn 0.000000 0.000000 -1.000000
vn 0.000000 0.000000 -1.000000
vn 0.000000 0.000000 -1.000000
vn 0.000000 0.000000 -1.000000
vn 0.000000 0.000000 -1.000000
vn 0.000000 0.000000 -1.000000
vn 0.000000 0.000000 -1.000000
vn 0.000000 0.000000 -1.000000
vn 0.000000 0.000000 -1.000000
vn 0.000000 0.000000 -1.000000
vn 0.000000 0.000000 -1.000000
vn 0.000000 0.000000 -1.000000
vn 0.000000 0.000000 -1.000000
vn 0.000000 0.000000 -1.000000
vn 0.000000 0.000000 -1.000000
vn 0.000000 0.000000 -1.000000
vn 0.000000 0.000000 -1.000000
vn 0.000000 0.000000 -1.000000
vn 0.000000 0.000000 -1.000000
vn 0.000000 0.000000 -1.000000
vn 0.000000 0.000000 -1.000000
vn 0.000000 0.000000 -1.000000
vn 0.000000 0.000000 -1.000000
vn 0.000000 0.000000 -1.000000
vn 0.000000 0.000000 -1.000000
vn 0.000000 0.000000 -1.000000
vn 0.000000 0.000000 -1.000000
vn 0.000000 0.000000 -1.000000
vn 0.000000 0.000000 -1.000000
vn 0.000000 0.000000 -1.000000
vn 0.000000 0.000000 -1.000000
vn 0.000000 0.000000 -1.000000
vn 0.000000 0.000000 -1.000000
vn 0.000000 0.000000 -1.000000
vn 0.000000 0.000000 -1.000000
vn 0.000000 0.000000 -1.000000
vn 0.000000 0.000000 -1.000000
vn 0.000000 0.000000 -1.000000
vn 0.000000 0.000000 -1.000000
vn 0.000000 0.000000 -1.000000
vn 0.000000 0.000000 -1.000000
vn 0.000000 0.000000 -1.000000
vn 0.000000 0.000000 -1.000000
vn 0.000000 0.000000 -1.000000
vn 0.000000 0.000000 -1.000000
vn 0.000000 0.000000 -1.000000
vn 0.000000 0.000000 -1.000000
vn 0.000000 0.000000 -1.000000
vn 0.000000 0.000000 -1.000000
vn 0.000000 0.000000 -1.000000
vn 0.000000 0.000000 -1.000000
vn 0.000000 0.000000 -1.000000
vn 0.000000 0.000000 -1.000000
vn 0.000000 0.000000 -1.000000
vn 0.000000 0.000000 -1.000000
vn 0.000000 0.000000 -1.000000
vn 0.000000 0.000000 -1.000000
vn 0.000000 0.000000 -1.000000
vn 0.000000 0.000000 -1.000000
vn 0.000000 0.000000 -1.000000
vn 0.000000 0.000000 -1.000000
vn 0.000000 0.000000 -1.000000
vn 0.000000 0.000000 -1.000000
vn 0.000000 0.000000 -1.000000
vn 0.000000 0.000000 -1.000000
vn 0.000000 0.000000 -1.000000
vn 0.000000 0.000000 -1.000000
vn 0.000000 0.000000 -1.000000
vn 0.000000 0.000000 -1.000000
vn 0.000000 0.000000 -1.000000
vn 0.000000 0.000000 -1.000000
vn 0.000000 0.000000 -1.000000
vn 0.000000 0.000000 -1.000000
vn 0.000000 0.000000 -1.000000
vn 0.000000 0.000000 -1.000000
vn 0.000000 0.000000 -1.000000
vn 0.000000 0.000000 -1.000000
vn 0.000000 0.000000 -1.000000
vn 0.000000 0.000000 -1.000000
vn 0.000000 0.000000 -1.000000
vn 0.000000 0.000000 -1.000000
vn 0.000000 0.000000 -1.000000
vn 0.000000 0.000000 -1.000000
vn 0.000000 0.000000 -1.000000
vn 0.000000 0.000000 -1.000000
vn 0.000000 0.000000 -1.000000
vn 0.000000 0.000000 -1.000000
vn 0.000000 0.000000 -1.000000
vn 0.000000 0.000000 -1.000000
vn 0.000000 0.000000 -1.000000
vn 0.000000 0.000000 -1.000000
vn 0.000000 0.000000 -1.000000
vn 0.000000 0.000000 -1.000000
vn 0.000000 0.000000 -1.000000
vn -0.000000 -0.000000 1.000000
vn -0.000000 -0.000000 1.000000
vn -0.000000 -0.000000 1.000000
vn -0.000000 -0.000000 1.000000
vn -0.000000 -0.000000 1.000000
vn -0.000000 -0.000000 1.000000
vn -0.000000 -0.000000 1.000000
vn -0.000000 -0.000000 1.000000
vn -0.000000 -0.000000 1.000000
vn -0.000000 -0.000000 1.000000
vn -0.000000 -0.000000 1.000000
vn -0.000000 -0.000000 1.000000
vn -0.000000 -0.000000 1.000000
vn -0.000000 -0.000000 1.000000
vn -0.000000 -0.000000 1.000000
vn -0.000000 -0.000000 1.000000
vn -0.000000 -0.000000 1.000000
vn -0.000000 -0.000000 1.000000
vn -0.000000 -0.000000 1.000000
vn -0.000000 -0.000000 1.000000
vn -0.000000 -0.000000 1.000000
vn -0.000000 -0.000000 1.000000
vn -0.000000 -0.000000 1.000000
vn -0.000000 -0.000000 1.000000
vn -0.000000 -0.000000 1.000000
vn -0.000000 -0.000000 1.000000
vn -0.000000 -0.000000 1.000000
vn -0.000000 -0.000000 1.000000
vn -0.000000 -0.000000 1.000000
vn -0.000000 -0.000000 1.000000
vn -0.000000 -0.000000 1.000000
vn -0.000000 -0.000000 1.000000
vn -0.000000 -0.000000 1.000000
vn -0.000000 -0.000000 1.000000
vn -0.000000 -0.000000 1.000000
vn -0.000000 -0.000000 1.000000
vn -0.000000 -0.000000 1.000000
vn -0.000000 -0.000000 1.000000
vn -0.000000 -0.000000 1.000000
vn -0.000000 -0.000000 1.000000
vn -0.000000 -0.000000 1.000000
vn -0.000000 -0.000000 1.000000
vn -0.000000 -0.000000 1.000000
vn -0.000000 -0.000000 1.000000
vn -0.000000 -0.000000 1.000000
vn -0.000000 -0.000000 1.000000
vn -0.000000 -0.000000 1.000000
vn -0.000000 -0.000000 1.000000
vn -0.000000 -0.000000 1.000000
vn -0.000000 -0.000000 1.000000
vn -0.000000 -0.000000 1.000000
vn -0.000000 -0.000000 1.000000
vn -0.000000 -0.000000 1.000000
vn -0.000000 -0.000000 1.000000
vn -0.000000 -0.000000 1.000000
vn -0.000000 -0.000000 1.000000
vn -0.000000 -0.000000 1.000000
vn -0.000000 -0.000000 1.000000
vn -0.000000 -0.000000 1.000000
vn -0.000000 -0.000000 1.000000
vn -0.000000 -0.000000 1.000000
vn -0.000000 -0.000000 1.000000
vn -0.000000 -0.000000 1.000000
vn -0.000000 -0.000000 1.000000
vn -0.000000 -0.000000 1.000000
vn -0.000000 -0.000000 1.000000
vn -0.000000 -0.000000 1.000000
vn -0.000000 -0.000000 1.000000
vn -0.000000 -0.000000 1.000000
vn -0.000000 -0.000000 1.000000
vn -0.000000 -0.000000 1.000000
vn -0.000000 -0.000000 1.000000
vn -0.000000 -0.000000 1.000000
vn -0.000000 -0.000000 1.000000
vn -0.000000 -0.000000 1.000000
vn -0.000000 -0.000000 1.000000
vn -0.000000 -0.000000 1.000000
vn -0.000000 -0.000000 1.000000
vn -0.000000 -0.000000 1.000000
vn -0.000000 -0.000000 1.000000
vn -0.000000 -0.000000 1.000000
vn -0.000000 -0.000000 1.000000
vn -0.000000 -0.000000 1.000000
vn -0.000000 -0.000000 1.000000
vn -0.000000 -0.000000 1.000000
vn -0.000000 -0.000000 1.000000
vn -0.000000 -0.000000 1.000000
vn -0.000000 -0.000000 1.000000
vn -0.000000 -0.000000 1.000000
vn -0.000000 -0.000000 1.000000
vn -0.000000 -0.000000 1.000000
vn -0.000000 -0.000000 1.000000
vn -0.000000 -0.000000 1.000000
vn -0.000000 -0.000000 1.000000
vn -0.000000 -0.000000 1.000000
vn -0.000000 -0.000000 1.000000
vn -0.000000 -0.000000 1.000000
vn -0.000000 -0.000000 1.000000
vn -0.000000 -0.000000 1.000000
vn -0.000000 -0.000000 1.000000
vn -0.000000 -0.000000 1.000000
vn -0.000000 -0.000000 1.000000
vn -0.000000 -0.000000 1.000000
vn -0.000000 -0.000000 1.000000
vn -0.000000 -0.000000 1.000000
vn -0.000000 -0.000000 1.000000
vn -0.000000 -0.000000 1.000000
vn -0.000000 -0.000000 1.000000
vn -0.000000 -0.000000 1.000000
vn -0.000000 -0.000000 1.000000
vn -0.000000 -0.000000 1.000000
vn -0.000000 -0.000000 1.000000
vn -0.000000 -0.000000 1.000000
vn -0.000000 -0.000000 1.000000
vn -0.000000 -0.000000 1.000000
vn -0.000000 -0.000000 1.000000
vn -0.000000 -0.000000 1.000000
vn -0.000000 -0.000000 1.000000
vn -0.000000 -0.000000 1.000000
vn -0.000000 -0.000000 1.000000
vn -0.000000 -0.000000 1.000000
vn -0.000000 -0.000000 1.000000
vn -0.000000 -0.000000 1.000000
vn -0.000000 -0.000000 1.000000
vn -0.000000 -0.000000 1.000000
vn -0.000000 -0.000000 1.000000
vn -0.000000 -0.000000 1.000000
vn -0.000000 -0.000000 1.000000
vn -0.000000 -0.000000 1.000000
vn -0.000000 -0.000000 1.000000
vn -0.000000 -0.000000 1.000000
vn -0.000000 -0.000000 1.000000
vn -0.000000 -0.000000 1.000000
vn -0.000000 -0.000000 1.000000
vn -0.000000 -0.000000 1.000000
vn -0.000000 -0.000000 1.000000
vn -0.000000 -0.000000 1.000000
vn -0.000000 -0.000000 1.000000
vn -0.000000 -0.000000 1.000000
vn -0.000000 -0.000000 1.000000
vn -0.000000 -0.000000 1.000000
vn -0.000000 -0.000000 1.000000
vn -0.000000 -0.000000 1.000000
vn -0.000000 -0.000000 1.000000
vn -0.000000 -0.000000 1.000000
vn -0.000000 -0.000000 1.000000
vn -0.000000 -0.000000 1.000000
vn -0.000000 -0.000000 1.000000
vn -0.000000 -0.000000 1.000000
vn -0.000000 -0.000000 1.000000
vn -0.000000 -0.000000 1.000000
vn -0.000000 -0.000000 1.000000
vn -0.000000 -0.000000 1.000000
vn -0.000000 -0.000000 1.000000
vn -0.000000 -0.000000 1.000000
vn -0.000000 -0.000000 1.000000
vn -0.000000 -0.000000 1.000000
vn -0.000000 -0.000000 1.000000
vn -0.000000 -0.000000 1.000000
vn -0.000000 -0.000000 1.000000
vn -0.000000 -0.000000 1.000000
vn -0.000000 -0.000000 1.000000
vn -0.000000 -0.000000 1.000000
vn -0.000000 -0.000000 1.000000
vn -0.000000 -0.000000 1.000000
vn -0.000000 -0.000000 1.000000
vn -0.000000 -0.000000 1.000000
vn -0.000000 -0.000000 1.000000
vn -0.000000 -0.000000 1.000000
vn -0.000000 -0.000000 1.000000
vn -0.000000 -0.000000 1.000000
vn -0.000000 -0.000000 1.000000
vn -0.000000 -0.000000 1.000000
vn -0.000000 -0.000000 1.000000
vn -0.000000 -0.000000 1.000000
vn -0.988280 -0.152649 -0.000000
vn -0.988280 -0.152649 -0.000000
vn -1.000000 -0.000000 -0.000000
vn -1.000000 -0.000000 -0.000000
vn -0.988280 0.152649 -0.000000
vn -0.988280 0.152649 -0.000000
vn -0.953396 0.301721 -0.000000
vn -0.953396 0.301721 -0.000000
vn -0.896166 0.443720 -0.000000
vn -0.896166 0.443720 -0.000000
vn -0.817929 0.575319 -0.000000
vn -0.817929 0.575319 -0.000000
vn -0.720522 0.693433 -0.000000
vn -0.720522 0.693433 -0.000000
vn -0.606225 0.795293 -0.000000
vn -0.606225 0.795293 -0.000000
vn -0.477720 0.878512 -0.000000
vn -0.477720 0.878512 -0.000000
vn -0.338017 0.941140 -0.000000
vn -0.338017 0.941140 -0.000000
vn -0.190391 0.981708 -0.000000
vn -0.190391 0.981708 -0.000000
vn -0.038303 0.999266 -0.000000
vn -0.038303 0.999266 -0.000000
vn 0.114683 0.993402 0.000000
vn 0.114683 0.993402 0.000000
vn 0.264982 0.964253 0.000000
vn 0.264982 0.964253 0.000000
vn 0.409069 0.912504 0.000000
vn 0.409069 0.912504 0.000000
vn 0.543568 0.839365 0.000000
vn 0.543568 0.839365 0.000000
vn 0.665326 0.746553 0.000000
vn 0.665326 0.746553 0.000000
vn 0.771489 0.636242 0.000000
vn 0.771489 0.636242 0.000000
vn 0.859570 0.511019 0.000000
vn 0.859570 0.511019 0.000000
vn 0.927502 0.373817 0.000000
vn 0.927502 0.373817 0.000000
vn 0.973695 0.227854 0.000000
vn 0.973695 0.227854 0.000000
vn 0.997066 0.076549 0.000000
vn 0.997066 0.076549 0.000000
vn 0.997066 -0.076549 -0.000000
vn 0.997066 -0.076549 -0.000000
vn 0.973695 -0.227854 -0.000000
vn 0.973695 -0.227854 -0.000000
vn 0.927502 -0.373817 -0.000000
vn 0.927502 -0.373817 -0.000000
vn 0.859570 -0.511019 -0.000000
vn 0.859570 -0.511019 -0.000000
vn 0.771489 -0.636242 -0.000000
vn 0.771489 -0.636242 -0.000000
vn 0.665326 -0.746553 -0.000000
vn 0.665326 -0.746553 -0.000000
vn 0.543568 -0.839365 -0.000000
vn 0.543568 -0.839365 -0.000000
vn 0.409069 -0.912504 -0.000000
vn 0.409069 -0.912504 -0.000000
vn 0.264982 -0.964253 -0.000000
vn 0.264982 -0.964253 -0.000000
vn 0.114683 -0.993402 -0.000000
vn 0.114683 -0.993402 -0.000000
vn -0.038303 -0.999266 -0.000000
vn -0.038303 -0.999266 -0.000000
vn -0.190391 -0.981708 -0.000000
vn -0.190391 -0.981708 -0.000000
vn -0.338017 -0.941140 -0.000000
vn -0.338017 -0.941140 -0.000000
vn -0.477720 -0.878512 -0.000000
vn -0.477720 -0.878512 -0.000000
vn -0.606225 -0.795293 -0.000000
vn -0.606225 -0.795293 -0.000000
vn -0.720522 -0.693433 -0.000000
vn -0.720522 -0.693433 -0.000000
vn -0.817929 -0.575319 -0.000000
vn -0.817929 -0.575319 -0.000000
vn -0.896166 -0.443720 -0.000000
vn -0.896166 -0.443720 -0.000000
vn -0.953396 -0.301721 -0.000000
vn -0.953396 -0.301721 -0.000000
vn 0.973481 -0.166920 -0.156434
vn 0.987688 -0.000000 -0.156434
vn 0.973481 0.166920 -0.156434
vn 0.931269 0.329038 -0.156434
vn 0.862266 0.481691 -0.156434
vn 0.768457 0.620486 -0.156434
vn 0.652541 0.741430 -0.156434
vn 0.517852 0.841045 -0.156434
vn 0.368266 0.916465 -0.156434
vn 0.208085 0.965520 -0.156434
vn 0.041919 0.986798 -0.156434
vn -0.125454 0.979688 -0.156434
vn -0.289218 0.944395 -0.156434
vn -0.444661 0.881932 -0.156434
vn -0.587312 0.794099 -0.156434
vn -0.713068 0.683420 -0.156434
vn -0.818309 0.553081 -0.156434
vn -0.900010 0.406830 -0.156434
vn -0.955819 0.248876 -0.156434
vn -0.984130 0.083762 -0.156434
vn -0.984130 -0.083762 -0.156434
vn -0.955819 -0.248876 -0.156434
vn -0.900010 -0.406830 -0.156434
vn -0.818309 -0.553081 -0.156434
vn -0.713068 -0.683420 -0.156434
vn -0.587312 -0.794099 -0.156434
vn -0.444661 -0.881932 -0.156434
vn -0.289218 -0.944395 -0.156434
vn -0.125454 -0.979688 -0.156434
vn 0.041919 -0.986798 -0.156434
vn 0.208085 -0.965520 -0.156434
vn 0.368266 -0.916465 -0.156434
vn 0.517852 -0.841045 -0.156434
vn 0.652541 -0.741430 -0.156434
vn 0.768457 -0.620486 -0.156434
vn 0.862266 -0.481691 -0.156434
vn 0.931269 -0.329038 -0.156434
vn 0.156434 0.000000 -0.987688
vn 0.000000 0.000000 -1.000000
vn 0.154184 0.026438 -0.987688
vn 0.147499 0.052115 -0.987688
vn 0.136569 0.076292 -0.987688
vn 0.121712 0.098275 -0.987688
vn 0.103352 0.117431 -0.987688
vn 0.082020 0.133209 -0.987688
vn 0.058328 0.145154 -0.987688
vn 0.032957 0.152923 -0.987688
vn 0.006639 0.156294 -0.987688
vn -0.019870 0.155167 -0.987688
vn -0.045808 0.149577 -0.987688
vn -0.070427 0.139684 -0.987688
vn -0.093021 0.125773 -0.987688
vn -0.112939 0.108243 -0.987688
vn -0.129607 0.087599 -0.987688
vn -0.142548 0.064436 -0.987688
vn -0.151387 0.039418 -0.987688
vn -0.155871 0.013267 -0.987688
vn -0.155871 -0.013267 -0.987688
vn -0.151387 -0.039418 -0.987688
vn -0.142548 -0.064436 -0.987688
vn -0.129607 -0.087599 -0.987688
vn -0.112939 -0.108243 -0.987688
vn -0.093021 -0.125773 -0.987688
vn -0.070427 -0.139684 -0.987688
vn -0.045808 -0.149577 -0.987688
vn -0.019870 -0.155167 -0.987688
vn 0.006639 -0.156294 -0.987688
vn 0.032957 -0.152923 -0.987688
vn 0.058328 -0.145154 -0.987688
vn 0.082020 -0.133209 -0.987688
vn 0.103352 -0.117431 -0.987688
vn 0.121712 -0.098275 -0.987688
vn 0.136569 -0.076292 -0.987688
vn 0.147499 -0.052115 -0.987688
vn 0.154184 -0.026438 -0.987688
vn 0.951057 0.000000 -0.309017
vn 0.937376 0.160729 -0.309017
vn 0.896730 0.316835 -0.309017
vn 0.830286 0.463825 -0.309017
vn 0.739956 0.597473 -0.309017
vn 0.628339 0.713932 -0.309017
vn 0.498646 0.809852 -0.309017
vn 0.354608 0.882475 -0.309017
vn 0.200368 0.929710 -0.309017
vn 0.040364 0.950200 -0.309017
vn -0.120801 0.943353 -0.309017
vn -0.278491 0.909369 -0.309017
vn -0.428169 0.849223 -0.309017
vn -0.565530 0.764647 -0.309017
vn -0.686621 0.658073 -0.309017
vn -0.787960 0.532568 -0.309017
vn -0.866630 0.391741 -0.309017
vn -0.920369 0.239645 -0.309017
vn -0.947630 0.080655 -0.309017
vn -0.947630 -0.080655 -0.309017
vn -0.920369 -0.239645 -0.309017
vn -0.866630 -0.391741 -0.309017
vn -0.787960 -0.532568 -0.309017
vn -0.686621 -0.658073 -0.309017
vn -0.565530 -0.764647 -0.309017
vn -0.428169 -0.849223 -0.309017
vn -0.278491 -0.909369 -0.309017
vn -0.120801 -0.943353 -0.309017
vn 0.040364 -0.950200 -0.309017
vn 0.200368 -0.929710 -0.309017
vn 0.354608 -0.882475 -0.309017
vn 0.498646 -0.809852 -0.309017
vn 0.628339 -0.713932 -0.309017
vn 0.739956 -0.597473 -0.309017
vn 0.830286 -0.463825 -0.309017
vn 0.896730 -0.316835 -0.309017
vn 0.937376 -0.160729 -0.309017
vn 0.891007 0.000000 -0.453990
vn 0.878190 0.150581 -0.453990
vn 0.840110 0.296830 -0.453990
vn 0.777861 0.434539 -0.453990
vn 0.693235 0.559748 -0.453990
vn 0.588665 0.668854 -0.453990
vn 0.467161 0.758718 -0.453990
vn 0.332218 0.826755 -0.453990
vn 0.187717 0.871008 -0.453990
vn 0.037815 0.890204 -0.453990
vn -0.113174 0.883790 -0.453990
vn -0.260907 0.851951 -0.453990
vn -0.401134 0.795603 -0.453990
vn -0.529822 0.716367 -0.453990
vn -0.643268 0.616522 -0.453990
vn -0.738208 0.498941 -0.453990
vn -0.811911 0.367007 -0.453990
vn -0.862256 0.224514 -0.453990
vn -0.887797 0.075563 -0.453990
vn -0.887797 -0.075563 -0.453990
vn -0.862256 -0.224514 -0.453990
vn -0.811911 -0.367007 -0.453990
vn -0.738208 -0.498941 -0.453990
vn -0.643268 -0.616522 -0.453990
vn -0.529822 -0.716367 -0.453990
vn -0.401134 -0.795603 -0.453990
vn -0.260907 -0.851951 -0.453990
vn -0.113174 -0.883790 -0.453990
vn 0.037815 -0.890204 -0.453990
vn 0.187717 -0.871008 -0.453990
vn 0.332218 -0.826755 -0.453990
vn 0.467161 -0.758718 -0.453990
vn 0.588665 -0.668854 -0.453990
vn 0.693235 -0.559748 -0.453990
vn 0.777861 -0.434539 -0.453990
vn 0.840110 -0.296830 -0.453990
vn 0.878190 -0.150581 -0.453990
vn 0.809017 0.000000 -0.587785
vn 0.797380 0.136725 -0.587785
vn 0.762804 0.269516 -0.587785
vn 0.706283 0.394553 -0.587785
vn 0.629444 0.508241 -0.587785
vn 0.534497 0.607307 -0.587785
vn 0.424174 0.688902 -0.587785
vn 0.301647 0.750678 -0.587785
vn 0.170443 0.790859 -0.587785
vn 0.034336 0.808288 -0.587785
vn -0.102760 0.802464 -0.587785
vn -0.236899 0.773555 -0.587785
vn -0.364222 0.722392 -0.587785
vn -0.481068 0.650447 -0.587785
vn -0.584075 0.559790 -0.587785
vn -0.670278 0.453029 -0.587785
vn -0.737199 0.333235 -0.587785
vn -0.782912 0.203855 -0.587785
vn -0.806103 0.068609 -0.587785
vn -0.806103 -0.068609 -0.587785
vn -0.782912 -0.203855 -0.587785
vn -0.737199 -0.333235 -0.587785
vn -0.670278 -0.453029 -0.587785
vn -0.584075 -0.559790 -0.587785
vn -0.481068 -0.650447 -0.587785
vn -0.364222 -0.722392 -0.587785
vn -0.236899 -0.773555 -0.587785
vn -0.102760 -0.802464 -0.587785
vn 0.034336 -0.808288 -0.587785
vn 0.170443 -0.790859 -0.587785
vn 0.301647 -0.750678 -0.587785
vn 0.424174 -0.688902 -0.587785
vn 0.534497 -0.607307 -0.587785
vn 0.629444 -0.508241 -0.587785
vn 0.706283 -0.394553 -0.587785
vn 0.762804 -0.269516 -0.587785
vn 0.797380 -0.136725 -0.587785
vn 0.707107 0.000000 -0.707107
vn 0.696936 0.119502 -0.707107
vn 0.666715 0.235565 -0.707107
vn 0.617314 0.344852 -0.707107
vn 0.550154 0.444219 -0.707107
vn 0.467168 0.530805 -0.707107
vn 0.370741 0.602122 -0.707107
vn 0.263649 0.656117 -0.707107
vn 0.148973 0.691236 -0.707107
vn 0.030010 0.706470 -0.707107
vn -0.089815 0.701380 -0.707107
vn -0.207057 0.676112 -0.707107
vn -0.318342 0.631394 -0.707107
vn -0.420469 0.568512 -0.707107
vn -0.510500 0.489275 -0.707107
vn -0.585845 0.395962 -0.707107
vn -0.644336 0.291258 -0.707107
vn -0.684291 0.178175 -0.707107
vn -0.704559 0.059967 -0.707107
vn -0.704559 -0.059967 -0.707107
vn -0.684291 -0.178175 -0.707107
vn -0.644336 -0.291258 -0.707107
vn -0.585845 -0.395962 -0.707107
vn -0.510500 -0.489275 -0.707107
vn -0.420469 -0.568512 -0.707107
vn -0.318342 -0.631394 -0.707107
vn -0.207057 -0.676112 -0.707107
vn -0.089815 -0.701380 -0.707107
vn 0.030010 -0.706470 -0.707107
vn 0.148973 -0.691236 -0.707107
vn 0.263649 -0.656117 -0.707107
vn 0.370741 -0.602122 -0.707107
vn 0.467168 -0.530805 -0.707107
vn 0.550154 -0.444219 -0.707107
vn 0.617314 -0.344852 -0.707107
vn 0.666715 -0.235565 -0.707107
vn 0.696936 -0.119502 -0.707107
vn 0.587785 0.000000 -0.809017
vn 0.579330 0.099336 -0.809017
vn 0.554209 0.195815 -0.809017
vn 0.513145 0.286660 -0.809017
vn 0.457318 0.369258 -0.809017
vn 0.388335 0.441234 -0.809017
vn 0.308180 0.500516 -0.809017
vn 0.219160 0.545399 -0.809017
vn 0.123834 0.574593 -0.809017
vn 0.024946 0.587256 -0.809017
vn -0.074659 0.583024 -0.809017
vn -0.172117 0.562021 -0.809017
vn -0.264623 0.524849 -0.809017
vn -0.349517 0.472578 -0.809017
vn -0.424355 0.406711 -0.809017
vn -0.486986 0.329145 -0.809017
vn -0.535607 0.242109 -0.809017
vn -0.568819 0.148109 -0.809017
vn -0.585668 0.049848 -0.809017
vn -0.585668 -0.049848 -0.809017
vn -0.568819 -0.148109 -0.809017
vn -0.535607 -0.242109 -0.809017
vn -0.486986 -0.329145 -0.809017
vn -0.424355 -0.406711 -0.809017
vn -0.349517 -0.472578 -0.809017
vn -0.264623 -0.524849 -0.809017
vn -0.172117 -0.562021 -0.809017
vn -0.074659 -0.583024 -0.809017
vn 0.024946 -0.587256 -0.809017
vn 0.123834 -0.574593 -0.809017
vn 0.219160 -0.545399 -0.809017
vn 0.308180 -0.500516 -0.809017
vn 0.388335 -0.441234 -0.809017
vn 0.457318 -0.369258 -0.809017
vn 0.513145 -0.286660 -0.809017
vn 0.554209 -0.195815 -0.809017
vn 0.579330 -0.099336 -0.809017
vn 0.453990 0.000000 -0.891007
vn 0.447460 0.076725 -0.891007
vn 0.428057 0.151242 -0.891007
vn 0.396340 0.221409 -0.891007
vn 0.353221 0.285206 -0.891007
vn 0.299940 0.340798 -0.891007
vn 0.238031 0.386586 -0.891007
vn 0.169273 0.421253 -0.891007
vn 0.095646 0.443801 -0.891007
vn 0.019268 0.453581 -0.891007
vn -0.057665 0.450313 -0.891007
vn -0.132939 0.434091 -0.891007
vn -0.204388 0.405380 -0.891007
vn -0.269958 0.365007 -0.891007
vn -0.327761 0.314134 -0.891007
vn -0.376136 0.254223 -0.891007
vn -0.413689 0.186999 -0.891007
vn -0.439342 0.114396 -0.891007
vn -0.452355 0.038501 -0.891007
vn -0.452355 -0.038501 -0.891007
vn -0.439342 -0.114396 -0.891007
vn -0.413689 -0.186999 -0.891007
vn -0.376136 -0.254223 -0.891007
vn -0.327761 -0.314134 -0.891007
vn -0.269958 -0.365007 -0.891007
vn -0.204388 -0.405380 -0.891007
vn -0.132939 -0.434091 -0.891007
vn -0.057665 -0.450313 -0.891007
vn 0.019268 -0.453581 -0.891007
vn 0.095646 -0.443801 -0.891007
vn 0.169273 -0.421253 -0.891007
vn 0.238031 -0.386586 -0.891007
vn 0.299940 -0.340798 -0.891007
vn 0.353221 -0.285206 -0.891007
vn 0.396340 -0.221409 -0.891007
vn 0.428057 -0.151242 -0.891007
vn 0.447460 -0.076725 -0.891007
vn 0.309017 0.000000 -0.951057
vn 0.304572 0.052224 -0.951057
vn 0.291365 0.102946 -0.951057
vn 0.269776 0.150706 -0.951057
vn 0.240426 0.194131 -0.951057
vn 0.204160 0.231970 -0.951057
vn 0.162020 0.263137 -0.951057
vn 0.115219 0.286733 -0.951057
vn 0.065103 0.302081 -0.951057
vn 0.013115 0.308739 -0.951057
vn -0.039251 0.306514 -0.951057
vn -0.090487 0.295472 -0.951057
vn -0.139121 0.275929 -0.951057
vn -0.183752 0.248449 -0.951057
vn -0.223097 0.213821 -0.951057
vn -0.256024 0.173042 -0.951057
vn -0.281585 0.127284 -0.951057
vn -0.299046 0.077866 -0.951057
vn -0.307904 0.026206 -0.951057
vn -0.307904 -0.026206 -0.951057
vn -0.299046 -0.077866 -0.951057
vn -0.281585 -0.127284 -0.951057
vn -0.256024 -0.173042 -0.951057
vn -0.223097 -0.213821 -0.951057
vn -0.183752 -0.248449 -0.951057
vn -0.139121 -0.275929 -0.951057
vn -0.090487 -0.295472 -0.951057
vn -0.039251 -0.306514 -0.951057
vn 0.013115 -0.308739 -0.951057
vn 0.065103 -0.302081 -0.951057
vn 0.115219 -0.286733 -0.951057
vn 0.162020 -0.263137 -0.951057
vn 0.204160 -0.231970 -0.951057
vn 0.240426 -0.194131 -0.951057
vn 0.269776 -0.150706 -0.951057
vn 0.291365 -0.102946 -0.951057
vn 0.304572 -0.052224 -0.951057
vn 0.986361 0.164595 0.000000
vn 0.974218 0.162568 0.156434
vn 1.000000 0.000000 0.000000
vn 0.987688 0.000000 0.156434
vn 0.986361 -0.164595 0.000000
vn 0.974218 -0.162568 0.156434
vn 0.945817 -0.324699 0.000000
vn 0.934173 -0.320702 0.156434
vn 0.879474 -0.475947 0.000000
vn 0.868646 -0.470088 0.156434
vn 0.789141 -0.614213 0.000000
vn 0.779425 -0.606651 0.156434
vn 0.677282 -0.735724 0.000000
vn 0.668943 -0.726666 0.156434
vn 0.546948 -0.837166 0.000000
vn 0.540214 -0.826860 0.156434
vn 0.401695 -0.915773 0.000000
vn 0.396750 -0.904499 0.156434
vn 0.245485 -0.969400 0.000000
vn 0.242463 -0.957465 0.156434
vn 0.082579 -0.996584 0.000000
vn 0.081563 -0.984315 0.156434
vn -0.082579 -0.996584 0.000000
vn -0.081563 -0.984315 0.156434
vn -0.245485 -0.969400 0.000000
vn -0.242463 -0.957465 0.156434
vn -0.401695 -0.915773 0.000000
vn -0.396750 -0.904499 0.156434
vn -0.546948 -0.837166 0.000000
vn -0.540214 -0.826860 0.156434
vn -0.677282 -0.735724 0.000000
vn -0.668943 -0.726666 0.156434
vn -0.789141 -0.614213 0.000000
vn -0.779425 -0.606651 0.156434
vn -0.879474 -0.475947 0.000000
vn -0.868646 -0.470088 0.156434
vn -0.945817 -0.324699 0.000000
vn -0.934173 -0.320702 0.156434
vn -0.986361 -0.164595 0.000000
vn -0.974218 -0.162568 0.156434
vn -1.000000 -0.000000 0.000000
vn -0.987688 -0.000000 0.156434
vn -0.986361 0.164595 0.000000
vn -0.974218 0.162568 0.156434
vn -0.945817 0.324699 0.000000
vn -0.934173 0.320702 0.156434
vn -0.879474 0.475947 0.000000
vn -0.868646 0.470088 0.156434
vn -0.789141 0.614213 0.000000
vn -0.779425 0.606651 0.156434
vn -0.677282 0.735724 0.000000
vn -0.668943 0.726666 0.156434
vn -0.546948 0.837166 0.000000
vn -0.540214 0.826860 0.156434
vn -0.401695 0.915773 0.000000
vn -0.396750 0.904499 0.156434
vn -0.245485 0.969400 0.000000
vn -0.242463 0.957465 0.156434
vn -0.082579 0.996584 0.000000
vn -0.081563 0.984315 0.156434
vn 0.082579 0.996584 0.000000
vn 0.081563 0.984315 0.156434
vn 0.245485 0.969400 0.000000
vn 0.242463 0.957465 0.156434
vn 0.401695 0.915773 0.000000
vn 0.396750 0.904499 0.156434
vn 0.546948 0.837166 0.000000
vn 0.540214 0.826860 0.156434
vn 0.677282 0.735724 0.000000
vn 0.668943 0.726666 0.156434
vn 0.789141 0.614213 0.000000
vn 0.779425 0.606651 0.156434
vn 0.879474 0.475947 0.000000
vn 0.868646 0.470088 0.156434
vn 0.945817 0.324699 0.000000
vn 0.934173 0.320702 0.156434
vn -0.156434 0.000000 0.987688
vn -0.000000 0.000000 1.000000
vn -0.154301 0.025748 0.987688
vn -0.147958 0.050794 0.987688
vn -0.137580 0.074455 0.987688
vn -0.123449 0.096084 0.987688
vn -0.105950 0.115093 0.987688
vn -0.085562 0.130962 0.987688
vn -0.062839 0.143259 0.987688
vn -0.038402 0.151648 0.987688
vn -0.012918 0.155900 0.987688
vn 0.012918 0.155900 0.987688
vn 0.038402 0.151648 0.987688
vn 0.062839 0.143259 0.987688
vn 0.085562 0.130962 0.987688
vn 0.105950 0.115093 0.987688
vn 0.123449 0.096084 0.987688
vn 0.137580 0.074455 0.987688
vn 0.147958 0.050794 0.987688
vn 0.154301 0.025748 0.987688
vn 0.156434 0.000000 0.987688
vn 0.154301 -0.025748 0.987688
vn 0.147958 -0.050794 0.987688
vn 0.137580 -0.074455 0.987688
vn 0.123449 -0.096084 0.987688
vn 0.105950 -0.115093 0.987688
vn 0.085562 -0.130962 0.987688
vn 0.062839 -0.143259 0.987688
vn 0.038402 -0.151648 0.987688
vn 0.012918 -0.155900 0.987688
vn -0.012918 -0.155900 0.987688
vn -0.038402 -0.151648 0.987688
vn -0.062839 -0.143259 0.987688
vn -0.085562 -0.130962 0.987688
vn -0.105950 -0.115093 0.987688
vn -0.123449 -0.096084 0.987688
vn -0.137580 -0.074455 0.987688
vn -0.147958 -0.050794 0.987688
vn -0.154301 -0.025748 0.987688
vn -0.951057 0.000000 0.309017
vn -0.938085 0.156539 0.309017
vn -0.899526 0.308808 0.309017
vn -0.836429 0.452653 0.309017
vn -0.750517 0.584151 0.309017
vn -0.644133 0.699715 0.309017
vn -0.520179 0.796193 0.309017
vn -0.382035 0.870952 0.309017
vn -0.233471 0.921954 0.309017
vn -0.078538 0.947808 0.309017
vn 0.078538 0.947808 0.309017
vn 0.233471 0.921954 0.309017
vn 0.382035 0.870952 0.309017
vn 0.520179 0.796193 0.309017
vn 0.644133 0.699715 0.309017
vn 0.750517 0.584151 0.309017
vn 0.836429 0.452653 0.309017
vn 0.899526 0.308808 0.309017
vn 0.938085 0.156539 0.309017
vn 0.951057 0.000000 0.309017
vn 0.938085 -0.156539 0.309017
vn 0.899526 -0.308808 0.309017
vn 0.836429 -0.452653 0.309017
vn 0.750517 -0.584151 0.309017
vn 0.644133 -0.699715 0.309017
vn 0.520179 -0.796193 0.309017
vn 0.382035 -0.870952 0.309017
vn 0.233471 -0.921954 0.309017
vn 0.078538 -0.947808 0.309017
vn -0.078538 -0.947808 0.309017
vn -0.233471 -0.921954 0.309017
vn -0.382035 -0.870952 0.309017
vn -0.520179 -0.796193 0.309017
vn -0.644133 -0.699715 0.309017
vn -0.750517 -0.584151 0.309017
vn -0.836429 -0.452653 0.309017
vn -0.899526 -0.308808 0.309017
vn -0.938085 -0.156539 0.309017
vn -0.891007 0.000000 0.453990
vn -0.878854 0.146655 0.453990
vn -0.842729 0.289309 0.453990
vn -0.783617 0.424072 0.453990
vn -0.703129 0.547268 0.453990
vn -0.603462 0.655535 0.453990
vn -0.487334 0.745921 0.453990
vn -0.357913 0.815960 0.453990
vn -0.218729 0.863742 0.453990
vn -0.073579 0.887963 0.453990
vn 0.073579 0.887963 0.453990
vn 0.218729 0.863742 0.453990
vn 0.357913 0.815960 0.453990
vn 0.487334 0.745921 0.453990
vn 0.603462 0.655535 0.453990
vn 0.703129 0.547268 0.453990
vn 0.783617 0.424072 0.453990
vn 0.842729 0.289309 0.453990
vn 0.878854 0.146655 0.453990
vn 0.891007 0.000000 0.453990
vn 0.878854 -0.146655 0.453990
vn 0.842729 -0.289309 0.453990
vn 0.783617 -0.424072 0.453990
vn 0.703129 -0.547268 0.453990
vn 0.603462 -0.655535 0.453990
vn 0.487334 -0.745921 0.453990
vn 0.357913 -0.815960 0.453990
vn 0.218729 -0.863742 0.453990
vn 0.073579 -0.887963 0.453990
vn -0.073579 -0.887963 0.453990
vn -0.218729 -0.863742 0.453990
vn -0.357913 -0.815960 0.453990
vn -0.487334 -0.745921 0.453990
vn -0.603462 -0.655535 0.453990
vn -0.703129 -0.547268 0.453990
vn -0.783617 -0.424072 0.453990
vn -0.842729 -0.289309 0.453990
vn -0.878854 -0.146655 0.453990
vn -0.809017 0.000000 0.587785
vn -0.797983 0.133160 0.587785
vn -0.765182 0.262687 0.587785
vn -0.711509 0.385050 0.587785
vn -0.638428 0.496909 0.587785
vn -0.547932 0.595213 0.587785
vn -0.442490 0.677282 0.587785
vn -0.324978 0.740876 0.587785
vn -0.198602 0.784261 0.587785
vn -0.066808 0.806254 0.587785
vn 0.066808 0.806254 0.587785
vn 0.198602 0.784261 0.587785
vn 0.324978 0.740876 0.587785
vn 0.442490 0.677282 0.587785
vn 0.547932 0.595213 0.587785
vn 0.638428 0.496909 0.587785
vn 0.711509 0.385050 0.587785
vn 0.765182 0.262687 0.587785
vn 0.797983 0.133160 0.587785
vn 0.809017 0.000000 0.587785
vn 0.797983 -0.133160 0.587785
vn 0.765182 -0.262687 0.587785
vn 0.711509 -0.385050 0.587785
vn 0.638428 -0.496909 0.587785
vn 0.547932 -0.595213 0.587785
vn 0.442490 -0.677282 0.587785
vn 0.324978 -0.740876 0.587785
vn 0.198602 -0.784261 0.587785
vn 0.066808 -0.806254 0.587785
vn -0.066808 -0.806254 0.587785
vn -0.198602 -0.784261 0.587785
vn -0.324978 -0.740876 0.587785
vn -0.442490 -0.677282 0.587785
vn -0.547932 -0.595213 0.587785
vn -0.638428 -0.496909 0.587785
vn -0.711509 -0.385050 0.587785
vn -0.765182 -0.262687 0.587785
vn -0.797983 -0.133160 0.587785
vn -0.707107 0.000000 0.707107
vn -0.697463 0.116386 0.707107
vn -0.668794 0.229597 0.707107
vn -0.621882 0.336546 0.707107
vn -0.558007 0.434314 0.707107
vn -0.478910 0.520235 0.707107
vn -0.386751 0.591966 0.707107
vn -0.284042 0.647550 0.707107
vn -0.173584 0.685470 0.707107
vn -0.058392 0.704692 0.707107
vn 0.058392 0.704692 0.707107
vn 0.173584 0.685470 0.707107
vn 0.284042 0.647550 0.707107
vn 0.386751 0.591966 0.707107
vn 0.478910 0.520235 0.707107
vn 0.558007 0.434314 0.707107
vn 0.621882 0.336546 0.707107
vn 0.668794 0.229597 0.707107
vn 0.697463 0.116386 0.707107
vn 0.707107 0.000000 0.707107
vn 0.697463 -0.116386 0.707107
vn 0.668794 -0.229597 0.707107
vn 0.621882 -0.336546 0.707107
vn 0.558007 -0.434314 0.707107
vn 0.478910 -0.520235 0.707107
vn 0.386751 -0.591966 0.707107
vn 0.284042 -0.647550 0.707107
vn 0.173584 -0.685470 0.707107
vn 0.058392 -0.704692 0.707107
vn -0.058392 -0.704692 0.707107
vn -0.173584 -0.685470 0.707107
vn -0.284042 -0.647550 0.707107
vn -0.386751 -0.591966 0.707107
vn -0.478910 -0.520235 0.707107
vn -0.558007 -0.434314 0.707107
vn -0.621882 -0.336546 0.707107
vn -0.668794 -0.229597 0.707107
vn -0.697463 -0.116386 0.707107
vn -0.587785 0.000000 0.809017
vn -0.579769 0.096746 0.809017
vn -0.555937 0.190854 0.809017
vn -0.516942 0.279755 0.809017
vn -0.463845 0.361025 0.809017
vn -0.398096 0.432448 0.809017
vn -0.321488 0.492074 0.809017
vn -0.236111 0.538278 0.809017
vn -0.144293 0.569799 0.809017
vn -0.048539 0.585778 0.809017
vn 0.048539 0.585778 0.809017
vn 0.144293 0.569799 0.809017
vn 0.236111 0.538278 0.809017
vn 0.321488 0.492074 0.809017
vn 0.398096 0.432448 0.809017
vn 0.463845 0.361025 0.809017
vn 0.516942 0.279755 0.809017
vn 0.555937 0.190854 0.809017
vn 0.579769 0.096746 0.809017
vn 0.587785 0.000000 0.809017
vn 0.579769 -0.096746 0.809017
vn 0.555937 -0.190854 0.809017
vn 0.516942 -0.279755 0.809017
vn 0.463845 -0.361025 0.809017
vn 0.398096 -0.432448 0.809017
vn 0.321488 -0.492074 0.809017
vn 0.236111 -0.538278 0.809017
vn 0.144293 -0.569799 0.809017
vn 0.048539 -0.585778 0.809017
vn -0.048539 -0.585778 0.809017
vn -0.144293 -0.569799 0.809017
vn -0.236111 -0.538278 0.809017
vn -0.321488 -0.492074 0.809017
vn -0.398096 -0.432448 0.809017
vn -0.463845 -0.361025 0.809017
vn -0.516942 -0.279755 0.809017
vn -0.555937 -0.190854 0.809017
vn -0.579769 -0.096746 0.809017
vn -0.453990 0.000000 0.891007
vn -0.447799 0.074724 0.891007
vn -0.429392 0.147410 0.891007
vn -0.399273 0.216076 0.891007
vn -0.358262 0.278847 0.891007
vn -0.307479 0.334012 0.891007
vn -0.248309 0.380066 0.891007
vn -0.182366 0.415752 0.891007
vn -0.111448 0.440099 0.891007
vn -0.037490 0.452440 0.891007
vn 0.037490 0.452440 0.891007
vn 0.111448 0.440099 0.891007
vn 0.182366 0.415752 0.891007
vn 0.248309 0.380066 0.891007
vn 0.307479 0.334012 0.891007
vn 0.358262 0.278847 0.891007
vn 0.399273 0.216076 0.891007
vn 0.429392 0.147410 0.891007
vn 0.447799 0.074724 0.891007
vn 0.453990 0.000000 0.891007
vn 0.447799 -0.074724 0.891007
vn 0.429392 -0.147410 0.891007
vn 0.399273 -0.216076 0.891007
vn 0.358262 -0.278847 0.891007
vn 0.307479 -0.334012 0.891007
vn 0.248309 -0.380066 0.891007
vn 0.182366 -0.415752 0.891007
vn 0.111448 -0.440099 0.891007
vn 0.037490 -0.452440 0.891007
vn -0.037490 -0.452440 0.891007
vn -0.111448 -0.440099 0.891007
vn -0.182366 -0.415752 0.891007
vn -0.248309 -0.380066 0.891007
vn -0.307479 -0.334012 0.891007
vn -0.358262 -0.278847 0.891007
vn -0.399273 -0.216076 0.891007
vn -0.429392 -0.147410 0.891007
vn -0.447799 -0.074724 0.891007
vn -0.309017 0.000000 0.951057
vn -0.304802 0.050863 0.951057
vn -0.292274 0.100338 0.951057
vn -0.271772 0.147076 0.951057
vn -0.243858 0.189802 0.951057
vn -0.209292 0.227351 0.951057
vn -0.169016 0.258699 0.951057
vn -0.124131 0.282990 0.951057
vn -0.075859 0.299561 0.951057
vn -0.025518 0.307962 0.951057
vn 0.025518 0.307962 0.951057
vn 0.075859 0.299561 0.951057
vn 0.124131 0.282990 0.951057
vn 0.169016 0.258699 0.951057
vn 0.209292 0.227351 0.951057
vn 0.243858 0.189802 0.951057
vn 0.271772 0.147076 0.951057
vn 0.292274 0.100338 0.951057
vn 0.304802 0.050863 0.951057
vn 0.309017 0.000000 0.951057
vn 0.304802 -0.050863 0.951057
vn 0.292274 -0.100338 0.951057
vn 0.271772 -0.147076 0.951057
vn 0.243858 -0.189802 0.951057
vn 0.209292 -0.227351 0.951057
vn 0.169016 -0.258699 0.951057
vn 0.124131 -0.282990 0.951057
vn 0.075859 -0.299561 0.951057
vn 0.025518 -0.307962 0.951057
vn -0.025518 -0.307962 0.951057
vn -0.075859 -0.299561 0.951057
vn -0.124131 -0.282990 0.951057
vn -0.169016 -0.258699 0.951057
vn -0.209292 -0.227351 0.951057
vn -0.243858 -0.189802 0.951057
vn -0.271772 -0.147076 0.951057
vn -0.292274 -0.100338 0.951057
vn -0.304802 -0.050863 0.951057
usemtl Glass_(Clear)
f 2/1/1 48/2/2 1/3/3
f 1/3/3 48/2/2 25/4/4
f 1/5/3 25/6/4 24/7/5
f 24/7/5 25/6/4 26/8/6
f 24/7/5 26/8/6 23/9/7
f 23/9/7 26/8/6 27/10/8
f 23/9/7 27/10/8 22/11/9
f 22/11/9 27/10/8 28/12/10
f 22/11/9 28/12/10 21/13/11
f 21/13/11 28/12/10 29/14/12
f 21/13/11 29/14/12 20/15/13
f 20/15/13 29/14/12 30/16/14
f 20/15/13 30/16/14 19/17/15
f 19/17/15 30/16/14 31/18/16
f 19/17/15 31/18/16 18/19/17
f 18/19/17 31/18/16 32/20/18
f 18/19/17 32/20/18 17/21/19
f 17/21/19 32/20/18 33/22/20
f 17/21/19 33/22/20 16/23/21
f 16/23/21 33/22/20 34/24/22
f 16/23/21 34/24/22 15/25/23
f 15/25/23 34/24/22 35/26/24
f 15/25/23 35/26/24 14/27/25
f 14/27/25 35/26/24 36/28/26
f 14/27/25 36/28/26 13/29/27
f 13/29/27 36/28/26 37/30/28
f 13/29/27 37/30/28 12/31/29
f 12/31/29 37/30/28 38/32/30
f 12/31/29 38/32/30 11/33/31
f 11/33/31 38/32/30 39/34/32
f 11/33/31 39/34/32 10/35/33
f 10/35/33 39/34/32 40/36/34
f 10/35/33 40/36/34 9/37/35
f 9/37/35 40/36/34 41/38/36
f 9/37/35 41/38/36 8/39/37
f 8/39/37 41/38/36 42/40/38
f 8/39/37 42/40/38 7/41/39
f 7/41/39 42/40/38 43/42/40
f 7/41/39 43/42/40 6/43/41
f 6/43/41 43/42/40 44/44/42
f 6/43/41 44/44/42 5/45/43
f 5/45/43 44/44/42 45/46/44
f 5/45/43 45/46/44 4/47/45
f 4/47/45 45/46/44 46/48/46
f 4/47/45 46/48/46 3/49/47
f 3/49/47 46/48/46 47/50/48
f 3/49/47 47/50/48 2/1/1
f 2/1/1 47/50/48 48/2/2
f 50/51/49 96/52/50 49/53/51
f 49/53/51 96/52/50 73/54/52
f 49/55/51 73/56/52 72/57/53
f 72/57/53 73/56/52 74/58/54
f 72/57/53 74/58/54 71/59/55
f 71/59/55 74/58/54 75/60/56
f 71/59/55 75/60/56 70/61/57
f 70/61/57 75/60/56 76/62/58
f 70/61/57 76/62/58 69/63/59
f 69/63/59 76/62/58 77/64/60
f 69/63/59 77/64/60 68/65/61
f 68/65/61 77/64/60 78/66/62
f 68/65/61 78/66/62 67/67/63
f 67/67/63 78/66/62 79/68/64
f 67/67/63 79/68/64 66/69/65
f 66/69/65 79/68/64 80/70/66
f 66/69/65 80/70/66 65/71/67
f 65/71/67 80/70/66 81/72/68
f 65/71/67 81/72/68 64/73/69
f 64/73/69 81/72/68 82/74/70
f 64/73/69 82/74/70 63/75/71
f 63/75/71 82/74/70 83/76/72
f 63/75/71 83/76/72 62/77/73
f 62/77/73 83/76/72 84/78/74
f 62/77/73 84/78/74 61/79/75
f 61/79/75 84/78/74 85/80/76
f 61/79/75 85/80/76 60/81/77
f 60/81/77 85/80/76 86/82/78
f 60/81/77 86/82/78 59/83/79
f 59/83/79 86/82/78 87/84/80
f 59/83/79 87/84/80 58/85/81
f 58/85/81 87/84/80 88/86/82
f 58/85/81 88/86/82 57/87/83
f 57/87/83 88/86/82 89/88/84
f 57/87/83 89/88/84 56/89/85
f 56/89/85 89/88/84 90/90/86
f 56/89/85 90/90/86 55/91/87
f 55/91/87 90/90/86 91/92/88
f 55/91/87 91/92/88 54/93/89
f 54/93/89 91/92/88 92/94/90
f 54/93/89 92/94/90 53/95/91
f 53/95/91 92/94/90 93/96/92
f 53/95/91 93/96/92 52/97/93
f 52/97/93 93/96/92 94/98/94
f 52/97/93 94/98/94 51/99/95
f 51/99/95 94/98/94 95/100/96
f 51/99/95 95/100/96 50/51/49
f 50/51/49 95/100/96 96/52/50
f 98/101/97 144/102/98 97/103/99
f 97/103/99 144/102/98 121/104/100
f 97/105/99 121/106/100 120/107/101
f 120/107/101 121/106/100 122/108/102
f 120/107/101 122/108/102 119/109/103
f 119/109/103 122/108/102 123/110/104
f 119/109/103 123/110/104 118/111/105
f 118/111/105 123/110/104 124/112/106
f 118/111/105 124/112/106 117/113/107
f 117/113/107 124/112/106 125/114/108
f 117/113/107 125/114/108 116/115/109
f 116/115/109 125/114/108 126/116/110
f 116/115/109 126/116/110 115/117/111
f 115/117/111 126/116/110 127/118/112
f 115/117/111 127/118/112 114/119/113
f 114/119/113 127/118/112 128/120/114
f 114/119/113 128/120/114 113/121/115
f 113/121/115 128/120/114 129/122/116
f 113/121/115 129/122/116 112/123/117
f 112/123/117 129/122/116 130/124/118
f 112/123/117 130/124/118 111/125/119
f 111/125/119 130/124/118 131/126/120
f 111/125/119 131/126/120 110/127/121
f 110/127/121 131/126/120 132/128/122
f 110/127/121 132/128/122 109/129/123
f 109/129/123 132/128/122 133/130/124
f 109/129/123 133/130/124 108/131/125
f 108/131/125 133/130/124 134/132/126
f 108/131/125 134/132/126 107/133/127
f 107/133/127 134/132/126 135/134/128
f 107/133/127 135/134/128 106/135/129
f 106/135/129 135/134/128 136/136/130
f 106/135/129 136/136/130 105/137/131
f 105/137/131 136/136/130 137/138/132
f 105/137/131 137/138/132 104/139/133
f 104/139/133 137/138/132 138/140/134
f 104/139/133 138/140/134 103/141/135
f 103/141/135 138/140/134 139/142/136
f 103/141/135 139/142/136 102/143/137
f 102/143/137 139/142/136 140/144/138
f 102/143/137 140/144/138 101/145/139
f 101/145/139 140/144/138 141/146/140
f 101/145/139 141/146/140 100/147/141
f 100/147/141 141/146/140 142/148/142
f 100/147/141 142/148/142 99/149/143
f 99/149/143 142/148/142 143/150/144
f 99/149/143 143/150/144 98/101/97
f 98/101/97 143/150/144 144/102/98
f 146/151/145 192/152/146 145/153/147
f 145/153/147 192/152/146 169/154/148
f 145/155/147 169/156/148 168/157/149
f 168/157/149 169/156/148 170/158/150
f 168/157/149 170/158/150 167/159/151
f 167/159/151 170/158/150 171/160/152
f 167/159/151 171/160/152 166/161/153
f 166/161/153 171/160/152 172/162/154
f 166/161/153 172/162/154 165/163/155
f 165/163/155 172/162/154 173/164/156
f 165/163/155 173/164/156 164/165/157
f 164/165/157 173/164/156 174/166/158
f 164/165/157 174/166/158 163/167/159
f 163/167/159 174/166/158 175/168/160
f 163/167/159 175/168/160 162/169/161
f 162/169/161 175/168/160 176/170/162
f 162/169/161 176/170/162 161/171/163
f 161/171/163 176/170/162 177/172/164
f 161/171/163 177/172/164 160/173/165
f 160/173/165 177/172/164 178/174/166
f 160/173/165 178/174/166 159/175/167
f 159/175/167 178/174/166 179/176/168
f 159/175/167 179/176/168 158/177/169
f 158/177/169 179/176/168 180/178/170
f 158/177/169 180/178/170 157/179/171
f 157/179/171 180/178/170 181/180/172
f 157/179/171 181/180/172 156/181/173
f 156/181/173 181/180/172 182/182/174
f 156/181/173 182/182/174 155/183/175
f 155/183/175 182/182/174 183/184/176
f 155/183/175 183/184/176 154/185/177
f 154/185/177 183/184/176 184/186/178
f 154/185/177 184/186/178 153/187/179
f 153/187/179 184/186/178 185/188/180
f 153/187/179 185/188/180 152/189/181
f 152/189/181 185/188/180 186/190/182
f 152/189/181 186/190/182 151/191/183
f 151/191/183 186/190/182 187/192/184
f 151/191/183 187/192/184 150/193/185
f 150/193/185 187/192/184 188/194/186
f 150/193/185 188/194/186 149/195/187
f 149/195/187 188/194/186 189/196/188
f 149/195/187 189/196/188 148/197/189
f 148/197/189 189/196/188 190/198/190
f 148/197/189 190/198/190 147/199/191
f 147/199/191 190/198/190 191/200/192
f 147/199/191 191/200/192 146/151/145
f 146/151/145 191/200/192 192/152/146
f 194/201/193 274/202/194 193/203/195
f 193/203/195 274/202/194 268/204/196
f 193/205/195 268/206/196 458/207/197
f 458/207/197 268/206/196 269/208/198
f 458/207/197 269/208/198 459/209/199
f 459/209/199 269/208/198 270/210/200
f 459/209/199 270/210/200 460/211/201
f 460/211/201 270/210/200 271/212/202
f 460/211/201 271/212/202 461/213/203
f 461/213/203 271/212/202 272/214/204
f 461/213/203 272/214/204 462/215/205
f 462/215/205 272/214/204 230/216/206
f 462/215/205 230/216/206 231/217/207
f 274/202/194 194/201/193 279/218/208
f 279/218/208 194/201/193 195/219/209
f 279/218/208 195/219/209 284/220/210
f 284/220/210 195/219/209 196/221/211
f 284/220/210 196/221/211 289/222/212
f 289/222/212 196/221/211 197/223/213
f 289/222/212 197/223/213 294/224/214
f 294/224/214 197/223/213 198/225/215
f 294/224/214 198/225/215 299/226/216
f 299/226/216 198/225/215 199/227/217
f 299/226/216 199/227/217 304/228/218
f 304/228/218 199/227/217 200/229/219
f 304/228/218 200/229/219 309/230/220
f 309/230/220 200/229/219 201/231/221
f 309/230/220 201/231/221 314/232/222
f 314/232/222 201/231/221 202/233/223
f 314/232/222 202/233/223 319/234/224
f 319/234/224 202/233/223 203/235/225
f 319/234/224 203/235/225 324/236/226
f 324/236/226 203/235/225 204/237/227
f 324/236/226 204/237/227 329/238/228
f 329/238/228 204/237/227 205/239/229
f 329/238/228 205/239/229 334/240/230
f 334/240/230 205/239/229 206/241/231
f 334/240/230 206/241/231 339/242/232
f 339/242/232 206/241/231 207/243/233
f 339/242/232 207/243/233 344/244/234
f 344/244/234 207/243/233 208/245/235
f 344/244/234 208/245/235 349/246/236
f 349/246/236 208/245/235 209/247/237
f 349/246/236 209/247/237 354/248/238
f 354/248/238 209/247/237 210/249/239
f 354/248/238 210/249/239 359/250/240
f 359/250/240 210/249/239 211/251/241
f 359/250/240 211/251/241 273/252/242
f 273/252/242 211/251/241 212/253/243
f 273/252/242 212/253/243 377/254/244
f 377/254/244 212/253/243 368/255/245
f 377/254/244 368/255/245 369/256/246
f 369/256/246 368/255/245 379/257/247
f 369/256/246 379/257/247 380/258/248
f 380/258/248 379/257/247 385/259/249
f 380/258/248 385/259/249 386/260/250
f 386/260/250 385/259/249 391/261/251
f 386/260/250 391/261/251 392/262/252
f 392/262/252 391/261/251 397/263/253
f 392/262/252 397/263/253 244/264/254
f 244/264/254 397/263/253 243/265/255
f 243/265/255 397/263/253 402/266/256
f 243/265/255 402/266/256 242/267/257
f 242/267/257 402/266/256 407/268/258
f 242/267/257 407/268/258 241/269/259
f 241/269/259 407/268/258 412/270/260
f 241/269/259 412/270/260 240/271/261
f 240/271/261 412/270/260 417/272/262
f 240/271/261 417/272/262 239/273/263
f 239/273/263 417/272/262 422/274/264
f 239/273/263 422/274/264 238/275/265
f 238/275/265 422/274/264 427/276/266
f 238/275/265 427/276/266 237/277/267
f 237/277/267 427/276/266 432/278/268
f 237/277/267 432/278/268 236/279/269
f 236/279/269 432/278/268 437/280/270
f 236/279/269 437/280/270 235/281/271
f 235/281/271 437/280/270 442/282/272
f 235/281/271 442/282/272 234/283/273
f 234/283/273 442/282/272 447/284/274
f 234/283/273 447/284/274 233/285/275
f 233/285/275 447/284/274 452/286/276
f 233/285/275 452/286/276 232/287/277
f 232/287/277 452/286/276 457/288/278
f 232/287/277 457/288/278 231/217/207
f 231/217/207 457/288/278 462/215/205
f 212/253/243 213/289/279 368/255/245
f 368/255/245 213/289/279 378/290/280
f 368/255/245 378/290/280 379/257/247
f 379/257/247 378/290/280 384/291/281
f 379/257/247 384/291/281 385/259/249
f 385/259/249 384/291/281 390/292/282
f 385/259/249 390/292/282 391/261/251
f 391/261/251 390/292/282 396/293/283
f 391/261/251 396/293/283 397/263/253
f 397/263/253 396/293/283 402/266/256
f 213/289/279 214/294/284 378/290/280
f 378/290/280 214/294/284 383/295/285
f 378/290/280 383/295/285 384/291/281
f 384/291/281 383/295/285 389/296/286
f 384/291/281 389/296/286 390/292/282
f 390/292/282 389/296/286 395/297/287
f 390/292/282 395/297/287 396/293/283
f 396/293/283 395/297/287 401/298/288
f 396/293/283 401/298/288 402/266/256
f 402/266/256 401/298/288 407/268/258
f 214/294/284 215/299/289 383/295/285
f 383/295/285 215/299/289 388/300/290
f 383/295/285 388/300/290 389/296/286
f 389/296/286 388/300/290 394/301/291
f 389/296/286 394/301/291 395/297/287
f 395/297/287 394/301/291 400/302/292
f 395/297/287 400/302/292 401/298/288
f 401/298/288 400/302/292 406/303/293
f 401/298/288 406/303/293 407/268/258
f 407/268/258 406/303/293 412/270/260
f 215/299/289 216/304/294 388/300/290
f 388/300/290 216/304/294 393/305/295
f 388/300/290 393/305/295 394/301/291
f 394/301/291 393/305/295 399/306/296
f 394/301/291 399/306/296 400/302/292
f 400/302/292 399/306/296 405/307/297
f 400/302/292 405/307/297 406/303/293
f 406/303/293 405/307/297 411/308/298
f 406/303/293 411/308/298 412/270/260
f 412/270/260 411/308/298 417/272/262
f 216/304/294 217/309/299 393/305/295
f 393/305/295 217/309/299 398/310/300
f 393/305/295 398/310/300 399/306/296
f 399/306/296 398/310/300 404/311/301
f 399/306/296 404/311/301 405/307/297
f 405/307/297 404/311/301 410/312/302
f 405/307/297 410/312/302 411/308/298
f 411/308/298 410/312/302 416/313/303
f 411/308/298 416/313/303 417/272/262
f 417/272/262 416/313/303 422/274/264
f 217/309/299 218/314/304 398/310/300
f 398/310/300 218/314/304 403/315/305
f 398/310/300 403/315/305 404/311/301
f 404/311/301 403/315/305 409/316/306
f 404/311/301 409/316/306 410/312/302
f 410/312/302 409/316/306 415/317/307
f 410/312/302 415/317/307 416/313/303
f 416/313/303 415/317/307 421/318/308
f 416/313/303 421/318/308 422/274/264
f 422/274/264 421/318/308 427/276/266
f 218/314/304 219/319/309 403/315/305
f 403/315/305 219/319/309 408/320/310
f 403/315/305 408/320/310 409/316/306
f 409/316/306 408/320/310 414/321/311
f 409/316/306 414/321/311 415/317/307
f 415/317/307 414/321/311 420/322/312
f 415/317/307 420/322/312 421/318/308
f 421/318/308 420/322/312 426/323/313
f 421/318/308 426/323/313 427/276/266
f 427/276/266 426/323/313 432/278/268
f 219/319/309 220/324/314 408/320/310
f 408/320/310 220/324/314 413/325/315
f 408/320/310 413/325/315 414/321/311
f 414/321/311 413/325/315 419/326/316
f 414/321/311 419/326/316 420/322/312
f 420/322/312 419/326/316 425/327/317
f 420/322/312 425/327/317 426/323/313
f 426/323/313 425/327/317 431/328/318
f 426/323/313 431/328/318 432/278/268
f 432/278/268 431/328/318 437/280/270
f 220/324/314 221/329/319 413/325/315
f 413/325/315 221/329/319 418/330/320
f 413/325/315 418/330/320 419/326/316
f 419/326/316 418/330/320 424/331/321
f 419/326/316 424/331/321 425/327/317
f 425/327/317 424/331/321 430/332/322
f 425/327/317 430/332/322 431/328/318
f 431/328/318 430/332/322 436/333/323
f 431/328/318 436/333/323 437/280/270
f 437/280/270 436/333/323 442/282/272
f 221/329/319 222/334/324 418/330/320
f 418/330/320 222/334/324 423/335/325
f 418/330/320 423/335/325 424/331/321
f 424/331/321 423/335/325 429/336/326
f 424/331/321 429/336/326 430/332/322
f 430/332/322 429/336/326 435/337/327
f 430/332/322 435/337/327 436/333/323
f 436/333/323 435/337/327 441/338/328
f 436/333/323 441/338/328 442/282/272
f 442/282/272 441/338/328 447/284/274
f 222/334/324 223/339/329 423/335/325
f 423/335/325 223/339/329 428/340/330
f 423/335/325 428/340/330 429/336/326
f 429/336/326 428/340/330 434/341/331
f 429/336/326 434/341/331 435/337/327
f 435/337/327 434/341/331 440/342/332
f 435/337/327 440/342/332 441/338/328
f 441/338/328 440/342/332 446/343/333
f 441/338/328 446/343/333 447/284/274
f 447/284/274 446/343/333 452/286/276
f 223/339/329 224/344/334 428/340/330
f 428/340/330 224/344/334 433/345/335
f 428/340/330 433/345/335 434/341/331
f 434/341/331 433/345/335 439/346/336
f 434/341/331 439/346/336 440/342/332
f 440/342/332 439/346/336 445/347/337
f 440/342/332 445/347/337 446/343/333
f 446/343/333 445/347/337 451/348/338
f 446/343/333 451/348/338 452/286/276
f 452/286/276 451/348/338 457/288/278
f 224/344/334 225/349/339 433/345/335
f 433/345/335 225/349/339 438/350/340
f 433/345/335 438/350/340 439/346/336
f 439/346/336 438/350/340 444/351/341
f 439/346/336 444/351/341 445/347/337
f 445/347/337 444/351/341 450/352/342
f 445/347/337 450/352/342 451/348/338
f 451/348/338 450/352/342 456/353/343
f 451/348/338 456/353/343 457/288/278
f 457/288/278 456/353/343 462/215/205
f 225/349/339 226/354/344 438/350/340
f 438/350/340 226/354/344 443/355/345
f 438/350/340 443/355/345 444/351/341
f 444/351/341 443/355/345 449/356/346
f 444/351/341 449/356/346 450/352/342
f 450/352/342 449/356/346 455/357/347
f 450/352/342 455/357/347 456/353/343
f 456/353/343 455/357/347 461/213/203
f 456/353/343 461/213/203 462/215/205
f 226/354/344 227/358/348 443/355/345
f 443/355/345 227/358/348 448/359/349
f 443/355/345 448/359/349 449/356/346
f 449/356/346 448/359/349 454/360/350
f 449/356/346 454/360/350 455/357/347
f 455/357/347 454/360/350 460/211/201
f 455/357/347 460/211/201 461/213/203
f 227/358/348 228/361/351 448/359/349
f 448/359/349 228/361/351 453/362/352
f 448/359/349 453/362/352 454/360/350
f 454/360/350 453/362/352 459/209/199
f 454/360/350 459/209/199 460/211/201
f 228/361/351 229/363/353 453/362/352
f 453/362/352 229/363/353 458/207/197
f 453/362/352 458/207/197 459/209/199
f 229/363/353 193/205/195 458/207/197
f 244/264/254 245/364/354 392/262/252
f 392/262/252 245/364/354 387/365/355
f 392/262/252 387/365/355 386/260/250
f 386/260/250 387/365/355 381/366/356
f 386/260/250 381/366/356 380/258/248
f 380/258/248 381/366/356 370/367/357
f 380/258/248 370/367/357 369/256/246
f 369/256/246 370/367/357 376/368/358
f 369/256/246 376/368/358 377/254/244
f 377/254/244 376/368/358 273/252/242
f 245/364/354 246/369/359 387/365/355
f 387/365/355 246/369/359 382/370/360
f 387/365/355 382/370/360 381/366/356
f 381/366/356 382/370/360 371/371/361
f 381/366/356 371/371/361 370/367/357
f 370/367/357 371/371/361 375/372/362
f 370/367/357 375/372/362 376/368/358
f 376/368/358 375/372/362 364/373/363
f 376/368/358 364/373/363 273/252/242
f 273/252/242 364/373/363 359/250/240
f 246/369/359 247/374/364 382/370/360
f 382/370/360 247/374/364 372/375/365
f 382/370/360 372/375/365 371/371/361
f 371/371/361 372/375/365 374/376/366
f 371/371/361 374/376/366 375/372/362
f 375/372/362 374/376/366 365/377/367
f 375/372/362 365/377/367 364/373/363
f 364/373/363 365/377/367 360/378/368
f 364/373/363 360/378/368 359/250/240
f 359/250/240 360/378/368 354/248/238
f 247/374/364 248/379/369 372/375/365
f 372/375/365 248/379/369 373/380/370
f 372/375/365 373/380/370 374/376/366
f 374/376/366 373/380/370 366/381/371
f 374/376/366 366/381/371 365/377/367
f 365/377/367 366/381/371 361/382/372
f 365/377/367 361/382/372 360/378/368
f 360/378/368 361/382/372 355/383/373
f 360/378/368 355/383/373 354/248/238
f 354/248/238 355/383/373 349/246/236
f 248/379/369 249/384/374 373/380/370
f 373/380/370 249/384/374 367/385/375
f 373/380/370 367/385/375 366/381/371
f 366/381/371 367/385/375 362/386/376
f 366/381/371 362/386/376 361/382/372
f 361/382/372 362/386/376 356/387/377
f 361/382/372 356/387/377 355/383/373
f 355/383/373 356/387/377 350/388/378
f 355/383/373 350/388/378 349/246/236
f 349/246/236 350/388/378 344/244/234
f 249/384/374 250/389/379 367/385/375
f 367/385/375 250/389/379 363/390/380
f 367/385/375 363/390/380 362/386/376
f 362/386/376 363/390/380 357/391/381
f 362/386/376 357/391/381 356/387/377
f 356/387/377 357/391/381 351/392/382
f 356/387/377 351/392/382 350/388/378
f 350/388/378 351/392/382 345/393/383
f 350/388/378 345/393/383 344/244/234
f 344/244/234 345/393/383 339/242/232
f 250/389/379 251/394/384 363/390/380
f 363/390/380 251/394/384 358/395/385
f 363/390/380 358/395/385 357/391/381
f 357/391/381 358/395/385 352/396/386
f 357/391/381 352/396/386 351/392/382
f 351/392/382 352/396/386 346/397/387
f 351/392/382 346/397/387 345/393/383
f 345/393/383 346/397/387 340/398/388
f 345/393/383 340/398/388 339/242/232
f 339/242/232 340/398/388 334/240/230
f 251/394/384 252/399/389 358/395/385
f 358/395/385 252/399/389 353/400/390
f 358/395/385 353/400/390 352/396/386
f 352/396/386 353/400/390 347/401/391
f 352/396/386 347/401/391 346/397/387
f 346/397/387 347/401/391 341/402/392
f 346/397/387 341/402/392 340/398/388
f 340/398/388 341/402/392 335/403/393
f 340/398/388 335/403/393 334/240/230
f 334/240/230 335/403/393 329/238/228
f 252/399/389 253/404/394 353/400/390
f 353/400/390 253/404/394 348/405/395
f 353/400/390 348/405/395 347/401/391
f 347/401/391 348/405/395 342/406/396
f 347/401/391 342/406/396 341/402/392
f 341/402/392 342/406/396 336/407/397
f 341/402/392 336/407/397 335/403/393
f 335/403/393 336/407/397 330/408/398
f 335/403/393 330/408/398 329/238/228
f 329/238/228 330/408/398 324/236/226
f 253/404/394 254/409/399 348/405/395
f 348/405/395 254/409/399 343/410/400
f 348/405/395 343/410/400 342/406/396
f 342/406/396 343/410/400 337/411/401
f 342/406/396 337/411/401 336/407/397
f 336/407/397 337/411/401 331/412/402
f 336/407/397 331/412/402 330/408/398
f 330/408/398 331/412/402 325/413/403
f 330/408/398 325/413/403 324/236/226
f 324/236/226 325/413/403 319/234/224
f 254/409/399 255/414/404 343/410/400
f 343/410/400 255/414/404 338/415/405
f 343/410/400 338/415/405 337/411/401
f 337/411/401 338/415/405 332/416/406
f 337/411/401 332/416/406 331/412/402
f 331/412/402 332/416/406 326/417/407
f 331/412/402 326/417/407 325/413/403
f 325/413/403 326/417/407 320/418/408
f 325/413/403 320/418/408 319/234/224
f 319/234/224 320/418/408 314/232/222
f 255/414/404 256/419/409 338/415/405
f 338/415/405 256/419/409 333/420/410
f 338/415/405 333/420/410 332/416/406
f 332/416/406 333/420/410 327/421/411
f 332/416/406 327/421/411 326/417/407
f 326/417/407 327/421/411 321/422/412
f 326/417/407 321/422/412 320/418/408
f 320/418/408 321/422/412 315/423/413
f 320/418/408 315/423/413 314/232/222
f 314/232/222 315/423/413 309/230/220
f 256/419/409 257/424/414 333/420/410
f 333/420/410 257/424/414 328/425/415
f 333/420/410 328/425/415 327/421/411
f 327/421/411 328/425/415 322/426/416
f 327/421/411 322/426/416 321/422/412
f 321/422/412 322/426/416 316/427/417
f 321/422/412 316/427/417 315/423/413
f 315/423/413 316/427/417 310/428/418
f 315/423/413 310/428/418 309/230/220
f 309/230/220 310/428/418 304/228/218
f 257/424/414 258/429/419 328/425/415
f 328/425/415 258/429/419 323/430/420
f 328/425/415 323/430/420 322/426/416
f 322/426/416 323/430/420 317/431/421
f 322/426/416 317/431/421 316/427/417
f 316/427/417 317/431/421 311/432/422
f 316/427/417 311/432/422 310/428/418
f 310/428/418 311/432/422 305/433/423
f 310/428/418 305/433/423 304/228/218
f 304/228/218 305/433/423 299/226/216
f 258/429/419 259/434/424 323/430/420
f 323/430/420 259/434/424 318/435/425
f 323/430/420 318/435/425 317/431/421
f 317/431/421 318/435/425 312/436/426
f 317/431/421 312/436/426 311/432/422
f 311/432/422 312/436/426 306/437/427
f 311/432/422 306/437/427 305/433/423
f 305/433/423 306/437/427 300/438/428
f 305/433/423 300/438/428 299/226/216
f 299/226/216 300/438/428 294/224/214
f 259/434/424 260/439/429 318/435/425
f 318/435/425 260/439/429 313/440/430
f 318/435/425 313/440/430 312/436/426
f 312/436/426 313/440/430 307/441/431
f 312/436/426 307/441/431 306/437/427
f 306/437/427 307/441/431 301/442/432
f 306/437/427 301/442/432 300/438/428
f 300/438/428 301/442/432 295/443/433
f 300/438/428 295/443/433 294/224/214
f 294/224/214 295/443/433 289/222/212
f 260/439/429 261/444/434 313/440/430
f 313/440/430 261/444/434 308/445/435
f 313/440/430 308/445/435 307/441/431
f 307/441/431 308/445/435 302/446/436
f 307/441/431 302/446/436 301/442/432
f 301/442/432 302/446/436 296/447/437
f 301/442/432 296/447/437 295/443/433
f 295/443/433 296/447/437 290/448/438
f 295/443/433 290/448/438 289/222/212
f 289/222/212 290/448/438 284/220/210
f 261/444/434 262/449/439 308/445/435
f 308/445/435 262/449/439 303/450/440
f 308/445/435 303/450/440 302/446/436
f 302/446/436 303/450/440 297/451/441
f 302/446/436 297/451/441 296/447/437
f 296/447/437 297/451/441 291/452/442
f 296/447/437 291/452/442 290/448/438
f 290/448/438 291/452/442 285/453/443
f 290/448/438 285/453/443 284/220/210
f 284/220/210 285/453/443 279/218/208
f 262/449/439 263/454/444 303/450/440
f 303/450/440 263/454/444 298/455/445
f 303/450/440 298/455/445 297/451/441
f 297/451/441 298/455/445 292/456/446
f 297/451/441 292/456/446 291/452/442
f 291/452/442 292/456/446 286/457/447
f 291/452/442 286/457/447 285/453/443
f 285/453/443 286/457/447 280/458/448
f 285/453/443 280/458/448 279/218/208
f 279/218/208 280/458/448 274/202/194
f 263/454/444 264/459/449 298/455/445
f 298/455/445 264/459/449 293/460/450
f 298/455/445 293/460/450 292/456/446
f 292/456/446 293/460/450 287/461/451
f 292/456/446 287/461/451 286/457/447
f 286/457/447 287/461/451 281/462/452
f 286/457/447 281/462/452 280/458/448
f 280/458/448 281/462/452 275/463/453
f 280/458/448 275/463/453 274/202/194
f 274/202/194 275/463/453 268/204/196
f 264/459/449 265/464/454 293/460/450
f 293/460/450 265/464/454 288/465/455
f 293/460/450 288/465/455 287/461/451
f 287/461/451 288/465/455 282/466/456
f 287/461/451 282/466/456 281/462/452
f 281/462/452 282/466/456 276/467/457
f 281/462/452 276/467/457 275/463/453
f 275/463/453 276/467/457 269/468/198
f 275/463/453 269/468/198 268/204/196
f 265/464/454 266/469/458 288/465/455
f 288/465/455 266/469/458 283/470/459
f 288/465/455 283/470/459 282/466/456
f 282/466/456 283/470/459 277/471/460
f 282/466/456 277/471/460 276/467/457
f 276/467/457 277/471/460 270/472/200
f 276/467/457 270/472/200 269/468/198
f 266/469/458 267/473/461 283/470/459
f 283/470/459 267/473/461 278/474/462
f 283/470/459 278/474/462 277/471/460
f 277/471/460 278/474/462 271/475/202
f 277/471/460 271/475/202 270/472/200
f 267/473/461 230/476/206 278/474/462
f 278/474/462 230/476/206 272/477/204
f 278/474/462 272/477/204 271/475/202
f 26/478/463 25/479/464 249/480/374
f 249/480/374 25/479/464 48/481/465
f 249/480/374 48/481/465 47/482/466
f 47/482/466 46/483/467 249/480/374
f 249/480/374 46/483/467 250/484/379
f 250/484/379 46/483/467 45/485/468
f 250/484/379 45/485/468 44/486/469
f 44/486/469 43/487/470 250/484/379
f 250/484/379 43/487/470 484/488/471
f 250/484/379 484/488/471 485/489/472
f 43/487/470 42/490/473 484/488/471
f 484/488/471 42/490/473 41/491/474
f 484/488/471 41/491/474 40/492/475
f 40/492/475 39/493/476 484/488/471
f 484/488/471 39/493/476 38/494/477
f 484/488/471 38/494/477 37/495/478
f 484/488/471 37/495/478 483/496/479
f 483/496/479 37/495/478 36/497/480
f 483/496/479 36/497/480 35/498/481
f 35/498/481 34/499/482 483/496/479
f 483/496/479 34/499/482 33/500/483
f 483/496/479 33/500/483 32/501/484
f 32/501/484 31/502/485 483/496/479
f 483/496/479 31/502/485 248/503/369
f 483/496/479 248/503/369 482/504/486
f 482/504/486 248/503/369 247/505/364
f 482/504/486 247/505/364 481/506/487
f 481/506/487 247/505/364 246/507/359
f 481/506/487 246/507/359 480/508/488
f 480/508/488 246/507/359 245/509/354
f 480/508/488 245/509/354 479/510/489
f 479/510/489 245/509/354 244/511/254
f 479/510/489 244/511/254 478/512/490
f 478/512/490 244/511/254 243/513/255
f 478/512/490 243/513/255 477/514/491
f 477/514/491 243/513/255 476/515/492
f 476/515/492 243/513/255 242/516/257
f 476/515/492 242/516/257 475/517/493
f 475/517/493 242/516/257 241/518/259
f 475/517/493 241/518/259 474/519/494
f 474/519/494 241/518/259 240/520/261
f 474/519/494 240/520/261 86/521/495
f 86/521/495 240/520/261 87/522/496
f 87/522/496 240/520/261 88/523/497
f 88/523/497 240/520/261 89/524/498
f 89/524/498 240/520/261 90/525/499
f 90/525/499 240/520/261 91/526/500
f 91/526/500 240/520/261 239/527/263
f 91/526/500 239/527/263 92/528/501
f 92/528/501 239/527/263 93/529/502
f 93/529/502 239/527/263 94/530/503
f 94/530/503 239/527/263 95/531/504
f 95/531/504 239/527/263 96/532/505
f 96/532/505 239/527/263 73/533/506
f 73/533/506 239/527/263 472/534/507
f 73/533/506 472/534/507 74/535/508
f 74/535/508 472/534/507 473/536/509
f 74/535/508 473/536/509 75/537/510
f 75/537/510 473/536/509 76/538/511
f 76/538/511 473/536/509 77/539/512
f 77/539/512 473/536/509 78/540/513
f 78/540/513 473/536/509 79/541/514
f 79/541/514 473/536/509 80/542/515
f 80/542/515 473/536/509 474/519/494
f 80/542/515 474/519/494 81/543/516
f 81/543/516 474/519/494 82/544/517
f 82/544/517 474/519/494 83/545/518
f 83/545/518 474/519/494 84/546/519
f 84/546/519 474/519/494 85/547/520
f 85/547/520 474/519/494 86/521/495
f 31/502/485 30/548/521 248/503/369
f 248/503/369 30/548/521 29/549/522
f 248/503/369 29/549/522 28/550/523
f 248/503/369 28/550/523 249/480/374
f 249/480/374 28/550/523 27/551/524
f 249/480/374 27/551/524 26/478/463
f 144/552/525 495/553/526 121/554/527
f 121/554/527 495/553/526 259/555/424
f 121/554/527 259/555/424 122/556/528
f 122/556/528 259/555/424 123/557/529
f 123/557/529 259/555/424 124/558/530
f 124/558/530 259/555/424 125/559/531
f 125/559/531 259/555/424 126/560/532
f 126/560/532 259/555/424 127/561/533
f 127/561/533 259/555/424 258/562/419
f 127/561/533 258/562/419 128/563/534
f 128/563/534 258/562/419 129/564/535
f 129/564/535 258/562/419 130/565/536
f 130/565/536 258/562/419 131/566/537
f 131/566/537 258/562/419 132/567/538
f 132/567/538 258/562/419 493/568/539
f 132/567/538 493/568/539 133/569/540
f 133/569/540 493/568/539 134/570/541
f 134/570/541 493/568/539 135/571/542
f 135/571/542 493/568/539 136/572/543
f 136/572/543 493/568/539 137/573/544
f 137/573/544 493/568/539 138/574/545
f 138/574/545 493/568/539 494/575/546
f 138/574/545 494/575/546 139/576/547
f 139/576/547 494/575/546 140/577/548
f 140/577/548 494/575/546 141/578/549
f 141/578/549 494/575/546 142/579/550
f 142/579/550 494/575/546 143/580/551
f 143/580/551 494/575/546 144/552/525
f 144/552/525 494/575/546 495/553/526
f 170/581/552 169/582/553 463/583/554
f 463/583/554 169/582/553 192/584/555
f 463/583/554 192/584/555 191/585/556
f 191/585/556 190/586/557 463/583/554
f 463/583/554 190/586/557 503/587/558
f 503/587/558 190/586/557 189/588/559
f 503/587/558 189/588/559 188/589/560
f 188/589/560 187/590/561 503/587/558
f 503/587/558 187/590/561 186/591/562
f 503/587/558 186/591/562 267/592/461
f 267/592/461 186/591/562 185/593/563
f 267/592/461 185/593/563 184/594/564
f 267/592/461 184/594/564 230/595/206
f 230/595/206 184/594/564 183/596/565
f 230/595/206 183/596/565 182/597/566
f 182/597/566 181/598/567 230/595/206
f 230/595/206 181/598/567 180/599/568
f 230/595/206 180/599/568 179/600/569
f 179/600/569 178/601/570 230/595/206
f 230/595/206 178/601/570 231/602/207
f 231/602/207 178/601/570 177/603/571
f 231/602/207 177/603/571 176/604/572
f 231/602/207 176/604/572 464/605/573
f 464/605/573 176/604/572 175/606/574
f 464/605/573 175/606/574 174/607/575
f 174/607/575 173/608/576 464/605/573
f 464/605/573 173/608/576 172/609/577
f 464/605/573 172/609/577 463/583/554
f 463/583/554 172/609/577 171/610/578
f 463/583/554 171/610/578 170/581/552
f 464/605/573 465/611/579 231/602/207
f 231/602/207 465/611/579 232/612/277
f 232/612/277 465/611/579 466/613/580
f 232/612/277 466/613/580 233/614/275
f 233/614/275 466/613/580 467/615/581
f 233/614/275 467/615/581 234/616/273
f 234/616/273 467/615/581 468/617/582
f 234/616/273 468/617/582 235/618/271
f 235/618/271 468/617/582 469/619/583
f 235/618/271 469/619/583 236/620/269
f 236/620/269 469/619/583 470/621/584
f 236/620/269 470/621/584 237/622/267
f 237/622/267 470/621/584 471/623/585
f 237/622/267 471/623/585 238/624/265
f 238/624/265 471/623/585 472/534/507
f 238/624/265 472/534/507 239/527/263
f 250/484/379 485/489/472 251/625/384
f 251/625/384 485/489/472 486/626/586
f 251/625/384 486/626/586 252/627/389
f 252/627/389 486/626/586 487/628/587
f 252/627/389 487/628/587 253/629/394
f 253/629/394 487/628/587 488/630/588
f 253/629/394 488/630/588 254/631/399
f 254/631/399 488/630/588 489/632/589
f 254/631/399 489/632/589 255/633/404
f 255/633/404 489/632/589 490/634/590
f 255/633/404 490/634/590 491/635/591
f 255/633/404 491/635/591 256/636/409
f 256/636/409 491/635/591 492/637/592
f 256/636/409 492/637/592 257/638/414
f 257/638/414 492/637/592 493/568/539
f 257/638/414 493/568/539 258/562/419
f 259/555/424 495/553/526 260/639/429
f 260/639/429 495/553/526 496/640/593
f 260/639/429 496/640/593 261/641/434
f 261/641/434 496/640/593 497/642/594
f 261/641/434 497/642/594 262/643/439
f 262/643/439 497/642/594 498/644/595
f 262/643/439 498/644/595 263/645/444
f 263/645/444 498/644/595 499/646/596
f 263/645/444 499/646/596 264/647/449
f 264/647/449 499/646/596 500/648/597
f 264/647/449 500/648/597 265/649/454
f 265/649/454 500/648/597 501/650/598
f 265/649/454 501/650/598 266/651/458
f 266/651/458 501/650/598 502/652/599
f 266/651/458 502/652/599 267/592/461
f 267/592/461 502/652/599 503/587/558
f 2/653/600 1/654/601 545/655/602
f 545/655/602 1/654/601 24/656/603
f 545/655/602 24/656/603 23/657/604
f 23/657/604 22/658/605 545/655/602
f 545/655/602 22/658/605 582/659/606
f 582/659/606 22/658/605 21/660/607
f 582/659/606 21/660/607 20/661/608
f 20/661/608 19/662/609 582/659/606
f 582/659/606 19/662/609 525/663/610
f 582/659/606 525/663/610 526/664/611
f 19/662/609 18/665/612 525/663/610
f 525/663/610 18/665/612 17/666/613
f 525/663/610 17/666/613 16/667/614
f 16/667/614 15/668/615 525/663/610
f 525/663/610 15/668/615 14/669/616
f 525/663/610 14/669/616 13/670/617
f 525/663/610 13/670/617 524/671/618
f 524/671/618 13/670/617 12/672/619
f 524/671/618 12/672/619 11/673/620
f 11/673/620 10/674/621 524/671/618
f 524/671/618 10/674/621 9/675/622
f 524/671/618 9/675/622 8/676/623
f 8/676/623 7/677/624 524/671/618
f 524/671/618 7/677/624 546/678/625
f 524/671/618 546/678/625 523/679/626
f 523/679/626 546/678/625 547/680/627
f 523/679/626 547/680/627 522/681/628
f 522/681/628 547/680/627 548/682/629
f 522/681/628 548/682/629 521/683/630
f 521/683/630 548/682/629 549/684/631
f 521/683/630 549/684/631 520/685/632
f 520/685/632 549/684/631 550/686/633
f 520/685/632 550/686/633 519/687/634
f 519/687/634 550/686/633 551/688/635
f 519/687/634 551/688/635 518/689/636
f 518/689/636 551/688/635 517/690/637
f 517/690/637 551/688/635 552/691/638
f 517/690/637 552/691/638 516/692/639
f 516/692/639 552/691/638 553/693/640
f 516/692/639 553/693/640 515/694/641
f 515/694/641 553/693/640 554/695/642
f 515/694/641 554/695/642 110/696/643
f 110/696/643 554/695/642 111/697/644
f 111/697/644 554/695/642 112/698/645
f 112/698/645 554/695/642 113/699/646
f 113/699/646 554/695/642 114/700/647
f 114/700/647 554/695/642 115/701/648
f 115/701/648 554/695/642 555/702/649
f 115/701/648 555/702/649 116/703/650
f 116/703/650 555/702/649 117/704/651
f 117/704/651 555/702/649 118/705/652
f 118/705/652 555/702/649 119/706/653
f 119/706/653 555/702/649 120/707/654
f 120/707/654 555/702/649 97/708/655
f 97/708/655 555/702/649 513/709/656
f 97/708/655 513/709/656 98/710/657
f 98/710/657 513/709/656 514/711/658
f 98/710/657 514/711/658 99/712/659
f 99/712/659 514/711/658 100/713/660
f 100/713/660 514/711/658 101/714/661
f 101/714/661 514/711/658 102/715/662
f 102/715/662 514/711/658 103/716/663
f 103/716/663 514/711/658 104/717/664
f 104/717/664 514/711/658 515/694/641
f 104/717/664 515/694/641 105/718/665
f 105/718/665 515/694/641 106/719/666
f 106/719/666 515/694/641 107/720/667
f 107/720/667 515/694/641 108/721/668
f 108/721/668 515/694/641 109/722/669
f 109/722/669 515/694/641 110/696/643
f 7/677/624 6/723/670 546/678/625
f 546/678/625 6/723/670 5/724/671
f 546/678/625 5/724/671 4/725/672
f 546/678/625 4/725/672 545/655/602
f 545/655/602 4/725/672 3/726/673
f 545/655/602 3/726/673 2/653/600
f 72/727/674 536/728/675 49/729/676
f 49/729/676 536/728/675 573/730/677
f 49/729/676 573/730/677 50/731/678
f 50/731/678 573/730/677 51/732/679
f 51/732/679 573/730/677 52/733/680
f 52/733/680 573/730/677 53/734/681
f 53/734/681 573/730/677 54/735/682
f 54/735/682 573/730/677 55/736/683
f 55/736/683 573/730/677 574/737/684
f 55/736/683 574/737/684 56/738/685
f 56/738/685 574/737/684 57/739/686
f 57/739/686 574/737/684 58/740/687
f 58/740/687 574/737/684 59/741/688
f 59/741/688 574/737/684 60/742/689
f 60/742/689 574/737/684 534/743/690
f 60/742/689 534/743/690 61/744/691
f 61/744/691 534/743/690 62/745/692
f 62/745/692 534/743/690 63/746/693
f 63/746/693 534/743/690 64/747/694
f 64/747/694 534/743/690 65/748/695
f 65/748/695 534/743/690 66/749/696
f 66/749/696 534/743/690 535/750/697
f 66/749/696 535/750/697 67/751/698
f 67/751/698 535/750/697 68/752/699
f 68/752/699 535/750/697 69/753/700
f 69/753/700 535/750/697 70/754/701
f 70/754/701 535/750/697 71/755/702
f 71/755/702 535/750/697 72/727/674
f 72/727/674 535/750/697 536/728/675
f 146/756/703 145/757/704 504/758/705
f 504/758/705 145/757/704 168/759/706
f 504/758/705 168/759/706 167/760/707
f 167/760/707 166/761/708 504/758/705
f 504/758/705 166/761/708 544/762/709
f 544/762/709 166/761/708 165/763/710
f 544/762/709 165/763/710 164/764/711
f 164/764/711 163/765/712 544/762/709
f 544/762/709 163/765/712 162/766/713
f 544/762/709 162/766/713 565/767/714
f 565/767/714 162/766/713 161/768/715
f 565/767/714 161/768/715 160/769/716
f 565/767/714 160/769/716 564/770/717
f 564/770/717 160/769/716 159/771/718
f 564/770/717 159/771/718 158/772/719
f 158/772/719 157/773/720 564/770/717
f 564/770/717 157/773/720 156/774/721
f 564/770/717 156/774/721 155/775/722
f 155/775/722 154/776/723 564/770/717
f 564/770/717 154/776/723 563/777/724
f 563/777/724 154/776/723 153/778/725
f 563/777/724 153/778/725 152/779/726
f 563/777/724 152/779/726 505/780/727
f 505/780/727 152/779/726 151/781/728
f 505/780/727 151/781/728 150/782/729
f 150/782/729 149/783/730 505/780/727
f 505/780/727 149/783/730 148/784/731
f 505/780/727 148/784/731 504/758/705
f 504/758/705 148/784/731 147/785/732
f 504/758/705 147/785/732 146/756/703
f 505/780/727 506/786/733 563/777/724
f 563/777/724 506/786/733 562/787/734
f 562/787/734 506/786/733 507/788/735
f 562/787/734 507/788/735 561/789/736
f 561/789/736 507/788/735 508/790/737
f 561/789/736 508/790/737 560/791/738
f 560/791/738 508/790/737 509/792/739
f 560/791/738 509/792/739 559/793/740
f 559/793/740 509/792/739 510/794/741
f 559/793/740 510/794/741 558/795/742
f 558/795/742 510/794/741 511/796/743
f 558/795/742 511/796/743 557/797/744
f 557/797/744 511/796/743 512/798/745
f 557/797/744 512/798/745 556/799/746
f 556/799/746 512/798/745 513/709/656
f 556/799/746 513/709/656 555/702/649
f 582/659/606 526/664/611 581/800/747
f 581/800/747 526/664/611 527/801/748
f 581/800/747 527/801/748 580/802/749
f 580/802/749 527/801/748 528/803/750
f 580/802/749 528/803/750 579/804/751
f 579/804/751 528/803/750 529/805/752
f 579/804/751 529/805/752 578/806/753
f 578/806/753 529/805/752 530/807/754
f 578/806/753 530/807/754 577/808/755
f 577/808/755 530/807/754 531/809/756
f 577/808/755 531/809/756 532/810/757
f 577/808/755 532/810/757 576/811/758
f 576/811/758 532/810/757 533/812/759
f 576/811/758 533/812/759 575/813/760
f 575/813/760 533/812/759 534/743/690
f 575/813/760 534/743/690 574/737/684
f 573/730/677 536/728/675 572/814/761
f 572/814/761 536/728/675 537/815/762
f 572/814/761 537/815/762 571/816/763
f 571/816/763 537/815/762 538/817/764
f 571/816/763 538/817/764 570/818/765
f 570/818/765 538/817/764 539/819/766
f 570/818/765 539/819/766 569/820/767
f 569/820/767 539/819/766 540/821/768
f 569/820/767 540/821/768 568/822/769
f 568/822/769 540/821/768 541/823/770
f 568/822/769 541/823/770 567/824/771
f 567/824/771 541/823/770 542/825/772
f 567/824/771 542/825/772 566/826/773
f 566/826/773 542/825/772 543/827/774
f 566/826/773 543/827/774 565/767/714
f 565/767/714 543/827/774 544/762/709
f 503/828/775 505/829/776 463/830/777
f 463/830/777 505/829/776 504/831/778
f 463/832/777 504/833/778 464/834/779
f 464/834/779 504/833/778 544/835/780
f 464/834/779 544/835/780 465/836/781
f 465/836/781 544/835/780 543/837/782
f 465/836/781 543/837/782 466/838/783
f 466/838/783 543/837/782 542/839/784
f 466/838/783 542/839/784 467/840/785
f 467/840/785 542/839/784 541/841/786
f 467/840/785 541/841/786 468/842/787
f 468/842/787 541/841/786 540/843/788
f 468/842/787 540/843/788 469/844/789
f 469/844/789 540/843/788 539/845/790
f 469/844/789 539/845/790 470/846/791
f 470/846/791 539/845/790 538/847/792
f 470/846/791 538/847/792 471/848/793
f 471/848/793 538/847/792 537/849/794
f 471/848/793 537/849/794 472/850/795
f 472/850/795 537/849/794 536/851/796
f 472/850/795 536/851/796 473/852/797
f 473/852/797 536/851/796 535/853/798
f 473/852/797 535/853/798 474/854/799
f 474/854/799 535/853/798 534/855/800
f 474/854/799 534/855/800 475/856/801
f 475/856/801 534/855/800 533/857/802
f 475/856/801 533/857/802 476/858/803
f 476/858/803 533/857/802 532/859/804
f 476/858/803 532/859/804 477/860/805
f 477/860/805 532/859/804 531/861/806
f 477/860/805 531/861/806 478/862/807
f 478/862/807 531/861/806 530/863/808
f 478/862/807 530/863/808 479/864/809
f 479/864/809 530/863/808 529/865/810
f 479/864/809 529/865/810 480/866/811
f 480/866/811 529/865/810 528/867/812
f 480/866/811 528/867/812 481/868/813
f 481/868/813 528/867/812 527/869/814
f 481/868/813 527/869/814 482/870/815
f 482/870/815 527/869/814 526/871/816
f 482/870/815 526/871/816 483/872/817
f 483/872/817 526/871/816 525/873/818
f 483/872/817 525/873/818 484/874/819
f 484/874/819 525/873/818 524/875/820
f 484/874/819 524/875/820 485/876/821
f 485/876/821 524/875/820 523/877/822
f 485/876/821 523/877/822 486/878/823
f 486/878/823 523/877/822 522/879/824
f 486/878/823 522/879/824 487/880/825
f 487/880/825 522/879/824 521/881/826
f 487/880/825 521/881/826 488/882/827
f 488/882/827 521/881/826 520/883/828
f 488/882/827 520/883/828 489/884/829
f 489/884/829 520/883/828 519/885/830
f 489/884/829 519/885/830 490/886/831
f 490/886/831 519/885/830 518/887/832
f 490/886/831 518/887/832 491/888/833
f 491/888/833 518/887/832 517/889/834
f 491/888/833 517/889/834 492/890/835
f 492/890/835 517/889/834 516/891/836
f 492/890/835 516/891/836 493/892/837
f 493/892/837 516/891/836 515/893/838
f 493/892/837 515/893/838 494/894/839
f 494/894/839 515/893/838 514/895/840
f 494/894/839 514/895/840 495/896/841
f 495/896/841 514/895/840 513/897/842
f 495/896/841 513/897/842 496/898/843
f 496/898/843 513/897/842 512/899/844
f 496/898/843 512/899/844 497/900/845
f 497/900/845 512/899/844 511/901/846
f 497/900/845 511/901/846 498/902/847
f 498/902/847 511/901/846 510/903/848
f 498/902/847 510/903/848 499/904/849
f 499/904/849 510/903/848 509/905/850
f 499/904/849 509/905/850 500/906/851
f 500/906/851 509/905/850 508/907/852
f 500/906/851 508/907/852 501/908/853
f 501/908/853 508/907/852 507/909/854
f 501/908/853 507/909/854 502/910/855
f 502/910/855 507/909/854 506/911/856
f 502/910/855 506/911/856 503/828/775
f 503/828/775 506/911/856 505/829/776
f 229/912/353 593/913/857 193/914/195
f 193/914/195 593/913/857 584/915/858
f 193/916/195 584/917/858 194/918/193
f 194/918/193 584/917/858 908/919/859
f 194/918/193 908/919/859 195/920/209
f 195/920/209 908/919/859 899/921/860
f 195/920/209 899/921/860 196/922/211
f 196/922/211 899/921/860 890/923/861
f 196/922/211 890/923/861 197/924/213
f 197/924/213 890/923/861 881/925/862
f 197/924/213 881/925/862 198/926/215
f 198/926/215 881/925/862 872/927/863
f 198/926/215 872/927/863 199/928/217
f 199/928/217 872/927/863 863/929/864
f 199/928/217 863/929/864 200/930/219
f 200/930/219 863/929/864 854/931/865
f 200/930/219 854/931/865 201/932/221
f 201/932/221 854/931/865 845/933/866
f 201/932/221 845/933/866 202/934/223
f 202/934/223 845/933/866 836/935/867
f 202/934/223 836/935/867 203/936/225
f 203/936/225 836/935/867 827/937/868
f 203/936/225 827/937/868 204/938/227
f 204/938/227 827/937/868 818/939/869
f 204/938/227 818/939/869 205/940/229
f 205/940/229 818/939/869 809/941/870
f 205/940/229 809/941/870 206/942/231
f 206/942/231 809/941/870 800/943/871
f 206/942/231 800/943/871 207/944/233
f 207/944/233 800/943/871 791/945/872
f 207/944/233 791/945/872 208/946/235
f 208/946/235 791/945/872 782/947/873
f 208/946/235 782/947/873 209/948/237
f 209/948/237 782/947/873 773/949/874
f 209/948/237 773/949/874 210/950/239
f 210/950/239 773/949/874 764/951/875
f 210/950/239 764/951/875 211/952/241
f 211/952/241 764/951/875 755/953/876
f 211/952/241 755/953/876 212/954/243
f 212/954/243 755/953/876 746/955/877
f 212/954/243 746/955/877 213/956/279
f 213/956/279 746/955/877 737/957/878
f 213/956/279 737/957/878 214/958/284
f 214/958/284 737/957/878 728/959/879
f 214/958/284 728/959/879 215/960/289
f 215/960/289 728/959/879 719/961/880
f 215/960/289 719/961/880 216/962/294
f 216/962/294 719/961/880 710/963/881
f 216/962/294 710/963/881 217/964/299
f 217/964/299 710/963/881 701/965/882
f 217/964/299 701/965/882 218/966/304
f 218/966/304 701/965/882 692/967/883
f 218/966/304 692/967/883 219/968/309
f 219/968/309 692/967/883 683/969/884
f 219/968/309 683/969/884 220/970/314
f 220/970/314 683/969/884 674/971/885
f 220/970/314 674/971/885 221/972/319
f 221/972/319 674/971/885 665/973/886
f 221/972/319 665/973/886 222/974/324
f 222/974/324 665/973/886 656/975/887
f 222/974/324 656/975/887 223/976/329
f 223/976/329 656/975/887 647/977/888
f 223/976/329 647/977/888 224/978/334
f 224/978/334 647/977/888 638/979/889
f 224/978/334 638/979/889 225/980/339
f 225/980/339 638/979/889 629/981/890
f 225/980/339 629/981/890 226/982/344
f 226/982/344 629/981/890 620/983/891
f 226/982/344 620/983/891 227/984/348
f 227/984/348 620/983/891 611/985/892
f 227/984/348 611/985/892 228/986/351
f 228/986/351 611/985/892 602/987/893
f 228/986/351 602/987/893 229/912/353
f 229/912/353 602/987/893 593/913/857
f 592/988/894 583/989/895 916/990/896
f 916/990/896 583/991/895 907/992/897
f 907/992/897 583/993/895 898/994/898
f 898/994/898 583/995/895 889/996/899
f 889/996/899 583/997/895 880/998/900
f 880/998/900 583/999/895 871/1000/901
f 871/1000/901 583/1001/895 862/1002/902
f 862/1002/902 583/1003/895 853/1004/903
f 853/1004/903 583/1005/895 844/1006/904
f 844/1006/904 583/1007/895 835/1008/905
f 835/1008/905 583/1009/895 826/1010/906
f 826/1010/906 583/1011/895 817/1012/907
f 808/1013/908 583/1014/895 799/1015/909
f 799/1015/909 583/1016/895 790/1017/910
f 790/1017/910 583/1018/895 781/1019/911
f 781/1019/911 583/1020/895 772/1021/912
f 772/1021/912 583/1022/895 763/1023/913
f 763/1023/913 583/1024/895 754/1025/914
f 754/1025/914 583/1026/895 745/1027/915
f 745/1027/915 583/1028/895 736/1029/916
f 736/1029/916 583/1030/895 727/1031/917
f 727/1031/917 583/1032/895 718/1033/918
f 718/1033/918 583/1034/895 709/1035/919
f 700/1036/920 583/1037/895 691/1038/921
f 691/1038/921 583/1039/895 682/1040/922
f 682/1040/922 583/1041/895 673/1042/923
f 673/1042/923 583/1043/895 664/1044/924
f 664/1044/924 583/1045/895 655/1046/925
f 655/1046/925 583/1047/895 646/1048/926
f 646/1048/926 583/1049/895 637/1050/927
f 637/1050/927 583/1051/895 628/1052/928
f 628/1052/928 583/1053/895 619/1054/929
f 619/1054/929 583/1055/895 610/1056/930
f 610/1056/930 583/1057/895 601/1058/931
f 601/1058/931 583/1059/895 592/1060/894
f 584/917/858 585/1061/932 908/919/859
f 908/919/859 585/1061/932 909/1062/933
f 908/919/859 909/1062/933 899/921/860
f 899/921/860 909/1062/933 900/1063/934
f 899/921/860 900/1063/934 890/923/861
f 890/923/861 900/1063/934 891/1064/935
f 890/923/861 891/1064/935 881/925/862
f 881/925/862 891/1064/935 882/1065/936
f 881/925/862 882/1065/936 872/927/863
f 872/927/863 882/1065/936 873/1066/937
f 872/927/863 873/1066/937 863/929/864
f 863/929/864 873/1066/937 864/1067/938
f 863/929/864 864/1067/938 854/931/865
f 854/931/865 864/1067/938 855/1068/939
f 854/931/865 855/1068/939 845/933/866
f 845/933/866 855/1068/939 846/1069/940
f 845/933/866 846/1069/940 836/935/867
f 836/935/867 846/1069/940 837/1070/941
f 836/935/867 837/1070/941 827/937/868
f 827/937/868 837/1070/941 828/1071/942
f 827/937/868 828/1071/942 818/939/869
f 818/939/869 828/1071/942 819/1072/943
f 818/939/869 819/1072/943 809/941/870
f 809/941/870 819/1072/943 810/1073/944
f 809/941/870 810/1073/944 800/943/871
f 800/943/871 810/1073/944 801/1074/945
f 800/943/871 801/1074/945 791/945/872
f 791/945/872 801/1074/945 792/1075/946
f 791/945/872 792/1075/946 782/947/873
f 782/947/873 792/1075/946 783/1076/947
f 782/947/873 783/1076/947 773/949/874
f 773/949/874 783/1076/947 774/1077/948
f 773/949/874 774/1077/948 764/951/875
f 764/951/875 774/1077/948 765/1078/949
f 764/951/875 765/1078/949 755/953/876
f 755/953/876 765/1078/949 756/1079/950
f 755/953/876 756/1079/950 746/955/877
f 746/955/877 756/1079/950 747/1080/951
f 746/955/877 747/1080/951 737/957/878
f 737/957/878 747/1080/951 738/1081/952
f 737/957/878 738/1081/952 728/959/879
f 728/959/879 738/1081/952 729/1082/953
f 728/959/879 729/1082/953 719/961/880
f 719/961/880 729/1082/953 720/1083/954
f 719/961/880 720/1083/954 710/963/881
f 710/963/881 720/1083/954 711/1084/955
f 710/963/881 711/1084/955 701/965/882
f 701/965/882 711/1084/955 702/1085/956
f 701/965/882 702/1085/956 692/967/883
f 692/967/883 702/1085/956 693/1086/957
f 692/967/883 693/1086/957 683/969/884
f 683/969/884 693/1086/957 684/1087/958
f 683/969/884 684/1087/958 674/971/885
f 674/971/885 684/1087/958 675/1088/959
f 674/971/885 675/1088/959 665/973/886
f 665/973/886 675/1088/959 666/1089/960
f 665/973/886 666/1089/960 656/975/887
f 656/975/887 666/1089/960 657/1090/961
f 656/975/887 657/1090/961 647/977/888
f 647/977/888 657/1090/961 648/1091/962
f 647/977/888 648/1091/962 638/979/889
f 638/979/889 648/1091/962 639/1092/963
f 638/979/889 639/1092/963 629/981/890
f 629/981/890 639/1092/963 630/1093/964
f 629/981/890 630/1093/964 620/983/891
f 620/983/891 630/1093/964 621/1094/965
f 620/983/891 621/1094/965 611/985/892
f 611/985/892 621/1094/965 612/1095/966
f 611/985/892 612/1095/966 602/987/893
f 602/987/893 612/1095/966 603/1096/967
f 602/987/893 603/1096/967 593/913/857
f 593/913/857 603/1096/967 594/1097/968
f 593/913/857 594/1097/968 584/915/858
f 584/915/858 594/1097/968 585/1098/932
f 585/1061/932 586/1099/969 909/1062/933
f 909/1062/933 586/1099/969 910/1100/970
f 909/1062/933 910/1100/970 900/1063/934
f 900/1063/934 910/1100/970 901/1101/971
f 900/1063/934 901/1101/971 891/1064/935
f 891/1064/935 901/1101/971 892/1102/972
f 891/1064/935 892/1102/972 882/1065/936
f 882/1065/936 892/1102/972 883/1103/973
f 882/1065/936 883/1103/973 873/1066/937
f 873/1066/937 883/1103/973 874/1104/974
f 873/1066/937 874/1104/974 864/1067/938
f 864/1067/938 874/1104/974 865/1105/975
f 864/1067/938 865/1105/975 855/1068/939
f 855/1068/939 865/1105/975 856/1106/976
f 855/1068/939 856/1106/976 846/1069/940
f 846/1069/940 856/1106/976 847/1107/977
f 846/1069/940 847/1107/977 837/1070/941
f 837/1070/941 847/1107/977 838/1108/978
f 837/1070/941 838/1108/978 828/1071/942
f 828/1071/942 838/1108/978 829/1109/979
f 828/1071/942 829/1109/979 819/1072/943
f 819/1072/943 829/1109/979 820/1110/980
f 819/1072/943 820/1110/980 810/1073/944
f 810/1073/944 820/1110/980 811/1111/981
f 810/1073/944 811/1111/981 801/1074/945
f 801/1074/945 811/1111/981 802/1112/982
f 801/1074/945 802/1112/982 792/1075/946
f 792/1075/946 802/1112/982 793/1113/983
f 792/1075/946 793/1113/983 783/1076/947
f 783/1076/947 793/1113/983 784/1114/984
f 783/1076/947 784/1114/984 774/1077/948
f 774/1077/948 784/1114/984 775/1115/985
f 774/1077/948 775/1115/985 765/1078/949
f 765/1078/949 775/1115/985 766/1116/986
f 765/1078/949 766/1116/986 756/1079/950
f 756/1079/950 766/1116/986 757/1117/987
f 756/1079/950 757/1117/987 747/1080/951
f 747/1080/951 757/1117/987 748/1118/988
f 747/1080/951 748/1118/988 738/1081/952
f 738/1081/952 748/1118/988 739/1119/989
f 738/1081/952 739/1119/989 729/1082/953
f 729/1082/953 739/1119/989 730/1120/990
f 729/1082/953 730/1120/990 720/1083/954
f 720/1083/954 730/1120/990 721/1121/991
f 720/1083/954 721/1121/991 711/1084/955
f 711/1084/955 721/1121/991 712/1122/992
f 711/1084/955 712/1122/992 702/1085/956
f 702/1085/956 712/1122/992 703/1123/993
f 702/1085/956 703/1123/993 693/1086/957
f 693/1086/957 703/1123/993 694/1124/994
f 693/1086/957 694/1124/994 684/1087/958
f 684/1087/958 694/1124/994 685/1125/995
f 684/1087/958 685/1125/995 675/1088/959
f 675/1088/959 685/1125/995 676/1126/996
f 675/1088/959 676/1126/996 666/1089/960
f 666/1089/960 676/1126/996 667/1127/997
f 666/1089/960 667/1127/997 657/1090/961
f 657/1090/961 667/1127/997 658/1128/998
f 657/1090/961 658/1128/998 648/1091/962
f 648/1091/962 658/1128/998 649/1129/999
f 648/1091/962 649/1129/999 639/1092/963
f 639/1092/963 649/1129/999 640/1130/1000
f 639/1092/963 640/1130/1000 630/1093/964
f 630/1093/964 640/1130/1000 631/1131/1001
f 630/1093/964 631/1131/1001 621/1094/965
f 621/1094/965 631/1131/1001 622/1132/1002
f 621/1094/965 622/1132/1002 612/1095/966
f 612/1095/966 622/1132/1002 613/1133/1003
f 612/1095/966 613/1133/1003 603/1096/967
f 603/1096/967 613/1133/1003 604/1134/1004
f 603/1096/967 604/1134/1004 594/1097/968
f 594/1097/968 604/1134/1004 595/1135/1005
f 594/1097/968 595/1135/1005 585/1098/932
f 585/1098/932 595/1135/1005 586/1136/969
f 586/1099/969 587/1137/1006 910/1100/970
f 910/1100/970 587/1137/1006 911/1138/1007
f 910/1100/970 911/1138/1007 901/1101/971
f 901/1101/971 911/1138/1007 902/1139/1008
f 901/1101/971 902/1139/1008 892/1102/972
f 892/1102/972 902/1139/1008 893/1140/1009
f 892/1102/972 893/1140/1009 883/1103/973
f 883/1103/973 893/1140/1009 884/1141/1010
f 883/1103/973 884/1141/1010 874/1104/974
f 874/1104/974 884/1141/1010 875/1142/1011
f 874/1104/974 875/1142/1011 865/1105/975
f 865/1105/975 875/1142/1011 866/1143/1012
f 865/1105/975 866/1143/1012 856/1106/976
f 856/1106/976 866/1143/1012 857/1144/1013
f 856/1106/976 857/1144/1013 847/1107/977
f 847/1107/977 857/1144/1013 848/1145/1014
f 847/1107/977 848/1145/1014 838/1108/978
f 838/1108/978 848/1145/1014 839/1146/1015
f 838/1108/978 839/1146/1015 829/1109/979
f 829/1109/979 839/1146/1015 830/1147/1016
f 829/1109/979 830/1147/1016 820/1110/980
f 820/1110/980 830/1147/1016 821/1148/1017
f 820/1110/980 821/1148/1017 811/1111/981
f 811/1111/981 821/1148/1017 812/1149/1018
f 811/1111/981 812/1149/1018 802/1112/982
f 802/1112/982 812/1149/1018 803/1150/1019
f 802/1112/982 803/1150/1019 793/1113/983
f 793/1113/983 803/1150/1019 794/1151/1020
f 793/1113/983 794/1151/1020 784/1114/984
f 784/1114/984 794/1151/1020 785/1152/1021
f 784/1114/984 785/1152/1021 775/1115/985
f 775/1115/985 785/1152/1021 776/1153/1022
f 775/1115/985 776/1153/1022 766/1116/986
f 766/1116/986 776/1153/1022 767/1154/1023
f 766/1116/986 767/1154/1023 757/1117/987
f 757/1117/987 767/1154/1023 758/1155/1024
f 757/1117/987 758/1155/1024 748/1118/988
f 748/1118/988 758/1155/1024 749/1156/1025
f 748/1118/988 749/1156/1025 739/1119/989
f 739/1119/989 749/1156/1025 740/1157/1026
f 739/1119/989 740/1157/1026 730/1120/990
f 730/1120/990 740/1157/1026 731/1158/1027
f 730/1120/990 731/1158/1027 721/1121/991
f 721/1121/991 731/1158/1027 722/1159/1028
f 721/1121/991 722/1159/1028 712/1122/992
f 712/1122/992 722/1159/1028 713/1160/1029
f 712/1122/992 713/1160/1029 703/1123/993
f 703/1123/993 713/1160/1029 704/1161/1030
f 703/1123/993 704/1161/1030 694/1124/994
f 694/1124/994 704/1161/1030 695/1162/1031
f 694/1124/994 695/1162/1031 685/1125/995
f 685/1125/995 695/1162/1031 686/1163/1032
f 685/1125/995 686/1163/1032 676/1126/996
f 676/1126/996 686/1163/1032 677/1164/1033
f 676/1126/996 677/1164/1033 667/1127/997
f 667/1127/997 677/1164/1033 668/1165/1034
f 667/1127/997 668/1165/1034 658/1128/998
f 658/1128/998 668/1165/1034 659/1166/1035
f 658/1128/998 659/1166/1035 649/1129/999
f 649/1129/999 659/1166/1035 650/1167/1036
f 649/1129/999 650/1167/1036 640/1130/1000
f 640/1130/1000 650/1167/1036 641/1168/1037
f 640/1130/1000 641/1168/1037 631/1131/1001
f 631/1131/1001 641/1168/1037 632/1169/1038
f 631/1131/1001 632/1169/1038 622/1132/1002
f 622/1132/1002 632/1169/1038 623/1170/1039
f 622/1132/1002 623/1170/1039 613/1133/1003
f 613/1133/1003 623/1170/1039 614/1171/1040
f 613/1133/1003 614/1171/1040 604/1134/1004
f 604/1134/1004 614/1171/1040 605/1172/1041
f 604/1134/1004 605/1172/1041 595/1135/1005
f 595/1135/1005 605/1172/1041 596/1173/1042
f 595/1135/1005 596/1173/1042 586/1136/969
f 586/1136/969 596/1173/1042 587/1174/1006
f 587/1137/1006 588/1175/1043 911/1138/1007
f 911/1138/1007 588/1175/1043 912/1176/1044
f 911/1138/1007 912/1176/1044 902/1139/1008
f 902/1139/1008 912/1176/1044 903/1177/1045
f 902/1139/1008 903/1177/1045 893/1140/1009
f 893/1140/1009 903/1177/1045 894/1178/1046
f 893/1140/1009 894/1178/1046 884/1141/1010
f 884/1141/1010 894/1178/1046 885/1179/1047
f 884/1141/1010 885/1179/1047 875/1142/1011
f 875/1142/1011 885/1179/1047 876/1180/1048
f 875/1142/1011 876/1180/1048 866/1143/1012
f 866/1143/1012 876/1180/1048 867/1181/1049
f 866/1143/1012 867/1181/1049 857/1144/1013
f 857/1144/1013 867/1181/1049 858/1182/1050
f 857/1144/1013 858/1182/1050 848/1145/1014
f 848/1145/1014 858/1182/1050 849/1183/1051
f 848/1145/1014 849/1183/1051 839/1146/1015
f 839/1146/1015 849/1183/1051 840/1184/1052
f 839/1146/1015 840/1184/1052 830/1147/1016
f 830/1147/1016 840/1184/1052 831/1185/1053
f 830/1147/1016 831/1185/1053 821/1148/1017
f 821/1148/1017 831/1185/1053 822/1186/1054
f 821/1148/1017 822/1186/1054 812/1149/1018
f 812/1149/1018 822/1186/1054 813/1187/1055
f 812/1149/1018 813/1187/1055 803/1150/1019
f 803/1150/1019 813/1187/1055 804/1188/1056
f 803/1150/1019 804/1188/1056 794/1151/1020
f 794/1151/1020 804/1188/1056 795/1189/1057
f 794/1151/1020 795/1189/1057 785/1152/1021
f 785/1152/1021 795/1189/1057 786/1190/1058
f 785/1152/1021 786/1190/1058 776/1153/1022
f 776/1153/1022 786/1190/1058 777/1191/1059
f 776/1153/1022 777/1191/1059 767/1154/1023
f 767/1154/1023 777/1191/1059 768/1192/1060
f 767/1154/1023 768/1192/1060 758/1155/1024
f 758/1155/1024 768/1192/1060 759/1193/1061
f 758/1155/1024 759/1193/1061 749/1156/1025
f 749/1156/1025 759/1193/1061 750/1194/1062
f 749/1156/1025 750/1194/1062 740/1157/1026
f 740/1157/1026 750/1194/1062 741/1195/1063
f 740/1157/1026 741/1195/1063 731/1158/1027
f 731/1158/1027 741/1195/1063 732/1196/1064
f 731/1158/1027 732/1196/1064 722/1159/1028
f 722/1159/1028 732/1196/1064 723/1197/1065
f 722/1159/1028 723/1197/1065 713/1160/1029
f 713/1160/1029 723/1197/1065 714/1198/1066
f 713/1160/1029 714/1198/1066 704/1161/1030
f 704/1161/1030 714/1198/1066 705/1199/1067
f 704/1161/1030 705/1199/1067 695/1162/1031
f 695/1162/1031 705/1199/1067 696/1200/1068
f 695/1162/1031 696/1200/1068 686/1163/1032
f 686/1163/1032 696/1200/1068 687/1201/1069
f 686/1163/1032 687/1201/1069 677/1164/1033
f 677/1164/1033 687/1201/1069 678/1202/1070
f 677/1164/1033 678/1202/1070 668/1165/1034
f 668/1165/1034 678/1202/1070 669/1203/1071
f 668/1165/1034 669/1203/1071 659/1166/1035
f 659/1166/1035 669/1203/1071 660/1204/1072
f 659/1166/1035 660/1204/1072 650/1167/1036
f 650/1167/1036 660/1204/1072 651/1205/1073
f 650/1167/1036 651/1205/1073 641/1168/1037
f 641/1168/1037 651/1205/1073 642/1206/1074
f 641/1168/1037 642/1206/1074 632/1169/1038
f 632/1169/1038 642/1206/1074 633/1207/1075
f 632/1169/1038 633/1207/1075 623/1170/1039
f 623/1170/1039 633/1207/1075 624/1208/1076
f 623/1170/1039 624/1208/1076 614/1171/1040
f 614/1171/1040 624/1208/1076 615/1209/1077
f 614/1171/1040 615/1209/1077 605/1172/1041
f 605/1172/1041 615/1209/1077 606/1210/1078
f 605/1172/1041 606/1210/1078 596/1173/1042
f 596/1173/1042 606/1210/1078 597/1211/1079
f 596/1173/1042 597/1211/1079 587/1174/1006
f 587/1174/1006 597/1211/1079 588/1212/1043
f 588/1175/1043 589/1213/1080 912/1176/1044
f 912/1176/1044 589/1213/1080 913/1214/1081
f 912/1176/1044 913/1214/1081 903/1177/1045
f 903/1177/1045 913/1214/1081 904/1215/1082
f 903/1177/1045 904/1215/1082 894/1178/1046
f 894/1178/1046 904/1215/1082 895/1216/1083
f 894/1178/1046 895/1216/1083 885/1179/1047
f 885/1179/1047 895/1216/1083 886/1217/1084
f 885/1179/1047 886/1217/1084 876/1180/1048
f 876/1180/1048 886/1217/1084 877/1218/1085
f 876/1180/1048 877/1218/1085 867/1181/1049
f 867/1181/1049 877/1218/1085 868/1219/1086
f 867/1181/1049 868/1219/1086 858/1182/1050
f 858/1182/1050 868/1219/1086 859/1220/1087
f 858/1182/1050 859/1220/1087 849/1183/1051
f 849/1183/1051 859/1220/1087 850/1221/1088
f 849/1183/1051 850/1221/1088 840/1184/1052
f 840/1184/1052 850/1221/1088 841/1222/1089
f 840/1184/1052 841/1222/1089 831/1185/1053
f 831/1185/1053 841/1222/1089 832/1223/1090
f 831/1185/1053 832/1223/1090 822/1186/1054
f 822/1186/1054 832/1223/1090 823/1224/1091
f 822/1186/1054 823/1224/1091 813/1187/1055
f 813/1187/1055 823/1224/1091 814/1225/1092
f 813/1187/1055 814/1225/1092 804/1188/1056
f 804/1188/1056 814/1225/1092 805/1226/1093
f 804/1188/1056 805/1226/1093 795/1189/1057
f 795/1189/1057 805/1226/1093 796/1227/1094
f 795/1189/1057 796/1227/1094 786/1190/1058
f 786/1190/1058 796/1227/1094 787/1228/1095
f 786/1190/1058 787/1228/1095 777/1191/1059
f 777/1191/1059 787/1228/1095 778/1229/1096
f 777/1191/1059 778/1229/1096 768/1192/1060
f 768/1192/1060 778/1229/1096 769/1230/1097
f 768/1192/1060 769/1230/1097 759/1193/1061
f 759/1193/1061 769/1230/1097 760/1231/1098
f 759/1193/1061 760/1231/1098 750/1194/1062
f 750/1194/1062 760/1231/1098 751/1232/1099
f 750/1194/1062 751/1232/1099 741/1195/1063
f 741/1195/1063 751/1232/1099 742/1233/1100
f 741/1195/1063 742/1233/1100 732/1196/1064
f 732/1196/1064 742/1233/1100 733/1234/1101
f 732/1196/1064 733/1234/1101 723/1197/1065
f 723/1197/1065 733/1234/1101 724/1235/1102
f 723/1197/1065 724/1235/1102 714/1198/1066
f 714/1198/1066 724/1235/1102 715/1236/1103
f 714/1198/1066 715/1236/1103 705/1199/1067
f 705/1199/1067 715/1236/1103 706/1237/1104
f 705/1199/1067 706/1237/1104 696/1200/1068
f 696/1200/1068 706/1237/1104 697/1238/1105
f 696/1200/1068 697/1238/1105 687/1201/1069
f 687/1201/1069 697/1238/1105 688/1239/1106
f 687/1201/1069 688/1239/1106 678/1202/1070
f 678/1202/1070 688/1239/1106 679/1240/1107
f 678/1202/1070 679/1240/1107 669/1203/1071
f 669/1203/1071 679/1240/1107 670/1241/1108
f 669/1203/1071 670/1241/1108 660/1204/1072
f 660/1204/1072 670/1241/1108 661/1242/1109
f 660/1204/1072 661/1242/1109 651/1205/1073
f 651/1205/1073 661/1242/1109 652/1243/1110
f 651/1205/1073 652/1243/1110 642/1206/1074
f 642/1206/1074 652/1243/1110 643/1244/1111
f 642/1206/1074 643/1244/1111 633/1207/1075
f 633/1207/1075 643/1244/1111 634/1245/1112
f 633/1207/1075 634/1245/1112 624/1208/1076
f 624/1208/1076 634/1245/1112 625/1246/1113
f 624/1208/1076 625/1246/1113 615/1209/1077
f 615/1209/1077 625/1246/1113 616/1247/1114
f 615/1209/1077 616/1247/1114 606/1210/1078
f 606/1210/1078 616/1247/1114 607/1248/1115
f 606/1210/1078 607/1248/1115 597/1211/1079
f 597/1211/1079 607/1248/1115 598/1249/1116
f 597/1211/1079 598/1249/1116 588/1212/1043
f 588/1212/1043 598/1249/1116 589/1250/1080
f 589/1213/1080 590/1251/1117 913/1214/1081
f 913/1214/1081 590/1251/1117 914/1252/1118
f 913/1214/1081 914/1252/1118 904/1215/1082
f 904/1215/1082 914/1252/1118 905/1253/1119
f 904/1215/1082 905/1253/1119 895/1216/1083
f 895/1216/1083 905/1253/1119 896/1254/1120
f 895/1216/1083 896/1254/1120 886/1217/1084
f 886/1217/1084 896/1254/1120 887/1255/1121
f 886/1217/1084 887/1255/1121 877/1218/1085
f 877/1218/1085 887/1255/1121 878/1256/1122
f 877/1218/1085 878/1256/1122 868/1219/1086
f 868/1219/1086 878/1256/1122 869/1257/1123
f 868/1219/1086 869/1257/1123 859/1220/1087
f 859/1220/1087 869/1257/1123 860/1258/1124
f 859/1220/1087 860/1258/1124 850/1221/1088
f 850/1221/1088 860/1258/1124 851/1259/1125
f 850/1221/1088 851/1259/1125 841/1222/1089
f 841/1222/1089 851/1259/1125 842/1260/1126
f 841/1222/1089 842/1260/1126 832/1223/1090
f 832/1223/1090 842/1260/1126 833/1261/1127
f 832/1223/1090 833/1261/1127 823/1224/1091
f 823/1224/1091 833/1261/1127 824/1262/1128
f 823/1224/1091 824/1262/1128 814/1225/1092
f 814/1225/1092 824/1262/1128 815/1263/1129
f 814/1225/1092 815/1263/1129 805/1226/1093
f 805/1226/1093 815/1263/1129 806/1264/1130
f 805/1226/1093 806/1264/1130 796/1227/1094
f 796/1227/1094 806/1264/1130 797/1265/1131
f 796/1227/1094 797/1265/1131 787/1228/1095
f 787/1228/1095 797/1265/1131 788/1266/1132
f 787/1228/1095 788/1266/1132 778/1229/1096
f 778/1229/1096 788/1266/1132 779/1267/1133
f 778/1229/1096 779/1267/1133 769/1230/1097
f 769/1230/1097 779/1267/1133 770/1268/1134
f 769/1230/1097 770/1268/1134 760/1231/1098
f 760/1231/1098 770/1268/1134 761/1269/1135
f 760/1231/1098 761/1269/1135 751/1232/1099
f 751/1232/1099 761/1269/1135 752/1270/1136
f 751/1232/1099 752/1270/1136 742/1233/1100
f 742/1233/1100 752/1270/1136 743/1271/1137
f 742/1233/1100 743/1271/1137 733/1234/1101
f 733/1234/1101 743/1271/1137 734/1272/1138
f 733/1234/1101 734/1272/1138 724/1235/1102
f 724/1235/1102 734/1272/1138 725/1273/1139
f 724/1235/1102 725/1273/1139 715/1236/1103
f 715/1236/1103 725/1273/1139 716/1274/1140
f 715/1236/1103 716/1274/1140 706/1237/1104
f 706/1237/1104 716/1274/1140 707/1275/1141
f 706/1237/1104 707/1275/1141 697/1238/1105
f 697/1238/1105 707/1275/1141 698/1276/1142
f 697/1238/1105 698/1276/1142 688/1239/1106
f 688/1239/1106 698/1276/1142 689/1277/1143
f 688/1239/1106 689/1277/1143 679/1240/1107
f 679/1240/1107 689/1277/1143 680/1278/1144
f 679/1240/1107 680/1278/1144 670/1241/1108
f 670/1241/1108 680/1278/1144 671/1279/1145
f 670/1241/1108 671/1279/1145 661/1242/1109
f 661/1242/1109 671/1279/1145 662/1280/1146
f 661/1242/1109 662/1280/1146 652/1243/1110
f 652/1243/1110 662/1280/1146 653/1281/1147
f 652/1243/1110 653/1281/1147 643/1244/1111
f 643/1244/1111 653/1281/1147 644/1282/1148
f 643/1244/1111 644/1282/1148 634/1245/1112
f 634/1245/1112 644/1282/1148 635/1283/1149
f 634/1245/1112 635/1283/1149 625/1246/1113
f 625/1246/1113 635/1283/1149 626/1284/1150
f 625/1246/1113 626/1284/1150 616/1247/1114
f 616/1247/1114 626/1284/1150 617/1285/1151
f 616/1247/1114 617/1285/1151 607/1248/1115
f 607/1248/1115 617/1285/1151 608/1286/1152
f 607/1248/1115 608/1286/1152 598/1249/1116
f 598/1249/1116 608/1286/1152 599/1287/1153
f 598/1249/1116 599/1287/1153 589/1250/1080
f 589/1250/1080 599/1287/1153 590/1288/1117
f 590/1251/1117 591/1289/1154 914/1252/1118
f 914/1252/1118 591/1289/1154 915/1290/1155
f 914/1252/1118 915/1290/1155 905/1253/1119
f 905/1253/1119 915/1290/1155 906/1291/1156
f 905/1253/1119 906/1291/1156 896/1254/1120
f 896/1254/1120 906/1291/1156 897/1292/1157
f 896/1254/1120 897/1292/1157 887/1255/1121
f 887/1255/1121 897/1292/1157 888/1293/1158
f 887/1255/1121 888/1293/1158 878/1256/1122
f 878/1256/1122 888/1293/1158 879/1294/1159
f 878/1256/1122 879/1294/1159 869/1257/1123
f 869/1257/1123 879/1294/1159 870/1295/1160
f 869/1257/1123 870/1295/1160 860/1258/1124
f 860/1258/1124 870/1295/1160 861/1296/1161
f 860/1258/1124 861/1296/1161 851/1259/1125
f 851/1259/1125 861/1296/1161 852/1297/1162
f 851/1259/1125 852/1297/1162 842/1260/1126
f 842/1260/1126 852/1297/1162 843/1298/1163
f 842/1260/1126 843/1298/1163 833/1261/1127
f 833/1261/1127 843/1298/1163 834/1299/1164
f 833/1261/1127 834/1299/1164 824/1262/1128
f 824/1262/1128 834/1299/1164 825/1300/1165
f 824/1262/1128 825/1300/1165 815/1263/1129
f 815/1263/1129 825/1300/1165 816/1301/1166
f 815/1263/1129 816/1301/1166 806/1264/1130
f 806/1264/1130 816/1301/1166 807/1302/1167
f 806/1264/1130 807/1302/1167 797/1265/1131
f 797/1265/1131 807/1302/1167 798/1303/1168
f 797/1265/1131 798/1303/1168 788/1266/1132
f 788/1266/1132 798/1303/1168 789/1304/1169
f 788/1266/1132 789/1304/1169 779/1267/1133
f 779/1267/1133 789/1304/1169 780/1305/1170
f 779/1267/1133 780/1305/1170 770/1268/1134
f 770/1268/1134 780/1305/1170 771/1306/1171
f 770/1268/1134 771/1306/1171 761/1269/1135
f 761/1269/1135 771/1306/1171 762/1307/1172
f 761/1269/1135 762/1307/1172 752/1270/1136
f 752/1270/1136 762/1307/1172 753/1308/1173
f 752/1270/1136 753/1308/1173 743/1271/1137
f 743/1271/1137 753/1308/1173 744/1309/1174
f 743/1271/1137 744/1309/1174 734/1272/1138
f 734/1272/1138 744/1309/1174 735/1310/1175
f 734/1272/1138 735/1310/1175 725/1273/1139
f 725/1273/1139 735/1310/1175 726/1311/1176
f 725/1273/1139 726/1311/1176 716/1274/1140
f 716/1274/1140 726/1311/1176 717/1312/1177
f 716/1274/1140 717/1312/1177 707/1275/1141
f 707/1275/1141 717/1312/1177 708/1313/1178
f 707/1275/1141 708/1313/1178 698/1276/1142
f 698/1276/1142 708/1313/1178 699/1314/1179
f 698/1276/1142 699/1314/1179 689/1277/1143
f 689/1277/1143 699/1314/1179 690/1315/1180
f 689/1277/1143 690/1315/1180 680/1278/1144
f 680/1278/1144 690/1315/1180 681/1316/1181
f 680/1278/1144 681/1316/1181 671/1279/1145
f 671/1279/1145 681/1316/1181 672/1317/1182
f 671/1279/1145 672/1317/1182 662/1280/1146
f 662/1280/1146 672/1317/1182 663/1318/1183
f 662/1280/1146 663/1318/1183 653/1281/1147
f 653/1281/1147 663/1318/1183 654/1319/1184
f 653/1281/1147 654/1319/1184 644/1282/1148
f 644/1282/1148 654/1319/1184 645/1320/1185
f 644/1282/1148 645/1320/1185 635/1283/1149
f 635/1283/1149 645/1320/1185 636/1321/1186
f 635/1283/1149 636/1321/1186 626/1284/1150
f 626/1284/1150 636/1321/1186 627/1322/1187
f 626/1284/1150 627/1322/1187 617/1285/1151
f 617/1285/1151 627/1322/1187 618/1323/1188
f 617/1285/1151 618/1323/1188 608/1286/1152
f 608/1286/1152 618/1323/1188 609/1324/1189
f 608/1286/1152 609/1324/1189 599/1287/1153
f 599/1287/1153 609/1324/1189 600/1325/1190
f 599/1287/1153 600/1325/1190 590/1288/1117
f 590/1288/1117 600/1325/1190 591/1326/1154
f 591/1289/1154 592/988/894 915/1290/1155
f 915/1290/1155 592/988/894 916/990/896
f 915/1290/1155 916/990/896 906/1291/1156
f 906/1291/1156 916/990/896 907/992/897
f 906/1291/1156 907/992/897 897/1292/1157
f 897/1292/1157 907/992/897 898/994/898
f 897/1292/1157 898/994/898 888/1293/1158
f 888/1293/1158 898/994/898 889/996/899
f 888/1293/1158 889/996/899 879/1294/1159
f 879/1294/1159 889/996/899 880/998/900
f 879/1294/1159 880/998/900 870/1295/1160
f 870/1295/1160 880/998/900 871/1000/901
f 870/1295/1160 871/1000/901 861/1296/1161
f 861/1296/1161 871/1000/901 862/1002/902
f 861/1296/1161 862/1002/902 852/1297/1162
f 852/1297/1162 862/1002/902 853/1004/903
f 852/1297/1162 853/1004/903 843/1298/1163
f 843/1298/1163 853/1004/903 844/1006/904
f 843/1298/1163 844/1006/904 834/1299/1164
f 834/1299/1164 844/1006/904 835/1008/905
f 834/1299/1164 835/1008/905 825/1300/1165
f 825/1300/1165 835/1008/905 826/1010/906
f 825/1300/1165 826/1010/906 816/1301/1166
f 816/1301/1166 826/1010/906 817/1012/907
f 816/1301/1166 817/1012/907 807/1302/1167
f 807/1302/1167 817/1012/907 808/1013/908
f 807/1302/1167 808/1013/908 798/1303/1168
f 798/1303/1168 808/1013/908 799/1015/909
f 798/1303/1168 799/1015/909 789/1304/1169
f 789/1304/1169 799/1015/909 790/1017/910
f 789/1304/1169 790/1017/910 780/1305/1170
f 780/1305/1170 790/1017/910 781/1019/911
f 780/1305/1170 781/1019/911 771/1306/1171
f 771/1306/1171 781/1019/911 772/1021/912
f 771/1306/1171 772/1021/912 762/1307/1172
f 762/1307/1172 772/1021/912 763/1023/913
f 762/1307/1172 763/1023/913 753/1308/1173
f 753/1308/1173 763/1023/913 754/1025/914
f 753/1308/1173 754/1025/914 744/1309/1174
f 744/1309/1174 754/1025/914 745/1027/915
f 744/1309/1174 745/1027/915 735/1310/1175
f 735/1310/1175 745/1027/915 736/1029/916
f 735/1310/1175 736/1029/916 726/1311/1176
f 726/1311/1176 736/1029/916 727/1031/917
f 726/1311/1176 727/1031/917 717/1312/1177
f 717/1312/1177 727/1031/917 718/1033/918
f 717/1312/1177 718/1033/918 708/1313/1178
f 708/1313/1178 718/1033/918 709/1035/919
f 708/1313/1178 709/1035/919 699/1314/1179
f 699/1314/1179 709/1035/919 700/1036/920
f 699/1314/1179 700/1036/920 690/1315/1180
f 690/1315/1180 700/1036/920 691/1038/921
f 690/1315/1180 691/1038/921 681/1316/1181
f 681/1316/1181 691/1038/921 682/1040/922
f 681/1316/1181 682/1040/922 672/1317/1182
f 672/1317/1182 682/1040/922 673/1042/923
f 672/1317/1182 673/1042/923 663/1318/1183
f 663/1318/1183 673/1042/923 664/1044/924
f 663/1318/1183 664/1044/924 654/1319/1184
f 654/1319/1184 664/1044/924 655/1046/925
f 654/1319/1184 655/1046/925 645/1320/1185
f 645/1320/1185 655/1046/925 646/1048/926
f 645/1320/1185 646/1048/926 636/1321/1186
f 636/1321/1186 646/1048/926 637/1050/927
f 636/1321/1186 637/1050/927 627/1322/1187
f 627/1322/1187 637/1050/927 628/1052/928
f 627/1322/1187 628/1052/928 618/1323/1188
f 618/1323/1188 628/1052/928 619/1054/929
f 618/1323/1188 619/1054/929 609/1324/1189
f 609/1324/1189 619/1054/929 610/1056/930
f 609/1324/1189 610/1056/930 600/1325/1190
f 600/1325/1190 610/1056/930 601/1058/931
f 600/1325/1190 601/1058/931 591/1326/1154
f 591/1326/1154 601/1058/931 592/1060/894
f 817/1012/907 583/1327/895 808/1013/908
f 709/1035/919 583/1328/895 700/1036/920
f 582/1329/1191 927/1330/1192 545/1331/1193
f 545/1331/1193 927/1330/1192 944/1332/1194
f 545/1331/1193 944/1332/1194 546/1333/1195
f 546/1333/1195 944/1332/1194 1251/1334/1196
f 546/1333/1195 1251/1334/1196 547/1335/1197
f 547/1335/1197 1251/1334/1196 1242/1336/1198
f 547/1335/1197 1242/1336/1198 548/1337/1199
f 548/1337/1199 1242/1336/1198 1233/1338/1200
f 548/1337/1199 1233/1338/1200 549/1339/1201
f 549/1339/1201 1233/1338/1200 1224/1340/1202
f 549/1339/1201 1224/1340/1202 550/1341/1203
f 550/1341/1203 1224/1340/1202 1215/1342/1204
f 550/1341/1203 1215/1342/1204 551/1343/1205
f 551/1343/1205 1215/1342/1204 1206/1344/1206
f 551/1343/1205 1206/1344/1206 552/1345/1207
f 552/1345/1207 1206/1344/1206 1197/1346/1208
f 552/1345/1207 1197/1346/1208 553/1347/1209
f 553/1347/1209 1197/1346/1208 1188/1348/1210
f 553/1347/1209 1188/1348/1210 554/1349/1211
f 554/1349/1211 1188/1348/1210 1179/1350/1212
f 554/1349/1211 1179/1350/1212 555/1351/1213
f 555/1351/1213 1179/1350/1212 1170/1352/1214
f 555/1351/1213 1170/1352/1214 556/1353/1215
f 556/1353/1215 1170/1352/1214 1161/1354/1216
f 556/1353/1215 1161/1354/1216 557/1355/1217
f 557/1355/1217 1161/1354/1216 1152/1356/1218
f 557/1355/1217 1152/1356/1218 558/1357/1219
f 558/1357/1219 1152/1356/1218 1143/1358/1220
f 558/1357/1219 1143/1358/1220 559/1359/1221
f 559/1359/1221 1143/1358/1220 1134/1360/1222
f 559/1359/1221 1134/1360/1222 560/1361/1223
f 560/1361/1223 1134/1360/1222 1125/1362/1224
f 560/1361/1223 1125/1362/1224 561/1363/1225
f 561/1363/1225 1125/1362/1224 1116/1364/1226
f 561/1363/1225 1116/1364/1226 562/1365/1227
f 562/1365/1227 1116/1364/1226 1107/1366/1228
f 562/1365/1227 1107/1366/1228 563/1367/1229
f 563/1367/1229 1107/1366/1228 1098/1368/1230
f 563/1367/1229 1098/1368/1230 564/1369/1231
f 564/1369/1231 1098/1368/1230 918/1370/1232
f 564/1371/1231 918/1372/1232 565/1373/1233
f 565/1373/1233 918/1372/1232 1089/1374/1234
f 565/1373/1233 1089/1374/1234 566/1375/1235
f 566/1375/1235 1089/1374/1234 1080/1376/1236
f 566/1375/1235 1080/1376/1236 567/1377/1237
f 567/1377/1237 1080/1376/1236 1071/1378/1238
f 567/1377/1237 1071/1378/1238 568/1379/1239
f 568/1379/1239 1071/1378/1238 1062/1380/1240
f 568/1379/1239 1062/1380/1240 569/1381/1241
f 569/1381/1241 1062/1380/1240 1053/1382/1242
f 569/1381/1241 1053/1382/1242 570/1383/1243
f 570/1383/1243 1053/1382/1242 1044/1384/1244
f 570/1383/1243 1044/1384/1244 571/1385/1245
f 571/1385/1245 1044/1384/1244 1035/1386/1246
f 571/1385/1245 1035/1386/1246 572/1387/1247
f 572/1387/1247 1035/1386/1246 1026/1388/1248
f 572/1387/1247 1026/1388/1248 573/1389/1249
f 573/1389/1249 1026/1388/1248 1017/1390/1250
f 573/1389/1249 1017/1390/1250 574/1391/1251
f 574/1391/1251 1017/1390/1250 1008/1392/1252
f 574/1391/1251 1008/1392/1252 575/1393/1253
f 575/1393/1253 1008/1392/1252 999/1394/1254
f 575/1393/1253 999/1394/1254 576/1395/1255
f 576/1395/1255 999/1394/1254 990/1396/1256
f 576/1395/1255 990/1396/1256 577/1397/1257
f 577/1397/1257 990/1396/1256 981/1398/1258
f 577/1397/1257 981/1398/1258 578/1399/1259
f 578/1399/1259 981/1398/1258 972/1400/1260
f 578/1399/1259 972/1400/1260 579/1401/1261
f 579/1401/1261 972/1400/1260 963/1402/1262
f 579/1401/1261 963/1402/1262 580/1403/1263
f 580/1403/1263 963/1402/1262 954/1404/1264
f 580/1403/1263 954/1404/1264 581/1405/1265
f 581/1405/1265 954/1404/1264 945/1406/1266
f 581/1405/1265 945/1406/1266 582/1329/1191
f 582/1329/1191 945/1406/1266 927/1330/1192
f 926/1407/1267 917/1408/1268 1097/1409/1269
f 1097/1409/1269 917/1410/1268 1088/1411/1270
f 1088/1411/1270 917/1412/1268 1079/1413/1271
f 1079/1413/1271 917/1414/1268 1070/1415/1272
f 1070/1415/1272 917/1416/1268 1061/1417/1273
f 1061/1417/1273 917/1418/1268 1052/1419/1274
f 1052/1419/1274 917/1420/1268 1043/1421/1275
f 1043/1421/1275 917/1422/1268 1034/1423/1276
f 1034/1423/1276 917/1424/1268 1025/1425/1277
f 1025/1425/1277 917/1426/1268 1016/1427/1278
f 1016/1427/1278 917/1428/1268 1007/1429/1279
f 1007/1429/1279 917/1430/1268 998/1431/1280
f 998/1431/1280 917/1432/1268 989/1433/1281
f 980/1434/1282 917/1435/1268 971/1436/1283
f 971/1436/1283 917/1437/1268 962/1438/1284
f 962/1438/1284 917/1439/1268 953/1440/1285
f 953/1440/1285 917/1441/1268 935/1442/1286
f 935/1442/1286 917/1443/1268 936/1444/1287
f 936/1444/1287 917/1445/1268 1259/1446/1288
f 1259/1446/1288 917/1447/1268 1250/1448/1289
f 1250/1448/1289 917/1449/1268 1241/1450/1290
f 1241/1450/1290 917/1451/1268 1232/1452/1291
f 1232/1452/1291 917/1453/1268 1223/1454/1292
f 1223/1454/1292 917/1455/1268 1214/1456/1293
f 1214/1456/1293 917/1457/1268 1205/1458/1294
f 1196/1459/1295 917/1460/1268 1187/1461/1296
f 1187/1461/1296 917/1462/1268 1178/1463/1297
f 1178/1463/1297 917/1464/1268 1169/1465/1298
f 1169/1465/1298 917/1466/1268 1160/1467/1299
f 1160/1467/1299 917/1468/1268 1151/1469/1300
f 1151/1469/1300 917/1470/1268 1142/1471/1301
f 1142/1471/1301 917/1472/1268 1133/1473/1302
f 1133/1473/1302 917/1474/1268 1124/1475/1303
f 1124/1475/1303 917/1476/1268 1115/1477/1304
f 1115/1477/1304 917/1478/1268 1106/1479/1305
f 1106/1479/1305 917/1480/1268 926/1481/1267
f 918/1372/1232 919/1482/1306 1089/1374/1234
f 1089/1374/1234 919/1482/1306 1090/1483/1307
f 1089/1374/1234 1090/1483/1307 1080/1376/1236
f 1080/1376/1236 1090/1483/1307 1081/1484/1308
f 1080/1376/1236 1081/1484/1308 1071/1378/1238
f 1071/1378/1238 1081/1484/1308 1072/1485/1309
f 1071/1378/1238 1072/1485/1309 1062/1380/1240
f 1062/1380/1240 1072/1485/1309 1063/1486/1310
f 1062/1380/1240 1063/1486/1310 1053/1382/1242
f 1053/1382/1242 1063/1486/1310 1054/1487/1311
f 1053/1382/1242 1054/1487/1311 1044/1384/1244
f 1044/1384/1244 1054/1487/1311 1045/1488/1312
f 1044/1384/1244 1045/1488/1312 1035/1386/1246
f 1035/1386/1246 1045/1488/1312 1036/1489/1313
f 1035/1386/1246 1036/1489/1313 1026/1388/1248
f 1026/1388/1248 1036/1489/1313 1027/1490/1314
f 1026/1388/1248 1027/1490/1314 1017/1390/1250
f 1017/1390/1250 1027/1490/1314 1018/1491/1315
f 1017/1390/1250 1018/1491/1315 1008/1392/1252
f 1008/1392/1252 1018/1491/1315 1009/1492/1316
f 1008/1392/1252 1009/1492/1316 999/1394/1254
f 999/1394/1254 1009/1492/1316 1000/1493/1317
f 999/1394/1254 1000/1493/1317 990/1396/1256
f 990/1396/1256 1000/1493/1317 991/1494/1318
f 990/1396/1256 991/1494/1318 981/1398/1258
f 981/1398/1258 991/1494/1318 982/1495/1319
f 981/1398/1258 982/1495/1319 972/1400/1260
f 972/1400/1260 982/1495/1319 973/1496/1320
f 972/1400/1260 973/1496/1320 963/1402/1262
f 963/1402/1262 973/1496/1320 964/1497/1321
f 963/1402/1262 964/1497/1321 954/1404/1264
f 954/1404/1264 964/1497/1321 955/1498/1322
f 954/1404/1264 955/1498/1322 945/1406/1266
f 945/1406/1266 955/1498/1322 946/1499/1323
f 945/1406/1266 946/1499/1323 927/1330/1192
f 927/1330/1192 946/1499/1323 928/1500/1324
f 927/1330/1192 928/1500/1324 944/1332/1194
f 944/1332/1194 928/1500/1324 943/1501/1325
f 944/1332/1194 943/1501/1325 1251/1334/1196
f 1251/1334/1196 943/1501/1325 1252/1502/1326
f 1251/1334/1196 1252/1502/1326 1242/1336/1198
f 1242/1336/1198 1252/1502/1326 1243/1503/1327
f 1242/1336/1198 1243/1503/1327 1233/1338/1200
f 1233/1338/1200 1243/1503/1327 1234/1504/1328
f 1233/1338/1200 1234/1504/1328 1224/1340/1202
f 1224/1340/1202 1234/1504/1328 1225/1505/1329
f 1224/1340/1202 1225/1505/1329 1215/1342/1204
f 1215/1342/1204 1225/1505/1329 1216/1506/1330
f 1215/1342/1204 1216/1506/1330 1206/1344/1206
f 1206/1344/1206 1216/1506/1330 1207/1507/1331
f 1206/1344/1206 1207/1507/1331 1197/1346/1208
f 1197/1346/1208 1207/1507/1331 1198/1508/1332
f 1197/1346/1208 1198/1508/1332 1188/1348/1210
f 1188/1348/1210 1198/1508/1332 1189/1509/1333
f 1188/1348/1210 1189/1509/1333 1179/1350/1212
f 1179/1350/1212 1189/1509/1333 1180/1510/1334
f 1179/1350/1212 1180/1510/1334 1170/1352/1214
f 1170/1352/1214 1180/1510/1334 1171/1511/1335
f 1170/1352/1214 1171/1511/1335 1161/1354/1216
f 1161/1354/1216 1171/1511/1335 1162/1512/1336
f 1161/1354/1216 1162/1512/1336 1152/1356/1218
f 1152/1356/1218 1162/1512/1336 1153/1513/1337
f 1152/1356/1218 1153/1513/1337 1143/1358/1220
f 1143/1358/1220 1153/1513/1337 1144/1514/1338
f 1143/1358/1220 1144/1514/1338 1134/1360/1222
f 1134/1360/1222 1144/1514/1338 1135/1515/1339
f 1134/1360/1222 1135/1515/1339 1125/1362/1224
f 1125/1362/1224 1135/1515/1339 1126/1516/1340
f 1125/1362/1224 1126/1516/1340 1116/1364/1226
f 1116/1364/1226 1126/1516/1340 1117/1517/1341
f 1116/1364/1226 1117/1517/1341 1107/1366/1228
f 1107/1366/1228 1117/1517/1341 1108/1518/1342
f 1107/1366/1228 1108/1518/1342 1098/1368/1230
f 1098/1368/1230 1108/1518/1342 1099/1519/1343
f 1098/1368/1230 1099/1519/1343 918/1370/1232
f 918/1370/1232 1099/1519/1343 919/1520/1306
f 919/1482/1306 920/1521/1344 1090/1483/1307
f 1090/1483/1307 920/1521/1344 1091/1522/1345
f 1090/1483/1307 1091/1522/1345 1081/1484/1308
f 1081/1484/1308 1091/1522/1345 1082/1523/1346
f 1081/1484/1308 1082/1523/1346 1072/1485/1309
f 1072/1485/1309 1082/1523/1346 1073/1524/1347
f 1072/1485/1309 1073/1524/1347 1063/1486/1310
f 1063/1486/1310 1073/1524/1347 1064/1525/1348
f 1063/1486/1310 1064/1525/1348 1054/1487/1311
f 1054/1487/1311 1064/1525/1348 1055/1526/1349
f 1054/1487/1311 1055/1526/1349 1045/1488/1312
f 1045/1488/1312 1055/1526/1349 1046/1527/1350
f 1045/1488/1312 1046/1527/1350 1036/1489/1313
f 1036/1489/1313 1046/1527/1350 1037/1528/1351
f 1036/1489/1313 1037/1528/1351 1027/1490/1314
f 1027/1490/1314 1037/1528/1351 1028/1529/1352
f 1027/1490/1314 1028/1529/1352 1018/1491/1315
f 1018/1491/1315 1028/1529/1352 1019/1530/1353
f 1018/1491/1315 1019/1530/1353 1009/1492/1316
f 1009/1492/1316 1019/1530/1353 1010/1531/1354
f 1009/1492/1316 1010/1531/1354 1000/1493/1317
f 1000/1493/1317 1010/1531/1354 1001/1532/1355
f 1000/1493/1317 1001/1532/1355 991/1494/1318
f 991/1494/1318 1001/1532/1355 992/1533/1356
f 991/1494/1318 992/1533/1356 982/1495/1319
f 982/1495/1319 992/1533/1356 983/1534/1357
f 982/1495/1319 983/1534/1357 973/1496/1320
f 973/1496/1320 983/1534/1357 974/1535/1358
f 973/1496/1320 974/1535/1358 964/1497/1321
f 964/1497/1321 974/1535/1358 965/1536/1359
f 964/1497/1321 965/1536/1359 955/1498/1322
f 955/1498/1322 965/1536/1359 956/1537/1360
f 955/1498/1322 956/1537/1360 946/1499/1323
f 946/1499/1323 956/1537/1360 947/1538/1361
f 946/1499/1323 947/1538/1361 928/1500/1324
f 928/1500/1324 947/1538/1361 929/1539/1362
f 928/1500/1324 929/1539/1362 943/1501/1325
f 943/1501/1325 929/1539/1362 942/1540/1363
f 943/1501/1325 942/1540/1363 1252/1502/1326
f 1252/1502/1326 942/1540/1363 1253/1541/1364
f 1252/1502/1326 1253/1541/1364 1243/1503/1327
f 1243/1503/1327 1253/1541/1364 1244/1542/1365
f 1243/1503/1327 1244/1542/1365 1234/1504/1328
f 1234/1504/1328 1244/1542/1365 1235/1543/1366
f 1234/1504/1328 1235/1543/1366 1225/1505/1329
f 1225/1505/1329 1235/1543/1366 1226/1544/1367
f 1225/1505/1329 1226/1544/1367 1216/1506/1330
f 1216/1506/1330 1226/1544/1367 1217/1545/1368
f 1216/1506/1330 1217/1545/1368 1207/1507/1331
f 1207/1507/1331 1217/1545/1368 1208/1546/1369
f 1207/1507/1331 1208/1546/1369 1198/1508/1332
f 1198/1508/1332 1208/1546/1369 1199/1547/1370
f 1198/1508/1332 1199/1547/1370 1189/1509/1333
f 1189/1509/1333 1199/1547/1370 1190/1548/1371
f 1189/1509/1333 1190/1548/1371 1180/1510/1334
f 1180/1510/1334 1190/1548/1371 1181/1549/1372
f 1180/1510/1334 1181/1549/1372 1171/1511/1335
f 1171/1511/1335 1181/1549/1372 1172/1550/1373
f 1171/1511/1335 1172/1550/1373 1162/1512/1336
f 1162/1512/1336 1172/1550/1373 1163/1551/1374
f 1162/1512/1336 1163/1551/1374 1153/1513/1337
f 1153/1513/1337 1163/1551/1374 1154/1552/1375
f 1153/1513/1337 1154/1552/1375 1144/1514/1338
f 1144/1514/1338 1154/1552/1375 1145/1553/1376
f 1144/1514/1338 1145/1553/1376 1135/1515/1339
f 1135/1515/1339 1145/1553/1376 1136/1554/1377
f 1135/1515/1339 1136/1554/1377 1126/1516/1340
f 1126/1516/1340 1136/1554/1377 1127/1555/1378
f 1126/1516/1340 1127/1555/1378 1117/1517/1341
f 1117/1517/1341 1127/1555/1378 1118/1556/1379
f 1117/1517/1341 1118/1556/1379 1108/1518/1342
f 1108/1518/1342 1118/1556/1379 1109/1557/1380
f 1108/1518/1342 1109/1557/1380 1099/1519/1343
f 1099/1519/1343 1109/1557/1380 1100/1558/1381
f 1099/1519/1343 1100/1558/1381 919/1520/1306
f 919/1520/1306 1100/1558/1381 920/1559/1344
f 920/1521/1344 921/1560/1382 1091/1522/1345
f 1091/1522/1345 921/1560/1382 1092/1561/1383
f 1091/1522/1345 1092/1561/1383 1082/1523/1346
f 1082/1523/1346 1092/1561/1383 1083/1562/1384
f 1082/1523/1346 1083/1562/1384 1073/1524/1347
f 1073/1524/1347 1083/1562/1384 1074/1563/1385
f 1073/1524/1347 1074/1563/1385 1064/1525/1348
f 1064/1525/1348 1074/1563/1385 1065/1564/1386
f 1064/1525/1348 1065/1564/1386 1055/1526/1349
f 1055/1526/1349 1065/1564/1386 1056/1565/1387
f 1055/1526/1349 1056/1565/1387 1046/1527/1350
f 1046/1527/1350 1056/1565/1387 1047/1566/1388
f 1046/1527/1350 1047/1566/1388 1037/1528/1351
f 1037/1528/1351 1047/1566/1388 1038/1567/1389
f 1037/1528/1351 1038/1567/1389 1028/1529/1352
f 1028/1529/1352 1038/1567/1389 1029/1568/1390
f 1028/1529/1352 1029/1568/1390 1019/1530/1353
f 1019/1530/1353 1029/1568/1390 1020/1569/1391
f 1019/1530/1353 1020/1569/1391 1010/1531/1354
f 1010/1531/1354 1020/1569/1391 1011/1570/1392
f 1010/1531/1354 1011/1570/1392 1001/1532/1355
f 1001/1532/1355 1011/1570/1392 1002/1571/1393
f 1001/1532/1355 1002/1571/1393 992/1533/1356
f 992/1533/1356 1002/1571/1393 993/1572/1394
f 992/1533/1356 993/1572/1394 983/1534/1357
f 983/1534/1357 993/1572/1394 984/1573/1395
f 983/1534/1357 984/1573/1395 974/1535/1358
f 974/1535/1358 984/1573/1395 975/1574/1396
f 974/1535/1358 975/1574/1396 965/1536/1359
f 965/1536/1359 975/1574/1396 966/1575/1397
f 965/1536/1359 966/1575/1397 956/1537/1360
f 956/1537/1360 966/1575/1397 957/1576/1398
f 956/1537/1360 957/1576/1398 947/1538/1361
f 947/1538/1361 957/1576/1398 948/1577/1399
f 947/1538/1361 948/1577/1399 929/1539/1362
f 929/1539/1362 948/1577/1399 930/1578/1400
f 929/1539/1362 930/1578/1400 942/1540/1363
f 942/1540/1363 930/1578/1400 941/1579/1401
f 942/1540/1363 941/1579/1401 1253/1541/1364
f 1253/1541/1364 941/1579/1401 1254/1580/1402
f 1253/1541/1364 1254/1580/1402 1244/1542/1365
f 1244/1542/1365 1254/1580/1402 1245/1581/1403
f 1244/1542/1365 1245/1581/1403 1235/1543/1366
f 1235/1543/1366 1245/1581/1403 1236/1582/1404
f 1235/1543/1366 1236/1582/1404 1226/1544/1367
f 1226/1544/1367 1236/1582/1404 1227/1583/1405
f 1226/1544/1367 1227/1583/1405 1217/1545/1368
f 1217/1545/1368 1227/1583/1405 1218/1584/1406
f 1217/1545/1368 1218/1584/1406 1208/1546/1369
f 1208/1546/1369 1218/1584/1406 1209/1585/1407
f 1208/1546/1369 1209/1585/1407 1199/1547/1370
f 1199/1547/1370 1209/1585/1407 1200/1586/1408
f 1199/1547/1370 1200/1586/1408 1190/1548/1371
f 1190/1548/1371 1200/1586/1408 1191/1587/1409
f 1190/1548/1371 1191/1587/1409 1181/1549/1372
f 1181/1549/1372 1191/1587/1409 1182/1588/1410
f 1181/1549/1372 1182/1588/1410 1172/1550/1373
f 1172/1550/1373 1182/1588/1410 1173/1589/1411
f 1172/1550/1373 1173/1589/1411 1163/1551/1374
f 1163/1551/1374 1173/1589/1411 1164/1590/1412
f 1163/1551/1374 1164/1590/1412 1154/1552/1375
f 1154/1552/1375 1164/1590/1412 1155/1591/1413
f 1154/1552/1375 1155/1591/1413 1145/1553/1376
f 1145/1553/1376 1155/1591/1413 1146/1592/1414
f 1145/1553/1376 1146/1592/1414 1136/1554/1377
f 1136/1554/1377 1146/1592/1414 1137/1593/1415
f 1136/1554/1377 1137/1593/1415 1127/1555/1378
f 1127/1555/1378 1137/1593/1415 1128/1594/1416
f 1127/1555/1378 1128/1594/1416 1118/1556/1379
f 1118/1556/1379 1128/1594/1416 1119/1595/1417
f 1118/1556/1379 1119/1595/1417 1109/1557/1380
f 1109/1557/1380 1119/1595/1417 1110/1596/1418
f 1109/1557/1380 1110/1596/1418 1100/1558/1381
f 1100/1558/1381 1110/1596/1418 1101/1597/1419
f 1100/1558/1381 1101/1597/1419 920/1559/1344
f 920/1559/1344 1101/1597/1419 921/1598/1382
f 921/1560/1382 922/1599/1420 1092/1561/1383
f 1092/1561/1383 922/1599/1420 1093/1600/1421
f 1092/1561/1383 1093/1600/1421 1083/1562/1384
f 1083/1562/1384 1093/1600/1421 1084/1601/1422
f 1083/1562/1384 1084/1601/1422 1074/1563/1385
f 1074/1563/1385 1084/1601/1422 1075/1602/1423
f 1074/1563/1385 1075/1602/1423 1065/1564/1386
f 1065/1564/1386 1075/1602/1423 1066/1603/1424
f 1065/1564/1386 1066/1603/1424 1056/1565/1387
f 1056/1565/1387 1066/1603/1424 1057/1604/1425
f 1056/1565/1387 1057/1604/1425 1047/1566/1388
f 1047/1566/1388 1057/1604/1425 1048/1605/1426
f 1047/1566/1388 1048/1605/1426 1038/1567/1389
f 1038/1567/1389 1048/1605/1426 1039/1606/1427
f 1038/1567/1389 1039/1606/1427 1029/1568/1390
f 1029/1568/1390 1039/1606/1427 1030/1607/1428
f 1029/1568/1390 1030/1607/1428 1020/1569/1391
f 1020/1569/1391 1030/1607/1428 1021/1608/1429
f 1020/1569/1391 1021/1608/1429 1011/1570/1392
f 1011/1570/1392 1021/1608/1429 1012/1609/1430
f 1011/1570/1392 1012/1609/1430 1002/1571/1393
f 1002/1571/1393 1012/1609/1430 1003/1610/1431
f 1002/1571/1393 1003/1610/1431 993/1572/1394
f 993/1572/1394 1003/1610/1431 994/1611/1432
f 993/1572/1394 994/1611/1432 984/1573/1395
f 984/1573/1395 994/1611/1432 985/1612/1433
f 984/1573/1395 985/1612/1433 975/1574/1396
f 975/1574/1396 985/1612/1433 976/1613/1434
f 975/1574/1396 976/1613/1434 966/1575/1397
f 966/1575/1397 976/1613/1434 967/1614/1435
f 966/1575/1397 967/1614/1435 957/1576/1398
f 957/1576/1398 967/1614/1435 958/1615/1436
f 957/1576/1398 958/1615/1436 948/1577/1399
f 948/1577/1399 958/1615/1436 949/1616/1437
f 948/1577/1399 949/1616/1437 930/1578/1400
f 930/1578/1400 949/1616/1437 931/1617/1438
f 930/1578/1400 931/1617/1438 941/1579/1401
f 941/1579/1401 931/1617/1438 940/1618/1439
f 941/1579/1401 940/1618/1439 1254/1580/1402
f 1254/1580/1402 940/1618/1439 1255/1619/1440
f 1254/1580/1402 1255/1619/1440 1245/1581/1403
f 1245/1581/1403 1255/1619/1440 1246/1620/1441
f 1245/1581/1403 1246/1620/1441 1236/1582/1404
f 1236/1582/1404 1246/1620/1441 1237/1621/1442
f 1236/1582/1404 1237/1621/1442 1227/1583/1405
f 1227/1583/1405 1237/1621/1442 1228/1622/1443
f 1227/1583/1405 1228/1622/1443 1218/1584/1406
f 1218/1584/1406 1228/1622/1443 1219/1623/1444
f 1218/1584/1406 1219/1623/1444 1209/1585/1407
f 1209/1585/1407 1219/1623/1444 1210/1624/1445
f 1209/1585/1407 1210/1624/1445 1200/1586/1408
f 1200/1586/1408 1210/1624/1445 1201/1625/1446
f 1200/1586/1408 1201/1625/1446 1191/1587/1409
f 1191/1587/1409 1201/1625/1446 1192/1626/1447
f 1191/1587/1409 1192/1626/1447 1182/1588/1410
f 1182/1588/1410 1192/1626/1447 1183/1627/1448
f 1182/1588/1410 1183/1627/1448 1173/1589/1411
f 1173/1589/1411 1183/1627/1448 1174/1628/1449
f 1173/1589/1411 1174/1628/1449 1164/1590/1412
f 1164/1590/1412 1174/1628/1449 1165/1629/1450
f 1164/1590/1412 1165/1629/1450 1155/1591/1413
f 1155/1591/1413 1165/1629/1450 1156/1630/1451
f 1155/1591/1413 1156/1630/1451 1146/1592/1414
f 1146/1592/1414 1156/1630/1451 1147/1631/1452
f 1146/1592/1414 1147/1631/1452 1137/1593/1415
f 1137/1593/1415 1147/1631/1452 1138/1632/1453
f 1137/1593/1415 1138/1632/1453 1128/1594/1416
f 1128/1594/1416 1138/1632/1453 1129/1633/1454
f 1128/1594/1416 1129/1633/1454 1119/1595/1417
f 1119/1595/1417 1129/1633/1454 1120/1634/1455
f 1119/1595/1417 1120/1634/1455 1110/1596/1418
f 1110/1596/1418 1120/1634/1455 1111/1635/1456
f 1110/1596/1418 1111/1635/1456 1101/1597/1419
f 1101/1597/1419 1111/1635/1456 1102/1636/1457
f 1101/1597/1419 1102/1636/1457 921/1598/1382
f 921/1598/1382 1102/1636/1457 922/1637/1420
f 922/1599/1420 923/1638/1458 1093/1600/1421
f 1093/1600/1421 923/1638/1458 1094/1639/1459
f 1093/1600/1421 1094/1639/1459 1084/1601/1422
f 1084/1601/1422 1094/1639/1459 1085/1640/1460
f 1084/1601/1422 1085/1640/1460 1075/1602/1423
f 1075/1602/1423 1085/1640/1460 1076/1641/1461
f 1075/1602/1423 1076/1641/1461 1066/1603/1424
f 1066/1603/1424 1076/1641/1461 1067/1642/1462
f 1066/1603/1424 1067/1642/1462 1057/1604/1425
f 1057/1604/1425 1067/1642/1462 1058/1643/1463
f 1057/1604/1425 1058/1643/1463 1048/1605/1426
f 1048/1605/1426 1058/1643/1463 1049/1644/1464
f 1048/1605/1426 1049/1644/1464 1039/1606/1427
f 1039/1606/1427 1049/1644/1464 1040/1645/1465
f 1039/1606/1427 1040/1645/1465 1030/1607/1428
f 1030/1607/1428 1040/1645/1465 1031/1646/1466
f 1030/1607/1428 1031/1646/1466 1021/1608/1429
f 1021/1608/1429 1031/1646/1466 1022/1647/1467
f 1021/1608/1429 1022/1647/1467 1012/1609/1430
f 1012/1609/1430 1022/1647/1467 1013/1648/1468
f 1012/1609/1430 1013/1648/1468 1003/1610/1431
f 1003/1610/1431 1013/1648/1468 1004/1649/1469
f 1003/1610/1431 1004/1649/1469 994/1611/1432
f 994/1611/1432 1004/1649/1469 995/1650/1470
f 994/1611/1432 995/1650/1470 985/1612/1433
f 985/1612/1433 995/1650/1470 986/1651/1471
f 985/1612/1433 986/1651/1471 976/1613/1434
f 976/1613/1434 986/1651/1471 977/1652/1472
f 976/1613/1434 977/1652/1472 967/1614/1435
f 967/1614/1435 977/1652/1472 968/1653/1473
f 967/1614/1435 968/1653/1473 958/1615/1436
f 958/1615/1436 968/1653/1473 959/1654/1474
f 958/1615/1436 959/1654/1474 949/1616/1437
f 949/1616/1437 959/1654/1474 950/1655/1475
f 949/1616/1437 950/1655/1475 931/1617/1438
f 931/1617/1438 950/1655/1475 932/1656/1476
f 931/1617/1438 932/1656/1476 940/1618/1439
f 940/1618/1439 932/1656/1476 939/1657/1477
f 940/1618/1439 939/1657/1477 1255/1619/1440
f 1255/1619/1440 939/1657/1477 1256/1658/1478
f 1255/1619/1440 1256/1658/1478 1246/1620/1441
f 1246/1620/1441 1256/1658/1478 1247/1659/1479
f 1246/1620/1441 1247/1659/1479 1237/1621/1442
f 1237/1621/1442 1247/1659/1479 1238/1660/1480
f 1237/1621/1442 1238/1660/1480 1228/1622/1443
f 1228/1622/1443 1238/1660/1480 1229/1661/1481
f 1228/1622/1443 1229/1661/1481 1219/1623/1444
f 1219/1623/1444 1229/1661/1481 1220/1662/1482
f 1219/1623/1444 1220/1662/1482 1210/1624/1445
f 1210/1624/1445 1220/1662/1482 1211/1663/1483
f 1210/1624/1445 1211/1663/1483 1201/1625/1446
f 1201/1625/1446 1211/1663/1483 1202/1664/1484
f 1201/1625/1446 1202/1664/1484 1192/1626/1447
f 1192/1626/1447 1202/1664/1484 1193/1665/1485
f 1192/1626/1447 1193/1665/1485 1183/1627/1448
f 1183/1627/1448 1193/1665/1485 1184/1666/1486
f 1183/1627/1448 1184/1666/1486 1174/1628/1449
f 1174/1628/1449 1184/1666/1486 1175/1667/1487
f 1174/1628/1449 1175/1667/1487 1165/1629/1450
f 1165/1629/1450 1175/1667/1487 1166/1668/1488
f 1165/1629/1450 1166/1668/1488 1156/1630/1451
f 1156/1630/1451 1166/1668/1488 1157/1669/1489
f 1156/1630/1451 1157/1669/1489 1147/1631/1452
f 1147/1631/1452 1157/1669/1489 1148/1670/1490
f 1147/1631/1452 1148/1670/1490 1138/1632/1453
f 1138/1632/1453 1148/1670/1490 1139/1671/1491
f 1138/1632/1453 1139/1671/1491 1129/1633/1454
f 1129/1633/1454 1139/1671/1491 1130/1672/1492
f 1129/1633/1454 1130/1672/1492 1120/1634/1455
f 1120/1634/1455 1130/1672/1492 1121/1673/1493
f 1120/1634/1455 1121/1673/1493 1111/1635/1456
f 1111/1635/1456 1121/1673/1493 1112/1674/1494
f 1111/1635/1456 1112/1674/1494 1102/1636/1457
f 1102/1636/1457 1112/1674/1494 1103/1675/1495
f 1102/1636/1457 1103/1675/1495 922/1637/1420
f 922/1637/1420 1103/1675/1495 923/1676/1458
f 923/1638/1458 924/1677/1496 1094/1639/1459
f 1094/1639/1459 924/1677/1496 1095/1678/1497
f 1094/1639/1459 1095/1678/1497 1085/1640/1460
f 1085/1640/1460 1095/1678/1497 1086/1679/1498
f 1085/1640/1460 1086/1679/1498 1076/1641/1461
f 1076/1641/1461 1086/1679/1498 1077/1680/1499
f 1076/1641/1461 1077/1680/1499 1067/1642/1462
f 1067/1642/1462 1077/1680/1499 1068/1681/1500
f 1067/1642/1462 1068/1681/1500 1058/1643/1463
f 1058/1643/1463 1068/1681/1500 1059/1682/1501
f 1058/1643/1463 1059/1682/1501 1049/1644/1464
f 1049/1644/1464 1059/1682/1501 1050/1683/1502
f 1049/1644/1464 1050/1683/1502 1040/1645/1465
f 1040/1645/1465 1050/1683/1502 1041/1684/1503
f 1040/1645/1465 1041/1684/1503 1031/1646/1466
f 1031/1646/1466 1041/1684/1503 1032/1685/1504
f 1031/1646/1466 1032/1685/1504 1022/1647/1467
f 1022/1647/1467 1032/1685/1504 1023/1686/1505
f 1022/1647/1467 1023/1686/1505 1013/1648/1468
f 1013/1648/1468 1023/1686/1505 1014/1687/1506
f 1013/1648/1468 1014/1687/1506 1004/1649/1469
f 1004/1649/1469 1014/1687/1506 1005/1688/1507
f 1004/1649/1469 1005/1688/1507 995/1650/1470
f 995/1650/1470 1005/1688/1507 996/1689/1508
f 995/1650/1470 996/1689/1508 986/1651/1471
f 986/1651/1471 996/1689/1508 987/1690/1509
f 986/1651/1471 987/1690/1509 977/1652/1472
f 977/1652/1472 987/1690/1509 978/1691/1510
f 977/1652/1472 978/1691/1510 968/1653/1473
f 968/1653/1473 978/1691/1510 969/1692/1511
f 968/1653/1473 969/1692/1511 959/1654/1474
f 959/1654/1474 969/1692/1511 960/1693/1512
f 959/1654/1474 960/1693/1512 950/1655/1475
f 950/1655/1475 960/1693/1512 951/1694/1513
f 950/1655/1475 951/1694/1513 932/1656/1476
f 932/1656/1476 951/1694/1513 933/1695/1514
f 932/1656/1476 933/1695/1514 939/1657/1477
f 939/1657/1477 933/1695/1514 938/1696/1515
f 939/1657/1477 938/1696/1515 1256/1658/1478
f 1256/1658/1478 938/1696/1515 1257/1697/1516
f 1256/1658/1478 1257/1697/1516 1247/1659/1479
f 1247/1659/1479 1257/1697/1516 1248/1698/1517
f 1247/1659/1479 1248/1698/1517 1238/1660/1480
f 1238/1660/1480 1248/1698/1517 1239/1699/1518
f 1238/1660/1480 1239/1699/1518 1229/1661/1481
f 1229/1661/1481 1239/1699/1518 1230/1700/1519
f 1229/1661/1481 1230/1700/1519 1220/1662/1482
f 1220/1662/1482 1230/1700/1519 1221/1701/1520
f 1220/1662/1482 1221/1701/1520 1211/1663/1483
f 1211/1663/1483 1221/1701/1520 1212/1702/1521
f 1211/1663/1483 1212/1702/1521 1202/1664/1484
f 1202/1664/1484 1212/1702/1521 1203/1703/1522
f 1202/1664/1484 1203/1703/1522 1193/1665/1485
f 1193/1665/1485 1203/1703/1522 1194/1704/1523
f 1193/1665/1485 1194/1704/1523 1184/1666/1486
f 1184/1666/1486 1194/1704/1523 1185/1705/1524
f 1184/1666/1486 1185/1705/1524 1175/1667/1487
f 1175/1667/1487 1185/1705/1524 1176/1706/1525
f 1175/1667/1487 1176/1706/1525 1166/1668/1488
f 1166/1668/1488 1176/1706/1525 1167/1707/1526
f 1166/1668/1488 1167/1707/1526 1157/1669/1489
f 1157/1669/1489 1167/1707/1526 1158/1708/1527
f 1157/1669/1489 1158/1708/1527 1148/1670/1490
f 1148/1670/1490 1158/1708/1527 1149/1709/1528
f 1148/1670/1490 1149/1709/1528 1139/1671/1491
f 1139/1671/1491 1149/1709/1528 1140/1710/1529
f 1139/1671/1491 1140/1710/1529 1130/1672/1492
f 1130/1672/1492 1140/1710/1529 1131/1711/1530
f 1130/1672/1492 1131/1711/1530 1121/1673/1493
f 1121/1673/1493 1131/1711/1530 1122/1712/1531
f 1121/1673/1493 1122/1712/1531 1112/1674/1494
f 1112/1674/1494 1122/1712/1531 1113/1713/1532
f 1112/1674/1494 1113/1713/1532 1103/1675/1495
f 1103/1675/1495 1113/1713/1532 1104/1714/1533
f 1103/1675/1495 1104/1714/1533 923/1676/1458
f 923/1676/1458 1104/1714/1533 924/1715/1496
f 924/1677/1496 925/1716/1534 1095/1678/1497
f 1095/1678/1497 925/1716/1534 1096/1717/1535
f 1095/1678/1497 1096/1717/1535 1086/1679/1498
f 1086/1679/1498 1096/1717/1535 1087/1718/1536
f 1086/1679/1498 1087/1718/1536 1077/1680/1499
f 1077/1680/1499 1087/1718/1536 1078/1719/1537
f 1077/1680/1499 1078/1719/1537 1068/1681/1500
f 1068/1681/1500 1078/1719/1537 1069/1720/1538
f 1068/1681/1500 1069/1720/1538 1059/1682/1501
f 1059/1682/1501 1069/1720/1538 1060/1721/1539
f 1059/1682/1501 1060/1721/1539 1050/1683/1502
f 1050/1683/1502 1060/1721/1539 1051/1722/1540
f 1050/1683/1502 1051/1722/1540 1041/1684/1503
f 1041/1684/1503 1051/1722/1540 1042/1723/1541
f 1041/1684/1503 1042/1723/1541 1032/1685/1504
f 1032/1685/1504 1042/1723/1541 1033/1724/1542
f 1032/1685/1504 1033/1724/1542 1023/1686/1505
f 1023/1686/1505 1033/1724/1542 1024/1725/1543
f 1023/1686/1505 1024/1725/1543 1014/1687/1506
f 1014/1687/1506 1024/1725/1543 1015/1726/1544
f 1014/1687/1506 1015/1726/1544 1005/1688/1507
f 1005/1688/1507 1015/1726/1544 1006/1727/1545
f 1005/1688/1507 1006/1727/1545 996/1689/1508
f 996/1689/1508 1006/1727/1545 997/1728/1546
f 996/1689/1508 997/1728/1546 987/1690/1509
f 987/1690/1509 997/1728/1546 988/1729/1547
f 987/1690/1509 988/1729/1547 978/1691/1510
f 978/1691/1510 988/1729/1547 979/1730/1548
f 978/1691/1510 979/1730/1548 969/1692/1511
f 969/1692/1511 979/1730/1548 970/1731/1549
f 969/1692/1511 970/1731/1549 960/1693/1512
f 960/1693/1512 970/1731/1549 961/1732/1550
f 960/1693/1512 961/1732/1550 951/1694/1513
f 951/1694/1513 961/1732/1550 952/1733/1551
f 951/1694/1513 952/1733/1551 933/1695/1514
f 933/1695/1514 952/1733/1551 934/1734/1552
f 933/1695/1514 934/1734/1552 938/1696/1515
f 938/1696/1515 934/1734/1552 937/1735/1553
f 938/1696/1515 937/1735/1553 1257/1697/1516
f 1257/1697/1516 937/1735/1553 1258/1736/1554
f 1257/1697/1516 1258/1736/1554 1248/1698/1517
f 1248/1698/1517 1258/1736/1554 1249/1737/1555
f 1248/1698/1517 1249/1737/1555 1239/1699/1518
f 1239/1699/1518 1249/1737/1555 1240/1738/1556
f 1239/1699/1518 1240/1738/1556 1230/1700/1519
f 1230/1700/1519 1240/1738/1556 1231/1739/1557
f 1230/1700/1519 1231/1739/1557 1221/1701/1520
f 1221/1701/1520 1231/1739/1557 1222/1740/1558
f 1221/1701/1520 1222/1740/1558 1212/1702/1521
f 1212/1702/1521 1222/1740/1558 1213/1741/1559
f 1212/1702/1521 1213/1741/1559 1203/1703/1522
f 1203/1703/1522 1213/1741/1559 1204/1742/1560
f 1203/1703/1522 1204/1742/1560 1194/1704/1523
f 1194/1704/1523 1204/1742/1560 1195/1743/1561
f 1194/1704/1523 1195/1743/1561 1185/1705/1524
f 1185/1705/1524 1195/1743/1561 1186/1744/1562
f 1185/1705/1524 1186/1744/1562 1176/1706/1525
f 1176/1706/1525 1186/1744/1562 1177/1745/1563
f 1176/1706/1525 1177/1745/1563 1167/1707/1526
f 1167/1707/1526 1177/1745/1563 1168/1746/1564
f 1167/1707/1526 1168/1746/1564 1158/1708/1527
f 1158/1708/1527 1168/1746/1564 1159/1747/1565
f 1158/1708/1527 1159/1747/1565 1149/1709/1528
f 1149/1709/1528 1159/1747/1565 1150/1748/1566
f 1149/1709/1528 1150/1748/1566 1140/1710/1529
f 1140/1710/1529 1150/1748/1566 1141/1749/1567
f 1140/1710/1529 1141/1749/1567 1131/1711/1530
f 1131/1711/1530 1141/1749/1567 1132/1750/1568
f 1131/1711/1530 1132/1750/1568 1122/1712/1531
f 1122/1712/1531 1132/1750/1568 1123/1751/1569
f 1122/1712/1531 1123/1751/1569 1113/1713/1532
f 1113/1713/1532 1123/1751/1569 1114/1752/1570
f 1113/1713/1532 1114/1752/1570 1104/1714/1533
f 1104/1714/1533 1114/1752/1570 1105/1753/1571
f 1104/1714/1533 1105/1753/1571 924/1715/1496
f 924/1715/1496 1105/1753/1571 925/1754/1534
f 925/1716/1534 926/1407/1267 1096/1717/1535
f 1096/1717/1535 926/1407/1267 1097/1409/1269
f 1096/1717/1535 1097/1409/1269 1087/1718/1536
f 1087/1718/1536 1097/1409/1269 1088/1411/1270
f 1087/1718/1536 1088/1411/1270 1078/1719/1537
f 1078/1719/1537 1088/1411/1270 1079/1413/1271
f 1078/1719/1537 1079/1413/1271 1069/1720/1538
f 1069/1720/1538 1079/1413/1271 1070/1415/1272
f 1069/1720/1538 1070/1415/1272 1060/1721/1539
f 1060/1721/1539 1070/1415/1272 1061/1417/1273
f 1060/1721/1539 1061/1417/1273 1051/1722/1540
f 1051/1722/1540 1061/1417/1273 1052/1419/1274
f 1051/1722/1540 1052/1419/1274 1042/1723/1541
f 1042/1723/1541 1052/1419/1274 1043/1421/1275
f 1042/1723/1541 1043/1421/1275 1033/1724/1542
f 1033/1724/1542 1043/1421/1275 1034/1423/1276
f 1033/1724/1542 1034/1423/1276 1024/1725/1543
f 1024/1725/1543 1034/1423/1276 1025/1425/1277
f 1024/1725/1543 1025/1425/1277 1015/1726/1544
f 1015/1726/1544 1025/1425/1277 1016/1427/1278
f 1015/1726/1544 1016/1427/1278 1006/1727/1545
f 1006/1727/1545 1016/1427/1278 1007/1429/1279
f 1006/1727/1545 1007/1429/1279 997/1728/1546
f 997/1728/1546 1007/1429/1279 998/1431/1280
f 997/1728/1546 998/1431/1280 988/1729/1547
f 988/1729/1547 998/1431/1280 989/1433/1281
f 988/1729/1547 989/1433/1281 979/1730/1548
f 979/1730/1548 989/1433/1281 980/1434/1282
f 979/1730/1548 980/1434/1282 970/1731/1549
f 970/1731/1549 980/1434/1282 971/1436/1283
f 970/1731/1549 971/1436/1283 961/1732/1550
f 961/1732/1550 971/1436/1283 962/1438/1284
f 961/1732/1550 962/1438/1284 952/1733/1551
f 952/1733/1551 962/1438/1284 953/1440/1285
f 952/1733/1551 953/1440/1285 934/1734/1552
f 934/1734/1552 953/1440/1285 935/1442/1286
f 934/1734/1552 935/1442/1286 937/1735/1553
f 937/1735/1553 935/1442/1286 936/1444/1287
f 937/1735/1553 936/1444/1287 1258/1736/1554
f 1258/1736/1554 936/1444/1287 1259/1446/1288
f 1258/1736/1554 1259/1446/1288 1249/1737/1555
f 1249/1737/1555 1259/1446/1288 1250/1448/1289
f 1249/1737/1555 1250/1448/1289 1240/1738/1556
f 1240/1738/1556 1250/1448/1289 1241/1450/1290
f 1240/1738/1556 1241/1450/1290 1231/1739/1557
f 1231/1739/1557 1241/1450/1290 1232/1452/1291
f 1231/1739/1557 1232/1452/1291 1222/1740/1558
f 1222/1740/1558 1232/1452/1291 1223/1454/1292
f 1222/1740/1558 1223/1454/1292 1213/1741/1559
f 1213/1741/1559 1223/1454/1292 1214/1456/1293
f 1213/1741/1559 1214/1456/1293 1204/1742/1560
f 1204/1742/1560 1214/1456/1293 1205/1458/1294
f 1204/1742/1560 1205/1458/1294 1195/1743/1561
f 1195/1743/1561 1205/1458/1294 1196/1459/1295
f 1195/1743/1561 1196/1459/1295 1186/1744/1562
f 1186/1744/1562 1196/1459/1295 1187/1461/1296
f 1186/1744/1562 1187/1461/1296 1177/1745/1563
f 1177/1745/1563 1187/1461/1296 1178/1463/1297
f 1177/1745/1563 1178/1463/1297 1168/1746/1564
f 1168/1746/1564 1178/1463/1297 1169/1465/1298
f 1168/1746/1564 1169/1465/1298 1159/1747/1565
f 1159/1747/1565 1169/1465/1298 1160/1467/1299
f 1159/1747/1565 1160/1467/1299 1150/1748/1566
f 1150/1748/1566 1160/1467/1299 1151/1469/1300
f 1150/1748/1566 1151/1469/1300 1141/1749/1567
f 1141/1749/1567 1151/1469/1300 1142/1471/1301
f 1141/1749/1567 1142/1471/1301 1132/1750/1568
f 1132/1750/1568 1142/1471/1301 1133/1473/1302
f 1132/1750/1568 1133/1473/1302 1123/1751/1569
f 1123/1751/1569 1133/1473/1302 1124/1475/1303
f 1123/1751/1569 1124/1475/1303 1114/1752/1570
f 1114/1752/1570 1124/1475/1303 1115/1477/1304
f 1114/1752/1570 1115/1477/1304 1105/1753/1571
f 1105/1753/1571 1115/1477/1304 1106/1479/1305
f 1105/1753/1571 1106/1479/1305 925/1754/1534
f 925/1754/1534 1106/1479/1305 926/1481/1267
f 917/1755/1268 980/1434/1282 989/1433/1281
f 917/1756/1268 1196/1459/1295 1205/1458/1294
# 1259 vertices
# 1756 texture params
# 1571 normals
# 2530 facets

# 1 groups
