# decimated from propeller_centered.obj (57782 -> 2500 faces)
mtllib propeller_centered.mtl
v 1.62150 -1.24896 0.49188
v 1.44731 -0.49005 0.09817
v 0.94567 -0.69884 0.53864
v 1.32905 -1.70619 0.11145
v 1.89372 -1.08595 0.59447
v 1.26894 -1.45842 0.28804
v 1.04287 -1.60038 0.05607
v -0.95795 -1.31884 -0.03605
v -1.04015 -0.47148 0.17541
v -1.69834 -1.89142 0.10124
v 2.62759 -2.02305 0.29363
v 0.40089 2.17081 0.11366
v 8.21189 -4.91696 0.16012
v 8.19004 -4.71643 0.21456
v 8.19604 -4.95665 0.10089
v 8.16228 -4.65462 0.24260
v 8.14241 -4.61460 0.21134
v 8.15167 -4.93182 0.21877
v 8.15875 -5.15205 0.07069
v 8.16081 -5.08788 0.05143
v 8.17712 -4.71983 0.17347
v 8.09862 -4.55059 0.21276
v 8.07149 -5.30386 -0.01049
v 7.99617 -5.45445 0.00840
v 8.07693 -4.82770 0.27690
v 8.01188 -4.83026 0.11218
v 8.09660 -5.28746 0.05489
v 8.00067 -4.40769 0.24066
v 7.97695 -4.38423 0.22297
v 7.87003 -5.60862 -0.07521
v 8.00919 -5.44318 -0.01342
v 7.83828 -5.65443 -0.04583
v 7.89457 -4.28828 0.27073
v 7.90399 -5.30049 0.15885
v 7.68607 -4.08584 0.21816
v 7.87255 -4.26732 0.21903
v 7.83924 -5.64662 -0.06744
v 7.64692 -4.03049 0.28989
v 7.89402 -4.78332 0.30311
v 6.73829 -4.50923 0.21651
v 7.72779 -5.24756 0.01775
v 7.78132 -4.15715 0.23325
v 7.78242 -5.63856 -0.04829
v 7.71993 -5.59412 -0.03320
v 7.70500 -5.59983 -0.00350
v 7.68605 -5.29021 0.16056
v 7.71719 -4.08772 0.23750
v 7.62127 -5.53129 -0.00899
v 7.98624 -4.55001 0.30078
v 7.72918 -5.57942 0.03404
v 7.60884 -5.54175 0.02539
v 7.49892 -5.45143 0.06216
v 7.54967 -3.91606 0.24889
v 7.50914 -5.46846 0.00864
v 7.13964 -5.24528 -0.01268
v 7.38621 -3.75966 0.30392
v 6.98976 -3.39591 0.27818
v 7.39426 -3.76255 0.25505
v 7.23412 -3.60758 0.27214
v 7.40734 -5.39838 0.00147
v 7.38429 -4.14015 0.14507
v 7.41805 -5.42495 0.03822
v 7.21281 -5.30398 0.00663
v 7.16626 -3.53930 0.28518
v 7.13970 -5.26517 0.02878
v 6.85991 -3.68465 0.38916
v 6.92464 -3.32819 0.34086
v 7.10217 -5.22473 0.04658
v 7.01785 -3.40160 0.29847
v 6.92574 -5.14339 -0.01231
v 6.99741 -5.18803 0.01730
v 6.90328 -5.11752 -0.02653
v 6.69370 -5.01019 0.01955
v 6.68502 -5.00091 -0.03664
v 6.87784 -3.44947 0.38195
v 6.72186 -3.14756 0.30585
v 6.59443 -4.89926 -0.04870
v 6.52853 -2.97382 0.33576
v 6.67733 -5.01533 -0.01199
v 6.56331 -3.10915 0.27430
v 6.45565 -4.90189 -0.02525
v 6.46347 -2.93238 0.38124
v 6.16667 -4.72898 -0.06989
v 6.09097 -3.22295 0.42071
v 6.08615 -2.63539 0.41915
v 6.37873 -4.84903 -0.05071
v 6.07338 -4.56541 0.05520
v 6.29152 -4.81575 -0.04315
v 6.32815 -2.80737 0.35192
v 6.33309 -4.83467 -0.00983
v 6.17722 -4.76041 -0.04882
v 6.21261 -2.74996 0.32819
v 4.49063 -2.84474 0.32453
v 6.10498 -2.63128 0.37022
v 6.12521 -4.73034 -0.02134
v 5.88479 -4.60685 -0.08362
v 5.99395 -4.66271 -0.07121
v 5.89323 -4.61937 -0.03671
v 5.78846 -4.54827 -0.09609
v 5.99419 -2.54733 0.37669
v 4.64867 -2.54294 0.12052
v 5.70328 -4.52302 -0.09096
v 5.75079 -2.36411 0.39363
v 5.25045 -4.10008 -0.13396
v 5.58698 -4.47628 -0.06704
v 5.61273 -4.46570 -0.10776
v 5.56403 -2.23084 0.40437
v 5.50888 -4.43346 -0.10431
v 5.72790 -2.36023 0.44319
v 5.43832 -2.13477 0.43665
v 5.36880 -4.35974 -0.12746
v 5.40062 -4.39150 -0.08361
v 5.24384 -4.30026 -0.14214
v 5.24897 -2.01031 0.47420
v 5.36328 -2.13207 0.48631
v 5.26942 -2.02705 0.42304
v 5.59816 -2.29158 0.37384
v 5.34893 -4.34208 -0.05894
v 5.16869 -4.27870 -0.14183
v 5.09945 -4.26006 -0.11622
v 5.10526 -1.90543 0.45837
v 4.98063 -2.51245 0.47360
v 4.97217 -4.18985 -0.10966
v 5.00502 -4.20401 -0.16368
v 4.86159 -4.13579 -0.18762
v 4.90623 -4.17091 -0.15833
v 4.95961 -1.82442 0.50967
v 4.70154 -4.07211 -0.20767
v 4.99640 -1.99423 0.52557
v 4.82151 -3.90469 -0.18290
v 4.87387 -1.75225 0.47217
v 4.55247 -1.55168 0.53513
v 4.52613 -1.53209 0.49249
v 4.28926 -3.13786 -0.13572
v 4.72159 -1.68041 0.53676
v 4.52060 -3.99296 -0.23712
v 4.58963 -4.03245 -0.21434
v 4.35105 -3.67479 -0.04015
v 4.33439 -1.42554 0.56811
v 4.39336 -3.95506 -0.21987
v 3.67633 -1.89707 0.50956
v 4.61064 -4.04228 -0.16476
v 4.37256 -1.43695 0.50994
v 4.01866 -3.52640 -0.31194
v 4.12085 -3.82008 -0.31688
v 4.34709 -3.91662 -0.27117
v 4.04100 -3.75065 -0.34300
v 3.87611 -1.17778 0.52104
v 4.20322 -1.33547 0.56439
v 4.11863 -1.73911 0.57406
v 4.12708 -1.28967 0.52695
v 4.22774 -1.49919 0.42545
v 4.14211 -3.84290 -0.25906
v 4.14211 -3.84215 -0.28598
v 4.02743 -3.76552 -0.25222
v 4.05319 -3.78450 -0.33343
v 2.99476 -0.82830 0.69630
v 3.86281 -3.70363 -0.37459
v 3.88131 -3.72579 -0.32438
v 3.51853 -2.84016 -0.26791
v 3.88300 -3.72097 -0.35969
v 3.97422 -1.21319 0.60268
v 3.25881 -2.02186 -0.01174
v 3.60355 -1.03406 0.64236
v 3.78593 -1.10206 0.61317
v 3.89004 -3.72463 -0.30523
v 3.71336 -3.63657 -0.41024
v 3.03975 -2.74844 -0.00066
v 3.72538 -1.05697 0.57126
v 3.54281 -3.54717 -0.45562
v 3.58987 -3.57760 -0.43562
v 3.60282 -3.59768 -0.38153
v 3.01732 -3.18379 -0.56547
v 3.41362 -2.62453 0.18257
v 3.37965 -0.90016 0.56440
v 3.40572 -0.90645 0.64732
v 3.24490 -1.09519 0.38796
v 3.41538 -3.49779 -0.47509
v 3.39389 -3.46226 -0.49610
v 3.42174 -3.50934 -0.41717
v 3.12819 -0.79810 0.54661
v 3.36003 -0.87127 0.59281
v 3.30028 -3.42922 -0.51360
v 3.28387 -3.42941 -0.50988
v 3.14504 -3.37291 -0.52358
v 3.06964 -0.73375 0.59391
v 3.30718 -2.09849 0.39000
v 3.17210 -3.35800 -0.54600
v 3.04924 -0.74991 0.67759
v 2.91976 -2.90626 -0.16973
v 3.09819 -3.31682 -0.56301
v 2.85913 -2.43818 0.12383
v 3.01416 -3.26851 -0.58115
v 3.02002 -3.28753 -0.57469
v 2.76719 -3.05415 -0.40181
v 3.04271 -0.72091 0.63875
v 2.87703 -3.24186 -0.56387
v 2.93984 -3.25941 -0.58217
v 3.13341 -3.37277 -0.49098
v 2.88934 -3.22334 -0.60046
v 2.48585 -2.50604 -0.49674
v 2.84307 -0.64610 0.67034
v 2.64840 -0.61474 0.69635
v 2.76662 -0.59736 0.62036
v 2.73732 -3.13095 -0.63572
v 2.79695 -3.17322 -0.61848
v 2.14002 -2.38803 -0.12092
v 2.60588 -0.98206 0.23913
v 2.68244 -0.71796 0.41958
v 2.74210 -0.60605 0.54745
v 2.67408 -3.13574 -0.58703
v 2.43805 -0.48092 0.51891
v 2.59306 -3.05084 -0.65870
v 2.47114 -0.47971 0.58146
v 2.50755 -2.98867 -0.67277
v 2.58759 -3.07756 -0.64044
v 2.43922 -2.96335 -0.67785
v 2.68689 -3.13347 -0.55643
v 2.31292 -2.92911 -0.62336
v 2.44466 -0.50234 0.67197
v 2.34886 -2.90142 -0.68747
v 2.33114 -2.93466 -0.65904
v 2.37829 -0.45627 0.64333
v 2.09040 -0.44829 0.67063
v 2.22482 -2.83959 -0.69274
v 2.26179 -2.18122 0.09505
v 2.04118 -0.34531 0.60722
v 2.21813 -2.80273 -0.69893
v 2.14306 -2.80106 -0.68389
v 2.17935 -2.79344 -0.69996
v 1.87921 -2.42681 -0.65178
v 1.94122 -0.60726 0.67291
v 1.88752 -0.33003 0.61522
v 1.94909 -2.62684 -0.69699
v 1.73438 -0.23173 0.44570
v 1.98413 -0.33116 0.43702
v 1.98991 -2.67266 -0.69721
v 2.08030 -0.90328 0.65729
v 1.84084 -2.53358 -0.68994
v 1.91615 -2.66892 -0.63812
v 1.55011 -2.28222 -0.64243
v 1.80795 -2.53930 -0.68294
v 1.75669 -2.54655 -0.61319
v 2.07474 -2.73213 -0.54886
v 1.62316 -2.41029 -0.64041
v 1.68729 -2.41544 -0.66776
v 1.36573 -0.14433 0.31914
v 1.77004 -0.31117 0.34499
v 1.20460 -0.22800 0.55512
v 1.60571 -0.23065 0.54586
v 1.41579 -2.16275 -0.60669
v 1.46519 -2.29769 -0.57204
v 1.48539 -2.26911 -0.62047
v 1.32966 -0.11007 0.40848
v 1.58429 -2.40812 -0.57769
v 1.33346 -2.18012 -0.52520
v 1.23794 -2.00000 -0.54808
v 1.08103 -0.35940 0.58152
v 1.17485 -1.97326 -0.50898
v 1.02292 -0.53510 0.57514
v 1.30997 -2.01822 -0.56784
v 1.24059 -0.11474 0.46987
v 0.95715 -0.40838 0.00778
v 1.07221 -0.07318 0.22847
v 1.10776 -0.27828 0.56712
v 1.22638 -0.18141 0.52996
v 1.10627 -0.03605 0.37674
v 1.17930 -2.01650 -0.38533
v 0.95120 0.00454 0.25219
v 0.78496 -1.60802 -0.21386
v 0.97185 2.74892 -0.63719
v 0.96457 3.04509 -0.64341
v 0.77742 -0.53554 -0.11914
v 0.93709 2.21441 -0.59874
v 0.84839 -1.67002 -0.31929
v 0.95163 3.34060 -0.60497
v 0.93135 3.40343 -0.61969
v 0.93556 2.67869 -0.69200
v 0.91265 2.34032 -0.66693
v 1.09186 -1.93824 -0.41246
v 1.00257 -1.73624 -0.45395
v 1.16512 -0.19083 0.17902
v 0.87643 -0.94904 0.44105
v 0.91901 3.76305 -0.53855
v 0.92112 3.16206 -0.66796
v 0.86963 1.90826 -0.58164
v 0.77285 -0.09647 0.06164
v 0.90171 3.62244 -0.59396
v 0.92009 3.75384 -0.50063
v 0.91013 1.99267 -0.55476
v 0.84473 0.03999 0.41080
v 0.83503 4.55358 -0.33390
v 0.85039 2.82937 -0.66743
v 0.88153 3.97989 -0.51665
v 0.89129 4.08710 -0.45715
v 0.88996 2.39031 -0.67565
v 0.88362 3.85135 -0.54942
v 0.80943 -0.83200 -0.18431
v 0.87926 3.71698 -0.57643
v 0.85635 4.36564 -0.41312
v 0.84939 4.45225 -0.36648
v 0.81635 -0.04263 0.50714
v 0.86132 1.74199 -0.44091
v 0.85372 1.65629 -0.45508
v 0.79088 2.88330 -0.34118
v 0.92864 -1.69249 -0.40922
v 0.74898 -1.46919 -0.33051
v 0.82149 3.74869 -0.55014
v 0.73868 -0.69285 -0.17577
v 0.84722 4.26174 -0.46164
v 0.77009 1.37506 -0.27615
v 0.74109 -0.79277 0.49185
v 0.66229 3.32210 -0.17683
v 0.81972 1.55546 -0.46508
v 0.75440 4.88753 -0.20964
v 0.83069 4.39419 -0.43375
v 0.82008 4.60615 -0.37726
v 0.79201 4.77641 -0.34492
v 0.79033 4.44924 -0.42029
v 0.76032 0.09077 0.34362
v 0.84467 4.06837 -0.50632
v 0.80161 -0.28144 -0.02067
v 0.55984 2.72371 -0.06479
v 0.78695 4.66703 -0.37481
v 0.85182 2.12479 -0.64067
v 0.78454 1.33378 -0.36132
v 0.76766 4.91970 -0.31762
v 0.76766 1.52898 -0.49553
v 0.77154 -0.28153 -0.06953
v 0.79908 4.86780 -0.27148
v 0.75225 -0.50544 -0.15865
v 0.75945 -0.24835 -0.28236
v 0.78214 4.99861 -0.27336
v 0.66718 -0.82148 -0.21744
v 0.76786 -0.17711 0.56927
v 0.73715 1.27330 -0.39592
v 0.75880 5.09158 -0.27510
v 0.75669 -0.34713 0.58766
v 0.82315 -1.09800 -0.26566
v 0.80813 1.86446 -0.58786
v 0.74253 -0.12999 -0.02640
v 0.82107 -1.35208 -0.34207
v 0.65481 0.11225 0.23025
v 0.74161 -0.46920 -0.28084
v 0.72439 5.17927 -0.26555
v 0.65905 -0.58685 0.60555
v 0.74060 -0.12297 -0.27905
v 0.61420 -0.89972 0.43365
v 0.58341 1.20564 -0.39436
v 0.73450 -0.54373 0.57235
v 0.68791 -0.10776 0.60431
v 0.74235 5.30212 -0.17695
v 0.72265 5.48359 -0.17704
v 0.71363 5.39660 -0.21981
v 0.69744 -0.61448 -0.28606
v 0.71741 0.04673 0.48236
v 0.12833 4.32510 -0.12919
v 0.69305 -0.00152 0.02039
v 0.41000 0.30590 0.60404
v 0.74338 -0.22144 -0.29478
v 0.69453 5.46747 -0.21198
v 0.70023 1.01888 -0.25117
v 0.67307 5.89651 -0.11718
v 0.66160 -0.75678 0.52332
v 0.71477 -0.03882 -0.28046
v 0.70840 5.62550 -0.13570
v 0.72397 -0.01528 0.09106
v 0.69384 5.12356 -0.26965
v 0.73776 -0.07240 0.55359
v 0.46301 -0.87156 0.60521
v 0.69912 1.37133 -0.45367
v 0.64445 -1.45232 -0.21536
v 0.66062 0.07956 -0.28349
v 0.65719 0.08797 0.16720
v 0.58288 5.79236 -0.01435
v 0.67200 5.74390 -0.16650
v 0.67427 -0.66936 -0.28253
v 0.63049 0.15606 0.52714
v 0.66607 5.91240 -0.08545
v 0.58864 0.95193 -0.31272
v 0.67649 -1.02342 0.34934
v 0.61074 -1.19252 -0.27638
v 0.69605 -0.67324 -0.21782
v 0.63482 6.17961 -0.09991
v 0.70389 -1.36617 -0.31467
v 0.58424 3.95772 -0.08018
v 0.68316 0.11167 0.40830
v 0.52299 -0.99329 -0.25564
v 0.65544 0.85713 -0.16668
v 0.51537 -1.30062 -0.20726
v 0.63536 0.13710 -0.27014
v 0.52990 -1.24078 -0.25042
v 0.63648 6.00633 -0.13847
v 0.60892 0.16373 -0.28300
v 0.53030 0.92527 0.08882
v 0.53055 -1.34639 -0.11338
v 0.60012 6.30901 -0.10777
v 0.60260 6.41020 -0.08034
v 0.60561 6.41828 -0.04892
v 0.57635 6.65615 -0.04242
v 0.49350 4.74309 -0.25939
v 0.55059 0.25998 0.52710
v -0.08642 1.17334 -0.13719
v 0.58725 6.45981 -0.02957
v 0.57640 0.14339 0.60112
v 0.54897 6.67845 -0.08061
v 0.55524 6.33550 -0.10787
v 0.59783 0.66673 -0.13829
v 0.54752 0.27546 -0.14417
v 0.56959 0.21358 -0.28459
v 0.59888 0.72241 -0.03843
v 0.56791 -0.88584 0.45822
v 0.56081 0.21047 0.10656
v 0.58601 -0.81353 -0.29053
v 0.55253 0.27930 -0.07771
v 0.54572 0.24876 -0.27920
v 0.53885 6.88969 -0.00936
v 0.53460 6.63371 -0.08644
v 0.55396 0.41195 -0.07674
v 0.47972 -0.95836 0.41239
v 0.52624 0.33064 0.02951
v 0.52131 6.99518 -0.04765
v 0.39575 -1.08500 0.18561
v 0.55060 0.63281 -0.18453
v 0.53463 0.35103 -0.12716
v 0.51153 -0.98471 0.35077
v 0.55187 -0.89715 -0.26099
v 0.60482 0.14062 -0.29274
v 0.45746 0.32937 -0.28505
v 0.55618 -0.78203 0.60008
v 0.53683 0.52694 -0.16115
v 0.34521 5.52655 -0.11703
v 0.36731 -1.20368 -0.13544
v 0.46201 0.45338 0.15348
v 0.49045 7.29117 0.00478
v 0.48233 0.40251 -0.18579
v 0.48914 7.17610 -0.04803
v 0.50717 0.32943 -0.17895
v 0.52370 -1.08740 0.24601
v 0.40506 0.39655 0.26607
v 0.47996 7.06946 -0.05920
v 0.65451 5.56448 -0.19677
v 0.46883 -0.29790 0.32593
v 0.45434 7.52898 -0.02365
v 0.46401 -0.42785 0.32795
v 0.43853 -0.52445 0.32305
v 0.46800 -0.40262 -0.14888
v 0.46147 -0.24318 -0.14877
v 0.38884 0.39419 0.53625
v 0.46381 7.52714 0.00120
v 0.46152 -0.95633 0.53816
v 0.45284 -0.21318 0.32523
v 0.44683 -0.18727 -0.14672
v 0.42712 7.79001 -0.01584
v 0.44219 7.68524 0.02375
v 0.44775 0.41079 0.17547
v 0.48706 0.64927 -0.21859
v 0.42588 -0.13917 0.32516
v 0.43420 -0.53384 -0.14763
v 0.38715 -1.04966 -0.24737
v 0.39249 -1.03129 0.27554
v 0.45113 -0.47754 -0.14899
v 0.42354 7.97750 0.01576
v 0.39917 7.76134 -0.02879
v 0.32818 7.81026 -0.02545
v 0.24175 -0.34361 0.50660
v 0.41251 0.82036 -0.25681
v 0.40981 -0.10050 -0.14835
v 0.41016 -0.58204 -0.14756
v 0.35289 0.83241 0.28396
v 0.48567 0.28944 0.30873
v 0.39568 -0.60845 0.32660
v 0.34001 -0.68629 -0.14899
v 0.48033 -1.24932 0.02233
v 0.39948 8.35592 0.02670
v 0.38444 -0.05702 0.32651
v 0.32896 5.52366 0.15086
v 0.42366 0.38147 -0.23060
v 0.37787 8.57282 0.02183
v 0.28367 0.06104 -0.15216
v 0.37521 -0.64168 -0.14869
v 0.26729 0.44456 -0.28770
v 0.35687 -1.14531 -0.20397
v 0.39137 8.40906 0.05441
v 0.27566 -0.75185 0.32560
v 0.38070 8.95460 0.07478
v 0.36625 8.30918 -0.00606
v 0.35329 9.19720 -0.01648
v 0.35925 9.23815 -0.00246
v 0.39113 -0.61172 -0.14950
v 0.35549 9.17689 0.05101
v 0.35591 8.95853 0.03735
v 0.18743 3.10514 0.22579
v 0.40911 0.44066 -0.21004
v 0.35110 9.31888 -0.07610
v 0.29874 0.45044 0.41974
v 0.33993 9.38663 -0.14739
v 0.36545 8.93760 0.10266
v 0.20200 6.77075 -0.02466
v 0.36104 0.52353 0.28163
v 0.35150 9.25614 0.00804
v 0.36000 -0.01390 -0.14811
v 0.29423 8.90249 0.03435
v 0.19416 6.18777 0.20334
v 0.33475 9.33565 -0.11695
v 0.28926 -1.04800 0.32454
v 0.25579 -0.46325 -0.28899
v 0.21504 8.07363 0.14110
v 0.33869 9.40889 -0.14305
v 0.30084 -0.72781 -0.14824
v 0.30164 -0.27096 -0.29524
v 0.33370 9.19172 -0.02652
v 0.32155 0.02935 0.32525
v 0.29495 9.07481 0.00666
v 0.26957 -0.27678 -0.15813
v 0.31025 -1.15470 -0.01048
v 0.27139 0.07304 0.33011
v 0.32597 9.38159 -0.07718
v 0.30968 9.41434 -0.15936
v 0.30500 -1.08479 -0.22885
v 0.26783 -1.07643 0.52850
v 0.27033 -0.38966 -0.15506
v 0.31806 9.41863 -0.12658
v 0.25116 0.51521 -0.20835
v 0.27980 0.07283 -0.14756
v 0.23564 -0.77850 -0.14712
v 0.26694 -0.35465 -0.17741
v 0.26004 -0.22723 -0.28799
v 0.38059 0.58828 -0.21094
v 0.27653 -0.33867 -0.28714
v 0.25325 -0.44068 -0.16039
v 0.24593 -0.76828 -0.14944
v 0.24335 -1.02250 0.60289
v 0.19885 -0.56426 -0.29240
v 0.27358 9.09623 0.12419
v 0.26030 0.48553 0.41535
v 0.22123 -0.51960 -0.27990
v 0.25650 -1.11510 -0.17113
v 0.08906 0.04268 0.44348
v 0.15813 9.39817 -0.12767
v 0.17331 0.47724 -0.28481
v 0.22061 -0.14933 -0.15843
v 0.24094 -0.17196 -0.28827
v 0.23645 -0.49552 -0.15592
v 0.30782 -1.05347 0.22821
v 0.12983 9.23983 -0.03358
v 0.22001 -1.11917 -0.10323
v 0.14900 5.19527 -0.07680
v 0.15942 0.56726 0.46418
v 0.23652 -0.18440 -0.26782
v 0.28275 0.44018 0.55503
v 0.13867 -0.15967 0.54491
v 0.30958 -1.04457 -0.29048
v 0.21093 -0.53024 -0.15748
v 0.24692 0.47823 -0.23740
v 0.27295 3.82534 0.16828
v 0.14459 -0.82429 0.32481
v 0.21636 0.07141 -0.14884
v 0.19688 -1.10599 -0.19293
v 0.23586 9.41948 -0.13828
v -0.22035 6.04438 0.07054
v 0.19248 -0.26915 0.54960
v 0.17994 -0.38991 0.55606
v 0.19095 -0.36322 0.60212
v 0.16038 -0.58400 -0.16073
v 0.30148 9.38572 -0.16354
v 0.18925 -0.56180 -0.15547
v 0.11899 -0.14170 0.59571
v 0.13224 0.51643 0.52011
v 0.08437 -0.84119 -0.14806
v 0.01237 -1.11826 -0.29167
v 0.17579 -0.23456 0.56618
v 0.15720 -0.07096 -0.28901
v -0.07206 -0.00872 -0.12387
v 0.15309 0.05302 -0.14837
v 0.14422 -0.06298 -0.15498
v 0.14440 -0.82399 -0.14860
v 0.17696 -0.21839 0.60102
v 0.16155 -0.42168 0.58963
v 0.21184 -1.09953 0.02768
v 0.09579 -1.12958 0.53104
v 0.18040 0.06242 0.38626
v 0.20216 -0.12195 -0.28327
v 0.12516 -0.47544 0.59198
v 0.06624 -0.53156 0.60264
v 0.14794 -0.46418 0.60235
v 0.07223 0.52771 -0.20609
v 0.11710 -0.62203 -0.15532
v 0.08805 1.81731 0.37493
v 0.12245 -0.49015 0.55789
v 0.00742 1.04514 0.48378
v 0.07773 9.41503 -0.08507
v 0.16668 9.28516 0.08354
v 0.05252 0.54233 0.53792
v 0.05857 -0.84877 0.31740
v 0.13621 9.38139 0.00236
v 0.05923 0.73642 -0.15005
v -0.54065 8.35476 0.13481
v 0.11697 -0.61751 -0.27892
v 0.05695 -1.11314 0.30870
v 0.12813 -0.05741 -0.16061
v 0.11003 -0.03633 -0.28995
v 0.06730 -0.64017 -0.16058
v 0.17242 9.42611 -0.08271
v 0.03132 -0.67524 -0.15090
v 0.07658 0.03527 -0.14520
v 0.04539 -0.77516 0.38499
v 0.08761 -0.03826 -0.24309
v 0.19975 -1.09536 -0.28281
v 0.10029 0.49075 -0.28979
v 0.06620 -0.10212 0.59104
v -0.17014 3.26055 0.41916
v 0.00616 9.14934 0.19937
v 0.07774 0.57127 -0.17067
v -0.00654 -1.14384 -0.26689
v 0.04915 -0.54104 0.55946
v 0.04025 -0.53687 0.59357
v 0.02385 -0.01941 -0.15962
v 0.02535 0.68188 0.50882
v -0.00110 0.51289 -0.27930
v 0.08500 -0.63732 -0.28843
v 0.01826 0.01763 -0.14374
v -0.03238 -0.55880 0.56644
v -0.49219 0.33378 0.60668
v 0.06092 -0.09455 0.54817
v 0.04012 -0.00689 -0.29103
v -0.69135 1.02812 0.17570
v -0.03584 9.40444 -0.05636
v 0.12944 0.44414 0.60524
v -0.02374 -0.56663 0.60344
v -0.14618 9.39226 0.03773
v -0.03673 -0.66191 -0.16049
v 0.00184 -0.06450 0.60196
v -0.03747 -0.00627 -0.14593
v -0.03217 -0.06223 0.56551
v 0.04522 -1.11936 0.05251
v -0.20477 0.50082 -0.28435
v -0.09405 0.52724 -0.18256
v -0.69995 4.33913 0.25047
v -0.06360 -0.66036 -0.28022
v -0.09608 7.29925 0.26712
v -0.06624 -0.67538 -0.29202
v -0.14797 -0.54822 0.60128
v -0.12474 -0.01041 -0.27843
v -0.03691 0.00271 -0.28769
v -0.21868 8.94806 0.08282
v -0.12150 0.55501 -0.12315
v -0.08074 -1.14168 0.53528
v -0.06679 -0.01769 0.53399
v -0.14449 -0.65171 -0.16129
v -0.22388 -0.08269 -0.18249
v -0.15121 9.35930 -0.03053
v 0.02256 -0.85457 -0.15213
v -0.20048 -0.83341 -0.14686
v -0.12665 -0.84885 0.32814
v -0.13105 -0.07262 0.59673
v -0.14218 -0.65242 -0.28541
v -0.13441 0.51936 0.58255
v -0.35062 9.14713 0.26144
v -0.14314 -0.06905 0.60488
v -0.16222 0.58282 -0.09309
v -0.10815 -0.02207 -0.16710
v -0.15939 -1.12424 -0.00154
v -0.14095 -0.55029 0.56099
v -0.17535 -0.01961 -0.29095
v -0.23790 -0.60496 -0.16098
v -0.21419 -1.12616 -0.27814
v -0.31909 -0.24270 0.60744
v -0.30005 0.65432 0.58443
v -0.24762 -0.81230 0.32581
v 0.12236 8.99045 0.19748
v -0.20404 -0.10979 0.60531
v -0.20633 9.36818 -0.00955
v -0.22422 -1.13769 0.46117
v -0.16924 9.38540 -0.01633
v -0.18293 -1.11962 0.26539
v -0.25023 -0.06845 -0.28706
v -0.12126 0.63516 0.56127
v -0.27104 -0.17604 0.60458
v -0.31931 -0.40828 0.60798
v -0.22527 -0.49218 0.58728
v -0.19060 -0.65862 -0.15094
v -0.20213 -0.11692 0.59771
v -0.09929 -1.08815 0.60445
v -0.19412 -0.64016 -0.28901
v -0.26222 -1.16199 0.39419
v -0.24907 -0.46793 0.57983
v -0.43848 0.43142 -0.07165
v -0.39130 4.11395 0.47891
v -0.22691 9.38987 0.02506
v -0.27295 -1.10228 -0.28496
v -0.28220 -0.20409 0.59972
v -0.28814 -0.41347 0.57845
v -0.27276 9.05214 0.08384
v -0.25913 -0.48173 0.60574
v -0.35744 -0.19080 -0.29280
v -0.47472 1.83962 0.62545
v -0.28293 -1.17476 0.32424
v -0.31672 -0.14082 -0.28229
v -0.23116 0.51200 -0.12277
v -0.24911 -0.60293 -0.28368
v -0.14663 9.28075 0.16518
v -0.30003 -0.15890 -0.20063
v -0.29119 -0.57076 -0.28993
v -0.28831 -0.21447 0.50837
v -0.30667 -1.12086 0.52865
v -0.53419 7.86097 0.35359
v -0.30245 -1.16121 0.24340
v -0.29694 -0.39953 0.59950
v -0.30834 -0.29842 0.60056
v -0.33166 -0.75208 0.33863
v -0.34173 -0.26164 -0.15211
v -0.31746 -0.77474 0.32593
v -0.36800 9.35832 0.09905
v -0.28639 -0.79567 -0.14825
v -0.28186 -0.56492 -0.17173
v -0.34518 -0.65935 0.39418
v -0.33497 -0.75555 -0.14840
v -0.40192 0.48748 -0.02045
v -0.36229 -1.11727 0.09996
v -0.34417 -0.50641 -0.29235
v -0.34482 -0.41353 0.53204
v -0.33965 -0.72673 0.34486
v -0.34147 9.35558 0.04754
v -0.31933 -0.52696 -0.28372
v -0.34385 -0.50959 -0.14762
v -0.35542 -0.46446 -0.28700
v -0.35306 -0.59404 0.41813
v -0.34646 -0.46834 -0.18040
v -0.34931 -0.55302 0.46618
v -0.49057 9.25540 0.21323
v -0.41981 -1.05465 -0.27130
v -0.34878 -0.46521 0.51371
v -0.30258 -1.10034 0.06082
v -0.36792 -0.26027 -0.27938
v -0.48086 -1.35207 0.41636
v -0.35377 -0.43184 -0.17383
v -0.36239 -1.16200 0.50769
v -0.37693 -0.40191 -0.29025
v -0.29729 0.47295 0.60060
v -0.36299 -1.08391 0.56174
v -0.35089 -1.07877 -0.28002
v -0.42734 9.33311 0.09267
v -0.37058 0.45231 -0.28387
v -0.44771 -1.10298 0.55563
v -0.42581 -1.03034 -0.29067
v -0.47233 -1.14626 0.07076
v -0.33543 8.96989 0.29568
v -0.48986 -1.05690 -0.06054
v -0.37619 9.31930 0.04890
v -0.64415 -0.87198 -0.29121
v -0.54233 0.71271 0.58443
v -0.61467 0.30921 -0.26987
v -0.46316 -0.98101 0.60547
v -0.50050 9.25113 0.11028
v -0.66533 6.28507 0.44613
v -0.20245 1.76460 -0.09683
v -0.52788 9.10134 0.27855
v -0.50097 -0.99878 -0.28603
v -0.47246 -1.03786 -0.12220
v -0.54509 0.74330 0.08746
v -0.50746 0.40009 -0.00294
v -0.60719 -1.46202 0.34176
v -0.47857 0.40215 -0.27386
v -0.65682 -1.45122 0.49806
v -0.66048 -0.97924 -0.17405
v -0.55436 0.33453 -0.29130
v -0.57265 0.41578 0.06695
v -0.56290 9.23476 0.14726
v -0.55152 0.37239 0.57063
v -0.60488 5.27838 0.19622
v -0.64914 -0.92312 -0.22959
v -0.53718 9.26585 0.16789
v -0.61935 0.23337 0.60326
v -0.60475 -1.21975 0.54026
v -0.53946 8.88646 0.31445
v -0.74071 -0.68511 0.60313
v -0.70046 0.65101 0.53803
v -0.58435 -0.97859 -0.19150
v -0.62252 9.17622 0.21367
v -0.54227 -0.99194 0.57640
v -0.60148 -0.92357 -0.28713
v -0.62179 0.31468 0.07618
v -0.78969 6.87156 0.21023
v -0.77030 4.43325 0.56942
v -0.60386 -1.46811 0.42219
v -0.64683 9.12863 0.23806
v -0.68946 8.96115 0.27962
v -0.64092 9.14972 0.18864
v -0.62838 0.27986 0.01760
v -0.64408 0.34623 0.52936
v -0.66956 0.28395 0.51844
v -1.69414 -2.38300 0.48159
v -0.69241 8.99279 0.19766
v -0.79996 -0.45566 -0.29841
v -0.71230 0.18522 0.16381
v -0.78492 -1.59576 0.32655
v -0.73406 0.18012 -0.14827
v -0.69487 0.26469 0.16498
v -0.83057 2.85263 0.31555
v -0.76652 0.03717 0.60057
v -0.74565 0.12049 0.14711
v -0.98711 3.50989 0.40155
v -0.73376 -0.81808 0.54241
v -0.72482 0.24297 0.21740
v -0.81954 1.15405 0.60511
v -0.71080 8.99856 0.25244
v -0.70944 -1.10573 -0.07430
v -0.86095 -1.64173 0.52712
v -0.73560 0.20661 0.43425
v -0.72546 8.94612 0.21198
v -0.94491 7.98852 0.24510
v -0.72035 -0.84288 -0.25759
v -0.74904 0.19494 0.36992
v -0.75504 0.15477 0.53436
v -0.77151 0.09626 -0.28867
v -0.71885 0.19568 -0.27958
v -0.76125 -1.34722 0.53205
v -0.76052 -0.93772 -0.21129
v -0.69972 -0.94252 0.54594
v -0.73116 0.32058 0.44681
v -0.78867 -0.85119 0.50446
v -0.79273 8.73641 0.25492
v -0.76947 -0.74417 -0.28235
v -0.80475 0.86710 0.53039
v -0.75386 0.12324 0.29041
v -0.80878 8.61276 0.21585
v -0.80436 -0.71260 0.49538
v -0.84780 -1.68165 0.49604
v -0.82698 2.56645 0.68353
v -0.83590 -0.07034 0.30202
v -0.82122 -0.11859 0.59912
v -0.82614 0.64458 0.32789
v -0.80644 0.06054 -0.26140
v -0.83799 -0.57862 0.54897
v -0.80578 8.35114 0.32137
v -0.86717 0.89942 0.47274
v -0.85047 -0.80359 -0.28218
v -0.82239 0.03616 0.52605
v -0.87129 -0.24499 -0.28858
v -0.83544 -0.41876 0.60246
v -0.80411 0.53150 0.39955
v -0.78146 8.76768 0.22301
v -0.83708 8.52641 0.27875
v -0.98215 -1.08707 0.47810
v -0.84392 0.73832 0.43676
v -0.84636 -1.19835 0.52267
v -0.86187 -0.36027 -0.30053
v -1.00266 3.96749 0.63115
v -0.68598 8.22978 0.34676
v -0.87398 -0.11338 -0.17234
v -0.84784 8.51025 0.23558
v -0.83301 -0.02321 -0.28042
v -0.85475 -0.55766 0.42656
v -0.86280 -0.16996 0.09461
v -0.81298 0.83503 0.25846
v -0.88206 -0.12779 -0.10080
v -0.88225 -0.44805 0.53542
v -0.87894 -0.13849 0.52831
v -0.88224 -0.56817 0.36440
v -0.90895 1.08742 0.37190
v -0.86791 -0.25729 0.24181
v -0.90841 -0.24364 0.06904
v -0.87586 1.37325 0.63659
v -0.87940 8.34036 0.28854
v -1.14905 -1.15321 -0.21779
v -0.88510 -0.16099 -0.23544
v -0.87937 -0.38794 0.29246
v -1.12077 -0.45546 -0.40942
v -0.89657 -0.31080 0.51977
v -0.90675 8.26535 0.27141
v -1.06397 -1.85295 0.56766
v -0.97221 1.45491 0.60511
v -1.01714 2.00628 0.44818
v -0.93918 8.04883 0.30988
v -0.92574 -0.16865 -0.19220
v -0.89372 0.93858 0.41223
v -0.91058 8.20685 0.24235
v -1.02197 7.58615 0.34319
v -0.94309 -1.79627 0.45098
v -0.97123 7.90290 0.31653
v -0.97284 -0.55564 0.27948
v -0.95809 8.01007 0.26039
v -0.97223 -1.53422 0.54987
v -0.90728 -0.27823 -0.28119
v -0.84910 1.75635 0.68297
v -1.01838 1.89454 0.68201
v -0.93797 -0.22525 -0.24581
v -0.96084 1.27982 0.50922
v -1.03729 1.67442 0.58518
v -0.94967 -0.18562 -0.09362
v -0.93482 -0.41602 0.21003
v -0.96714 1.31757 0.43807
v -0.99611 7.83011 0.28207
v -1.02351 7.68836 0.31338
v -1.00683 1.63846 0.45151
v -1.03546 7.06841 0.39967
v -1.12990 -1.96149 0.55017
v -1.18226 3.23146 0.67949
v -0.88662 -0.77162 0.43209
v -1.04648 1.80823 0.64301
v -1.00233 -0.20718 -0.19213
v -1.05071 7.52060 0.29332
v -1.02684 7.62071 0.27625
v -1.06809 7.39944 0.34557
v -1.08325 2.03913 0.66803
v -1.24332 -0.36558 -0.38575
v -1.07210 7.38059 0.29420
v -1.10859 7.18104 0.31720
v -1.23045 3.95824 0.63378
v -1.12483 2.23637 0.66155
v -1.10936 7.12550 0.36431
v -1.09936 -1.36808 0.52307
v -1.11834 2.11524 0.60648
v -1.16717 2.61229 0.58004
v -1.12170 -0.26097 -0.12545
v -1.17922 6.42231 0.43212
v -1.14308 6.87119 0.38421
v -1.11139 2.55111 0.70000
v -1.08912 -0.94955 0.40440
v -1.28117 4.57935 0.51376
v -1.12910 7.01511 0.32002
v -1.01236 -0.32690 0.06385
v -1.11258 2.14672 0.56469
v -1.14349 2.48072 0.68723
v -1.16995 6.72563 0.34686
v -1.16308 2.44871 0.64102
v -1.22903 5.88851 0.47370
v -1.13117 5.66086 0.51009
v -2.02426 -1.20331 -0.39334
v -1.20194 2.96073 0.57971
v -1.18096 2.78158 0.68381
v -1.19202 6.41903 0.35616
v -1.18693 6.55704 0.40288
v -1.11798 -0.56871 -0.40968
v -1.20519 2.81025 0.63987
v -1.25725 5.29920 0.51973
v -1.22895 -0.83450 -0.39174
v -1.26241 3.77032 0.63842
v -1.25049 3.29539 0.60798
v -1.21860 6.22733 0.43255
v -1.78853 -2.21684 0.66538
v -1.21882 6.32596 0.40508
v -1.22234 3.17786 0.66963
v -1.23501 6.01651 0.39872
v -1.21563 -0.34630 -0.03468
v -1.23834 5.93831 0.45599
v -1.24506 3.39111 0.65217
v -1.25536 5.65862 0.43068
v -1.16648 -0.29444 -0.29493
v -1.26072 3.55659 0.57745
v -1.27928 3.93526 0.56300
v -1.26817 5.32572 0.45971
v -1.24960 5.51894 0.50150
v -1.25880 5.64517 0.47664
v -1.24909 5.89405 0.44730
v -1.24632 5.10043 0.54366
v -1.27771 4.93767 0.53757
v -1.25697 4.82549 0.56464
v -1.28066 5.10125 0.48824
v -1.27474 4.49118 0.58375
v -1.27132 4.08475 0.61406
v -1.29163 4.25767 0.55926
v -1.28782 4.83762 0.53260
v -1.28718 4.55738 0.55445
v -1.33493 -2.15714 0.59327
v -1.19974 -0.27405 -0.21907
v -1.24553 -2.01442 0.61331
v -1.08279 -0.67676 0.28463
v -1.21532 -2.05026 0.51944
v -1.55703 -0.40294 -0.47380
v -2.36605 -0.57830 -0.57199
v -1.25507 -0.47132 -0.43534
v -1.50518 -2.31949 0.59985
v -1.45333 -2.21957 0.65120
v -1.45034 -2.14427 0.65401
v -1.53706 -0.34351 -0.30897
v -1.68760 -2.45168 0.67119
v -1.86032 -0.52907 -0.59580
v -1.83525 -2.26421 0.30696
v -1.77975 -0.41529 -0.50142
v -1.69063 -2.48183 0.62045
v -1.73129 -0.38524 -0.43821
v -1.70547 -2.43854 0.68532
v -1.69382 -2.45195 0.55444
v -1.95078 -2.60694 0.70409
v -2.07026 -0.55257 -0.63373
v -2.06921 -0.52897 -0.62538
v -1.99118 -2.73018 0.66175
v -1.99581 -1.84751 0.54806
v -1.94605 -2.68892 0.60652
v -2.07430 -0.47565 -0.53355
v -2.24404 -2.93120 0.61939
v -2.48544 -0.69998 -0.69370
v -2.91853 -1.18333 -0.16545
v -2.24892 -2.47497 0.66565
v -3.33518 -1.69189 -0.36454
v -2.15973 -2.81222 0.70011
v -2.35843 -0.63089 -0.67687
v -2.25708 -0.54156 -0.59106
v -2.34782 -2.96071 0.55887
v -2.28250 -0.56411 -0.63242
v -2.35084 -2.98525 0.67743
v -2.78373 -0.76445 -0.60306
v -2.41555 -3.00191 0.68570
v -2.43397 -3.07321 0.62485
v -3.27244 -1.84892 0.17863
v -2.55015 -0.65365 -0.64587
v -2.33168 -2.52186 0.28598
v -2.61278 -3.18689 0.57965
v -2.59696 -3.16072 0.65880
v -3.77533 -2.76733 0.43083
v -2.30019 -1.65608 0.39845
v -2.62881 -3.20897 0.60800
v -2.80381 -3.31764 0.62320
v -3.26132 -1.65335 0.06452
v -2.64958 -0.71715 -0.68255
v -2.79971 -3.28855 0.64606
v -2.89964 -3.38664 0.60380
v -2.81660 -0.83085 -0.70253
v -2.98610 -3.34906 0.49432
v -2.83128 -0.78155 -0.65919
v -3.50587 -1.28521 -0.37404
v -2.87482 -0.94070 -0.67482
v -3.01827 -0.88773 -0.66156
v -3.04780 -2.95508 0.28966
v -2.93620 -3.40732 0.55893
v -3.90838 -3.24966 0.52308
v -3.07282 -3.49755 0.55076
v -3.02565 -0.91187 -0.67967
v -2.99481 -3.42709 0.62191
v -3.06960 -3.48864 0.59770
v -3.34615 -2.31414 -0.03975
v -3.07116 -0.96421 -0.68210
v -3.19439 -3.54646 0.60522
v -3.56823 -1.19566 -0.53760
v -3.09440 -0.91542 -0.62440
v -3.29226 -3.63022 0.57014
v -3.41422 -1.09902 -0.59383
v -3.35153 -1.09072 -0.63499
v -3.33384 -3.64960 0.51511
v -3.24816 -1.02834 -0.65430
v -3.27388 -1.07813 -0.65440
v -3.47414 -3.71617 0.57690
v -3.78174 -2.34825 0.27837
v -3.61098 -3.81630 0.49371
v -3.58094 -1.22406 -0.58638
v -3.56374 -1.26457 -0.59120
v -3.59953 -1.63059 -0.08440
v -3.50283 -3.75917 0.54084
v -3.71328 -3.84838 0.46625
v -3.65036 -1.24956 -0.53092
v -3.73316 -3.22276 0.22766
v -3.74976 -1.32954 -0.54441
v -3.63923 -3.82266 0.55565
v -3.73742 -3.89677 0.51461
v -3.80825 -3.55384 0.57281
v -3.76480 -3.89254 0.54262
v -3.84241 -1.36875 -0.47921
v -3.80427 -1.38560 -0.53953
v -3.98805 -4.02561 0.45759
v -3.97034 -4.00634 0.52308
v -3.93300 -4.00544 0.49434
v -3.95963 -1.46401 -0.48787
v -3.98776 -1.47088 -0.45842
v -4.24605 -2.63716 -0.06359
v -4.18924 -1.60465 -0.38649
v -3.99081 -1.51689 -0.48772
v -4.16977 -1.63202 -0.43779
v -4.04003 -1.50497 -0.44036
v -4.08879 -1.54397 -0.44651
v -4.03596 -3.95959 0.54244
v -4.11665 -4.09716 0.50023
v -4.13966 -4.11279 0.45016
v -4.33974 -4.20162 0.49462
v -4.24135 -4.17529 0.45406
v -4.26001 -1.73734 -0.40752
v -4.31724 -4.19549 0.42554
v -4.39179 -4.25202 0.44247
v -4.79736 -2.31828 -0.01690
v -4.35619 -1.73063 -0.32380
v -4.32148 -1.71456 -0.38765
v -4.39370 -2.27186 -0.22059
v -4.42831 -1.78266 -0.34553
v -4.53868 -4.31755 0.41620
v -4.97032 -4.47502 0.35532
v -4.50933 -1.86598 -0.34459
v -4.83246 -3.96299 0.49841
v -4.57525 -1.88567 -0.28923
v -4.73311 -2.01188 -0.23145
v -4.65179 -4.37961 0.45272
v -4.62523 -4.22117 0.50680
v -4.89617 -2.14574 -0.19173
v -4.50999 -4.29600 0.47646
v -5.58607 -4.74845 0.31004
v -4.90084 -2.14988 -0.23710
v -4.78760 -4.44212 0.39662
v -4.75521 -4.41321 0.46570
v -4.86768 -2.67300 0.15295
v -4.72189 -2.01820 -0.28641
v -4.83111 -2.12684 -0.26664
v -4.89611 -4.50509 0.41842
v -4.96018 -3.48916 0.09152
v -5.03313 -4.54431 0.44663
v -4.97950 -2.27775 -0.23419
v -5.01538 -4.55735 0.38587
v -5.21034 -4.64068 0.36170
v -5.08227 -4.58663 0.42722
v -5.15866 -2.36021 -0.14744
v -5.02151 -2.24417 -0.20389
v -6.06706 -4.80537 0.42252
v -5.35362 -2.98064 -0.09090
v -5.23005 -4.66452 0.39303
v -5.09852 -2.33129 -0.20823
v -5.23376 -4.65397 0.42089
v -5.17908 -2.37692 -0.14936
v -5.62118 -2.92162 0.03883
v -5.34486 -2.52863 -0.15487
v -5.55490 -2.71706 -0.07024
v -5.38484 -2.60470 -0.16165
v -6.46651 -4.66841 0.38829
v -5.37208 -2.54185 -0.12052
v -5.35005 -4.72080 0.39130
v -5.44027 -4.75055 0.35002
v -5.58235 -4.81484 0.39488
v -5.58238 -4.81692 0.34559
v -5.67969 -2.88304 -0.11698
v -5.51716 -2.69082 -0.13327
v -5.62037 -2.77026 -0.06975
v -5.61086 -2.75349 -0.09876
v -5.73930 -4.88623 0.37644
v -5.75228 -4.88944 0.33113
v -5.69135 -2.84243 -0.10567
v -5.80315 -4.91524 0.33972
v -5.89399 -3.00687 -0.03936
v -5.93370 -4.96011 0.31489
v -5.71614 -4.82513 0.41049
v -5.83903 -2.96340 -0.07950
v -6.17182 -3.67607 -0.01355
v -5.84903 -4.92245 0.37773
v -6.57475 -5.00667 0.21383
v -5.57901 -3.29797 0.22572
v -6.05603 -5.00508 0.36628
v -6.05768 -5.01201 0.31639
v -6.13116 -3.20345 -0.02255
v -6.12488 -3.21389 -0.00362
v -6.08625 -3.20261 -0.06983
v -6.20279 -5.07168 0.32835
v -6.24459 -3.34512 0.03027
v -6.73498 -3.79415 0.09352
v -6.24361 -3.29278 -0.01429
v -6.88291 -3.82859 -0.01933
v -6.24750 -5.07929 0.29717
v -6.30316 -3.34707 -0.03019
v -6.58786 -5.16011 0.35176
v -6.30990 -5.09989 0.34618
v -6.47369 -3.47799 0.00518
v -6.37706 -3.43057 -0.04379
v -6.49190 -5.16520 0.33084
v -6.59168 -5.19995 0.32251
v -6.59359 -3.61784 -0.03286
v -7.34529 -4.27065 0.00340
v -6.54245 -3.53202 0.01318
v -6.44689 -5.15158 0.28375
v -6.53868 -5.18189 0.28426
v -6.71804 -5.24276 0.30675
v -6.60925 -3.58062 0.00145
v -6.75015 -5.24577 0.26177
v -6.68112 -3.64313 0.02485
v -6.73479 -3.67744 -0.00431
v -6.87003 -5.28529 0.25736
v -6.85826 -3.77048 0.00477
v -6.78757 -5.25962 0.31234
v -6.82744 -3.75035 0.02908
v -6.81733 -4.28605 0.25974
v -6.98436 -3.86956 0.04039
v -7.00512 -5.32401 0.29619
v -7.08153 -5.35381 0.26715
v -7.02533 -5.32240 0.23987
v -7.03797 -3.90129 0.03030
v -7.16013 -3.98468 0.02634
v -7.54113 -5.25002 0.32026
v -7.26094 -4.06641 0.00751
v -7.17684 -4.01235 0.05439
v -7.17012 -5.37740 0.26251
v -7.05571 -3.94591 -0.01125
v -7.23159 -4.03610 0.03919
v -7.26438 -5.39374 0.22828
v -7.34366 -4.11705 0.04823
v -7.53137 -5.39974 0.18091
v -7.39961 -4.19433 0.08065
v -7.41846 -4.16050 0.03608
v -7.32673 -5.41572 0.26762
v -7.76190 -4.96032 0.26523
v -7.35576 -5.38027 0.29799
v -7.56207 -4.25481 0.04777
v -7.69500 -4.36753 0.01228
v -7.51954 -5.45007 0.21555
v -7.68953 -5.44221 0.17162
v -7.47343 -4.22051 0.00761
v -7.56218 -5.45102 0.25049
v -7.63554 -4.30250 0.05567
v -7.64748 -5.45849 0.21996
v -7.62889 -4.30295 0.02821
v -7.66816 -5.17837 0.30211
v -7.61696 -5.42867 0.26136
v -7.71861 -5.44289 0.18532
v -7.74301 -5.41315 0.14813
v -7.78611 -5.25812 0.26600
v -7.79739 -5.05547 0.07389
v -7.75115 -4.37096 0.04844
v -7.77521 -4.39451 0.06680
v -7.87672 -4.71616 0.03055
v -7.84137 -5.37980 0.15495
v -7.84374 -4.43916 0.01967
v -7.82321 -4.41330 0.04946
v -8.02728 -4.96646 0.17760
v -7.81425 -5.38020 0.20875
v -7.88208 -4.44541 0.05876
v -7.81287 -5.37825 0.12525
v -7.92333 -5.29182 0.08664
v -7.95325 -5.23377 0.05852
v -7.97780 -4.50303 0.06642
v -8.00336 -4.53147 0.02077
v -8.12046 -5.00503 -0.00419
v -7.98289 -5.25878 0.09630
v -8.00977 -4.51482 0.05384
v -8.03162 -5.16494 0.03995
v -8.01742 -4.65543 0.12931
v -8.03005 -5.10976 0.15219
v -8.06054 -4.67890 0.00671
v -8.11669 -5.07917 0.03916
v -8.11263 -4.58203 0.06035
v -8.01012 -5.21764 0.11784
v -8.14057 -4.59799 0.01107
v -8.11395 -4.56953 0.04098
v -8.16882 -4.61785 0.05449
v -8.15693 -4.63784 -0.00777
v -8.26716 -4.74136 -0.05152
v -8.17451 -4.96582 -0.00123
v -8.20126 -4.89644 -0.02303
v -8.25210 -4.65291 0.00392
v -8.20199 -4.94559 0.02710
v -8.20442 -4.62470 0.01997
v -8.26401 -4.82027 -0.01542
v -8.26514 -4.81967 0.00690
v -8.28601 -4.70254 -0.04299
v -8.29191 -4.73844 -0.03189
v -8.28543 -4.68422 -0.01505
v -8.28971 -4.70135 -0.00389
vn -0.9998 0.0059 0.0197
vn -0.9997 -0.0237 0.0101
vn -0.9989 -0.0472 0.0009
vn -0.9978 0.0659 0.0096
vn -0.9973 -0.0731 -0.0043
vn -0.9973 -0.0204 -0.0700
vn -0.9970 -0.0693 -0.0332
vn -0.9965 -0.0542 -0.0630
vn -0.9964 0.0721 -0.0437
vn -0.9961 0.0878 0.0024
vn -0.9958 0.0388 0.0824
vn -0.9957 0.0528 0.0756
vn -0.9955 0.0322 0.0889
vn -0.9955 0.0946 0.0026
vn -0.9950 0.0879 -0.0465
vn -0.9950 0.0987 -0.0135
vn -0.9950 0.0992 -0.0084
vn -0.9949 0.0050 -0.1007
vn -0.9947 -0.1021 -0.0121
vn -0.9947 0.0228 -0.1003
vn -0.9943 0.0114 0.1057
vn -0.9942 -0.1031 0.0299
vn -0.9942 0.0346 -0.1021
vn -0.9942 0.0548 -0.0925
vn -0.9940 -0.0681 0.0850
vn -0.9939 -0.0374 0.1037
vn -0.9937 0.0346 -0.1070
vn -0.9931 0.0940 0.0705
vn -0.9929 0.0697 0.0959
vn -0.9929 0.1185 0.0066
vn -0.9928 -0.1196 0.0118
vn -0.9924 -0.1228 0.0036
vn -0.9924 -0.0078 0.1231
vn -0.9922 0.1237 -0.0147
vn -0.9915 0.0642 -0.1128
vn -0.9912 0.1326 -0.0013
vn -0.9908 0.0883 -0.1030
vn -0.9907 0.1301 0.0399
vn -0.9902 -0.0402 0.1336
vn -0.9896 -0.0715 -0.1252
vn -0.9896 0.0559 -0.1323
vn -0.9896 0.1303 -0.0608
vn -0.9873 -0.1438 0.0681
vn -0.9873 0.1543 0.0367
vn -0.9872 -0.0992 -0.1252
vn -0.9870 0.1154 -0.1119
vn -0.9867 -0.0714 -0.1457
vn -0.9862 -0.1654 0.0097
vn -0.9862 -0.0323 0.1625
vn -0.9848 -0.0590 0.1631
vn -0.9845 0.1627 0.0658
vn -0.9843 0.1601 -0.0747
vn -0.9842 0.1479 -0.0976
vn -0.9836 0.1399 0.1136
vn -0.9836 0.1786 -0.0240
vn -0.9828 0.1570 -0.0974
vn -0.9823 0.1445 0.1194
vn -0.9819 0.1580 0.1043
vn -0.9817 0.1413 0.1274
vn -0.9816 -0.1181 -0.1499
vn -0.9813 -0.0975 0.1662
vn -0.9813 0.0503 0.1859
vn -0.9812 0.1422 0.1306
vn -0.9800 0.1581 -0.1209
vn -0.9795 0.0757 -0.1869
vn -0.9793 -0.1993 -0.0351
vn -0.9790 -0.2039 -0.0011
vn -0.9788 -0.2006 0.0408
vn -0.9786 0.1809 -0.0981
vn -0.9786 0.1947 -0.0664
vn -0.9785 -0.1567 0.1342
vn -0.9779 0.1639 -0.1298
vn -0.9775 0.1253 0.1697
vn -0.9771 0.2126 -0.0004
vn -0.9759 -0.2170 -0.0247
vn -0.9754 0.2051 0.0814
vn -0.9753 -0.0523 0.2148
vn -0.9747 0.0861 0.2062
vn -0.9746 0.2011 -0.0982
vn -0.9731 0.0458 0.2258
vn -0.9730 0.2307 -0.0028
vn -0.9718 0.1711 0.1625
vn -0.9713 -0.2375 0.0116
vn -0.9713 0.2083 0.1145
vn -0.9712 -0.0012 0.2382
vn -0.9706 -0.0533 0.2347
vn -0.9705 0.2172 0.1049
vn -0.9704 0.2282 -0.0787
vn -0.9688 -0.1997 0.1468
vn -0.9684 0.2494 -0.0011
vn -0.9678 -0.0792 -0.2389
vn -0.9678 0.0316 0.2497
vn -0.9669 0.2548 0.0122
vn -0.9667 -0.2523 -0.0434
vn -0.9659 -0.2590 -0.0052
vn -0.9652 0.0964 0.2433
vn -0.9650 -0.0140 -0.2617
vn -0.9647 -0.2221 0.1412
vn -0.9642 0.0991 0.2460
vn -0.9625 0.1808 -0.2022
vn -0.9618 -0.1457 -0.2319
vn -0.9598 0.2468 0.1339
vn -0.9587 0.2199 -0.1802
vn -0.9580 -0.1409 -0.2496
vn -0.9580 0.2801 -0.0617
vn -0.9562 0.1903 0.2226
vn -0.9559 -0.2285 0.1844
vn -0.9556 0.1172 0.2703
vn -0.9546 0.0907 0.2838
vn -0.9538 0.2995 0.0259
vn -0.9523 -0.1061 -0.2860
vn -0.9523 0.1376 0.2726
vn -0.9510 0.2363 0.1994
vn -0.9499 0.2996 0.0890
vn -0.9496 -0.1659 0.2659
vn -0.9494 0.2677 -0.1642
vn -0.9489 -0.1026 -0.2985
vn -0.9476 0.2353 0.2162
vn -0.9473 0.3126 0.0695
vn -0.9452 -0.1598 -0.2847
vn -0.9450 0.3193 -0.0708
vn -0.9445 -0.3089 0.1117
vn -0.9438 0.3305 0.0005
vn -0.9429 0.3006 0.1434
vn -0.9426 -0.0165 -0.3337
vn -0.9414 0.2361 0.2409
vn -0.9404 -0.3290 -0.0857
vn -0.9402 0.3324 -0.0745
vn -0.9400 -0.3411 -0.0031
vn -0.9398 0.3325 -0.0793
vn -0.9393 0.0593 0.3378
vn -0.9385 0.2018 0.2800
vn -0.9369 0.3360 -0.0960
vn -0.9368 -0.3444 -0.0613
vn -0.9367 0.2174 0.2744
vn -0.9355 0.3501 -0.0467
vn -0.9354 0.3462 0.0726
vn -0.9353 -0.0738 0.3461
vn -0.9327 0.3505 0.0846
vn -0.9322 -0.2822 0.2266
vn -0.9310 0.3650 0.0013
vn -0.9247 0.1167 0.3624
vn -0.9232 0.0133 0.3841
vn -0.9217 0.2836 -0.2645
vn -0.9193 0.2157 0.3292
vn -0.9180 0.3662 -0.1522
vn -0.9175 -0.1225 0.3783
vn -0.9162 -0.1791 0.3585
vn -0.9156 -0.2109 0.3424
vn -0.9153 -0.0859 0.3934
vn -0.9124 0.3882 -0.1295
vn -0.9119 0.1509 -0.3817
vn -0.9113 0.4080 0.0548
vn -0.9110 0.4076 0.0634
vn -0.9108 -0.1265 -0.3930
vn -0.9102 0.4105 0.0553
vn -0.9081 -0.1050 -0.4054
vn -0.9051 -0.1502 0.3978
vn -0.9046 -0.4263 -0.0035
vn -0.9024 -0.2374 0.3595
vn -0.9022 0.4266 -0.0637
vn -0.9019 0.1581 0.4019
vn -0.9018 0.4313 0.0288
vn -0.9012 0.3461 -0.2611
vn -0.8985 0.4380 0.0304
vn -0.8976 0.0261 0.4401
vn -0.8972 -0.1469 0.4164
vn -0.8965 -0.0505 0.4402
vn -0.8959 -0.0903 0.4350
vn -0.8941 -0.4478 -0.0062
vn -0.8929 -0.4304 -0.1325
vn -0.8926 -0.0848 -0.4428
vn -0.8917 0.1918 -0.4100
vn -0.8912 0.0629 0.4493
vn -0.8890 -0.4303 0.1565
vn -0.8890 -0.0909 -0.4488
vn -0.8887 0.3097 -0.3381
vn -0.8883 -0.0923 -0.4499
vn -0.8874 0.2951 0.3541
vn -0.8840 0.1027 0.4562
vn -0.8839 0.4589 0.0902
vn -0.8832 0.4690 -0.0004
vn -0.8819 0.4706 -0.0274
vn -0.8791 0.0498 -0.4740
vn -0.8784 0.0401 0.4762
vn -0.8755 -0.4719 0.1036
vn -0.8747 0.2407 0.4206
vn -0.8737 0.4864 -0.0093
vn -0.8728 0.4592 0.1653
vn -0.8721 0.1291 -0.4721
vn -0.8707 -0.1231 0.4762
vn -0.8689 0.4921 -0.0539
vn -0.8687 0.2148 0.4463
vn -0.8686 0.1028 0.4848
vn -0.8682 0.0648 0.4921
vn -0.8676 0.4928 0.0666
vn -0.8656 -0.1113 0.4883
vn -0.8639 0.1667 -0.4752
vn -0.8611 0.2063 -0.4647
vn -0.8604 -0.1115 0.4973
vn -0.8591 0.5112 0.0232
vn -0.8567 0.0407 0.5142
vn -0.8526 -0.5192 -0.0591
vn -0.8518 -0.5226 -0.0367
vn -0.8503 0.1392 0.5076
vn -0.8502 -0.5264 -0.0040
vn -0.8476 0.4851 -0.2153
vn -0.8471 0.0449 -0.5296
vn -0.8470 -0.5286 0.0570
vn -0.8445 0.1246 0.5209
vn -0.8435 -0.2642 0.4677
vn -0.8427 -0.2658 0.4681
vn -0.8412 0.1674 -0.5141
vn -0.8396 -0.5408 0.0512
vn -0.8389 0.5437 -0.0233
vn -0.8372 0.1320 0.5307
vn -0.8348 -0.5283 -0.1548
vn -0.8334 -0.5507 0.0476
vn -0.8316 -0.0865 0.5486
vn -0.8296 0.5583 -0.0033
vn -0.8291 -0.2595 0.4952
vn -0.8267 0.1379 -0.5455
vn -0.8267 0.2004 0.5257
vn -0.8249 -0.5653 -0.0040
vn -0.8198 -0.4829 -0.3076
vn -0.8181 0.5750 -0.0085
vn -0.8135 -0.0506 -0.5793
vn -0.8119 -0.2590 0.5233
vn -0.8074 -0.3114 0.5012
vn -0.8067 0.0635 0.5876
vn -0.8035 0.3936 -0.4467
vn -0.8032 -0.3812 0.4578
vn -0.8027 -0.5223 0.2880
vn -0.8025 -0.1694 0.5721
vn -0.7998 -0.4204 -0.4284
vn -0.7992 0.2989 -0.5214
vn -0.7983 -0.6017 0.0244
vn -0.7973 0.6011 -0.0536
vn -0.7967 0.4107 -0.4434
vn -0.7940 0.6053 -0.0570
vn -0.7933 0.1457 -0.5911
vn -0.7927 0.1999 -0.5760
vn -0.7915 0.6093 0.0484
vn -0.7907 0.0994 0.6040
vn -0.7901 0.0777 0.6081
vn -0.7885 0.0814 0.6096
vn -0.7859 -0.0376 0.6173
vn -0.7844 0.1893 0.5907
vn -0.7842 0.1614 0.5992
vn -0.7837 0.4105 -0.4662
vn -0.7832 0.6069 -0.1352
vn -0.7825 0.1105 0.6128
vn -0.7801 -0.4699 0.4131
vn -0.7776 -0.5017 -0.3790
vn -0.7741 -0.5420 -0.3272
vn -0.7728 0.5483 -0.3196
vn -0.7692 -0.2904 0.5692
vn -0.7692 0.2970 0.5658
vn -0.7674 -0.0658 0.6377
vn -0.7631 0.6462 -0.0120
vn -0.7628 -0.3446 0.5472
vn -0.7615 -0.5655 -0.3169
vn -0.7579 0.3975 0.5172
vn -0.7569 -0.5275 -0.3859
vn -0.7553 -0.2167 0.6185
vn -0.7532 0.2437 0.6110
vn -0.7520 -0.2102 0.6248
vn -0.7513 -0.5843 -0.3068
vn -0.7509 -0.6231 -0.2190
vn -0.7501 -0.0153 0.6611
vn -0.7487 -0.5442 -0.3786
vn -0.7485 -0.4920 -0.4446
vn -0.7464 -0.6654 -0.0060
vn -0.7446 -0.1405 0.6525
vn -0.7423 -0.5905 -0.3167
vn -0.7415 -0.5767 -0.3430
vn -0.7374 -0.4347 0.5169
vn -0.7353 0.6449 0.2083
vn -0.7346 0.0486 -0.6767
vn -0.7344 -0.6339 -0.2426
vn -0.7336 -0.2844 0.6173
vn -0.7321 -0.6787 -0.0576
vn -0.7319 -0.5480 -0.4050
vn -0.7311 0.4914 0.4734
vn -0.7294 -0.6272 0.2731
vn -0.7292 -0.1466 0.6684
vn -0.7274 0.2811 0.6260
vn -0.7273 -0.2141 0.6521
vn -0.7272 -0.4439 -0.5236
vn -0.7200 0.6939 -0.0101
vn -0.7197 -0.4133 0.5578
vn -0.7193 -0.5937 0.3607
vn -0.7155 0.3628 0.5970
vn -0.7149 0.0160 -0.6990
vn -0.7134 -0.6930 -0.1041
vn -0.7124 0.5638 0.4180
vn -0.7123 0.6977 -0.0762
vn -0.7109 -0.1848 0.6785
vn -0.7103 -0.4116 -0.5710
vn -0.7089 -0.7029 0.0588
vn -0.7086 -0.7041 -0.0456
vn -0.7084 0.0717 0.7022
vn -0.7082 -0.5652 -0.4232
vn -0.7074 -0.7069 -0.0025
vn -0.7063 -0.7068 -0.0392
vn -0.7054 -0.7087 0.0153
vn -0.7049 -0.6952 -0.1410
vn -0.7007 -0.0728 -0.7098
vn -0.6993 0.5113 0.4995
vn -0.6983 0.4987 0.5135
vn -0.6977 0.1952 -0.6893
vn -0.6943 0.4790 0.5371
vn -0.6934 -0.4320 -0.5767
vn -0.6917 0.7047 -0.1582
vn -0.6912 -0.2123 0.6908
vn -0.6902 0.3748 0.6190
vn -0.6883 -0.7127 0.1349
vn -0.6880 0.6989 -0.1955
vn -0.6866 -0.7270 -0.0027
vn -0.6861 0.0979 -0.7209
vn -0.6851 -0.7241 -0.0794
vn -0.6846 0.1537 -0.7125
vn -0.6841 -0.0089 -0.7294
vn -0.6825 -0.2519 0.6861
vn -0.6803 -0.4943 -0.5412
vn -0.6783 -0.7316 0.0675
vn -0.6759 0.1090 0.7289
vn -0.6752 -0.6382 -0.3699
vn -0.6722 -0.4687 -0.5731
vn -0.6688 0.1841 0.7203
vn -0.6686 0.1210 0.7337
vn -0.6662 0.1269 0.7349
vn -0.6657 0.7275 -0.1662
vn -0.6651 -0.7446 -0.0567
vn -0.6647 0.5643 -0.4896
vn -0.6644 -0.6056 -0.4379
vn -0.6626 -0.7399 0.1164
vn -0.6621 0.7494 0.0028
vn -0.6598 -0.7480 0.0725
vn -0.6593 -0.3304 -0.6754
vn -0.6588 -0.6059 -0.4459
vn -0.6586 0.7368 -0.1533
vn -0.6584 0.7506 0.0560
vn -0.6582 0.7231 -0.2093
vn -0.6575 -0.7534 -0.0112
vn -0.6561 -0.4475 -0.6077
vn -0.6555 -0.1280 0.7443
vn -0.6555 0.2941 0.6956
vn -0.6555 0.6762 -0.3363
vn -0.6551 0.7555 -0.0079
vn -0.6550 0.7556 0.0071
vn -0.6546 0.7127 -0.2522
vn -0.6544 -0.5061 -0.5618
vn -0.6544 0.7561 -0.0088
vn -0.6543 0.7446 -0.1323
vn -0.6537 0.7514 0.0897
vn -0.6494 0.7582 -0.0585
vn -0.6490 0.7058 -0.2841
vn -0.6489 0.7578 -0.0678
vn -0.6476 0.0748 0.7583
vn -0.6476 0.7614 0.0290
vn -0.6466 -0.2503 0.7206
vn -0.6465 0.7628 0.0158
vn -0.6445 0.6830 -0.3437
vn -0.6435 -0.7654 0.0025
vn -0.6432 0.7657 0.0050
vn -0.6427 -0.5903 -0.4883
vn -0.6426 0.6632 -0.3837
vn -0.6403 -0.0351 -0.7673
vn -0.6401 -0.5301 -0.5560
vn -0.6398 0.7656 -0.0669
vn -0.6393 0.0001 -0.7690
vn -0.6392 -0.1255 0.7587
vn -0.6383 0.2120 0.7400
vn -0.6379 -0.7513 0.1689
vn -0.6370 0.7294 -0.2494
vn -0.6368 0.4855 0.5989
vn -0.6334 0.7335 -0.2467
vn -0.6331 0.6931 -0.3447
vn -0.6330 0.7328 0.2496
vn -0.6308 -0.3409 0.6970
vn -0.6305 0.7108 -0.3117
vn -0.6300 0.6398 -0.4403
vn -0.6288 -0.0272 -0.7771
vn -0.6284 -0.0332 -0.7772
vn -0.6277 0.0580 0.7763
vn -0.6272 -0.3033 0.7174
vn -0.6255 -0.1350 -0.7685
vn -0.6249 0.7234 -0.2936
vn -0.6242 0.7547 -0.2021
vn -0.6235 0.6420 -0.4462
vn -0.6233 0.7289 -0.2833
vn -0.6226 0.7041 -0.3414
vn -0.6225 -0.2671 0.7356
vn -0.6224 0.7529 -0.2140
vn -0.6221 0.7740 -0.1183
vn -0.6216 -0.1719 -0.7642
vn -0.6205 0.0247 0.7838
vn -0.6205 0.7793 0.0879
vn -0.6192 0.7487 -0.2367
vn -0.6183 -0.4292 -0.6584
vn -0.6176 0.7406 0.2646
vn -0.6174 0.4620 0.6367
vn -0.6160 -0.6433 -0.4545
vn -0.6159 -0.2870 -0.7337
vn -0.6152 0.7449 -0.2581
vn -0.6149 0.7187 0.3247
vn -0.6147 0.1088 -0.7812
vn -0.6141 -0.0304 -0.7887
vn -0.6117 0.7670 -0.1935
vn -0.6114 -0.7311 0.3029
vn -0.6110 -0.0934 0.7861
vn -0.6109 -0.7471 -0.2621
vn -0.6101 0.7356 -0.2944
vn -0.6100 0.7900 0.0624
vn -0.6098 0.7907 -0.0532
vn -0.6095 -0.5035 -0.6124
vn -0.6092 0.6945 -0.3829
vn -0.6084 -0.7787 -0.1534
vn -0.6080 -0.4442 -0.6581
vn -0.6076 0.0951 -0.7885
vn -0.6076 0.6794 -0.4113
vn -0.6065 0.6842 -0.4050
vn -0.6056 -0.2244 0.7634
vn -0.6048 0.7670 -0.2143
vn -0.6045 -0.3543 -0.7135
vn -0.6035 -0.1874 -0.7751
vn -0.6032 0.7838 -0.1475
vn -0.6031 0.5787 -0.5489
vn -0.6027 -0.0481 -0.7965
vn -0.6006 -0.4924 -0.6299
vn -0.6006 0.7535 -0.2673
vn -0.5993 -0.6781 -0.4254
vn -0.5978 0.7984 -0.0721
vn -0.5977 -0.4083 -0.6900
vn -0.5976 0.7303 -0.3309
vn -0.5965 -0.6149 -0.5158
vn -0.5947 -0.0517 -0.8023
vn -0.5946 -0.7993 -0.0869
vn -0.5945 0.7845 0.1765
vn -0.5939 -0.7808 -0.1940
vn -0.5938 -0.4385 -0.6746
vn -0.5934 -0.2536 -0.7639
vn -0.5921 0.8056 0.0219
vn -0.5919 -0.6665 -0.4532
vn -0.5916 0.7988 0.1092
vn -0.5916 0.8028 0.0750
vn -0.5913 0.7787 -0.2098
vn -0.5910 0.4745 -0.6523
vn -0.5909 0.5978 -0.5417
vn -0.5889 0.5727 -0.5703
vn -0.5886 0.7957 -0.1432
vn -0.5881 0.6912 -0.4199
vn -0.5872 0.6185 -0.5222
vn -0.5869 -0.5863 0.5584
vn -0.5860 0.8101 0.0177
vn -0.5854 0.7829 -0.2107
vn -0.5833 0.1624 -0.7959
vn -0.5833 0.7177 0.3803
vn -0.5804 -0.3851 -0.7175
vn -0.5802 0.7903 -0.1970
vn -0.5801 0.7025 -0.4122
vn -0.5800 0.5700 -0.5820
vn -0.5786 0.7985 0.1660
vn -0.5782 0.7423 -0.3386
vn -0.5778 -0.8140 -0.0593
vn -0.5777 -0.0479 -0.8148
vn -0.5775 -0.3881 -0.7182
vn -0.5773 -0.8100 0.1033
vn -0.5753 0.5502 -0.6051
vn -0.5736 0.8044 0.1545
vn -0.5731 -0.1971 -0.7954
vn -0.5730 -0.8167 0.0689
vn -0.5727 0.1415 -0.8074
vn -0.5726 0.5946 0.5644
vn -0.5726 0.7225 0.3876
vn -0.5721 -0.7252 -0.3833
vn -0.5719 -0.7640 0.2988
vn -0.5718 0.0931 -0.8151
vn -0.5716 -0.7033 -0.4227
vn -0.5711 -0.5383 -0.6197
vn -0.5702 0.8056 -0.1609
vn -0.5694 -0.3375 -0.7496
vn -0.5693 0.2455 0.7846
vn -0.5680 0.7379 -0.3646
vn -0.5676 -0.0621 -0.8209
vn -0.5663 0.6282 -0.5336
vn -0.5661 -0.7085 -0.4214
vn -0.5646 -0.5457 -0.6192
vn -0.5626 -0.2590 0.7851
vn -0.5624 0.5379 -0.6280
vn -0.5621 0.6531 -0.5074
vn -0.5613 0.1395 0.8158
vn -0.5608 0.1316 -0.8174
vn -0.5591 0.7859 0.2642
vn -0.5572 0.4415 0.7033
vn -0.5541 -0.2429 0.7962
vn -0.5540 0.7741 -0.3064
vn -0.5530 -0.6471 -0.5248
vn -0.5518 0.7337 -0.3966
vn -0.5511 0.7959 -0.2506
vn -0.5503 0.6701 -0.4981
vn -0.5500 0.1551 -0.8206
vn -0.5498 -0.8227 -0.1442
vn -0.5492 0.0841 0.8314
vn -0.5487 0.7212 0.4229
vn -0.5484 -0.7515 0.3669
vn -0.5484 0.7089 -0.4435
vn -0.5478 -0.7086 0.4447
vn -0.5475 -0.3220 -0.7724
vn -0.5474 -0.0905 0.8320
vn -0.5463 0.7127 -0.4400
vn -0.5445 0.4689 -0.6955
vn -0.5433 -0.7206 -0.4308
vn -0.5432 0.3558 -0.7605
vn -0.5421 0.2049 -0.8149
vn -0.5418 0.8367 -0.0799
vn -0.5401 -0.0548 -0.8398
vn -0.5401 0.6935 -0.4767
vn -0.5397 0.3312 -0.7740
vn -0.5392 0.6789 -0.4984
vn -0.5386 -0.7305 -0.4199
vn -0.5381 0.6650 0.5180
vn -0.5379 0.8412 0.0560
vn -0.5369 0.5292 -0.6570
vn -0.5367 0.8435 -0.0203
vn -0.5366 0.0690 0.8410
vn -0.5358 -0.7970 0.2787
vn -0.5338 0.0648 0.8431
vn -0.5330 0.0144 -0.8460
vn -0.5321 0.8430 -0.0797
vn -0.5316 -0.6720 -0.5156
vn -0.5306 0.4794 -0.6990
vn -0.5297 0.8400 -0.1175
vn -0.5293 -0.7031 -0.4749
vn -0.5282 0.5751 -0.6247
vn -0.5281 -0.4450 0.7232
vn -0.5281 0.3116 -0.7899
vn -0.5273 0.5778 -0.6230
vn -0.5260 -0.2353 -0.8173
vn -0.5253 0.7889 -0.3189
vn -0.5252 0.3163 -0.7901
vn -0.5249 0.8508 0.0248
vn -0.5247 0.8242 -0.2131
vn -0.5246 -0.8416 0.1286
vn -0.5243 -0.4189 0.7414
vn -0.5241 0.6859 -0.5048
vn -0.5240 -0.1264 0.8423
vn -0.5234 -0.7783 -0.3467
vn -0.5228 -0.7463 -0.4119
vn -0.5225 0.7573 0.3918
vn -0.5218 0.6986 -0.4895
vn -0.5215 -0.3135 0.7936
vn -0.5214 0.6833 -0.5111
vn -0.5211 -0.7552 0.3976
vn -0.5194 -0.8328 -0.1914
vn -0.5193 -0.3680 -0.7713
vn -0.5182 -0.8200 0.2429
vn -0.5176 -0.8549 0.0347
vn -0.5170 -0.8035 0.2952
vn -0.5170 0.7388 -0.4323
vn -0.5162 -0.7470 -0.4189
vn -0.5159 0.7441 -0.4245
vn -0.5153 0.5127 -0.6867
vn -0.5131 0.4195 0.7488
vn -0.5121 -0.8211 -0.2522
vn -0.5121 0.1293 0.8492
vn -0.5111 -0.8595 0.0111
vn -0.5098 0.8583 -0.0582
vn -0.5092 0.7952 0.3292
vn -0.5088 -0.6055 -0.6120
vn -0.5085 0.6713 -0.5393
vn -0.5074 0.8547 -0.1094
vn -0.5071 0.7016 -0.5005
vn -0.5065 0.8240 0.2541
vn -0.5059 0.8626 -0.0017
vn -0.5052 0.8489 0.1551
vn -0.5047 -0.7219 0.4734
vn -0.5047 0.3978 0.7662
vn -0.5045 -0.2339 0.8311
vn -0.5044 0.5327 -0.6796
vn -0.5040 0.7669 -0.3973
vn -0.5032 -0.5625 -0.6561
vn -0.5032 0.1652 0.8482
vn -0.5018 0.1248 0.8560
vn -0.5016 -0.8126 0.2969
vn -0.5015 0.7301 0.4642
vn -0.5013 0.8608 -0.0885
vn -0.5007 0.0198 -0.8654
vn -0.5001 -0.8561 -0.1302
vn -0.5001 0.5876 -0.6361
vn -0.4997 0.7467 0.4391
vn -0.4992 -0.7283 -0.4696
vn -0.4969 -0.4095 -0.7651
vn -0.4966 -0.4043 -0.7681
vn -0.4963 0.7816 -0.3778
vn -0.4958 -0.7653 -0.4104
vn -0.4953 0.0402 -0.8678
vn -0.4948 -0.8671 0.0571
vn -0.4938 -0.4249 -0.7587
vn -0.4929 0.0294 -0.8696
vn -0.4922 0.7046 -0.5112
vn -0.4907 0.0732 0.8683
vn -0.4906 -0.5667 -0.6620
vn -0.4899 0.8557 0.1669
vn -0.4892 0.8411 -0.2308
vn -0.4882 0.7182 -0.4958
vn -0.4881 0.4771 -0.7309
vn -0.4880 0.7038 -0.5163
vn -0.4871 0.5514 0.6773
vn -0.4869 0.8147 -0.3148
vn -0.4868 -0.7135 0.5040
vn -0.4843 0.3924 -0.7820
vn -0.4841 -0.8038 -0.3457
vn -0.4828 0.6320 0.6062
vn -0.4823 0.7983 -0.3606
vn -0.4821 -0.3403 0.8073
vn -0.4821 -0.1315 -0.8662
vn -0.4811 -0.5126 -0.7112
vn -0.4800 -0.8675 0.1308
vn -0.4791 0.7659 -0.4287
vn -0.4786 0.4478 -0.7553
vn -0.4780 -0.8784 -0.0007
vn -0.4776 0.6915 -0.5420
vn -0.4775 0.7377 -0.4772
vn -0.4774 0.5740 -0.6653
vn -0.4763 -0.7059 -0.5242
vn -0.4757 -0.7809 -0.4049
vn -0.4757 0.1601 0.8649
vn -0.4734 -0.8374 -0.2733
vn -0.4733 0.7297 0.4935
vn -0.4731 0.5795 -0.6636
vn -0.4725 0.7493 -0.4640
vn -0.4710 0.0768 0.8788
vn -0.4709 0.2907 0.8329
vn -0.4705 -0.0279 -0.8819
vn -0.4704 0.5054 0.7234
vn -0.4703 0.8479 -0.2447
vn -0.4694 0.0560 -0.8812
vn -0.4692 -0.8142 -0.3420
vn -0.4692 -0.7456 0.4733
vn -0.4691 -0.6859 -0.5564
vn -0.4681 -0.8789 0.0920
vn -0.4677 -0.6086 -0.6410
vn -0.4669 0.8809 -0.0778
vn -0.4668 0.6144 0.6360
vn -0.4652 0.8553 -0.2281
vn -0.4649 -0.7837 -0.4120
vn -0.4644 -0.7081 0.5319
vn -0.4640 -0.8655 0.1888
vn -0.4640 0.8706 0.1637
vn -0.4635 -0.8285 -0.3144
vn -0.4630 0.1447 0.8744
vn -0.4629 -0.8596 0.2163
vn -0.4602 0.4543 -0.7628
vn -0.4602 0.6657 -0.5873
vn -0.4600 0.1806 0.8694
vn -0.4590 0.8298 -0.3175
vn -0.4579 0.4730 0.7528
vn -0.4579 0.6234 -0.6339
vn -0.4578 -0.7791 -0.4283
vn -0.4571 0.7765 0.4338
vn -0.4561 -0.8333 0.3124
vn -0.4560 -0.7720 -0.4427
vn -0.4549 0.1655 0.8750
vn -0.4547 -0.8906 -0.0080
vn -0.4546 -0.8907 -0.0069
vn -0.4544 -0.4516 -0.7678
vn -0.4542 0.7604 0.4643
vn -0.4537 0.2764 -0.8472
vn -0.4532 -0.8431 -0.2894
vn -0.4524 0.7698 0.4504
vn -0.4520 0.7593 -0.4682
vn -0.4514 -0.0714 -0.8895
vn -0.4513 -0.1592 0.8780
vn -0.4510 -0.8198 0.3528
vn -0.4504 0.1516 0.8799
vn -0.4497 0.5381 -0.7129
vn -0.4494 -0.8905 0.0708
vn -0.4493 -0.8771 -0.1696
vn -0.4489 -0.6910 0.5666
vn -0.4479 0.6767 -0.5843
vn -0.4474 0.3673 -0.8155
vn -0.4472 -0.8944 -0.0035
vn -0.4468 -0.8946 0.0093
vn -0.4464 -0.8561 -0.2605
vn -0.4458 0.8304 0.3341
vn -0.4455 0.3122 -0.8390
vn -0.4452 -0.6988 0.5599
vn -0.4451 0.3903 -0.8060
vn -0.4445 0.3674 -0.8170
vn -0.4442 0.8582 0.2573
vn -0.4440 -0.3155 -0.8386
vn -0.4439 -0.3919 -0.8058
vn -0.4436 0.7409 -0.5042
vn -0.4434 0.6953 0.5656
vn -0.4427 0.3755 -0.8142
vn -0.4423 -0.8869 0.1334
vn -0.4423 -0.5077 -0.7393
vn -0.4419 -0.0427 -0.8960
vn -0.4413 -0.8445 0.3033
vn -0.4409 -0.6769 -0.5895
vn -0.4407 -0.6298 0.6396
vn -0.4405 -0.5145 -0.7357
vn -0.4403 -0.8795 -0.1807
vn -0.4402 0.7912 -0.4246
vn -0.4400 -0.3596 -0.8229
vn -0.4399 -0.0432 -0.8970
vn -0.4398 -0.6729 -0.5949
vn -0.4392 -0.7977 -0.4133
vn -0.4391 0.0978 -0.8931
vn -0.4380 -0.8714 -0.2207
vn -0.4374 -0.6993 0.5654
vn -0.4374 -0.2036 0.8759
vn -0.4368 -0.8858 -0.1570
vn -0.4357 -0.8672 -0.2410
vn -0.4353 0.6306 0.6425
vn -0.4345 -0.8818 0.1834
vn -0.4344 0.2952 -0.8510
vn -0.4343 0.7575 -0.4875
vn -0.4341 -0.8258 0.3600
vn -0.4328 0.3470 -0.8320
vn -0.4321 -0.8415 0.3242
vn -0.4317 -0.0588 -0.9001
vn -0.4317 0.5737 -0.6960
vn -0.4316 0.1324 0.8923
vn -0.4313 0.8975 -0.0923
vn -0.4311 0.6785 0.5948
vn -0.4304 0.8984 0.0870
vn -0.4300 -0.7665 0.4770
vn -0.4295 -0.0368 -0.9023
vn -0.4293 -0.6348 0.6425
vn -0.4293 0.0316 -0.9026
vn -0.4289 -0.6831 0.5911
vn -0.4269 -0.9013 -0.0735
vn -0.4268 0.6098 0.6678
vn -0.4267 -0.8798 -0.2093
vn -0.4264 -0.0470 -0.9033
vn -0.4263 -0.8514 -0.3056
vn -0.4263 0.8043 -0.4139
vn -0.4259 -0.7235 0.5433
vn -0.4259 -0.7038 -0.5686
vn -0.4257 0.1244 0.8963
vn -0.4256 0.1240 -0.8964
vn -0.4254 0.1797 -0.8870
vn -0.4251 -0.8968 -0.1227
vn -0.4249 0.0430 0.9042
vn -0.4221 -0.6513 0.6306
vn -0.4220 0.9038 -0.0718
vn -0.4213 0.2849 -0.8610
vn -0.4211 0.6577 0.6245
vn -0.4208 0.1483 0.8949
vn -0.4197 0.5930 0.6872
vn -0.4190 -0.0208 -0.9077
vn -0.4183 -0.8935 -0.1632
vn -0.4180 -0.5943 -0.6871
vn -0.4172 -0.7492 -0.5145
vn -0.4167 -0.5350 -0.7349
vn -0.4153 0.9086 0.0445
vn -0.4145 0.6593 -0.6273
vn -0.4140 -0.7781 -0.4724
vn -0.4124 0.8319 -0.3712
vn -0.4122 0.3776 0.8291
vn -0.4121 -0.6003 0.6855
vn -0.4113 0.7166 0.5633
vn -0.4111 -0.7824 -0.4679
vn -0.4088 -0.6935 0.5932
vn -0.4081 -0.0674 -0.9105
vn -0.4079 -0.8789 0.2473
vn -0.4079 -0.8065 -0.4279
vn -0.4079 0.1279 -0.9040
vn -0.4078 -0.8815 -0.2381
vn -0.4076 -0.8745 0.2630
vn -0.4070 -0.9085 0.0948
vn -0.4070 -0.8400 -0.3587
vn -0.4052 0.6260 -0.6663
vn -0.4048 -0.7476 -0.5265
vn -0.4047 -0.0035 -0.9145
vn -0.4042 0.2897 -0.8676
vn -0.4041 0.4782 -0.7798
vn -0.4038 -0.6923 0.5980
vn -0.4034 -0.9144 -0.0337
vn -0.4032 -0.8429 -0.3564
vn -0.4026 -0.9152 -0.0174
vn -0.4026 0.1290 -0.9062
vn -0.4021 -0.6587 0.6360
vn -0.4020 -0.5218 -0.7524
vn -0.4018 0.5488 0.7331
vn -0.4016 0.8338 -0.3788
vn -0.4012 0.7891 0.4651
vn -0.4007 0.3552 -0.8446
vn -0.4004 -0.0080 -0.9163
vn -0.3996 0.1267 0.9079
vn -0.3995 0.6029 -0.6906
vn -0.3993 0.1418 0.9058
vn -0.3990 0.1299 -0.9077
vn -0.3986 -0.6979 -0.5950
vn -0.3985 0.7898 -0.4663
vn -0.3982 -0.9082 -0.1290
vn -0.3977 -0.9081 0.1310
vn -0.3977 0.5616 0.7256
vn -0.3973 0.4601 -0.7940
vn -0.3966 -0.2994 -0.8678
vn -0.3963 -0.8856 -0.2422
vn -0.3953 0.2491 -0.8842
vn -0.3950 -0.2923 -0.8709
vn -0.3931 -0.7899 -0.4706
vn -0.3931 0.5562 0.7322
vn -0.3925 0.6815 0.6177
vn -0.3920 -0.6770 0.6229
vn -0.3916 0.5377 0.7467
vn -0.3903 -0.8094 -0.4387
vn -0.3898 -0.0459 -0.9198
vn -0.3896 -0.7737 -0.4997
vn -0.3890 0.1975 -0.8998
vn -0.3882 -0.9022 -0.1880
vn -0.3880 -0.9213 -0.0255
vn -0.3880 -0.7630 -0.5170
vn -0.3876 -0.9167 -0.0974
vn -0.3870 -0.8963 -0.2168
vn -0.3864 -0.9183 -0.0859
vn -0.3860 0.5867 0.7119
vn -0.3856 -0.8067 -0.4478
vn -0.3854 0.7769 0.4979
vn -0.3853 -0.9226 -0.0157
vn -0.3852 0.3363 -0.8594
vn -0.3852 0.7452 0.5444
vn -0.3851 0.7211 0.5759
vn -0.3850 0.6451 0.6600
vn -0.3846 0.9207 -0.0657
vn -0.3845 0.6557 -0.6497
vn -0.3844 -0.8489 -0.3627
vn -0.3836 -0.2357 -0.8929
vn -0.3834 -0.8776 -0.2877
vn -0.3833 -0.6475 0.6587
vn -0.3832 -0.9158 -0.1199
vn -0.3831 0.2789 -0.8806
vn -0.3830 -0.8785 -0.2857
vn -0.3829 0.0734 0.9209
vn -0.3828 0.9238 0.0008
vn -0.3824 0.7742 0.5044
vn -0.3813 0.5719 0.7263
vn -0.3810 0.6731 -0.6339
vn -0.3809 0.8331 0.4011
vn -0.3808 0.1130 -0.9177
vn -0.3804 -0.9137 -0.1430
vn -0.3804 -0.9067 -0.1823
vn -0.3804 0.8204 0.4268
vn -0.3798 -0.3807 -0.8431
vn -0.3790 0.2761 -0.8833
vn -0.3790 0.5461 -0.7471
vn -0.3782 0.6668 0.6422
vn -0.3772 -0.9204 -0.1032
vn -0.3769 -0.8451 -0.3792
vn -0.3766 -0.4581 -0.8052
vn -0.3758 -0.9000 -0.2208
vn -0.3754 0.1242 0.9185
vn -0.3753 -0.9142 0.1527
vn -0.3753 0.8053 0.4590
vn -0.3743 0.2202 -0.9008
vn -0.3741 -0.5661 -0.7346
vn -0.3736 0.9276 -0.0018
vn -0.3735 -0.0754 0.9246
vn -0.3732 -0.3627 -0.8539
vn -0.3723 -0.9115 -0.1750
vn -0.3716 0.5273 0.7641
vn -0.3712 0.8104 -0.4532
vn -0.3711 0.4578 -0.8079
vn -0.3709 -0.7109 0.5975
vn -0.3709 0.2902 -0.8822
vn -0.3704 -0.6950 0.6162
vn -0.3702 0.1535 0.9162
vn -0.3695 -0.4481 -0.8140
vn -0.3693 0.4428 -0.8170
vn -0.3684 0.1622 -0.9154
vn -0.3684 0.6039 -0.7068
vn -0.3677 -0.9112 -0.1859
vn -0.3675 0.9297 0.0238
vn -0.3673 0.0498 -0.9288
vn -0.3671 0.0055 -0.9302
vn -0.3667 -0.9093 -0.1967
vn -0.3667 -0.5735 0.7326
vn -0.3664 -0.9014 -0.2308
vn -0.3663 -0.9105 -0.1919
vn -0.3658 -0.3981 -0.8413
vn -0.3649 -0.8928 -0.2640
vn -0.3645 0.9229 0.1240
vn -0.3643 -0.9294 -0.0598
vn -0.3643 0.7991 -0.4783
vn -0.3639 -0.9116 -0.1913
vn -0.3637 0.7806 -0.5083
vn -0.3633 -0.0354 -0.9310
vn -0.3630 -0.9310 -0.0393
vn -0.3629 0.5752 0.7331
vn -0.3621 -0.7596 -0.5403
vn -0.3617 -0.5585 0.7465
vn -0.3617 0.5608 0.7448
vn -0.3615 0.2591 -0.8956
vn -0.3608 0.7502 0.5541
vn -0.3607 0.4974 -0.7890
vn -0.3605 -0.1639 0.9182
vn -0.3602 -0.3916 -0.8467
vn -0.3597 -0.8792 -0.3124
vn -0.3596 0.7507 0.5542
vn -0.3592 0.5130 0.7796
vn -0.3590 -0.8766 -0.3203
vn -0.3589 0.6459 0.6738
vn -0.3587 -0.9164 -0.1776
vn -0.3584 -0.7287 -0.5836
vn -0.3579 0.5502 0.7544
vn -0.3578 -0.8149 -0.4560
vn -0.3577 0.1303 -0.9247
vn -0.3574 -0.5401 0.7619
vn -0.3573 0.9323 -0.0565
vn -0.3570 0.7350 -0.5765
vn -0.3569 0.5531 0.7528
vn -0.3556 0.5479 0.7572
vn -0.3553 0.9334 -0.0504
vn -0.3551 -0.6377 0.6835
vn -0.3551 -0.5309 0.7694
vn -0.3545 -0.9045 -0.2373
vn -0.3543 -0.2181 -0.9094
vn -0.3533 0.2246 -0.9081
vn -0.3530 0.1180 0.9282
vn -0.3530 0.1514 -0.9233
vn -0.3529 0.7587 -0.5475
vn -0.3517 -0.6482 0.6754
vn -0.3514 0.6862 -0.6368
vn -0.3506 0.8704 0.3457
vn -0.3505 0.1753 -0.9200
vn -0.3502 -0.2124 0.9123
vn -0.3501 -0.9256 -0.1441
vn -0.3501 0.5701 0.7432
vn -0.3499 -0.9047 -0.2433
vn -0.3496 -0.5294 -0.7730
vn -0.3494 0.1391 -0.9266
vn -0.3493 -0.9065 -0.2371
vn -0.3492 -0.7781 -0.5221
vn -0.3491 0.3907 -0.8518
vn -0.3486 -0.8766 -0.3317
vn -0.3485 -0.9148 -0.2043
vn -0.3485 0.2159 -0.9121
vn -0.3484 -0.9033 -0.2504
vn -0.3481 0.1628 0.9232
vn -0.3481 0.6855 -0.6395
vn -0.3480 0.8176 0.4587
vn -0.3467 0.5535 -0.7572
vn -0.3466 -0.9342 -0.0847
vn -0.3465 0.5587 0.7536
vn -0.3463 0.9000 -0.2646
vn -0.3448 0.5388 0.7686
vn -0.3440 0.2593 -0.9025
vn -0.3439 0.0333 -0.9384
vn -0.3432 -0.8654 -0.3652
vn -0.3429 -0.8496 -0.4007
vn -0.3427 -0.8487 -0.4028
vn -0.3427 -0.6632 -0.6654
vn -0.3417 0.0264 0.9395
vn -0.3414 0.1865 -0.9212
vn -0.3414 0.3746 -0.8621
vn -0.3413 -0.9104 -0.2338
vn -0.3412 0.6558 0.6735
vn -0.3412 0.8746 0.3445
vn -0.3409 -0.0339 -0.9395
vn -0.3408 -0.9182 -0.2017
vn -0.3398 -0.8954 -0.2877
vn -0.3398 0.7045 0.6231
vn -0.3397 0.3280 -0.8815
vn -0.3396 -0.9072 -0.2484
vn -0.3391 0.1216 -0.9329
vn -0.3385 -0.8799 -0.3335
vn -0.3381 0.4802 0.8094
vn -0.3365 -0.9136 -0.2284
vn -0.3363 -0.1518 -0.9294
vn -0.3361 -0.9265 -0.1694
vn -0.3358 0.0584 -0.9401
vn -0.3355 -0.8714 -0.3578
vn -0.3354 -0.1308 -0.9329
vn -0.3350 0.2031 -0.9201
vn -0.3349 0.1273 -0.9336
vn -0.3346 -0.8614 -0.3822
vn -0.3340 0.9163 -0.2208
vn -0.3337 -0.7027 0.6284
vn -0.3335 0.5678 -0.7526
vn -0.3316 -0.8615 -0.3846
vn -0.3315 -0.8938 0.3020
vn -0.3313 0.9173 0.2209
vn -0.3307 -0.0195 -0.9435
vn -0.3307 0.3668 -0.8695
vn -0.3295 -0.8298 -0.4504
vn -0.3295 0.2100 -0.9205
vn -0.3288 0.6780 0.6574
vn -0.3280 0.5647 -0.7573
vn -0.3275 0.4938 0.8055
vn -0.3265 0.4853 0.8111
vn -0.3246 0.7621 -0.5603
vn -0.3245 -0.1720 -0.9301
vn -0.3245 -0.0207 -0.9457
vn -0.3233 -0.8486 -0.4189
vn -0.3232 -0.8153 0.4805
vn -0.3231 0.4940 0.8072
vn -0.3228 -0.0715 -0.9438
vn -0.3223 -0.8914 -0.3185
vn -0.3223 0.0730 -0.9438
vn -0.3215 0.9273 -0.1917
vn -0.3200 -0.0126 -0.9473
vn -0.3194 -0.3211 -0.8916
vn -0.3189 -0.9277 -0.1942
vn -0.3187 0.5389 0.7798
vn -0.3178 0.9247 -0.2099
vn -0.3164 -0.8106 -0.4928
vn -0.3160 0.9363 -0.1535
vn -0.3158 -0.1172 0.9416
vn -0.3154 -0.8755 -0.3662
vn -0.3152 -0.9166 -0.2458
vn -0.3148 0.1909 -0.9298
vn -0.3143 0.1764 -0.9328
vn -0.3140 0.6646 0.6780
vn -0.3130 -0.1180 -0.9424
vn -0.3126 -0.7983 -0.5148
vn -0.3123 -0.0407 -0.9491
vn -0.3121 -0.4783 0.8208
vn -0.3120 0.7948 -0.5206
vn -0.3115 -0.0161 -0.9501
vn -0.3114 0.0584 -0.9485
vn -0.3111 -0.6899 0.6537
vn -0.3111 0.9077 -0.2815
vn -0.3107 -0.1583 -0.9372
vn -0.3097 -0.0738 -0.9480
vn -0.3096 -0.6717 -0.6731
vn -0.3096 -0.4822 0.8196
vn -0.3093 0.0855 0.9471
vn -0.3089 0.6292 0.7132
vn -0.3078 -0.1594 -0.9380
vn -0.3076 -0.7978 -0.5186
vn -0.3071 0.4714 -0.8267
vn -0.3067 0.0488 -0.9506
vn -0.3064 0.3764 -0.8743
vn -0.3062 -0.1039 -0.9463
vn -0.3060 -0.5766 -0.7576
vn -0.3058 -0.0129 -0.9520
vn -0.3056 -0.0423 -0.9512
vn -0.3054 0.1518 -0.9400
vn -0.3053 0.1661 -0.9376
vn -0.3047 0.9471 0.1006
vn -0.3039 0.0875 0.9487
vn -0.3038 0.4912 0.8163
vn -0.3035 0.5087 0.8057
vn -0.3026 0.4398 0.8456
vn -0.3026 0.5856 0.7520
vn -0.3023 -0.5310 0.7916
vn -0.3023 0.0314 -0.9527
vn -0.3019 -0.7538 -0.5837
vn -0.3019 0.9324 -0.1985
vn -0.3008 -0.2147 -0.9292
vn -0.3006 -0.1363 -0.9440
vn -0.3003 -0.5223 -0.7981
vn -0.3002 0.6010 0.7407
vn -0.2991 -0.5573 -0.7746
vn -0.2990 -0.8824 -0.3632
vn -0.2986 -0.8415 -0.4503
vn -0.2984 -0.4862 0.8213
vn -0.2984 0.4649 -0.8336
vn -0.2983 0.4519 0.8407
vn -0.2977 0.0881 -0.9506
vn -0.2973 0.9490 -0.1049
vn -0.2972 -0.1406 -0.9444
vn -0.2965 -0.5971 -0.7454
vn -0.2964 0.0993 -0.9499
vn -0.2957 -0.5403 -0.7878
vn -0.2944 -0.1899 -0.9366
vn -0.2943 0.0858 -0.9519
vn -0.2942 -0.7304 -0.6164
vn -0.2929 0.1074 -0.9501
vn -0.2926 -0.0040 -0.9562
vn -0.2918 0.4876 0.8228
vn -0.2917 -0.7984 -0.5268
vn -0.2916 0.1272 -0.9480
vn -0.2916 0.1587 0.9433
vn -0.2915 -0.1501 -0.9447
vn -0.2915 0.1803 -0.9394
vn -0.2908 0.1455 0.9457
vn -0.2902 0.3817 0.8775
vn -0.2899 0.1967 0.9366
vn -0.2897 0.6256 -0.7244
vn -0.2893 -0.4621 0.8383
vn -0.2889 -0.4665 0.8360
vn -0.2880 0.0531 -0.9562
vn -0.2868 0.2154 -0.9335
vn -0.2859 -0.0249 -0.9580
vn -0.2849 0.0011 -0.9586
vn -0.2848 0.4807 0.8294
vn -0.2848 0.5181 -0.8065
vn -0.2845 -0.6316 -0.7212
vn -0.2837 -0.4756 0.8327
vn -0.2837 -0.4492 0.8472
vn -0.2828 -0.7998 -0.5294
vn -0.2828 0.5200 0.8060
vn -0.2817 -0.7846 -0.5523
vn -0.2817 0.5676 -0.7736
vn -0.2813 -0.9459 -0.1620
vn -0.2808 -0.2181 -0.9347
vn -0.2798 0.0061 -0.9600
vn -0.2798 0.1379 -0.9501
vn -0.2795 0.4509 -0.8476
vn -0.2794 -0.4444 0.8511
vn -0.2794 0.4042 -0.8709
vn -0.2789 -0.7923 -0.5426
vn -0.2788 0.1625 0.9465
vn -0.2787 0.7009 -0.6566
vn -0.2779 -0.0004 -0.9606
vn -0.2761 -0.7696 -0.5758
vn -0.2751 0.4307 0.8596
vn -0.2748 0.9369 0.2160
vn -0.2747 -0.7416 -0.6120
vn -0.2744 -0.0607 -0.9597
vn -0.2737 0.5597 -0.7822
vn -0.2735 0.1710 0.9465
vn -0.2728 -0.5545 0.7862
vn -0.2726 0.1024 0.9567
vn -0.2715 0.1822 -0.9450
vn -0.2698 0.0093 -0.9629
vn -0.2692 0.9611 0.0617
vn -0.2688 -0.0663 -0.9609
vn -0.2686 -0.0156 -0.9631
vn -0.2684 0.0243 0.9630
vn -0.2684 0.9106 -0.3141
vn -0.2678 0.5510 0.7904
vn -0.2676 -0.4167 -0.8688
vn -0.2674 -0.5042 0.8211
vn -0.2667 0.1716 -0.9484
vn -0.2666 0.0220 0.9636
vn -0.2666 0.3766 0.8872
vn -0.2654 -0.8752 -0.4045
vn -0.2653 0.1180 0.9569
vn -0.2646 -0.6235 -0.7357
vn -0.2646 0.3868 0.8834
vn -0.2646 0.8158 -0.5143
vn -0.2644 0.1255 0.9562
vn -0.2639 0.0831 0.9610
vn -0.2628 -0.8561 0.4450
vn -0.2613 -0.7472 -0.6110
vn -0.2611 0.0507 0.9640
vn -0.2607 0.1645 -0.9513
vn -0.2591 0.4455 0.8570
vn -0.2581 -0.7137 -0.6512
vn -0.2579 0.7607 -0.5957
vn -0.2569 0.1033 -0.9609
vn -0.2567 -0.6672 -0.6993
vn -0.2564 0.5341 -0.8056
vn -0.2562 0.3917 0.8837
vn -0.2558 0.6309 -0.7325
vn -0.2557 -0.4231 0.8693
vn -0.2556 0.9610 -0.1058
vn -0.2551 -0.3987 -0.8809
vn -0.2545 -0.5229 0.8135
vn -0.2534 0.4679 0.8467
vn -0.2530 0.0692 -0.9650
vn -0.2524 0.0689 0.9652
vn -0.2523 -0.3729 -0.8929
vn -0.2522 -0.5736 -0.7793
vn -0.2517 -0.9669 -0.0423
vn -0.2517 -0.6818 -0.6869
vn -0.2516 -0.1361 -0.9582
vn -0.2510 0.1727 -0.9525
vn -0.2486 -0.5969 -0.7629
vn -0.2450 0.4235 0.8721
vn -0.2449 -0.5507 -0.7980
vn -0.2439 -0.3578 0.9014
vn -0.2436 0.0967 0.9650
vn -0.2434 0.9699 -0.0037
vn -0.2432 -0.9086 -0.3395
vn -0.2431 -0.7457 -0.6203
vn -0.2428 0.2735 -0.9307
vn -0.2427 0.1501 -0.9584
vn -0.2425 0.0998 0.9650
vn -0.2423 0.4140 0.8774
vn -0.2397 -0.8288 -0.5055
vn -0.2397 0.4444 0.8632
vn -0.2387 0.0814 0.9677
vn -0.2386 0.3941 0.8876
vn -0.2380 0.0011 0.9713
vn -0.2376 -0.4773 -0.8460
vn -0.2372 -0.4787 -0.8453
vn -0.2362 -0.3881 0.8908
vn -0.2349 -0.7520 0.6158
vn -0.2330 -0.5942 -0.7698
vn -0.2327 -0.6127 -0.7552
vn -0.2318 -0.3787 0.8960
vn -0.2305 -0.2264 0.9464
vn -0.2293 0.0634 -0.9713
vn -0.2293 0.9566 -0.1796
vn -0.2290 0.8608 -0.4545
vn -0.2289 -0.5100 0.8292
vn -0.2285 0.0653 -0.9714
vn -0.2281 -0.3915 0.8915
vn -0.2281 0.0179 0.9735
vn -0.2275 -0.0552 -0.9722
vn -0.2269 0.1023 0.9685
vn -0.2266 -0.7376 -0.6361
vn -0.2265 0.3117 0.9228
vn -0.2260 -0.5223 -0.8223
vn -0.2256 0.4469 -0.8657
vn -0.2254 -0.6027 -0.7654
vn -0.2251 0.1027 0.9689
vn -0.2248 -0.3641 0.9038
vn -0.2246 0.1687 -0.9597
vn -0.2244 0.2655 -0.9377
vn -0.2236 0.3356 0.9151
vn -0.2235 0.1652 -0.9606
vn -0.2227 0.9738 -0.0460
vn -0.2214 -0.4233 0.8785
vn -0.2205 -0.1035 0.9699
vn -0.2203 -0.6771 -0.7021
vn -0.2197 0.8676 -0.4461
vn -0.2186 0.5573 0.8010
vn -0.2175 -0.5247 -0.8230
vn -0.2160 -0.3560 0.9092
vn -0.2154 0.0047 -0.9765
vn -0.2139 0.1198 0.9695
vn -0.2137 -0.3549 0.9102
vn -0.2129 0.3206 0.9230
vn -0.2124 0.0157 -0.9771
vn -0.2121 -0.1177 -0.9701
vn -0.2115 -0.9756 -0.0590
vn -0.2115 0.7135 -0.6680
vn -0.2108 0.5714 -0.7931
vn -0.2107 -0.4015 0.8913
vn -0.2100 -0.1619 0.9642
vn -0.2093 0.9704 -0.1208
vn -0.2076 0.1913 -0.9593
vn -0.2072 0.0092 -0.9783
vn -0.2070 -0.9783 0.0085
vn -0.2050 -0.7984 0.5661
vn -0.2049 -0.4709 0.8581
vn -0.2037 0.8078 -0.5532
vn -0.2035 0.1841 -0.9616
vn -0.2025 0.0966 0.9745
vn -0.2024 -0.0790 -0.9761
vn -0.2022 0.3515 0.9141
vn -0.2017 -0.9792 -0.0230
vn -0.1992 0.0081 -0.9799
vn -0.1989 0.7151 0.6701
vn -0.1986 -0.9790 0.0461
vn -0.1969 0.8344 -0.5148
vn -0.1963 0.0055 0.9805
vn -0.1953 0.9357 -0.2939
vn -0.1949 -0.6398 -0.7435
vn -0.1946 -0.8519 0.4861
vn -0.1941 0.2697 0.9432
vn -0.1939 -0.2979 -0.9347
vn -0.1896 0.0936 0.9774
vn -0.1894 0.2072 0.9598
vn -0.1891 -0.3098 -0.9318
vn -0.1865 0.3015 0.9350
vn -0.1863 -0.3131 -0.9313
vn -0.1858 -0.4849 -0.8546
vn -0.1830 -0.1163 -0.9762
vn -0.1818 -0.3340 -0.9249
vn -0.1815 -0.5008 -0.8463
vn -0.1811 -0.4204 -0.8891
vn -0.1801 0.2490 -0.9516
vn -0.1798 -0.1464 0.9727
vn -0.1780 -0.2272 -0.9574
vn -0.1773 -0.4875 -0.8549
vn -0.1773 0.5078 -0.8430
vn -0.1767 -0.6360 -0.7512
vn -0.1765 -0.9795 -0.0972
vn -0.1751 -0.3943 -0.9021
vn -0.1746 -0.2005 0.9640
vn -0.1744 0.9758 -0.1317
vn -0.1736 0.2419 0.9546
vn -0.1728 -0.4417 -0.8804
vn -0.1722 -0.3587 0.9174
vn -0.1703 -0.6056 -0.7773
vn -0.1701 -0.5113 -0.8424
vn -0.1687 0.0899 -0.9816
vn -0.1675 0.1819 0.9689
vn -0.1658 -0.3953 0.9035
vn -0.1651 -0.6520 -0.7400
vn -0.1613 0.8978 -0.4098
vn -0.1604 0.1843 0.9697
vn -0.1593 -0.4494 -0.8790
vn -0.1578 -0.3737 0.9140
vn -0.1577 0.9174 -0.3654
vn -0.1572 -0.6456 -0.7473
vn -0.1563 0.1811 0.9710
vn -0.1551 0.3891 0.9080
vn -0.1549 -0.4863 -0.8599
vn -0.1538 0.1480 -0.9770
vn -0.1537 -0.5298 -0.8341
vn -0.1516 -0.2874 0.9457
vn -0.1514 0.7233 -0.6738
vn -0.1506 0.1820 -0.9717
vn -0.1502 -0.9849 -0.0866
vn -0.1499 0.2526 -0.9559
vn -0.1493 -0.0444 -0.9878
vn -0.1480 0.0213 -0.9888
vn -0.1474 -0.6106 -0.7781
vn -0.1468 0.9892 0.0005
vn -0.1462 -0.0375 -0.9885
vn -0.1440 -0.1856 -0.9720
vn -0.1440 0.0822 0.9862
vn -0.1436 -0.2502 0.9575
vn -0.1436 0.6058 -0.7825
vn -0.1432 0.7711 -0.6205
vn -0.1403 0.9610 -0.2383
vn -0.1392 -0.4748 -0.8690
vn -0.1390 0.0759 -0.9874
vn -0.1388 -0.9862 -0.0901
vn -0.1383 -0.2228 0.9650
vn -0.1380 0.6132 -0.7778
vn -0.1373 -0.6433 -0.7532
vn -0.1369 0.7372 -0.6617
vn -0.1365 0.0929 -0.9863
vn -0.1359 -0.6083 -0.7820
vn -0.1344 0.9900 0.0430
vn -0.1342 0.0747 0.9881
vn -0.1341 0.0118 -0.9909
vn -0.1314 -0.6584 -0.7411
vn -0.1314 -0.6167 -0.7761
vn -0.1311 -0.9713 0.1986
vn -0.1305 -0.0747 0.9886
vn -0.1298 0.3107 -0.9416
vn -0.1297 -0.2729 0.9533
vn -0.1274 -0.3404 -0.9316
vn -0.1256 0.1302 0.9835
vn -0.1255 0.5968 -0.7925
vn -0.1248 0.9892 0.0765
vn -0.1244 0.9861 -0.1103
vn -0.1239 0.2376 -0.9634
vn -0.1231 -0.4808 -0.8682
vn -0.1230 -0.0913 -0.9882
vn -0.1228 0.6777 0.7250
vn -0.1219 0.1889 -0.9744
vn -0.1210 0.0479 -0.9915
vn -0.1194 -0.2951 0.9480
vn -0.1189 0.1270 0.9847
vn -0.1185 0.1131 -0.9865
vn -0.1182 0.9537 -0.2766
vn -0.1160 -0.5872 -0.8011
vn -0.1151 -0.8220 0.5577
vn -0.1149 0.6142 -0.7808
vn -0.1138 0.1251 0.9856
vn -0.1132 -0.5783 -0.8080
vn -0.1128 0.0579 0.9919
vn -0.1124 0.1222 -0.9861
vn -0.1096 0.9767 -0.1844
vn -0.1094 -0.5834 0.8048
vn -0.1092 0.9585 -0.2633
vn -0.1083 -0.3051 -0.9461
vn -0.1081 -0.0853 0.9905
vn -0.1078 0.9656 -0.2368
vn -0.1076 -0.5820 -0.8060
vn -0.1062 0.9938 -0.0338
vn -0.1053 -0.2374 -0.9657
vn -0.1053 0.7386 -0.6659
vn -0.1046 -0.9939 0.0356
vn -0.1005 -0.1788 -0.9788
vn -0.0993 -0.0985 -0.9902
vn -0.0986 -0.5360 0.8384
vn -0.0984 0.8764 -0.4714
vn -0.0979 -0.0946 0.9907
vn -0.0974 0.0616 0.9933
vn -0.0966 0.9943 0.0451
vn -0.0952 0.0385 0.9947
vn -0.0939 0.7323 -0.6745
vn -0.0935 -0.4814 0.8715
vn -0.0928 0.0296 -0.9952
vn -0.0927 0.2722 0.9578
vn -0.0926 -0.4677 0.8790
vn -0.0923 0.0445 -0.9947
vn -0.0904 -0.7857 -0.6120
vn -0.0902 0.9959 -0.0054
vn -0.0874 -0.9922 0.0894
vn -0.0874 0.5211 -0.8490
vn -0.0854 -0.2652 0.9604
vn -0.0851 0.6140 -0.7847
vn -0.0840 0.0925 -0.9922
vn -0.0837 0.9656 0.2462
vn -0.0834 -0.1893 0.9784
vn -0.0830 0.9945 -0.0632
vn -0.0823 0.2202 0.9720
vn -0.0822 -0.9899 -0.1154
vn -0.0797 0.0545 -0.9953
vn -0.0790 -0.8877 0.4536
vn -0.0790 0.0092 -0.9968
vn -0.0787 -0.0304 0.9964
vn -0.0773 0.0326 -0.9965
vn -0.0768 -0.0339 0.9965
vn -0.0751 0.0521 -0.9958
vn -0.0742 0.0792 0.9941
vn -0.0740 0.0361 0.9966
vn -0.0738 -0.0890 0.9933
vn -0.0733 -0.1768 0.9815
vn -0.0733 0.1988 0.9773
vn -0.0716 -0.0459 -0.9964
vn -0.0715 -0.2520 -0.9651
vn -0.0702 0.0870 -0.9937
vn -0.0699 0.0344 -0.9970
vn -0.0697 -0.7186 0.6919
vn -0.0694 0.0301 0.9971
vn -0.0676 -0.9794 0.1902
vn -0.0672 0.0143 0.9976
vn -0.0672 0.9369 -0.3430
vn -0.0666 -0.2709 -0.9603
vn -0.0656 -0.1999 0.9776
vn -0.0649 0.0525 -0.9965
vn -0.0647 0.0579 0.9962
vn -0.0634 -0.9974 0.0347
vn -0.0626 0.0113 0.9980
vn -0.0620 -0.8410 0.5374
vn -0.0614 -0.1797 0.9818
vn -0.0607 0.1450 -0.9876
vn -0.0602 -0.7512 -0.6574
vn -0.0602 0.0733 0.9955
vn -0.0601 -0.3943 -0.9170
vn -0.0589 0.5480 0.8344
vn -0.0566 -0.0372 0.9977
vn -0.0555 -0.0891 0.9945
vn -0.0549 0.8373 -0.5439
vn -0.0548 0.0448 0.9975
vn -0.0544 -0.1297 -0.9901
vn -0.0532 -0.0251 -0.9983
vn -0.0530 -0.5389 0.8407
vn -0.0527 -0.0195 0.9984
vn -0.0527 0.0239 0.9983
vn -0.0519 -0.7360 0.6750
vn -0.0518 -0.0693 0.9963
vn -0.0518 0.4517 -0.8906
vn -0.0517 0.6227 -0.7807
vn -0.0513 -0.0272 0.9983
vn -0.0511 -0.3731 -0.9264
vn -0.0489 -0.0054 0.9988
vn -0.0478 -0.0237 -0.9986
vn -0.0478 0.0728 0.9962
vn -0.0469 0.5871 0.8082
vn -0.0468 0.1169 0.9920
vn -0.0466 -0.0862 0.9952
vn -0.0455 0.0594 0.9972
vn -0.0453 -0.8800 0.4728
vn -0.0451 0.9969 0.0641
vn -0.0450 -0.0017 0.9990
vn -0.0450 0.0143 0.9989
vn -0.0449 -0.0877 0.9951
vn -0.0434 -0.4043 0.9136
vn -0.0434 -0.3557 -0.9336
vn -0.0433 -0.2872 -0.9569
vn -0.0432 0.8238 0.5652
vn -0.0414 -0.2571 -0.9655
vn -0.0414 -0.0163 -0.9990
vn -0.0400 0.0699 0.9967
vn -0.0399 -0.9053 -0.4230
vn -0.0398 -0.5810 -0.8129
vn -0.0394 -0.1458 -0.9885
vn -0.0388 0.0856 0.9956
vn -0.0384 -0.0109 -0.9992
vn -0.0375 -0.0719 0.9967
vn -0.0372 0.0533 -0.9979
vn -0.0371 0.6343 -0.7722
vn -0.0370 -0.1897 0.9811
vn -0.0362 -0.5275 0.8488
vn -0.0360 -0.4145 0.9093
vn -0.0359 0.0107 0.9993
vn -0.0356 0.1493 -0.9881
vn -0.0355 0.1540 0.9874
vn -0.0343 -0.0038 -0.9994
vn -0.0339 -0.1847 -0.9822
vn -0.0337 -0.3128 -0.9492
vn -0.0334 0.1982 0.9796
vn -0.0332 -0.2812 -0.9591
vn -0.0332 -0.0230 0.9992
vn -0.0325 0.1658 0.9856
vn -0.0316 0.2766 0.9605
vn -0.0314 -0.1552 -0.9874
vn -0.0313 0.0004 0.9995
vn -0.0303 0.0862 0.9958
vn -0.0294 0.9864 -0.1616
vn -0.0292 -0.0304 0.9991
vn -0.0292 0.0127 0.9995
vn -0.0292 0.9996 0.0036
vn -0.0284 0.0184 0.9994
vn -0.0280 0.2415 -0.9700
vn -0.0276 0.1055 -0.9940
vn -0.0275 -0.0026 -0.9996
vn -0.0269 0.2203 -0.9751
vn -0.0267 -0.1412 -0.9896
vn -0.0266 0.1967 0.9801
vn -0.0263 -0.1146 0.9931
vn -0.0256 -0.1204 0.9924
vn -0.0254 -0.0827 0.9963
vn -0.0252 0.2435 -0.9696
vn -0.0250 -0.4783 -0.8778
vn -0.0247 -0.1486 -0.9886
vn -0.0244 -0.0258 0.9994
vn -0.0239 -0.0537 0.9983
vn -0.0239 -0.0382 0.9990
vn -0.0236 -0.1584 0.9871
vn -0.0226 -0.9311 -0.3642
vn -0.0222 0.0347 0.9992
vn -0.0207 -0.0932 0.9954
vn -0.0206 0.0426 0.9989
vn -0.0200 0.0318 0.9993
vn -0.0199 -0.0336 -0.9992
vn -0.0198 -0.0433 0.9989
vn -0.0191 0.7251 -0.6884
vn -0.0189 0.0046 -0.9998
vn -0.0186 -0.0942 0.9954
vn -0.0185 -0.6855 0.7279
vn -0.0185 -0.0333 0.9993
vn -0.0175 -0.2844 -0.9585
vn -0.0172 0.0781 0.9968
vn -0.0169 0.0018 0.9999
vn -0.0167 0.7889 0.6143
vn -0.0163 -0.0407 -0.9990
vn -0.0154 0.0000 -0.9999
vn -0.0146 0.0011 -0.9999
vn -0.0146 0.0416 0.9990
vn -0.0146 0.0763 0.9970
vn -0.0145 0.0208 -0.9997
vn -0.0135 -0.1156 -0.9932
vn -0.0135 0.0024 -0.9999
vn -0.0130 -0.1161 -0.9932
vn -0.0129 -0.9882 0.1525
vn -0.0129 0.0035 0.9999
vn -0.0126 0.1516 -0.9884
vn -0.0122 0.6729 -0.7396
vn -0.0111 -0.5820 -0.8131
vn -0.0111 0.3650 0.9310
vn -0.0107 0.0700 0.9975
vn -0.0101 0.0945 0.9955
vn -0.0099 0.6964 -0.7176
vn -0.0096 -0.0010 -1.0000
vn -0.0095 0.0219 0.9997
vn -0.0085 0.1970 -0.9804
vn -0.0081 -0.9993 0.0358
vn -0.0081 -0.4861 0.8738
vn -0.0078 0.0235 0.9997
vn -0.0073 0.0283 0.9996
vn -0.0071 -0.0200 0.9998
vn -0.0070 -0.0877 0.9961
vn -0.0070 -0.0141 0.9999
vn -0.0069 -0.0208 -0.9998
vn -0.0068 0.0020 1.0000
vn -0.0066 0.0029 1.0000
vn -0.0061 -0.0047 -1.0000
vn -0.0061 0.0015 1.0000
vn -0.0061 0.0240 0.9997
vn -0.0059 0.0015 1.0000
vn -0.0058 0.0477 0.9988
vn -0.0057 0.0217 -0.9997
vn -0.0054 -0.0816 -0.9966
vn -0.0049 -0.3888 -0.9213
vn -0.0047 0.5477 0.8366
vn -0.0043 0.0080 -1.0000
vn -0.0042 -0.1911 -0.9816
vn -0.0041 -0.1138 0.9935
vn -0.0040 -0.0149 -0.9999
vn -0.0036 0.0158 0.9999
vn -0.0033 -0.1025 0.9947
vn -0.0031 0.0037 -1.0000
vn -0.0029 0.0035 -1.0000
vn -0.0029 0.9613 0.2754
vn -0.0028 0.0044 1.0000
vn -0.0026 0.0457 0.9990
vn -0.0023 -0.0218 -0.9998
vn -0.0023 0.4196 -0.9077
vn -0.0021 -0.0131 -0.9999
vn -0.0020 -0.0029 -1.0000
vn -0.0019 0.0160 -0.9999
vn -0.0017 -0.3858 -0.9226
vn -0.0017 -0.3115 0.9502
vn -0.0015 -0.8675 0.4974
vn -0.0015 -0.0004 1.0000
vn -0.0012 -0.4735 0.8808
vn -0.0012 -0.0072 -1.0000
vn -0.0010 -0.0295 -0.9996
vn -0.0008 0.8586 -0.5127
vn -0.0005 -0.0002 1.0000
vn -0.0005 0.0046 -1.0000
vn -0.0005 0.9789 0.2043
vn -0.0003 -0.1316 -0.9913
vn -0.0003 0.0060 -1.0000
vn -0.0003 0.9752 -0.2215
vn 0.0001 -0.0044 1.0000
vn 0.0003 -0.0108 -0.9999
vn 0.0008 0.0134 -0.9999
vn 0.0008 0.2380 -0.9713
vn 0.0010 -0.1959 -0.9806
vn 0.0011 -0.1350 -0.9908
vn 0.0012 0.0035 -1.0000
vn 0.0016 -0.4124 -0.9110
vn 0.0018 0.0617 0.9981
vn 0.0021 0.0195 0.9998
vn 0.0025 0.0072 1.0000
vn 0.0028 -0.1971 -0.9804
vn 0.0047 -0.9896 -0.1435
vn 0.0048 -0.0044 1.0000
vn 0.0049 -0.9881 0.1537
vn 0.0049 0.0133 -0.9999
vn 0.0049 0.7757 0.6311
vn 0.0053 -0.3596 -0.9331
vn 0.0054 0.0017 1.0000
vn 0.0056 -0.0044 -1.0000
vn 0.0060 0.0010 -1.0000
vn 0.0061 0.0017 1.0000
vn 0.0061 0.0025 1.0000
vn 0.0064 0.0011 1.0000
vn 0.0068 -0.4638 0.8859
vn 0.0071 0.5867 0.8098
vn 0.0074 -0.0730 -0.9973
vn 0.0083 -0.0623 -0.9980
vn 0.0087 0.1954 -0.9807
vn 0.0097 0.0151 0.9998
vn 0.0100 0.0173 -0.9998
vn 0.0102 0.0173 -0.9998
vn 0.0104 -0.0305 0.9995
vn 0.0110 -0.2671 0.9636
vn 0.0117 -0.0017 -0.9999
vn 0.0120 -0.9920 0.1258
vn 0.0126 0.0012 0.9999
vn 0.0128 -0.0586 0.9982
vn 0.0128 -0.0001 -0.9999
vn 0.0132 -0.2448 0.9695
vn 0.0141 0.0087 0.9999
vn 0.0147 -0.0152 -0.9998
vn 0.0154 0.0210 0.9997
vn 0.0155 -0.0044 -0.9999
vn 0.0156 0.0318 0.9994
vn 0.0157 -0.0920 -0.9956
vn 0.0159 -0.0158 -0.9997
vn 0.0161 -0.0199 -0.9997
vn 0.0164 -0.0252 0.9995
vn 0.0168 0.0012 0.9999
vn 0.0169 0.0461 0.9988
vn 0.0169 0.8797 -0.4752
vn 0.0170 0.3142 -0.9492
vn 0.0176 0.2028 -0.9791
vn 0.0181 0.8197 -0.5725
vn 0.0188 -0.0039 -0.9998
vn 0.0190 0.0026 -0.9998
vn 0.0193 -0.0025 0.9998
vn 0.0196 -0.4087 -0.9125
vn 0.0198 -0.0020 -0.9998
vn 0.0213 -0.1767 0.9840
vn 0.0224 0.5258 0.8503
vn 0.0225 -0.0813 -0.9964
vn 0.0226 -0.8899 0.4555
vn 0.0232 -0.9979 -0.0609
vn 0.0232 0.2714 -0.9622
vn 0.0240 -0.0024 -0.9997
vn 0.0243 0.0875 0.9959
vn 0.0251 -0.0149 0.9996
vn 0.0256 -0.0338 0.9991
vn 0.0263 -0.3800 -0.9246
vn 0.0266 -0.0019 -0.9996
vn 0.0282 0.8368 -0.5467
vn 0.0297 0.2551 -0.9664
vn 0.0304 0.0160 -0.9994
vn 0.0306 -0.0054 -0.9995
vn 0.0309 -0.0045 0.9995
vn 0.0311 0.1253 0.9916
vn 0.0311 0.1935 -0.9806
vn 0.0314 0.2125 -0.9767
vn 0.0317 -0.0170 -0.9994
vn 0.0317 0.0405 -0.9987
vn 0.0320 -0.0797 -0.9963
vn 0.0331 -0.2586 -0.9654
vn 0.0337 -0.9773 -0.2090
vn 0.0340 -0.0082 0.9994
vn 0.0343 0.1146 0.9928
vn 0.0344 -0.0282 -0.9990
vn 0.0360 -0.3212 -0.9463
vn 0.0365 0.2229 -0.9742
vn 0.0389 -0.2527 -0.9668
vn 0.0389 -0.2055 0.9779
vn 0.0391 -0.5909 0.8058
vn 0.0392 0.1420 0.9891
vn 0.0396 -0.9976 -0.0577
vn 0.0402 0.3944 -0.9181
vn 0.0406 -0.2326 0.9717
vn 0.0407 -0.4106 -0.9109
vn 0.0410 -0.9869 0.1562
vn 0.0427 -0.0851 -0.9955
vn 0.0435 -0.0026 0.9991
vn 0.0438 0.1585 -0.9864
vn 0.0439 -0.8870 -0.4597
vn 0.0441 -0.0124 0.9989
vn 0.0443 0.0736 -0.9963
vn 0.0451 -0.7120 -0.7007
vn 0.0456 -0.6106 0.7906
vn 0.0457 -0.0336 -0.9984
vn 0.0467 0.3292 -0.9431
vn 0.0493 -0.5854 0.8093
vn 0.0494 0.3127 -0.9486
vn 0.0503 -0.2982 0.9532
vn 0.0511 0.6270 -0.7773
vn 0.0513 0.9919 -0.1162
vn 0.0516 -0.0069 -0.9986
vn 0.0528 -0.2788 0.9589
vn 0.0528 0.0362 0.9979
vn 0.0540 0.0152 0.9984
vn 0.0546 0.8560 0.5141
vn 0.0547 -0.0338 0.9979
vn 0.0566 0.0030 -0.9984
vn 0.0568 -0.3806 -0.9230
vn 0.0571 0.0930 -0.9940
vn 0.0592 -0.0479 -0.9971
vn 0.0597 -0.3225 0.9447
vn 0.0599 -0.5936 -0.8025
vn 0.0600 -0.2706 0.9608
vn 0.0600 0.0645 0.9961
vn 0.0600 0.2867 -0.9561
vn 0.0605 -0.9976 0.0333
vn 0.0613 0.5662 -0.8220
vn 0.0622 0.0099 -0.9980
vn 0.0624 -0.3871 -0.9199
vn 0.0630 -0.3052 0.9502
vn 0.0634 -0.2497 0.9662
vn 0.0638 0.1430 -0.9877
vn 0.0641 0.0168 0.9978
vn 0.0660 0.1645 -0.9842
vn 0.0663 -0.8931 0.4449
vn 0.0664 -0.3121 0.9477
vn 0.0664 0.9767 0.2042
vn 0.0667 0.1355 -0.9885
vn 0.0668 0.9099 -0.4094
vn 0.0674 -0.1271 0.9896
vn 0.0677 -0.7316 -0.6784
vn 0.0682 0.0137 0.9976
vn 0.0683 -0.0383 0.9969
vn 0.0689 -0.1411 -0.9876
vn 0.0692 -0.9962 -0.0530
vn 0.0697 -0.2130 0.9746
vn 0.0710 -0.9773 0.1995
vn 0.0710 0.9448 -0.3198
vn 0.0720 -0.0106 0.9973
vn 0.0729 -0.4010 -0.9132
vn 0.0741 -0.3021 0.9504
vn 0.0753 -0.9236 0.3759
vn 0.0753 -0.4045 -0.9114
vn 0.0758 -0.9971 -0.0053
vn 0.0758 -0.2946 -0.9526
vn 0.0758 0.5893 0.8043
vn 0.0764 0.0043 -0.9971
vn 0.0773 0.2481 -0.9656
vn 0.0781 -0.6501 0.7558
vn 0.0789 -0.2934 0.9527
vn 0.0801 -0.2410 -0.9672
vn 0.0802 0.1928 -0.9780
vn 0.0821 0.7957 0.6001
vn 0.0826 0.2258 -0.9707
vn 0.0827 0.0194 0.9964
vn 0.0831 0.6284 -0.7734
vn 0.0837 0.0830 0.9930
vn 0.0837 0.7001 -0.7091
vn 0.0841 -0.2900 0.9533
vn 0.0841 -0.2478 -0.9651
vn 0.0841 0.2248 0.9708
vn 0.0843 -0.9958 0.0349
vn 0.0843 -0.4178 -0.9046
vn 0.0868 0.2759 -0.9572
vn 0.0870 -0.7736 -0.6277
vn 0.0870 -0.3583 -0.9295
vn 0.0875 0.2182 -0.9720
vn 0.0877 0.3170 -0.9444
vn 0.0886 -0.8734 -0.4788
vn 0.0887 0.2050 -0.9747
vn 0.0891 -0.1843 -0.9788
vn 0.0905 -0.5348 0.8401
vn 0.0935 -0.8886 -0.4490
vn 0.0938 -0.0013 0.9956
vn 0.0942 0.9837 -0.1530
vn 0.0944 0.3100 0.9460
vn 0.0954 0.9085 0.4069
vn 0.0957 0.1226 -0.9878
vn 0.0961 -0.7004 -0.7073
vn 0.0974 -0.3211 0.9420
vn 0.0978 -0.2723 -0.9572
vn 0.0983 -0.9934 -0.0598
vn 0.0988 -0.4074 0.9079
vn 0.0989 -0.9895 0.1057
vn 0.0990 0.4443 0.8904
vn 0.0997 0.0811 -0.9917
vn 0.1004 0.0672 -0.9927
vn 0.1020 -0.9933 0.0539
vn 0.1025 0.0218 -0.9945
vn 0.1027 0.5832 0.8058
vn 0.1029 0.1040 -0.9892
vn 0.1035 0.0341 -0.9940
vn 0.1048 0.0497 0.9933
vn 0.1049 -0.5335 -0.8393
vn 0.1063 0.0373 -0.9936
vn 0.1066 -0.0661 -0.9921
vn 0.1076 -0.1521 -0.9825
vn 0.1077 -0.1929 -0.9753
vn 0.1084 0.9941 -0.0001
vn 0.1091 0.1174 -0.9871
vn 0.1099 -0.5941 0.7969
vn 0.1104 0.1203 -0.9866
vn 0.1111 0.3375 -0.9347
vn 0.1113 -0.9864 0.1212
vn 0.1119 0.6492 -0.7524
vn 0.1138 0.5637 -0.8181
vn 0.1147 -0.3523 0.9288
vn 0.1147 -0.2256 -0.9674
vn 0.1148 -0.9869 0.1133
vn 0.1149 0.3087 0.9442
vn 0.1150 -0.0588 -0.9916
vn 0.1169 -0.3007 -0.9465
vn 0.1175 -0.9931 0.0025
vn 0.1176 0.0499 0.9918
vn 0.1193 0.0009 0.9929
vn 0.1209 0.0565 0.9910
vn 0.1237 0.0784 -0.9892
vn 0.1244 0.0799 -0.9890
vn 0.1251 0.0811 -0.9888
vn 0.1255 -0.0021 0.9921
vn 0.1258 -0.0446 0.9911
vn 0.1260 0.6096 0.7826
vn 0.1263 -0.2613 0.9570
vn 0.1264 -0.7006 -0.7023
vn 0.1274 0.2171 -0.9678
vn 0.1281 0.4601 0.8786
vn 0.1282 0.8043 0.5802
vn 0.1283 -0.5932 0.7948
vn 0.1288 0.1405 -0.9817
vn 0.1296 0.1877 -0.9736
vn 0.1298 0.1742 -0.9761
vn 0.1302 0.4872 -0.8635
vn 0.1315 -0.8849 0.4468
vn 0.1319 0.2100 -0.9688
vn 0.1324 -0.2248 -0.9654
vn 0.1326 0.7403 0.6591
vn 0.1331 0.0394 -0.9903
vn 0.1331 0.1785 -0.9749
vn 0.1334 0.0820 0.9877
vn 0.1334 0.1993 0.9708
vn 0.1335 0.2737 0.9525
vn 0.1353 0.0546 0.9893
vn 0.1355 0.5142 0.8469
vn 0.1358 -0.0312 -0.9902
vn 0.1362 -0.7876 0.6009
vn 0.1363 0.6238 0.7696
vn 0.1366 -0.4027 0.9051
vn 0.1371 -0.0162 0.9904
vn 0.1376 -0.0110 0.9904
vn 0.1376 0.6132 -0.7779
vn 0.1381 0.0442 -0.9894
vn 0.1386 0.0782 0.9873
vn 0.1387 0.1690 -0.9758
vn 0.1395 -0.2376 0.9613
vn 0.1409 -0.9900 0.0041
vn 0.1411 -0.3799 -0.9142
vn 0.1415 -0.9851 -0.0975
vn 0.1418 -0.3159 -0.9381
vn 0.1427 0.3948 -0.9076
vn 0.1438 -0.2497 -0.9576
vn 0.1448 -0.7172 0.6817
vn 0.1457 0.5183 -0.8427
vn 0.1458 0.5015 0.8528
vn 0.1464 0.3488 -0.9257
vn 0.1467 -0.5194 -0.8418
vn 0.1492 0.0001 -0.9888
vn 0.1493 -0.0154 -0.9887
vn 0.1495 0.1344 0.9796
vn 0.1497 0.1007 0.9836
vn 0.1499 -0.8896 0.4314
vn 0.1502 0.2811 -0.9478
vn 0.1508 0.4457 -0.8824
vn 0.1514 0.2328 -0.9607
vn 0.1517 0.3050 -0.9402
vn 0.1522 -0.1340 -0.9792
vn 0.1529 0.5165 -0.8425
vn 0.1531 -0.2823 -0.9470
vn 0.1531 0.2209 -0.9632
vn 0.1536 0.1498 -0.9767
vn 0.1537 -0.4600 -0.8745
vn 0.1540 -0.3016 -0.9409
vn 0.1542 -0.0121 -0.9880
vn 0.1544 -0.9873 -0.0374
vn 0.1545 -0.9880 -0.0062
vn 0.1546 0.2849 -0.9460
vn 0.1552 0.1116 0.9816
vn 0.1553 0.8410 0.5183
vn 0.1556 -0.6382 0.7540
vn 0.1562 0.5857 -0.7953
vn 0.1564 -0.9835 0.0904
vn 0.1564 -0.4160 0.8958
vn 0.1565 0.7140 -0.6824
vn 0.1568 -0.4134 -0.8970
vn 0.1572 0.0333 -0.9870
vn 0.1585 -0.5258 0.8357
vn 0.1593 0.0067 -0.9872
vn 0.1599 -0.1269 -0.9789
vn 0.1600 -0.9851 -0.0633
vn 0.1615 0.0684 0.9845
vn 0.1620 0.3176 0.9343
vn 0.1624 -0.3198 -0.9335
vn 0.1626 0.2776 -0.9468
vn 0.1629 -0.9813 -0.1026
vn 0.1631 -0.3187 -0.9337
vn 0.1631 -0.0483 -0.9854
vn 0.1634 -0.5078 0.8458
vn 0.1635 0.5120 0.8433
vn 0.1644 -0.4712 -0.8666
vn 0.1644 -0.2204 -0.9614
vn 0.1650 -0.3503 -0.9220
vn 0.1668 -0.9277 0.3341
vn 0.1669 0.0510 0.9846
vn 0.1670 -0.3050 -0.9376
vn 0.1681 0.7465 0.6438
vn 0.1686 0.2033 0.9645
vn 0.1691 -0.2715 -0.9475
vn 0.1692 0.4594 -0.8720
vn 0.1704 -0.2604 -0.9504
vn 0.1708 -0.3054 -0.9368
vn 0.1708 0.2083 -0.9631
vn 0.1711 -0.5310 -0.8299
vn 0.1719 0.1301 -0.9765
vn 0.1719 0.2610 -0.9499
vn 0.1725 0.3442 -0.9229
vn 0.1725 0.5707 0.8028
vn 0.1729 0.3043 -0.9368
vn 0.1746 -0.3930 -0.9028
vn 0.1759 0.1441 0.9738
vn 0.1760 0.1139 0.9778
vn 0.1763 0.0110 0.9843
vn 0.1764 0.0637 -0.9823
vn 0.1767 -0.9336 -0.3117
vn 0.1769 0.0014 -0.9842
vn 0.1770 -0.4749 -0.8621
vn 0.1777 -0.9841 0.0017
vn 0.1787 0.3598 -0.9158
vn 0.1793 0.7723 -0.6094
vn 0.1795 -0.4808 -0.8583
vn 0.1796 0.2054 -0.9621
vn 0.1809 0.5174 -0.8364
vn 0.1818 0.1393 0.9734
vn 0.1819 0.3279 -0.9270
vn 0.1823 -0.4651 0.8663
vn 0.1825 -0.6547 0.7335
vn 0.1826 -0.2703 -0.9453
vn 0.1850 -0.7692 0.6116
vn 0.1850 -0.3242 -0.9277
vn 0.1851 0.8397 0.5105
vn 0.1855 -0.1643 -0.9688
vn 0.1856 0.0580 -0.9809
vn 0.1857 -0.2783 -0.9424
vn 0.1864 0.0271 0.9821
vn 0.1867 0.2819 -0.9411
vn 0.1875 0.9212 -0.3408
vn 0.1876 -0.2787 -0.9419
vn 0.1878 -0.3133 -0.9309
vn 0.1889 0.6376 0.7469
vn 0.1897 -0.3161 -0.9296
vn 0.1910 -0.6984 0.6898
vn 0.1910 -0.2898 -0.9378
vn 0.1911 -0.5607 -0.8057
vn 0.1914 0.7838 0.5907
vn 0.1916 0.0414 0.9806
vn 0.1926 0.5555 0.8089
vn 0.1932 0.0504 -0.9799
vn 0.1962 0.7125 0.6736
vn 0.1963 -0.0607 -0.9787
vn 0.1986 -0.5958 0.7782
vn 0.1987 0.2899 -0.9362
vn 0.1990 -0.6547 -0.7293
vn 0.2000 -0.3850 0.9010
vn 0.2006 0.2805 -0.9387
vn 0.2012 0.2337 0.9513
vn 0.2023 -0.1480 -0.9681
vn 0.2029 -0.7032 0.6814
vn 0.2033 0.2332 -0.9509
vn 0.2038 0.2786 0.9385
vn 0.2043 0.2283 -0.9519
vn 0.2046 -0.5718 0.7945
vn 0.2051 -0.4998 -0.8415
vn 0.2064 0.2962 -0.9326
vn 0.2066 -0.9784 0.0054
vn 0.2066 -0.9043 -0.3735
vn 0.2066 -0.8226 0.5298
vn 0.2068 -0.3316 -0.9205
vn 0.2072 0.3467 0.9148
vn 0.2078 0.3010 -0.9307
vn 0.2088 -0.0420 -0.9771
vn 0.2092 0.0006 0.9779
vn 0.2096 0.0628 -0.9758
vn 0.2097 0.3613 -0.9086
vn 0.2100 -0.1817 0.9607
vn 0.2109 0.2501 -0.9450
vn 0.2119 -0.8768 -0.4316
vn 0.2122 -0.1709 -0.9622
vn 0.2137 0.2637 -0.9406
vn 0.2140 0.8782 0.4276
vn 0.2146 -0.2274 0.9499
vn 0.2161 0.1981 -0.9561
vn 0.2170 -0.3840 0.8975
vn 0.2185 -0.0760 -0.9729
vn 0.2186 0.0418 -0.9749
vn 0.2201 -0.9357 -0.2758
vn 0.2203 -0.4623 -0.8589
vn 0.2203 0.3145 -0.9233
vn 0.2205 -0.1494 -0.9639
vn 0.2211 -0.1033 -0.9698
vn 0.2214 0.2277 -0.9482
vn 0.2216 0.2888 0.9314
vn 0.2221 -0.8716 0.4371
vn 0.2221 0.6389 0.7365
vn 0.2222 0.0017 -0.9750
vn 0.2237 -0.0197 -0.9744
vn 0.2268 -0.8366 -0.4986
vn 0.2287 -0.0606 -0.9716
vn 0.2287 0.2085 0.9509
vn 0.2289 -0.0363 -0.9728
vn 0.2291 0.0486 0.9722
vn 0.2298 -0.4399 0.8682
vn 0.2302 0.3886 -0.8922
vn 0.2310 -0.6147 0.7542
vn 0.2325 -0.4888 -0.8408
vn 0.2330 -0.6509 0.7225
vn 0.2331 -0.9516 -0.2002
vn 0.2331 0.0769 -0.9694
vn 0.2331 0.7883 -0.5694
vn 0.2345 -0.4504 -0.8615
vn 0.2349 -0.4156 -0.8787
vn 0.2362 0.2772 -0.9313
vn 0.2374 0.8944 -0.3790
vn 0.2381 -0.9633 0.1240
vn 0.2383 -0.3453 -0.9077
vn 0.2391 -0.1385 -0.9611
vn 0.2396 -0.3720 -0.8968
vn 0.2401 0.4306 -0.8700
vn 0.2401 0.9318 0.2721
vn 0.2406 0.8488 -0.4707
vn 0.2410 -0.7894 0.5645
vn 0.2413 -0.1059 0.9646
vn 0.2415 -0.3775 -0.8940
vn 0.2419 0.9337 0.2638
vn 0.2423 0.4858 -0.8398
vn 0.2441 0.2893 -0.9256
vn 0.2445 -0.9678 0.0605
vn 0.2447 -0.7346 0.6329
vn 0.2448 -0.9335 -0.2621
vn 0.2455 -0.2816 -0.9276
vn 0.2457 -0.9692 0.0140
vn 0.2460 0.4816 -0.8411
vn 0.2465 -0.4360 -0.8655
vn 0.2468 -0.3978 -0.8837
vn 0.2472 -0.7096 0.6598
vn 0.2483 -0.3635 -0.8979
vn 0.2485 0.8803 -0.4041
vn 0.2487 0.1551 -0.9561
vn 0.2489 0.5254 -0.8136
vn 0.2499 0.2421 -0.9375
vn 0.2504 -0.9681 0.0042
vn 0.2505 0.6215 0.7423
vn 0.2508 0.4107 -0.8766
vn 0.2512 0.3518 0.9017
vn 0.2514 0.1414 -0.9575
vn 0.2517 -0.9678 0.0067
vn 0.2523 0.9408 0.2264
vn 0.2524 -0.1308 -0.9588
vn 0.2529 -0.3463 -0.9034
vn 0.2533 0.5424 -0.8010
vn 0.2545 0.1368 -0.9573
vn 0.2554 0.4939 -0.8312
vn 0.2555 -0.2261 0.9400
vn 0.2557 0.5001 -0.8274
vn 0.2560 -0.0965 0.9619
vn 0.2570 0.9664 0.0029
vn 0.2572 0.0489 -0.9651
vn 0.2573 0.1879 0.9479
vn 0.2574 -0.6522 0.7130
vn 0.2578 -0.8627 0.4350
vn 0.2588 0.1021 -0.9605
vn 0.2596 0.3810 -0.8874
vn 0.2608 0.9629 0.0697
vn 0.2614 0.7996 -0.5407
vn 0.2619 -0.1676 -0.9504
vn 0.2623 0.1973 0.9446
vn 0.2627 0.5372 -0.8015
vn 0.2631 0.2948 -0.9186
vn 0.2632 0.2122 0.9411
vn 0.2637 -0.1072 -0.9586
vn 0.2637 0.3297 -0.9065
vn 0.2637 0.4122 0.8721
vn 0.2638 0.5461 -0.7951
vn 0.2642 0.0933 -0.9599
vn 0.2657 -0.3358 -0.9037
vn 0.2665 -0.5601 -0.7844
vn 0.2667 0.0139 0.9637
vn 0.2670 0.3355 -0.9034
vn 0.2677 -0.8714 -0.4111
vn 0.2678 0.5093 -0.8179
vn 0.2683 0.5163 -0.8133
vn 0.2684 -0.8589 -0.4361
vn 0.2685 0.1091 -0.9571
vn 0.2688 0.0669 -0.9609
vn 0.2697 -0.9590 0.0870
vn 0.2700 -0.5074 0.8183
vn 0.2701 0.9468 0.1752
vn 0.2703 0.2137 0.9388
vn 0.2704 -0.2857 -0.9194
vn 0.2708 0.0771 -0.9595
vn 0.2716 -0.8865 0.3748
vn 0.2722 -0.4324 -0.8596
vn 0.2724 0.9622 -0.0005
vn 0.2726 -0.6682 0.6922
vn 0.2735 0.0316 0.9614
vn 0.2741 0.1035 -0.9561
vn 0.2752 0.1219 -0.9536
vn 0.2753 0.0921 -0.9569
vn 0.2758 -0.9487 0.1548
vn 0.2763 0.0602 -0.9592
vn 0.2771 -0.9519 -0.1307
vn 0.2771 -0.4745 -0.8355
vn 0.2771 0.4481 0.8500
vn 0.2772 -0.2091 -0.9378
vn 0.2777 0.8942 0.3511
vn 0.2778 0.2172 -0.9358
vn 0.2779 0.9541 0.1120
vn 0.2786 0.2587 -0.9249
vn 0.2795 0.3485 -0.8947
vn 0.2797 0.5766 -0.7677
vn 0.2802 0.7890 0.5468
vn 0.2814 -0.7473 0.6020
vn 0.2820 0.3300 -0.9009
vn 0.2822 0.1072 -0.9534
vn 0.2823 -0.9526 -0.1137
vn 0.2824 0.4060 -0.8691
vn 0.2827 0.9585 -0.0373
vn 0.2828 0.1272 -0.9507
vn 0.2846 0.9585 -0.0140
vn 0.2861 -0.1055 -0.9524
vn 0.2863 0.9379 -0.1961
vn 0.2864 -0.9438 -0.1652
vn 0.2865 0.0539 -0.9566
vn 0.2865 0.6286 0.7230
vn 0.2871 0.1082 -0.9518
vn 0.2875 -0.9526 -0.0992
vn 0.2876 0.8151 0.5029
vn 0.2888 -0.4680 -0.8352
vn 0.2902 -0.9552 -0.0581
vn 0.2902 0.1596 -0.9436
vn 0.2902 0.2520 -0.9232
vn 0.2904 -0.9228 -0.2532
vn 0.2908 -0.9365 0.1958
vn 0.2908 0.1553 -0.9441
vn 0.2910 0.0555 0.9551
vn 0.2913 -0.9562 0.0293
vn 0.2925 0.5816 -0.7591
vn 0.2928 -0.5131 -0.8069
vn 0.2941 0.4200 0.8585
vn 0.2949 -0.9481 -0.1191
vn 0.2949 0.5130 0.8062
vn 0.2953 0.3808 -0.8762
vn 0.2968 0.4570 -0.8385
vn 0.2974 0.0359 0.9541
vn 0.2982 -0.9536 -0.0404
vn 0.2993 -0.2720 0.9146
vn 0.2993 0.0183 -0.9540
vn 0.2993 0.3589 -0.8841
vn 0.2996 -0.9541 -0.0028
vn 0.3004 0.9446 0.1321
vn 0.3008 -0.1032 0.9481
vn 0.3014 -0.4755 -0.8265
vn 0.3014 0.9535 -0.0002
vn 0.3017 0.9221 0.2424
vn 0.3033 0.0839 -0.9492
vn 0.3041 -0.9435 -0.1312
vn 0.3043 0.3272 -0.8946
vn 0.3048 0.3282 -0.8941
vn 0.3056 -0.9376 -0.1659
vn 0.3070 -0.0928 0.9472
vn 0.3079 0.5127 -0.8015
vn 0.3088 -0.8676 0.3898
vn 0.3088 -0.4058 -0.8602
vn 0.3088 0.5389 0.7837
vn 0.3097 0.5334 -0.7871
vn 0.3100 -0.9460 -0.0951
vn 0.3106 -0.5591 -0.7687
vn 0.3110 -0.9457 0.0943
vn 0.3117 0.8330 -0.4571
vn 0.3124 0.6850 0.6582
vn 0.3128 -0.9347 -0.1687
vn 0.3140 -0.7339 0.6023
vn 0.3140 0.1109 0.9429
vn 0.3144 0.9464 -0.0743
vn 0.3148 0.7600 0.5686
vn 0.3149 -0.9473 0.0586
vn 0.3154 0.9308 0.1846
vn 0.3163 0.2790 -0.9067
vn 0.3167 0.9458 -0.0724
vn 0.3176 -0.9116 0.2609
vn 0.3180 -0.4523 -0.8332
vn 0.3180 0.0672 -0.9457
vn 0.3183 -0.2163 -0.9230
vn 0.3187 -0.5182 0.7937
vn 0.3196 -0.8431 0.4324
vn 0.3210 -0.9453 -0.0581
vn 0.3212 0.9388 0.1246
vn 0.3214 -0.5584 -0.7648
vn 0.3214 -0.4187 -0.8493
vn 0.3230 0.0366 0.9457
vn 0.3233 -0.9463 -0.0026
vn 0.3238 -0.7360 0.5945
vn 0.3245 -0.9298 0.1737
vn 0.3245 0.2900 -0.9004
vn 0.3250 -0.7117 0.6228
vn 0.3261 -0.9004 0.2879
vn 0.3265 0.6094 -0.7225
vn 0.3273 0.6955 -0.6397
vn 0.3273 0.9449 0.0086
vn 0.3274 0.1216 -0.9370
vn 0.3277 0.4111 -0.8506
vn 0.3282 0.6498 -0.6856
vn 0.3299 -0.5521 -0.7657
vn 0.3302 0.1609 -0.9301
vn 0.3306 -0.3291 0.8846
vn 0.3315 0.7049 -0.6271
vn 0.3325 -0.7602 0.5582
vn 0.3329 0.6307 -0.7010
vn 0.3343 -0.5749 -0.7468
vn 0.3353 -0.9133 0.2314
vn 0.3357 -0.5563 -0.7602
vn 0.3362 -0.1805 0.9243
vn 0.3363 -0.9398 0.0603
vn 0.3369 0.9414 -0.0175
vn 0.3374 0.9410 -0.0243
vn 0.3378 -0.4882 0.8048
vn 0.3396 -0.2839 -0.8967
vn 0.3400 0.8432 -0.4163
vn 0.3409 0.3821 0.8590
vn 0.3412 0.6289 -0.6986
vn 0.3427 0.7928 -0.5040
vn 0.3437 -0.9370 -0.0625
vn 0.3438 0.8400 -0.4198
vn 0.3445 -0.8836 -0.3171
vn 0.3448 0.8010 0.4894
vn 0.3456 -0.9158 0.2043
vn 0.3474 0.5468 -0.7618
vn 0.3480 -0.0024 -0.9375
vn 0.3486 -0.7802 0.5194
vn 0.3492 0.6619 0.6633
vn 0.3495 -0.6789 0.6457
vn 0.3498 0.7262 -0.5918
vn 0.3518 0.7551 -0.5533
vn 0.3523 -0.0234 -0.9356
vn 0.3524 0.7690 0.5333
vn 0.3547 0.5413 -0.7623
vn 0.3553 -0.8499 -0.3891
vn 0.3555 0.5457 -0.7588
vn 0.3556 -0.9291 0.1021
vn 0.3559 0.7451 -0.5641
vn 0.3588 0.8681 0.3430
vn 0.3594 0.0583 -0.9314
vn 0.3595 -0.9309 0.0645
vn 0.3597 -0.5962 -0.7177
vn 0.3605 0.4695 0.8060
vn 0.3608 -0.9326 0.0002
vn 0.3610 0.3882 -0.8479
vn 0.3614 0.6348 -0.6830
vn 0.3615 0.5567 -0.7479
vn 0.3621 0.9321 -0.0055
vn 0.3623 0.7232 -0.5880
vn 0.3629 0.8808 -0.3041
vn 0.3635 -0.5801 -0.7289
vn 0.3638 -0.8315 0.4198
vn 0.3647 -0.9296 -0.0533
vn 0.3653 -0.4548 0.8122
vn 0.3661 -0.9305 -0.0076
vn 0.3661 -0.4457 0.8169
vn 0.3664 0.0623 -0.9284
vn 0.3670 -0.7096 0.6015
vn 0.3673 -0.3695 0.8535
vn 0.3683 0.6471 -0.6675
vn 0.3686 0.8326 -0.4135
vn 0.3688 0.6769 -0.6370
vn 0.3693 0.2615 0.8918
vn 0.3697 0.8465 0.3830
vn 0.3702 -0.3466 -0.8619
vn 0.3707 -0.5281 -0.7640
vn 0.3711 0.8282 0.4199
vn 0.3722 0.8990 0.2309
vn 0.3732 -0.8979 0.2333
vn 0.3735 0.8329 -0.4085
vn 0.3741 0.2352 -0.8971
vn 0.3743 0.8086 -0.4538
vn 0.3747 0.7674 0.5202
vn 0.3750 0.7641 -0.5249
vn 0.3751 0.3127 -0.8727
vn 0.3753 0.2247 -0.8993
vn 0.3773 -0.4950 0.7827
vn 0.3780 -0.6659 -0.6431
vn 0.3780 -0.0547 -0.9242
vn 0.3787 0.8134 -0.4415
vn 0.3788 -0.3499 -0.8568
vn 0.3789 -0.5484 -0.7455
vn 0.3804 0.5153 -0.7679
vn 0.3811 -0.0130 0.9244
vn 0.3822 0.5788 -0.7204
vn 0.3824 0.0050 0.9240
vn 0.3837 -0.9172 0.1071
vn 0.3839 0.0482 -0.9221
vn 0.3840 0.8201 -0.4243
vn 0.3843 -0.7802 0.4935
vn 0.3844 0.9015 0.1988
vn 0.3846 0.9200 0.0758
vn 0.3861 -0.7280 -0.5666
vn 0.3861 0.6396 0.6647
vn 0.3864 0.9223 0.0041
vn 0.3868 0.8543 -0.3473
vn 0.3874 0.6680 0.6354
vn 0.3883 0.9215 0.0089
vn 0.3885 0.0249 0.9211
vn 0.3888 0.4535 0.8020
vn 0.3901 0.1654 -0.9058
vn 0.3904 -0.7798 0.4894
vn 0.3909 0.5283 0.7537
vn 0.3916 -0.9200 0.0141
vn 0.3923 -0.9192 -0.0337
vn 0.3932 -0.7370 0.5498
vn 0.3937 -0.9191 0.0189
vn 0.3941 -0.8005 0.4515
vn 0.3950 -0.7550 0.5234
vn 0.3954 -0.7872 0.4733
vn 0.3954 -0.4877 0.7784
vn 0.3954 0.4844 0.7804
vn 0.3960 -0.8620 0.3166
vn 0.3960 -0.8308 0.3910
vn 0.3972 0.0095 -0.9177
vn 0.4002 -0.5204 -0.7543
vn 0.4019 0.8807 -0.2507
vn 0.4021 0.7470 0.5295
vn 0.4023 0.4757 -0.7822
vn 0.4028 0.2584 0.8781
vn 0.4035 0.9144 -0.0331
vn 0.4038 -0.2572 -0.8780
vn 0.4045 -0.7713 0.4914
vn 0.4052 -0.5310 -0.7442
vn 0.4054 0.0650 0.9118
vn 0.4056 -0.3107 0.8597
vn 0.4062 0.2927 -0.8656
vn 0.4063 -0.8943 -0.1873
vn 0.4064 -0.7038 -0.5827
vn 0.4066 0.8959 -0.1788
vn 0.4067 -0.9116 -0.0605
vn 0.4073 -0.6409 -0.6507
vn 0.4085 -0.5358 -0.7390
vn 0.4107 -0.8418 -0.3504
vn 0.4109 -0.9026 -0.1286
vn 0.4113 0.5305 -0.7412
vn 0.4114 -0.4990 0.7627
vn 0.4122 0.8287 0.3785
vn 0.4130 -0.6100 0.6762
vn 0.4135 -0.6624 0.6247
vn 0.4137 -0.8879 0.2011
vn 0.4144 0.6503 -0.6367
vn 0.4168 -0.8791 0.2313
vn 0.4169 -0.9004 0.1247
vn 0.4183 0.8674 0.2695
vn 0.4192 -0.8576 -0.2981
vn 0.4201 -0.7671 0.4848
vn 0.4201 -0.4577 0.7836
vn 0.4202 -0.0066 0.9074
vn 0.4210 0.0083 0.9070
vn 0.4210 0.4775 -0.7712
vn 0.4212 -0.0802 0.9034
vn 0.4213 -0.8795 0.2212
vn 0.4214 -0.8012 0.4250
vn 0.4226 0.2185 -0.8796
vn 0.4237 -0.6974 0.5780
vn 0.4240 -0.8495 0.3141
vn 0.4241 0.7941 -0.4354
vn 0.4248 -0.5490 -0.7198
vn 0.4253 -0.8219 -0.3789
vn 0.4256 -0.6250 -0.6544
vn 0.4258 -0.8457 0.3218
vn 0.4259 0.8824 0.2002
vn 0.4261 0.7695 -0.4757
vn 0.4263 0.4767 0.7688
vn 0.4264 -0.8983 0.1061
vn 0.4270 -0.8672 0.2562
vn 0.4273 0.1026 0.8983
vn 0.4280 -0.9002 -0.0805
vn 0.4282 -0.0040 0.9037
vn 0.4282 0.8385 0.3371
vn 0.4292 -0.4877 0.7602
vn 0.4296 -0.8115 -0.3961
vn 0.4302 -0.7549 0.4949
vn 0.4303 -0.9025 -0.0189
vn 0.4308 0.5710 0.6988
vn 0.4313 0.2323 -0.8718
vn 0.4318 -0.5732 -0.6964
vn 0.4319 0.0363 0.9012
vn 0.4329 0.8006 -0.4142
vn 0.4332 -0.8827 -0.1822
vn 0.4336 -0.8924 -0.1253
vn 0.4361 -0.6787 -0.5909
vn 0.4365 0.8694 0.2318
vn 0.4367 0.0900 -0.8951
vn 0.4385 -0.5622 0.7012
vn 0.4398 -0.8616 0.2533
vn 0.4405 0.8705 0.2194
vn 0.4406 0.6270 -0.6424
vn 0.4409 0.2473 -0.8628
vn 0.4411 -0.8335 0.3328
vn 0.4412 -0.3492 -0.8267
vn 0.4420 0.8949 0.0611
vn 0.4428 -0.7398 -0.5065
vn 0.4443 -0.8844 -0.1432
vn 0.4446 -0.8650 -0.2327
vn 0.4455 0.4723 -0.7605
vn 0.4465 0.1321 -0.8850
vn 0.4487 0.1120 -0.8867
vn 0.4496 -0.7873 0.4219
vn 0.4498 -0.0039 0.8931
vn 0.4532 -0.8888 0.0683
vn 0.4548 0.0110 0.8905
vn 0.4550 -0.6479 0.6109
vn 0.4551 -0.8900 -0.0290
vn 0.4567 0.5249 -0.7183
vn 0.4568 0.4771 -0.7508
vn 0.4571 -0.8742 -0.1641
vn 0.4610 0.0015 0.8874
vn 0.4633 -0.7572 -0.4605
vn 0.4637 -0.1847 0.8665
vn 0.4651 0.5770 0.6714
vn 0.4652 0.6224 0.6295
vn 0.4655 0.6282 -0.6235
vn 0.4664 -0.7474 -0.4732
vn 0.4673 -0.8835 -0.0318
vn 0.4682 -0.8764 0.1129
vn 0.4687 0.7255 0.5040
vn 0.4692 0.4495 -0.7601
vn 0.4711 -0.2932 0.8320
vn 0.4718 -0.3785 0.7963
vn 0.4743 -0.7703 0.4263
vn 0.4748 0.8569 0.2007
vn 0.4769 0.5883 0.6531
vn 0.4775 -0.7374 0.4778
vn 0.4776 0.5128 -0.7133
vn 0.4779 0.0470 0.8772
vn 0.4782 0.3293 0.8141
vn 0.4784 -0.8688 -0.1275
vn 0.4789 0.8647 0.1517
vn 0.4793 -0.5065 0.7167
vn 0.4799 0.5013 -0.7200
vn 0.4811 -0.8494 -0.2170
vn 0.4811 0.7932 0.3734
vn 0.4817 -0.8442 0.2352
vn 0.4820 -0.1887 -0.8556
vn 0.4820 0.6102 0.6288
vn 0.4820 0.7405 -0.4685
vn 0.4820 0.8578 0.1783
vn 0.4825 -0.8381 0.2546
vn 0.4826 -0.7984 0.3601
vn 0.4845 0.2386 -0.8416
vn 0.4847 -0.3314 0.8095
vn 0.4853 -0.8736 -0.0368
vn 0.4855 0.7121 -0.5072
vn 0.4874 0.3533 0.7985
vn 0.4887 0.2382 -0.8393
vn 0.4904 -0.3574 -0.7948
vn 0.4913 -0.7963 -0.3528
vn 0.4915 0.8474 0.2011
vn 0.4917 -0.7825 0.3820
vn 0.4928 -0.3552 -0.7943
vn 0.4957 -0.2607 -0.8284
vn 0.4961 -0.8368 -0.2315
vn 0.4967 -0.2546 -0.8297
vn 0.4970 -0.6927 -0.5226
vn 0.4971 0.8359 0.2326
vn 0.4975 0.0786 0.8639
vn 0.4983 -0.6095 0.6166
vn 0.4985 0.0245 0.8665
vn 0.4989 -0.8620 -0.0898
vn 0.4998 0.5047 -0.7039
vn 0.5011 0.8654 -0.0054
vn 0.5012 0.0238 0.8650
vn 0.5015 0.6659 0.5524
vn 0.5037 0.0242 0.8636
vn 0.5041 0.8627 0.0419
vn 0.5047 -0.2365 -0.8303
vn 0.5048 -0.8381 0.2067
vn 0.5048 -0.6990 0.5065
vn 0.5048 0.8544 0.1233
vn 0.5049 -0.8392 -0.2019
vn 0.5059 -0.7473 0.4308
vn 0.5061 -0.8402 -0.1946
vn 0.5061 -0.6782 -0.5328
vn 0.5079 0.1916 -0.8398
vn 0.5081 -0.3386 -0.7920
vn 0.5083 -0.0246 0.8608
vn 0.5089 -0.5014 0.6997
vn 0.5099 0.7144 0.4792
vn 0.5103 -0.1316 -0.8499
vn 0.5121 0.2432 -0.8238
vn 0.5124 0.7801 -0.3591
vn 0.5127 -0.6332 0.5798
vn 0.5134 0.8386 0.1821
vn 0.5134 0.8580 0.0146
vn 0.5135 0.7538 0.4100
vn 0.5137 -0.2693 -0.8146
vn 0.5147 -0.8570 -0.0255
vn 0.5159 -0.3125 0.7976
vn 0.5165 -0.8476 0.1221
vn 0.5171 -0.4340 0.7378
vn 0.5180 0.7877 0.3336
vn 0.5182 0.7521 -0.4072
vn 0.5185 -0.8513 0.0797
vn 0.5189 -0.8466 -0.1180
vn 0.5193 0.2200 -0.8258
vn 0.5202 0.5477 -0.6553
vn 0.5203 -0.8048 0.2858
vn 0.5208 -0.8418 -0.1423
vn 0.5212 -0.6091 0.5978
vn 0.5224 -0.8523 -0.0257
vn 0.5237 0.8178 0.2386
vn 0.5255 -0.7123 0.4652
vn 0.5258 -0.4201 -0.7396
vn 0.5265 -0.5069 0.6825
vn 0.5274 0.6699 0.5226
vn 0.5278 -0.7550 -0.3890
vn 0.5280 0.4033 -0.7474
vn 0.5280 0.8438 0.0960
vn 0.5285 -0.4396 0.7262
vn 0.5289 0.3483 -0.7739
vn 0.5292 0.0334 -0.8478
vn 0.5294 -0.8163 0.2311
vn 0.5296 -0.3668 -0.7649
vn 0.5312 -0.6875 -0.4952
vn 0.5313 -0.8232 -0.2002
vn 0.5318 0.7888 0.3081
vn 0.5324 0.1187 0.8381
vn 0.5326 0.7914 0.2999
vn 0.5329 -0.8300 0.1648
vn 0.5330 0.6343 -0.5600
vn 0.5332 -0.6828 -0.4996
vn 0.5332 -0.2572 -0.8060
vn 0.5336 0.8370 0.1215
vn 0.5348 0.3438 -0.7719
vn 0.5349 0.8449 -0.0018
vn 0.5350 -0.7578 0.3736
vn 0.5356 0.6364 -0.5552
vn 0.5358 0.3595 -0.7640
vn 0.5360 0.7730 -0.3393
vn 0.5366 0.8430 -0.0367
vn 0.5387 0.7943 0.2810
vn 0.5389 0.8159 0.2093
vn 0.5397 -0.6424 0.5440
vn 0.5400 0.6379 -0.5490
vn 0.5401 0.2327 -0.8088
vn 0.5412 0.2153 -0.8129
vn 0.5412 0.8317 -0.1243
vn 0.5414 -0.7672 0.3440
vn 0.5416 -0.8212 0.1799
vn 0.5430 -0.4106 0.7325
vn 0.5440 0.3243 -0.7739
vn 0.5441 -0.6878 -0.4804
vn 0.5445 -0.6989 -0.4638
vn 0.5453 -0.8353 0.0703
vn 0.5457 0.3090 0.7789
vn 0.5459 0.8111 0.2100
vn 0.5465 -0.3670 -0.7528
vn 0.5477 0.8170 -0.1807
vn 0.5491 0.0160 0.8356
vn 0.5495 0.0695 0.8326
vn 0.5508 0.1059 0.8279
vn 0.5517 -0.7371 -0.3902
vn 0.5519 -0.7968 0.2461
vn 0.5519 0.1009 0.8278
vn 0.5530 -0.8273 0.0985
vn 0.5548 -0.2844 -0.7818
vn 0.5549 -0.8221 -0.1273
vn 0.5549 -0.7014 -0.4475
vn 0.5558 -0.8270 -0.0851
vn 0.5559 0.3566 -0.7508
vn 0.5567 0.7823 0.2796
vn 0.5568 0.8078 -0.1936
vn 0.5589 0.5496 0.6209
vn 0.5592 0.7795 0.2825
vn 0.5605 -0.3017 -0.7712
vn 0.5609 0.2121 -0.8002
vn 0.5610 0.8022 0.2045
vn 0.5627 -0.4220 0.7109
vn 0.5637 0.8202 0.0976
vn 0.5638 -0.7127 -0.4173
vn 0.5638 0.8214 0.0860
vn 0.5646 -0.7140 -0.4140
vn 0.5649 -0.7930 0.2282
vn 0.5650 -0.4377 0.6994
vn 0.5659 -0.6983 0.4383
vn 0.5666 0.3152 0.7613
vn 0.5674 -0.4059 -0.7165
vn 0.5687 0.0370 0.8217
vn 0.5691 0.7755 0.2732
vn 0.5692 -0.5812 0.5816
vn 0.5711 -0.4628 -0.6779
vn 0.5712 -0.1003 -0.8146
vn 0.5714 0.7362 0.3626
vn 0.5716 0.0581 -0.8185
vn 0.5723 -0.7908 0.2170
vn 0.5724 0.8154 -0.0865
vn 0.5735 0.7468 0.3368
vn 0.5741 -0.0161 0.8186
vn 0.5767 -0.4373 0.6900
vn 0.5771 0.3860 -0.7197
vn 0.5799 -0.7211 -0.3791
vn 0.5802 -0.5267 0.6212
vn 0.5804 -0.4994 0.6432
vn 0.5808 -0.0117 0.8140
vn 0.5820 0.1322 -0.8024
vn 0.5835 -0.0015 0.8121
vn 0.5841 -0.6021 0.5443
vn 0.5846 0.2337 -0.7769
vn 0.5859 0.1877 -0.7883
vn 0.5860 0.1350 -0.7990
vn 0.5878 0.3298 0.7387
vn 0.5881 0.7809 0.2105
vn 0.5901 0.8073 0.0050
vn 0.5903 -0.7101 -0.3838
vn 0.5914 -0.7977 -0.1176
vn 0.5926 0.2257 -0.7732
vn 0.5927 -0.7199 -0.3611
vn 0.5933 0.7893 0.1584
vn 0.5963 0.7611 0.2552
vn 0.5973 -0.2634 -0.7576
vn 0.5979 0.6423 -0.4795
vn 0.5981 -0.6268 0.4993
vn 0.5986 -0.7517 0.2767
vn 0.5991 0.7757 0.1983
vn 0.6005 -0.0121 0.7995
vn 0.6007 0.7435 0.2937
vn 0.6008 0.7962 0.0717
vn 0.6014 0.7914 0.1098
vn 0.6017 0.7431 0.2928
vn 0.6019 0.7972 -0.0473
vn 0.6047 -0.6373 0.4777
vn 0.6050 -0.5023 -0.6178
vn 0.6051 -0.7395 0.2949
vn 0.6061 0.6290 0.4868
vn 0.6097 0.2056 -0.7655
vn 0.6106 0.2336 -0.7567
vn 0.6110 -0.7889 -0.0654
vn 0.6121 0.7383 -0.2834
vn 0.6129 0.7351 0.2900
vn 0.6140 -0.7439 -0.2637
vn 0.6143 -0.7665 0.1871
vn 0.6157 -0.7612 0.2037
vn 0.6158 -0.7345 -0.2851
vn 0.6160 0.0211 0.7875
vn 0.6162 0.1748 -0.7679
vn 0.6173 0.0059 -0.7867
vn 0.6204 0.3367 0.7084
vn 0.6206 -0.7817 -0.0620
vn 0.6207 -0.4040 -0.6720
vn 0.6208 -0.7385 -0.2630
vn 0.6217 -0.5339 0.5731
vn 0.6218 -0.6674 0.4097
vn 0.6221 0.6030 0.4994
vn 0.6228 0.4235 0.6579
vn 0.6249 0.1719 -0.7615
vn 0.6252 0.1403 -0.7678
vn 0.6257 -0.7411 -0.2436
vn 0.6262 0.2382 0.7424
vn 0.6266 -0.6726 0.3938
vn 0.6271 0.0728 -0.7755
vn 0.6271 0.7284 0.2761
vn 0.6272 0.6895 -0.3621
vn 0.6287 -0.6509 0.4255
vn 0.6294 -0.5171 0.5801
vn 0.6303 0.6383 0.4420
vn 0.6311 0.0998 -0.7693
vn 0.6332 -0.0544 -0.7720
vn 0.6371 -0.1853 -0.7482
vn 0.6387 -0.4005 -0.6570
vn 0.6394 0.0606 0.7665
vn 0.6399 0.4533 -0.6205
vn 0.6416 -0.2718 -0.7173
vn 0.6423 -0.7324 0.2260
vn 0.6439 0.6998 -0.3093
vn 0.6463 -0.5521 0.5268
vn 0.6466 -0.2777 -0.7105
vn 0.6469 -0.6522 0.3951
vn 0.6471 0.3478 -0.6785
vn 0.6486 -0.5707 0.5036
vn 0.6490 0.0009 0.7608
vn 0.6491 -0.6084 0.4567
vn 0.6504 0.1238 -0.7494
vn 0.6507 -0.7590 -0.0236
vn 0.6515 0.0650 0.7559
vn 0.6525 -0.6086 0.4515
vn 0.6533 0.7385 0.1667
vn 0.6538 0.7510 -0.0927
vn 0.6540 0.1830 -0.7340
vn 0.6558 -0.7449 -0.1224
vn 0.6561 0.7354 0.1691
vn 0.6577 -0.0273 0.7528
vn 0.6582 0.0581 -0.7506
vn 0.6595 0.7501 0.0497
vn 0.6599 0.3061 0.6861
vn 0.6601 0.4925 0.5672
vn 0.6613 0.7255 0.1905
vn 0.6619 0.1573 -0.7329
vn 0.6622 0.0644 -0.7466
vn 0.6625 0.1460 -0.7347
vn 0.6642 -0.7334 0.1448
vn 0.6642 0.7066 -0.2439
vn 0.6647 -0.7101 0.2324
vn 0.6661 -0.7452 0.0315
vn 0.6667 -0.7407 -0.0830
vn 0.6670 -0.7433 -0.0510
vn 0.6681 0.7426 0.0466
vn 0.6693 -0.7398 0.0690
vn 0.6715 -0.3993 -0.6242
vn 0.6719 -0.6088 0.4218
vn 0.6748 0.6161 0.4062
vn 0.6757 -0.6921 0.2537
vn 0.6763 -0.6151 0.4052
vn 0.6770 -0.0257 0.7355
vn 0.6777 0.5563 0.4809
vn 0.6778 0.6973 0.2333
vn 0.6805 -0.0172 0.7326
vn 0.6850 0.1710 -0.7082
vn 0.6857 0.7180 -0.1200
vn 0.6860 0.7237 0.0753
vn 0.6879 -0.7257 -0.0135
vn 0.6888 0.1712 -0.7045
vn 0.6903 -0.2836 0.6657
vn 0.6905 0.7190 -0.0789
vn 0.6908 -0.3882 0.6100
vn 0.6920 -0.6832 0.2334
vn 0.6927 -0.2548 -0.6748
vn 0.6928 0.6061 0.3907
vn 0.6940 0.0751 -0.7161
vn 0.6952 -0.7175 0.0430
vn 0.6953 0.2155 -0.6856
vn 0.6954 0.7100 -0.1110
vn 0.6959 0.6974 0.1710
vn 0.6964 0.0282 0.7171
vn 0.6999 0.7104 0.0734
vn 0.7002 -0.7047 0.1145
vn 0.7016 0.3226 0.6354
vn 0.7017 -0.1707 -0.6917
vn 0.7019 0.7110 0.0433
vn 0.7020 -0.6942 0.1589
vn 0.7021 0.2324 -0.6731
vn 0.7028 0.4623 -0.5407
vn 0.7081 -0.1744 -0.6843
vn 0.7089 0.6850 0.1679
vn 0.7101 0.6719 0.2104
vn 0.7103 0.3891 0.5866
vn 0.7110 0.6880 -0.1455
vn 0.7122 0.0636 -0.6991
vn 0.7126 0.6702 0.2075
vn 0.7147 0.6988 -0.0301
vn 0.7158 0.0209 0.6980
vn 0.7158 0.0591 -0.6958
vn 0.7166 -0.4011 -0.5707
vn 0.7177 -0.6416 0.2705
vn 0.7208 0.1888 -0.6670
vn 0.7232 0.6885 -0.0543
vn 0.7241 0.5760 0.3793
vn 0.7247 0.2122 -0.6556
vn 0.7250 0.6851 -0.0707
vn 0.7258 0.6799 -0.1046
vn 0.7273 0.4900 -0.4806
vn 0.7330 -0.3764 -0.5667
vn 0.7354 0.0978 0.6706
vn 0.7369 0.4140 -0.5344
vn 0.7390 -0.2758 -0.6147
vn 0.7393 0.6687 0.0791
vn 0.7413 -0.6411 -0.1988
vn 0.7422 -0.2189 -0.6334
vn 0.7432 0.6690 0.0093
vn 0.7447 0.6371 0.1989
vn 0.7453 0.2135 -0.6316
vn 0.7479 0.4692 0.4696
vn 0.7483 0.0860 -0.6577
vn 0.7494 -0.3381 -0.5694
vn 0.7504 0.1366 -0.6467
vn 0.7510 -0.2584 -0.6077
vn 0.7526 0.4079 -0.5170
vn 0.7529 -0.2064 -0.6249
vn 0.7529 0.6480 -0.1145
vn 0.7541 0.0399 0.6555
vn 0.7551 0.6531 -0.0567
vn 0.7561 0.6419 0.1277
vn 0.7564 0.6541 0.0028
vn 0.7572 0.6488 -0.0758
vn 0.7577 0.5543 0.3443
vn 0.7579 0.4034 -0.5127
vn 0.7580 0.1370 -0.6377
vn 0.7586 -0.0424 0.6502
vn 0.7588 -0.3201 -0.5673
vn 0.7589 0.1704 -0.6285
vn 0.7595 0.1950 -0.6206
vn 0.7600 0.1431 -0.6340
vn 0.7606 0.6133 0.2127
vn 0.7614 0.1801 -0.6228
vn 0.7614 0.5016 0.4107
vn 0.7632 0.6439 -0.0542
vn 0.7634 0.6459 -0.0048
vn 0.7663 0.6193 -0.1708
vn 0.7699 -0.0082 -0.6381
vn 0.7704 0.0309 0.6368
vn 0.7736 -0.0180 0.6335
vn 0.7750 0.2562 -0.5777
vn 0.7764 0.6110 -0.1546
vn 0.7772 -0.6286 -0.0291
vn 0.7774 -0.6170 -0.1221
vn 0.7777 0.4236 -0.4644
vn 0.7797 0.4612 -0.4235
vn 0.7803 -0.3173 -0.5389
vn 0.7805 -0.0312 0.6244
vn 0.7806 0.6251 -0.0001
vn 0.7809 -0.3381 -0.5252
vn 0.7822 -0.0430 -0.6215
vn 0.7827 0.1562 -0.6025
vn 0.7849 0.1731 -0.5949
vn 0.7859 -0.5972 0.1604
vn 0.7896 0.5744 0.2158
vn 0.7903 -0.3512 -0.5021
vn 0.7903 0.5598 0.2490
vn 0.7914 -0.0270 0.6107
vn 0.7942 -0.2284 -0.5630
vn 0.7943 0.5818 -0.1749
vn 0.7970 0.5032 0.3341
vn 0.7986 0.1684 -0.5778
vn 0.7992 0.5695 -0.1922
vn 0.7999 0.4997 0.3325
vn 0.8020 0.0967 -0.5894
vn 0.8054 0.5923 -0.0209
vn 0.8063 -0.4621 -0.3692
vn 0.8066 -0.0239 0.5906
vn 0.8084 -0.3230 -0.4921
vn 0.8086 0.1265 -0.5745
vn 0.8091 -0.1506 -0.5681
vn 0.8092 0.1711 -0.5621
vn 0.8102 -0.0189 0.5859
vn 0.8119 0.4823 0.3290
vn 0.8122 0.5816 -0.0458
vn 0.8134 0.2117 -0.5418
vn 0.8140 -0.5323 -0.2327
vn 0.8142 0.0010 0.5806
vn 0.8156 0.2003 -0.5428
vn 0.8160 -0.1889 -0.5463
vn 0.8160 0.4772 0.3262
vn 0.8165 0.1888 -0.5456
vn 0.8168 -0.0383 -0.5757
vn 0.8182 -0.4708 -0.3299
vn 0.8187 0.1976 -0.5391
vn 0.8192 0.5635 -0.1062
vn 0.8200 0.0806 -0.5667
vn 0.8205 0.5495 -0.1573
vn 0.8210 -0.4338 0.3712
vn 0.8230 0.1478 -0.5484
vn 0.8248 0.5645 0.0321
vn 0.8249 0.4478 0.3449
vn 0.8255 -0.3154 -0.4680
vn 0.8258 0.5431 -0.1521
vn 0.8260 -0.5578 -0.0816
vn 0.8269 0.0528 -0.5598
vn 0.8270 -0.4969 -0.2629
vn 0.8273 0.0541 0.5592
vn 0.8276 0.4457 0.3413
vn 0.8294 0.3673 0.4209
vn 0.8296 0.1609 -0.5347
vn 0.8299 0.0041 0.5579
vn 0.8308 -0.3122 -0.4607
vn 0.8318 -0.0211 0.5546
vn 0.8325 -0.3245 -0.4490
vn 0.8331 -0.4595 -0.3080
vn 0.8347 -0.5479 -0.0559
vn 0.8359 0.5095 -0.2043
vn 0.8373 -0.1355 -0.5296
vn 0.8394 0.5346 -0.0983
vn 0.8401 -0.0185 0.5421
vn 0.8411 -0.2676 -0.4701
vn 0.8419 0.5334 -0.0816
vn 0.8446 0.2820 0.4550
vn 0.8472 -0.1830 -0.4988
vn 0.8477 0.4645 -0.2562
vn 0.8484 0.5197 0.1006
vn 0.8496 0.4404 -0.2902
vn 0.8543 0.5148 0.0721
vn 0.8545 -0.2523 -0.4541
vn 0.8563 0.1278 -0.5005
vn 0.8597 0.4077 0.3077
vn 0.8598 -0.0126 -0.5105
vn 0.8599 -0.3056 -0.4089
vn 0.8607 -0.0054 -0.5090
vn 0.8638 -0.0555 -0.5008
vn 0.8710 -0.0095 0.4912
vn 0.8727 -0.2302 -0.4305
vn 0.8728 -0.1658 -0.4591
vn 0.8737 0.1650 -0.4576
vn 0.8740 0.1571 -0.4599
vn 0.8744 -0.4823 -0.0530
vn 0.8771 -0.0030 0.4802
vn 0.8771 0.4783 -0.0436
vn 0.8786 0.2004 -0.4334
vn 0.8789 -0.3309 -0.3437
vn 0.8801 0.4736 0.0317
vn 0.8802 0.4732 0.0359
vn 0.8835 0.4638 -0.0658
vn 0.8841 0.0103 -0.4672
vn 0.8862 0.4511 -0.1060
vn 0.8877 0.1932 -0.4178
vn 0.8882 0.2559 -0.3817
vn 0.8888 0.1887 -0.4176
vn 0.8892 0.1925 -0.4150
vn 0.8907 -0.4271 -0.1557
vn 0.8908 0.0072 0.4543
vn 0.8919 0.4519 -0.0173
vn 0.8927 0.3729 0.2532
vn 0.8939 0.1604 -0.4187
vn 0.8977 -0.0101 0.4405
vn 0.9000 0.1911 -0.3918
vn 0.9015 0.0141 -0.4327
vn 0.9021 0.1499 -0.4046
vn 0.9037 -0.0891 0.4189
vn 0.9042 -0.0778 -0.4199
vn 0.9054 0.0709 0.4186
vn 0.9055 0.1658 -0.3905
vn 0.9065 0.4216 -0.0238
vn 0.9067 0.0555 -0.4182
vn 0.9067 0.1660 -0.3877
vn 0.9071 0.1483 -0.3939
vn 0.9096 0.1523 -0.3866
vn 0.9099 0.1243 0.3957
vn 0.9112 0.3189 0.2609
vn 0.9143 0.1607 -0.3719
vn 0.9144 -0.2311 -0.3324
vn 0.9156 -0.4014 -0.0212
vn 0.9175 0.3935 0.0584
vn 0.9199 0.2970 -0.2560
vn 0.9206 0.3152 0.2307
vn 0.9214 -0.2254 -0.3167
vn 0.9218 0.1680 -0.3493
vn 0.9249 0.1493 0.3496
vn 0.9251 0.1788 -0.3350
vn 0.9258 0.3677 -0.0875
vn 0.9267 0.3753 0.0186
vn 0.9288 0.2093 -0.3057
vn 0.9345 0.0701 0.3490
vn 0.9357 0.0734 -0.3452
vn 0.9359 -0.0291 0.3510
vn 0.9359 0.1031 -0.3367
vn 0.9367 0.2827 0.2065
vn 0.9380 0.1775 -0.2977
vn 0.9388 0.3328 0.0894
vn 0.9403 -0.2798 -0.1937
vn 0.9412 0.1321 -0.3110
vn 0.9422 0.1818 -0.2815
vn 0.9431 -0.0410 0.3301
vn 0.9436 0.0361 -0.3292
vn 0.9462 0.1090 -0.3046
vn 0.9467 0.0825 0.3113
vn 0.9479 0.1470 -0.2827
vn 0.9481 -0.2779 -0.1547
vn 0.9484 -0.0839 0.3058
vn 0.9486 0.3111 0.0578
vn 0.9550 0.1435 -0.2597
vn 0.9563 0.0692 -0.2840
vn 0.9566 -0.2280 -0.1813
vn 0.9581 0.1500 -0.2442
vn 0.9582 0.2695 -0.0960
vn 0.9583 -0.0085 -0.2855
vn 0.9588 0.1598 -0.2349
vn 0.9589 -0.1196 -0.2572
vn 0.9591 0.2724 0.0767
vn 0.9616 -0.2670 -0.0634
vn 0.9621 -0.1793 0.2054
vn 0.9622 -0.1825 0.2022
vn 0.9623 0.2336 0.1393
vn 0.9629 0.2697 0.0091
vn 0.9646 0.1379 -0.2250
vn 0.9647 -0.2067 -0.1630
vn 0.9650 0.1452 -0.2182
vn 0.9684 -0.2489 0.0169
vn 0.9695 0.1101 -0.2192
vn 0.9699 0.1252 -0.2088
vn 0.9702 -0.0609 -0.2346
vn 0.9707 -0.0875 0.2236
vn 0.9718 0.1364 -0.1923
vn 0.9721 0.1575 -0.1736
vn 0.9722 -0.1806 0.1490
vn 0.9724 0.1519 -0.1769
vn 0.9750 0.1377 -0.1744
vn 0.9773 -0.1642 -0.1338
vn 0.9773 -0.1030 -0.1851
vn 0.9774 0.0878 -0.1923
vn 0.9775 -0.1596 0.1382
vn 0.9787 -0.1355 0.1545
vn 0.9787 0.0631 -0.1954
vn 0.9806 0.1192 -0.1557
vn 0.9808 0.1095 0.1616
vn 0.9808 0.1948 0.0085
vn 0.9810 0.0112 -0.1935
vn 0.9813 0.0174 -0.1919
vn 0.9814 0.0232 0.1908
vn 0.9815 0.0798 -0.1740
vn 0.9822 -0.1796 0.0554
vn 0.9827 0.0453 -0.1796
vn 0.9829 0.1190 -0.1403
vn 0.9832 0.1233 0.1344
vn 0.9837 0.1149 0.1386
vn 0.9838 -0.1287 0.1246
vn 0.9839 0.0579 0.1689
vn 0.9849 -0.1702 -0.0309
vn 0.9850 0.1486 -0.0876
vn 0.9853 0.0215 -0.1696
vn 0.9856 0.1391 -0.0963
vn 0.9862 -0.1585 -0.0473
vn 0.9862 0.0118 -0.1651
vn 0.9864 0.0742 0.1467
vn 0.9866 0.0088 -0.1627
vn 0.9871 -0.1391 -0.0796
vn 0.9877 -0.1515 0.0378
vn 0.9877 0.1493 0.0473
vn 0.9878 -0.1552 0.0142
vn 0.9888 0.1489 -0.0078
vn 0.9890 0.0899 -0.1177
vn 0.9896 0.1389 0.0376
vn 0.9906 0.1316 -0.0375
vn 0.9907 0.0786 0.1112
vn 0.9909 0.1346 0.0003
vn 0.9914 0.1231 0.0443
vn 0.9917 0.0454 0.1199
vn 0.9923 0.1238 0.0075
vn 0.9925 0.1222 -0.0010
vn 0.9931 0.1018 0.0585
vn 0.9936 0.0721 -0.0872
vn 0.9944 0.0412 0.0977
vn 0.9947 0.0936 -0.0415
vn 0.9953 0.0960 0.0083
vn 0.9960 0.0775 0.0440
vn 0.9962 0.0864 -0.0081
vn 0.9973 0.0658 0.0339
vn 0.9977 0.0436 -0.0511
vn 0.9979 0.0540 -0.0356
vn 0.9979 0.0613 0.0197
vn 0.9982 0.0596 0.0102
vn 0.9995 -0.0303 -0.0039
vn 0.9997 0.0252 0.0082
vn 0.9999 -0.0079 0.0064
g part_0
usemtl Nylon_12_(with_Formlabs_Fuse_1_3D_Printer)
f 298//1934 2//2058 231//2018
f 11//1235 1//1279 6//1156
f 21//2912 13//2967 15//2971
f 13//2967 21//2912 14//2939
f 13//2731 14//2428 16//2444
f 15//2971 13//2967 19//2941
f 19//2941 20//2898 15//2971
f 18//2460 13//2731 16//2475
f 27//2528 19//2733 13//2731
f 17//2885 14//2939 21//2912
f 18//2460 16//2444 25//1990
f 18//2460 27//2528 13//2731
f 16//2886 14//2939 17//2910
f 22//2083 17//2814 21//2292
f 23//2862 20//2898 19//2941
f 16//2830 17//2910 22//2860
f 25//1990 16//2444 49//1897
f 15//1872 20//1762 26//1832
f 27//2915 23//2862 19//2941
f 18//2460 34//1969 27//2509
f 33//2337 49//1897 16//2475
f 15//1872 26//1832 21//1924
f 31//2866 23//2862 27//2915
f 22//2860 28//2826 16//2830
f 16//2667 28//2803 33//2463
f 24//2823 31//2876 27//2858
f 22//2855 29//2787 28//2835
f 22//2027 21//1924 26//1832
f 34//1969 18//2460 25//1990
f 23//2862 31//2819 30//2681
f 26//1832 61//1829 35//1991
f 29//2146 26//1832 36//2123
f 39//1395 25//1990 49//1897
f 33//2774 28//2835 29//2787
f 26//1832 23//1492 41//1726
f 34//1969 24//2354 27//2509
f 32//2199 24//2354 34//1969
f 32//2812 31//2876 24//2823
f 30//2813 31//2876 32//2812
f 26//1832 20//1762 23//1492
f 34//1969 25//1990 39//1395
f 33//2774 29//2787 36//2789
f 37//2775 30//2813 32//2812
f 29//2146 22//2027 26//1832
f 50//1609 32//2199 34//1969
f 23//1492 30//1335 41//1726
f 49//1897 33//2337 38//2073
f 42//2791 33//2774 36//2789
f 44//1116 48//1347 30//1335
f 43//1090 30//1335 37//1025
f 43//1090 44//1116 30//1335
f 43//628 37//1172 32//1172
f 34//1969 39//1395 46//1325
f 50//1186 43//1249 32//1141
f 48//1347 41//1726 30//1335
f 36//2123 26//1832 35//1991
f 36//2123 47//2449 42//2479
f 33//2778 42//2791 47//2757
f 45//1234 43//1249 50//1537
f 45//480 44//488 43//628
f 34//1969 46//1325 50//1575
f 41//1726 61//1829 26//1832
f 36//2123 35//1991 47//2449
f 44//488 45//480 51//550
f 51//1026 45//1234 50//1371
f 51//550 48//562 44//488
f 33//2778 47//2757 38//2753
f 40//1304 46//1325 39//1395
f 46//1325 52//1218 50//1575
f 35//1991 53//2443 47//2449
f 54//597 48//562 51//550
f 41//1726 48//1347 60//1666
f 52//1218 51//1026 50//1537
f 39//1395 49//1897 66//1541
f 38//2753 47//2757 53//2752
f 52//1218 62//781 51//1026
f 54//597 60//757 48//562
f 54//597 51//550 62//640
f 46//1325 40//1304 52//1218
f 38//2753 53//2752 56//2741
f 38//2073 56//2081 49//1897
f 58//1951 53//2443 35//1991
f 56//2741 53//2752 58//2743
f 62//640 60//757 54//597
f 55//1699 41//1726 60//1666
f 59//1970 61//1829 57//1967
f 56//2741 58//2743 59//2747
f 63//710 60//757 62//640
f 63//777 55//761 60//757
f 49//1897 56//2081 75//1927
f 66//1541 49//1897 75//1927
f 64//2728 56//2741 59//2732
f 65//786 52//1218 68//1169
f 65//786 62//781 52//1218
f 66//1541 40//1304 39//1395
f 63//652 62//640 65//630
f 40//1304 68//1169 52//1218
f 61//1829 58//1951 35//1991
f 41//1726 55//1699 72//1692
f 59//1970 58//1951 61//1829
f 67//2705 56//2741 64//2724
f 77//1776 41//1726 72//1692
f 63//710 65//630 55//761
f 76//1985 57//1921 61//1829
f 64//2724 69//2699 67//2705
f 75//1927 56//2081 67//2103
f 64//2671 59//2710 57//2546
f 65//786 68//1169 71//767
f 71//671 55//761 65//630
f 71//671 72//818 55//761
f 66//1541 84//1381 40//1304
f 77//1776 61//1829 41//1726
f 57//2124 69//2539 64//2671
f 70//1854 72//1692 71//1854
f 57//2124 76//2216 69//2539
f 68//1169 73//1185 71//767
f 73//654 70//620 71//671
f 40//1304 73//1206 68//1169
f 70//957 79//909 72//818
f 67//2705 69//2699 76//2702
f 70//620 73//810 79//721
f 79//909 74//895 72//818
f 78//2695 67//2705 76//2696
f 82//2084 75//1927 67//2103
f 82//2670 67//2705 78//2695
f 72//1692 74//1487 77//1776
f 81//701 79//721 73//810
f 61//1829 77//1776 83//1800
f 79//909 81//807 74//895
f 78//2158 76//2003 80//1871
f 86//1468 77//1776 74//1487
f 61//1829 80//1871 76//2003
f 86//812 74//895 81//807
f 80//1871 89//2300 78//2158
f 73//663 90//679 81//650
f 83//1789 77//1776 86//1398
f 75//1927 82//2084 85//1850
f 90//1062 73//1189 87//1221
f 90//679 86//812 81//716
f 86//775 90//679 88//784
f 89//2648 82//2670 78//2695
f 88//1094 83//1283 86//1161
f 89//2300 80//1871 92//1940
f 94//2406 89//2300 92//1940
f 80//1871 61//1829 104//1851
f 85//2638 82//2670 89//2648
f 88//784 90//679 91//685
f 95//1095 90//1062 87//1221
f 91//685 90//679 95//698
f 83//1283 88//1094 91//1187
f 85//2638 89//2648 94//2635
f 93//1292 40//1304 84//1381
f 91//1187 97//1204 83//1283
f 66//1541 75//1927 85//1850
f 61//1829 83//1798 99//1817
f 95//698 98//746 91//685
f 85//2638 94//2635 100//2628
f 99//1815 83//1785 96//1260
f 92//1940 100//2302 94//2406
f 98//746 97//705 91//685
f 96//1260 83//1283 97//1204
f 87//1221 98//1086 95//1095
f 85//2638 100//2628 109//2606
f 96//755 97//705 98//746
f 85//1850 129//1704 66//1541
f 117//1922 103//2264 100//2302
f 92//1940 117//1922 100//2302
f 102//1030 99//1590 96//1260
f 129//1704 84//1381 66//1541
f 102//772 96//755 98//746
f 103//2621 109//2606 100//2628
f 80//1871 104//1851 130//1937
f 80//1871 130//1937 101//1900
f 115//2014 85//1850 109//2329
f 102//772 98//746 105//838
f 129//1704 122//1407 84//1381
f 129//1704 85//1850 115//1939
f 104//1851 61//1829 99//1817
f 107//2622 109//2606 103//2621
f 80//1871 101//1900 92//1940
f 106//1053 99//1265 102//1030
f 106//1053 102//832 105//838
f 105//1051 98//1086 87//1221
f 106//1745 104//1851 99//1816
f 107//2359 103//2264 117//1922
f 110//2605 109//2633 107//2622
f 108//955 106//1053 105//838
f 106//1745 111//1787 104//1851
f 110//2429 115//2317 109//2524
f 111//1011 106//1053 108//955
f 118//1106 112//871 105//1051
f 112//906 111//990 108//955
f 87//1221 118//1106 105//1051
f 114//2441 115//2317 110//2429
f 112//906 108//955 105//838
f 110//2605 107//2548 116//2500
f 107//2359 117//1922 116//2095
f 84//1381 122//1407 93//1292
f 113//1835 104//1851 111//1787
f 112//871 118//1106 120//869
f 40//1304 87//1221 73//1206
f 116//2567 114//2590 110//2605
f 115//2014 114//2382 127//2234
f 119//999 111//1011 112//906
f 119//1108 113//1248 111//1099
f 130//1937 104//1851 113//1835
f 116//2567 121//2588 114//2590
f 120//804 119//985 112//906
f 121//2586 127//2535 114//2598
f 124//1077 113//1248 119//999
f 119//985 120//804 124//903
f 123//1087 120//869 118//1106
f 174//1196 123//1096 118//1106
f 116//2263 131//2235 121//2581
f 113//1248 124//1077 125//1020
f 150//1498 122//1407 129//1704
f 125//1849 130//1937 113//1835
f 124//816 120//804 123//774
f 135//1926 115//2014 127//2234
f 124//816 123//769 126//853
f 127//2535 121//2586 131//2550
f 134//2041 101//1900 130//1937
f 117//1922 152//1989 116//2047
f 125//981 124//903 126//971
f 116//2067 152//1989 131//2096
f 142//773 126//858 123//769
f 174//1196 118//1106 87//1221
f 142//908 125//981 126//971
f 135//1884 129//1704 115//1939
f 133//2040 131//2069 152//1989
f 135//2497 127//2535 131//2550
f 142//825 128//975 125//940
f 130//1937 125//1849 128//1892
f 123//1096 138//1022 142//920
f 87//1221 40//1304 93//1292
f 131//2550 132//2537 135//2497
f 134//2041 130//1937 144//2121
f 133//2527 132//2551 131//2565
f 137//1097 136//1061 128//973
f 142//825 137//932 128//948
f 130//1937 128//1892 136//1931
f 117//1922 92//1940 101//1900
f 93//1292 174//1196 87//1221
f 130//1937 146//1963 144//2121
f 140//890 137//932 142//825
f 139//2504 135//2430 132//2482
f 137//965 140//966 136//1061
f 140//966 146//1003 136//1061
f 138//1022 123//1096 174//1196
f 129//1704 135//1884 139//1867
f 133//2527 139//2520 132//2551
f 133//2527 143//2542 139//2510
f 153//730 140//800 142//896
f 150//1498 141//1377 122//1407
f 143//2054 133//2040 152//1989
f 130//1937 136//1931 146//1963
f 140//966 153//921 146//1003
f 146//1963 145//2129 144//2121
f 151//2088 143//2054 152//1989
f 143//2542 149//2502 139//2510
f 143//2542 151//2488 149//2502
f 148//2065 151//2088 152//1989
f 154//961 146//1003 153//819
f 154//1015 145//969 146//1003
f 117//1922 101//1900 152//1989
f 162//1814 129//1704 139//1867
f 93//1292 122//1407 141//1377
f 150//1498 129//1704 157//1557
f 144//2121 145//2129 147//2098
f 162//2451 139//2510 149//2502
f 156//1743 147//2098 145//2113
f 149//2502 151//2488 162//2474
f 142//913 155//764 153//741
f 145//884 154//817 153//819
f 166//689 153//741 155//764
f 159//836 145//934 153//865
f 153//723 166//718 159//836
f 151//2488 165//2467 162//2474
f 161//1320 156//1643 145//1655
f 158//1779 147//2098 156//1743
f 151//2488 169//2440 165//2467
f 161//943 145//934 159//836
f 161//1060 158//937 156//1320
f 129//1704 162//1814 157//1557
f 169//2213 151//2088 148//2065
f 134//2041 152//1989 101//1900
f 167//2076 147//2098 158//1779
f 158//799 161//846 159//836
f 158//162 159//162 166//162
f 164//1975 162//1837 165//2154
f 164//1791 157//1557 162//1812
f 142//920 138//1022 190//882
f 144//2121 147//2098 167//2076
f 155//764 190//882 172//703
f 93//1292 141//1377 187//1284
f 167//877 158//883 166//821
f 172//856 167//877 166//821
f 155//764 172//703 166//689
f 167//2076 170//2138 144//2121
f 177//2033 148//2065 152//1989
f 167//877 171//834 170//977
f 138//1022 174//1196 168//1031
f 187//1284 174//1196 93//1292
f 134//2041 144//2121 160//2128
f 190//882 180//732 172//703
f 172//856 171//834 167//877
f 176//1913 164//1975 165//2154
f 165//2467 169//2440 176//2405
f 170//2138 179//2140 144//2121
f 170//886 171//834 172//856
f 190//882 155//764 142//920
f 160//2128 152//1989 134//2041
f 182//2306 169//2213 175//2221
f 163//2077 208//2131 177//2033
f 180//847 170//886 172//856
f 178//1313 179//1493 170//1321
f 169//2213 148//2065 175//2221
f 160//2128 163//2077 152//1989
f 180//847 178//881 170//886
f 182//2401 176//2405 169//2440
f 152//1989 163//2077 177//2033
f 179//2140 188//2149 144//2121
f 178//1313 183//1354 179//1493
f 183//1354 188//2112 179//2099
f 148//2065 181//2152 175//2221
f 176//1913 157//1557 164//1866
f 184//1200 183//1354 178//1313
f 178//1014 185//954 184//1200
f 185//820 178//881 180//847
f 182//2401 189//2355 176//2405
f 182//2306 175//2221 181//2152
f 177//2033 181//2152 148//2065
f 173//2193 144//2121 188//2149
f 181//2152 186//2287 182//2248
f 185//1173 183//1354 184//1200
f 173//2193 160//2128 144//2121
f 173//2193 188//2149 191//2133
f 199//684 185//820 180//847
f 168//1031 174//1196 192//1130
f 185//1173 188//1299 183//1354
f 189//1838 157//1557 176//1913
f 189//2290 182//2401 196//2362
f 196//2362 182//2410 186//2347
f 199//649 180//732 195//748
f 197//715 185//820 199//684
f 190//882 138//1022 168//1031
f 174//1196 187//1284 11//1235
f 141//1377 150//1498 157//1557
f 163//2077 160//2128 201//2157
f 185//1173 191//1316 188//1299
f 193//2000 191//1895 194//1341
f 185//1173 194//1341 191//1316
f 173//2193 191//2133 193//2023
f 198//1142 194//1341 185//1173
f 197//737 198//1035 185//954
f 193//2000 194//1341 198//1345
f 202//2190 189//2290 196//2388
f 196//2380 186//2334 202//2285
f 198//1267 200//1275 193//1602
f 193//2023 205//2060 173//2193
f 157//1557 189//1838 203//1678
f 174//1196 11//1235 192//1130
f 190//882 195//748 180//732
f 186//2338 204//2312 202//2256
f 218//681 197//667 199//641
f 200//1146 198//1112 197//854
f 205//1988 193//2000 200//1553
f 1//1279 187//1284 141//1377
f 1//1279 11//1235 187//1284
f 1//1279 141//1377 5//1337
f 181//2152 210//2247 186//2313
f 190//882 168//1031 192//1130
f 202//2057 203//1808 189//1984
f 206//938 205//1214 200//1275
f 210//2247 204//2312 186//2334
f 160//2128 215//2173 201//2157
f 173//2193 215//2173 160//2128
f 197//854 206//938 200//1146
f 141//1377 157//1557 238//1413
f 213//2053 173//2193 205//2060
f 197//854 211//783 206//938
f 211//783 205//1115 206//938
f 209//2180 210//2247 181//2152
f 211//599 197//643 218//681
f 218//681 199//649 195//748
f 211//783 216//823 205//1115
f 223//2169 202//2256 204//2312
f 5//1337 141//1377 238//1413
f 213//1289 205//1214 216//1149
f 204//2312 210//2247 212//2255
f 177//2033 209//2180 181//2152
f 215//2172 173//2193 213//2053
f 214//2230 204//2312 212//2255
f 203//1808 202//2057 220//1841
f 214//2230 223//2192 204//2312
f 219//545 216//712 211//680
f 212//2255 210//2247 209//2180
f 226//1119 192//1130 11//1235
f 218//681 219//558 211//599
f 223//2120 220//1955 202//2190
f 208//2131 209//2180 177//2033
f 216//1149 217//1202 213//1289
f 217//1202 215//1948 213//1880
f 226//1119 190//882 192//1130
f 221//1326 215//2172 217//1273
f 221//1667 228//2086 215//2172
f 157//1557 224//1466 232//1388
f 222//797 217//1168 216//1149
f 215//2173 228//2093 201//2157
f 222//1068 221//1261 217//1202
f 222//1068 225//1183 221//1261
f 216//712 219//558 222//566
f 226//1119 207//835 190//882
f 201//2157 231//2018 208//2131
f 232//1388 238//1413 157//1557
f 224//1488 223//1844 227//1834
f 225//1269 228//1828 221//1326
f 244//713 219//560 218//681
f 195//748 207//835 218//681
f 224//1473 203//1678 220//1783
f 224//1474 220//1841 223//1964
f 226//1119 11//1235 6//1156
f 203//1565 224//1438 157//1557
f 207//835 195//748 190//882
f 222//566 219//558 240//466
f 225//1269 230//1251 228//1828
f 229//756 230//1155 225//1183
f 222//661 229//642 225//1040
f 218//681 207//835 244//713
f 212//2255 209//2180 248//2223
f 208//2131 231//2018 2//2058
f 236//2236 212//2255 248//2223
f 235//2194 212//2255 236//2236
f 237//758 230//1155 229//756
f 230//1659 237//1435 228//2086
f 201//2157 228//2093 231//2018
f 240//522 229//593 222//614
f 240//528 219//558 244//713
f 235//2194 223//2192 214//2230
f 237//1302 234//1823 228//2086
f 234//1823 231//2018 228//2086
f 229//642 240//522 237//644
f 224//1488 227//1834 233//1646
f 208//2131 2//2058 209//2180
f 235//2194 227//2062 223//2192
f 234//1823 239//1746 231//2018
f 237//1302 242//1239 234//1823
f 214//2230 212//2255 235//2194
f 201//2157 208//2131 163//2077
f 237//644 240//522 242//499
f 250//1825 233//1646 227//1946
f 242//1239 239//1663 234//1823
f 235//2194 236//2236 247//2238
f 232//1388 3//1311 238//1413
f 243//445 242//499 240//522
f 254//2122 227//2034 235//2194
f 249//1529 224//1473 233//1646
f 244//713 243//555 240//528
f 282//2176 248//2223 209//2180
f 242//1239 245//922 239//1663
f 245//437 242//499 243//445
f 255//507 243//555 244//713
f 248//2223 247//2238 236//2236
f 241//1713 239//1746 246//1613
f 245//600 246//806 239//1071
f 224//1473 265//1470 232//1388
f 255//334 245//404 243//445
f 250//1825 227//1995 254//2039
f 266//1744 249//1529 233//1646
f 250//1825 254//2102 262//1960
f 4//927 207//835 226//1119
f 245//693 241//1039 246//806
f 250//1825 266//1744 233//1646
f 4//927 244//713 207//835
f 245//693 253//460 241//1124
f 241//1766 231//2018 239//1746
f 5//1337 238//1413 3//1311
f 265//1470 224//1473 249//1529
f 252//341 245//404 255//334
f 282//2176 209//2180 2//2058
f 4//927 226//1119 6//1156
f 253//435 245//489 252//341
f 253//510 251//1075 241//1414
f 254//2189 235//2194 247//2238
f 255//478 256//295 252//341
f 4//927 6//1156 7//734
f 268//578 256//337 255//478
f 258//1440 232//1388 265//1470
f 298//1934 231//2018 339//1695
f 261//1693 339//1695 231//2018
f 232//1388 258//1440 260//1394
f 1//1279 283//1228 6//1156
f 261//1693 241//1658 251//1075
f 244//713 4//927 7//734
f 266//1744 250//1825 262//1960
f 257//813 261//1693 251//1075
f 256//325 253//435 252//341
f 248//2223 282//2176 264//2217
f 257//540 251//1075 253//460
f 253//460 256//329 257//426
f 244//713 268//578 255//507
f 259//313 257//426 256//329
f 231//2018 241//1801 261//1693
f 280//282 256//301 268//578
f 262//1960 254//2039 267//2202
f 3//1311 232//1388 260//1394
f 280//268 259//313 256//303
f 247//2238 269//2278 254//2168
f 2//2058 263//2163 282//2176
f 267//2202 254//2122 269//2267
f 244//713 7//734 268//578
f 3//1311 1//1279 5//1337
f 262//1960 267//2202 291//2142
f 247//2238 248//2223 264//2217
f 342//1331 339//1695 261//1693
f 281//778 257//540 259//313
f 1//1279 3//1311 283//1228
f 257//813 281//1069 261//1693
f 262//1960 302//1905 266//1744
f 6//1156 381//1194 439//919
f 302//1905 262//1960 291//2142
f 342//1331 261//1693 281//1175
f 259//313 306//299 281//472
f 269//2289 247//2238 264//2217
f 2//2058 298//1934 263//2163
f 264//2217 282//2176 269//2277
f 249//1529 266//1744 302//1905
f 263//2163 287//2336 282//2176
f 306//299 259//313 280//271
f 298//1934 273//2555 263//2163
f 271//2895 278//2852 272//2760
f 280//271 275//264 306//299
f 274//2878 278//2852 271//2895
f 279//2840 278//2852 274//2878
f 269//2267 320//2229 267//2202
f 284//2999 289//2920 276//3042
f 289//2880 272//3004 276//3032
f 474//612 270//317 268//578
f 320//2229 291//2142 267//2202
f 276//2795 272//2760 285//2675
f 278//2820 285//2675 272//2760
f 285//2675 277//2708 276//2795
f 274//2958 271//2896 303//2902
f 288//2798 276//2890 277//2839
f 302//1861 265//1470 249//1529
f 288//2730 284//2802 276//2795
f 280//300 268//578 270//317
f 260//1394 258//1440 338//1737
f 269//2278 343//2556 320//2229
f 278//1242 293//598 285//711
f 288//2654 277//2619 285//2675
f 307//340 281//778 306//299
f 303//2902 290//2987 274//2958
f 286//2629 279//2751 274//2878
f 284//2999 295//2992 289//2920
f 279//2080 296//1297 278//1520
f 289//2880 271//2896 272//3004
f 290//2889 286//2735 274//2878
f 288//2730 297//2644 284//2802
f 275//264 280//269 270//317
f 294//2739 284//2802 297//2644
f 294//2854 295//2942 284//2923
f 335//1759 265//1470 302//1905
f 279//2453 286//2541 325//2119
f 290//3024 303//2902 304//3006
f 273//2459 322//2560 263//2163
f 260//1394 350//1734 3//1311
f 299//1144 297//1294 288//1290
f 296//1297 279//2080 325//738
f 293//598 278//1242 296//1021
f 7//734 474//612 268//578
f 300//2913 295//2942 310//2848
f 301//3014 295//2992 300//2913
f 289//2880 295//3029 292//2827
f 314//2816 290//2936 304//2968
f 314//2816 286//2784 290//2889
f 288//1104 308//744 299//1144
f 297//1997 321//1535 294//2372
f 292//2817 313//2809 289//2873
f 294//2854 310//2848 295//2942
f 285//711 357//639 308//744
f 286//2470 340//1675 325//2119
f 321//1165 310//1976 294//2372
f 311//2871 303//2902 305//2847
f 307//340 385//880 281//1004
f 260//1394 338//1737 350//1676
f 350//1676 312//1446 3//1311
f 300//2913 310//2766 316//2779
f 263//2163 322//2560 287//2414
f 273//2407 298//1934 309//2415
f 317//2904 300//2913 316//2779
f 301//3014 300//2913 317//2957
f 292//3035 301//3014 317//2957
f 304//2996 303//2902 311//2871
f 258//1440 265//1470 335//1759
f 305//2847 271//2896 289//2880
f 312//1446 283//1228 3//1311
f 319//1121 316//1588 310//1765
f 342//1331 281//1069 385//976
f 381//1194 6//1156 283//1228
f 330//2991 292//3035 317//2957
f 326//2963 314//2816 304//3006
f 292//2827 295//3029 301//3014
f 326//2990 304//2996 311//2871
f 328//2469 286//2629 314//2816
f 299//1144 308//744 297//1207
f 318//2921 330//2991 317//2957
f 338//1737 258//1440 335//1759
f 302//1905 369//2620 335//1759
f 319//1121 317//1974 316//1588
f 319//1121 310//1765 321//796
f 340//1675 286//2470 328//2298
f 326//2825 328//2469 314//2816
f 324//1876 318//2499 317//2288
f 318//2921 333//2953 330//2991
f 292//2817 330//2837 315//2796
f 356//2454 291//2142 387//2281
f 319//1752 324//1876 317//2288
f 273//2585 329//2984 322//2560
f 282//2176 287//2368 269//2291
f 322//2560 329//2947 287//2424
f 318//2845 327//2617 333//2911
f 287//2424 367//2553 269//2279
f 327//2617 337//2914 333//2911
f 356//2245 369//2564 302//1905
f 291//2142 356//2454 302//1962
f 327//2006 318//2499 324//1876
f 269//2297 374//2511 343//2556
f 329//2984 273//2664 331//2994
f 336//2658 328//2532 326//2825
f 331//2994 332//3043 329//2995
f 313//2809 305//2847 289//2873
f 352//3016 330//2991 333//2989
f 382//1339 339//1695 342//1331
f 340//1028 328//2090 371//1471
f 329//2984 341//2970 287//2680
f 6//1156 439//919 7//734
f 327//1664 324//1131 368//1078
f 332//3043 341//2970 329//2984
f 332//3043 331//2994 344//2993
f 347//2979 341//2970 332//3043
f 337//2944 352//3016 333//2953
f 311//2871 411//2924 362//2976
f 383//2828 331//2994 273//2664
f 305//2847 303//2902 271//2896
f 311//2871 362//2976 326//2990
f 308//744 357//639 321//771
f 387//2447 291//2142 320//2229
f 352//3016 337//2972 353//2980
f 367//2553 374//2381 269//2289
f 344//2993 331//2994 355//2955
f 292//2817 315//2796 386//2725
f 369//2059 338//1685 335//1759
f 364//2365 312//1446 350//1852
f 275//262 270//317 372//280
f 337//2749 354//2645 353//2851
f 307//340 306//299 275//264
f 337//2554 345//1638 354//2293
f 360//1660 332//2655 344//2296
f 273//2555 309//2415 383//2676
f 564//1549 346//1661 351//1621
f 340//974 403//768 325//708
f 298//1934 388//1720 334//2243
f 345//1638 337//2625 327//2006
f 340//1028 371//1471 349//1034
f 360//2305 347//2665 332//2655
f 347//2979 358//2917 341//2970
f 347//2665 360//1656 365//2215
f 311//2871 323//2759 395//2808
f 341//2970 358//2917 287//2515
f 352//2700 315//2796 330//2837
f 309//2415 298//1934 334//2243
f 369//2656 351//2385 338//2303
f 366//3034 352//3016 353//2980
f 339//1695 388//1686 298//1934
f 367//2630 287//2750 358//2917
f 336//2761 326//2825 362//2717
f 359//1585 564//1549 351//1621
f 315//2796 352//2700 386//2725
f 381//1194 283//1228 312//1446
f 354//1750 345//1638 368//1078
f 327//1664 368//1078 345//1638
f 319//1081 321//785 401//845
f 355//2955 331//2994 383//2905
f 365//2946 358//2917 347//2979
f 285//711 308//744 288//1104
f 346//1688 350//1852 338//1818
f 351//1702 346//1688 338//1813
f 348//1677 312//1446 364//2365
f 376//2726 353//2851 361//2763
f 363//2969 366//3034 353//2935
f 368//1078 361//1836 354//1918
f 365//2946 391//2906 358//2917
f 411//2924 389//2977 362//2976
f 368//1078 324//1044 401//845
f 564//1549 370//1579 346//1661
f 354//2514 361//2618 353//2799
f 309//2415 334//2243 383//2776
f 430//2559 364//2448 350//2437
f 373//2887 391//2906 365//2946
f 369//2703 356//2643 378//2801
f 375//2634 352//2700 366//2722
f 360//1656 428//1615 365//2215
f 343//2556 387//2315 320//2229
f 376//2822 363//2919 353//2930
f 342//1331 385//976 382//1339
f 379//3000 366//3034 363//3031
f 377//2875 355//2955 383//2893
f 372//283 307//340 275//272
f 270//317 396//339 372//276
f 346//2175 430//2559 350//2161
f 351//1621 405//1701 359//1614
f 442//1191 376//1877 361//1722
f 355//1903 360//1656 344//2296
f 378//2780 405//2663 369//2656
f 428//1615 373//2219 365//2215
f 376//2822 393//2821 363//2919
f 383//2893 414//2853 377//2875
f 380//2038 328//2409 336//2596
f 380//2522 336//2658 362//2678
f 378//2790 356//2833 387//2636
f 355//1903 377//2505 414//1972
f 308//744 321//796 297//1294
f 390//370 307//340 372//276
f 367//2630 358//2917 413//2888
f 369//2656 405//2663 351//2385
f 376//2318 442//1191 393//2066
f 399//2961 379//3000 363//3031
f 319//1081 401//845 324//1044
f 413//2888 374//2727 367//2829
f 312//1446 348//1677 381//1194
f 413//2888 358//2917 391//2907
f 384//2899 363//2919 393//2821
f 384//2927 399//3028 363//2969
f 339//1695 382//1339 388//1720
f 334//2243 427//2232 383//2676
f 361//1722 368//1078 442//1191
f 328//2409 380//2038 371//1471
f 305//2847 323//2759 311//2871
f 399//2982 384//2899 397//2870
f 385//880 392//833 382//1339
f 427//2641 414//2836 383//2893
f 375//2634 366//2722 379//2689
f 397//2841 384//2831 393//2706
f 394//2609 391//2903 373//2785
f 419//2997 389//2977 411//2924
f 362//2983 389//2977 408//2874
f 419//2773 408//2797 389//2575
f 412//2050 348//1677 364//2365
f 428//1616 394//2543 373//2394
f 357//639 285//711 293//598
f 397//2900 398//3026 399//3028
f 378//2780 402//2582 405//2663
f 390//468 385//880 307//340
f 415//2938 391//2906 409//2832
f 334//2243 388//1793 427//2232
f 415//2954 413//2888 391//2907
f 378//2777 343//2556 471//2758
f 381//1194 348//1677 426//1428
f 375//2634 399//2788 404//2653
f 398//3026 400//2962 399//3028
f 410//2811 391//2906 394//2769
f 387//2484 343//2556 378//2764
f 408//2838 424//2584 362//2717
f 381//1194 426//1428 439//919
f 371//1471 380//1673 349//1034
f 270//317 474//612 396//339
f 411//2924 311//2871 395//2808
f 12//2679 395//2808 323//2759
f 556//2613 386//2725 352//2700
f 411//2924 421//2950 419//3011
f 410//2811 409//2832 391//2906
f 380//1673 467//1264 349//1034
f 428//1616 410//2344 394//2543
f 398//2697 397//2841 400//2859
f 364//2448 430//2608 451//2552
f 401//845 548//879 368//1078
f 406//2800 400//2932 397//2870
f 390//328 372//276 396//319
f 471//2758 343//2556 374//2647
f 340//974 349//1034 403//768
f 397//1707 393//1920 407//1379
f 460//1258 388//1686 382//1339
f 390//417 392//833 385//618
f 313//2809 292//2817 386//2725
f 417//2481 477//2420 375//2634
f 374//2804 413//2888 471//2758
f 408//2838 431//2786 424//2584
f 431//2786 408//2838 419//2884
f 399//2867 400//3027 417//3009
f 313//2809 323//2759 305//2847
f 417//2483 404//2653 399//2788
f 757//601 293//598 325//708
f 457//2494 380//2522 362//2678
f 415//2965 421//2948 413//2888
f 422//2966 417//3030 400//2962
f 378//2764 471//2758 402//2740
f 416//2755 409//2832 410//2811
f 439//919 474//612 7//734
f 362//2678 424//2584 457//2045
f 432//1037 368//1078 548//879
f 406//2800 422//2931 400//2932
f 413//2888 440//2824 471//2758
f 419//3011 421//2948 415//2974
f 425//2909 419//3021 415//3023
f 451//2557 412//2642 364//2673
f 431//2849 419//3022 425//2909
f 409//2877 425//2949 415//2965
f 421//2948 411//2924 434//2842
f 429//2683 409//2806 416//2755
f 393//1920 442//1191 407//1379
f 440//2868 413//2888 421//2933
f 431//2746 425//2892 436//2603
f 411//2924 395//2808 434//2842
f 438//2794 425//2909 409//2877
f 370//1633 430//2507 346//1688
f 426//1428 348//1677 412//2050
f 375//2634 379//2689 399//2742
f 397//1707 407//1379 406//1385
f 382//1339 392//833 460//1258
f 423//1000 474//612 439//919
f 422//2966 435//2985 417//3030
f 416//1232 410//1232 428//1600
f 420//2358 412//2642 451//2572
f 409//2832 429//2683 438//2794
f 407//1379 418//1309 406//1385
f 436//2707 425//2909 438//2794
f 441//2089 422//2691 406//2614
f 360//1651 355//1903 414//1631
f 420//2286 426//1428 412//2490
f 451//2518 430//2608 370//2403
f 437//2105 422//2416 441//1389
f 757//601 325//708 403//768
f 359//2393 405//2663 402//2582
f 437//2956 435//2985 422//2966
f 370//1579 684//1540 533//1617
f 402//2582 449//2435 359//2393
f 396//319 433//441 390//336
f 456//2916 421//2948 434//2842
f 444//2960 435//2985 437//2956
f 494//2135 424//2584 431//2677
f 450//3008 435//2985 444//2960
f 461//1342 439//919 426//1428
f 428//1616 429//1827 416//2209
f 424//2584 494//2013 457//2045
f 478//2262 436//2603 438//2810
f 445//36 443//3 447//10
f 313//2809 386//2725 323//2759
f 448//32 447//10 443//3
f 553//2218 427//2465 460//2091
f 427//2232 553//1956 414//1632
f 368//1078 432//1037 442//1191
f 508//2367 417//2481 435//2477
f 440//2883 421//2948 456//2916
f 452//95 448//32 443//3
f 435//2985 450//3008 455//3041
f 446//123 445//36 447//10
f 453//129 448//32 452//95
f 418//1309 499//1223 406//1336
f 467//1264 380//1673 457//1806
f 452//95 458//159 453//129
f 483//855 460//1258 392//833
f 402//2740 471//2758 449//2639
f 407//1379 499//1223 418//1309
f 401//845 321//771 357//639
f 494//2011 431//2498 436//2530
f 390//367 433//413 483//571
f 437//2105 441//1389 444//1929
f 457//1806 494//1864 529//1301
f 427//2198 388//1720 460//1258
f 462//90 459//141 446//123
f 395//2808 470//2693 434//2842
f 556//2613 352//2700 375//2634
f 450//3008 444//2960 454//2951
f 454//2951 455//3041 450//3008
f 429//2683 478//2455 438//2815
f 447//10 462//90 446//123
f 515//1434 448//1443 468//1426
f 483//699 392//833 390//442
f 469//182 472//226 446//123
f 469//182 446//123 459//141
f 463//3005 455//3041 454//2951
f 445//458 446//936 472//538
f 468//1426 448//1443 453//1013
f 461//1648 426//1428 420//2195
f 478//2353 494//2257 436//2603
f 443//384 562//427 452//397
f 323//2759 386//2725 556//2613
f 441//1389 465//1298 444//1929
f 516//586 396//375 474//612
f 522//1464 473//1482 462//1480
f 504//2316 477//2420 417//2481
f 466//408 443//384 445//458
f 463//3045 484//3037 455//3041
f 434//2842 440//2883 456//2916
f 462//1480 469//1199 459//1346
f 429//2683 482//2375 478//2462
f 445//458 590//542 466//408
f 469//182 481//220 472//226
f 502//224 458//159 476//206
f 487//2737 463//2856 454//2951
f 504//2316 417//2481 508//2367
f 444//1929 464//1790 454//2274
f 490//1393 469//1139 462//1480
f 428//1615 482//1689 429//1827
f 496//2715 471//2758 440//2843
f 455//2426 508//2367 435//2477
f 468//170 458//159 502//224
f 475//3019 484//3037 463//3045
f 496//2715 449//2639 471//2758
f 490//1082 481//1118 469//944
f 475//3019 479//3007 484//3037
f 487//2669 475//2701 463//2781
f 468//170 453//129 458//159
f 461//1740 420//2286 506//2206
f 461//1573 423//1000 439//919
f 522//1464 462//1480 447//1476
f 473//1482 490//1427 462//1480
f 479//2929 486//2959 484//3044
f 500//2771 434//2842 470//2693
f 470//2693 395//2808 12//2679
f 481//220 473//260 472//226
f 451//2538 506//2206 420//2286
f 556//2613 375//2634 477//2420
f 370//2328 533//2109 451//2518
f 553//1795 571//1568 414//1631
f 479//2865 475//2701 487//2669
f 484//2607 486//2926 498//2615
f 472//226 473//260 485//350
f 516//586 433//419 396//339
f 434//2842 500//2771 440//2869
f 479//2865 492//2807 486//2922
f 457//1806 529//1301 467//1264
f 491//2943 486//3012 489//3040
f 492//2807 489//2925 486//2922
f 590//542 445//458 472//538
f 449//2435 551//2250 359//2393
f 460//1359 483//885 520//1217
f 451//2563 521//2386 506//2206
f 487//1408 464//1790 465//1298
f 464//1790 487//1459 454//2274
f 499//1223 465//1298 441//1369
f 480//1497 468//1426 502//1229
f 448//1443 515//1434 522//1464
f 492//2894 488//2986 489//3002
f 562//427 476//557 458//443
f 525//304 502//224 513//273
f 491//2943 489//3010 501//2934
f 498//2568 486//2926 491//2595
f 487//2197 492//2332 479//2756
f 488//2986 495//2973 489//3015
f 501//2934 489//3040 495//2978
f 406//1336 499//1223 441//1369
f 498//2418 508//2367 484//2495
f 512//1875 488//2472 492//2249
f 442//1191 561//1122 499//1223
f 497//3036 509//2952 495//3033
f 518//2891 501//2934 495//2940
f 509//2918 518//2891 495//2940
f 474//612 423//1000 516//586
f 505//2770 497//2600 495//2881
f 512//1875 495//2782 488//2472
f 498//2418 491//2445 535//2280
f 323//2759 493//2597 12//2679
f 521//2210 451//2521 533//2109
f 443//384 466//408 562//427
f 516//586 423//1000 580//1403
f 490//1393 473//1482 481//1118
f 523//2126 518//2314 509//2861
f 512//2685 505//2872 495//2897
f 536//2602 496//2715 440//2824
f 513//273 502//224 476//206
f 516//586 547//623 433//439
f 524//1938 478//2431 555//2024
f 542//1495 480//1510 575//1622
f 524//1650 494//1784 478//2262
f 482//2397 555//2184 478//2455
f 629//1923 359//2260 551//2139
f 545//1735 461//1909 506//2206
f 423//1000 461//1648 545//1735
f 542//1479 468//1426 480//1510
f 532//1503 510//1344 473//1482
f 566//1291 497//2566 505//1528
f 519//2402 497//2339 566//2282
f 519//2402 509//2493 497//2402
f 494//1986 524//1465 529//1301
f 553//2268 460//2259 520//1981
f 520//1286 483//699 538//814
f 514//1356 492//1842 503//1387
f 485//350 473//260 510//338
f 545//1735 580//1524 423//1000
f 498//2366 671//2092 508//2367
f 513//273 517//345 525//304
f 483//619 433//477 538//911
f 536//2745 440//2869 500//2771
f 523//1698 509//2136 519//1773
f 492//1708 514//1356 512//1571
f 593//2156 501//2320 518//2185
f 547//623 538//911 433//441
f 549//2573 500//2771 470//2693
f 609//2001 553//2268 520//1981
f 522//1464 447//1476 448//1443
f 476//557 517//707 513//1102
f 480//1270 502//1229 525//1153
f 528//1198 511//1517 530//953
f 507//1485 530//953 511//1517
f 501//2320 593//2156 491//2445
f 515//1434 468//1426 542//1479
f 467//1264 597//1002 349//1034
f 360//1651 511//1517 428//1615
f 526//1047 510//646 532//1047
f 540//1107 560//1150 519//1208
f 505//1454 512//1417 546//1308
f 522//1464 544//1411 473//1482
f 549//2570 536//2754 500//2771
f 527//17 522//108 515//75
f 589//2569 470//2693 12//2679
f 404//2653 417//2481 375//2634
f 527//15 515//75 530//30
f 511//1517 528//1198 543//1522
f 531//110 522//108 527//38
f 562//427 458//443 452//397
f 560//1478 523//1698 519//1773
f 528//94 530//30 515//75
f 528//94 515//75 550//203
f 535//2280 491//2445 593//2156
f 531//110 527//17 530//30
f 507//1485 511//1517 360//1651
f 543//235 528//94 550//171
f 558//1645 480//1497 525//1153
f 540//1089 519//1208 566//1164
f 531//110 544//124 522//108
f 609//2022 520//1981 559//1896
f 530//953 507//1485 537//805
f 349//1034 597//1002 403//768
f 563//236 466//408 590//520
f 510//338 526//576 485//350
f 530//30 537//201 531//110
f 558//1882 525//1742 582//1933
f 465//1298 464//1790 444//1929
f 560//1478 604//1382 523//1698
f 559//1896 520//1771 538//911
f 534//1533 507//1485 360//1644
f 511//1517 543//1522 428//1615
f 546//1308 566//1276 505//1454
f 508//2367 455//2426 484//2495
f 496//2715 536//2456 449//2639
f 671//2092 498//2387 535//2280
f 516//586 580//1322 547//623
f 582//1933 525//1742 517//1811
f 542//214 550//203 515//75
f 554//1422 544//1411 531//1109
f 493//2597 323//2759 556//2613
f 485//900 590//542 472//538
f 582//1933 606//2061 575//2056
f 473//1482 544//1411 554//1422
f 476//557 562//427 552//594
f 582//668 517//707 476//557
f 554//215 531//110 537//201
f 473//1482 588//1518 532//1503
f 473//1482 554//1422 567//1502
f 529//1301 597//1002 467//1264
f 583//255 543//235 550//171
f 536//2456 551//2284 449//2637
f 545//1735 506//2206 636//1786
f 360//1651 414//1626 534//1546
f 526//1047 532//1500 577//1539
f 534//297 537//201 507//207
f 550//203 601//306 583//307
f 575//1622 480//1510 558//1645
f 576//1352 542//1479 575//1622
f 518//2185 596//1912 593//2156
f 604//1885 596//1912 518//2185
f 521//2386 581//1901 506//2206
f 536//2456 569//2240 551//2284
f 564//1549 586//1564 370//1579
f 432//1037 561//1122 442//1191
f 473//1482 567//1502 588//1518
f 614//1262 597//1002 529//1301
f 550//204 542//214 601//365
f 547//666 559//1896 538//956
f 592//1285 604//1382 560//1478
f 543//1522 610//1555 428//1615
f 582//1933 575//2056 558//1882
f 563//311 562//427 466//408
f 546//1308 512//1571 514//1356
f 518//2185 523//2126 604//1885
f 613//2007 535//2280 593//2156
f 577//840 557//862 526//576
f 485//350 526//576 557//862
f 562//7 564//9 578//127
f 562//7 563//119 564//16
f 599//1093 537//805 534//1399
f 537//201 565//366 554//215
f 583//469 573//292 543//292
f 492//1842 487//1408 503//1387
f 577//1548 532//1503 588//1518
f 543//1522 573//1623 610//1555
f 524//1486 614//1262 529//1301
f 572//175 562//186 578//209
f 540//1107 592//1152 560//1150
f 579//188 564//16 563//146
f 565//1083 567//1502 554//1422
f 476//557 552//594 582//668
f 625//935 582//668 552//594
f 555//2024 482//2375 541//2035
f 549//2570 569//2311 536//2754
f 599//759 534//297 621//524
f 609//1792 571//1577 553//1907
f 576//1352 601//1461 542//1432
f 565//366 537//201 599//759
f 579//196 586//310 564//102
f 578//1444 564//1549 359//1585
f 606//2061 539//2164 574//2272
f 610//1555 602//1628 626//1516
f 572//175 552//237 562//19
f 565//366 588//402 567//402
f 504//2316 508//2367 641//2110
f 521//2210 533//2109 581//1859
f 581//1901 600//1881 506//2206
f 580//986 559//326 547//568
f 524//1680 555//1935 614//1324
f 610//1555 541//2079 482//1883
f 610//1555 573//1623 602//1628
f 615//1714 609//2022 559//1896
f 552//237 572//175 578//134
f 590//256 579//188 563//146
f 629//1923 551//2250 569//2335
f 557//1305 607//1343 485//900
f 608//433 573//433 583//255
f 584//610 586//310 579//263
f 588//1518 605//1538 577//1548
f 569//2335 549//2536 594//2118
f 590//256 584//378 579//188
f 603//878 565//366 599//759
f 608//782 583//305 601//365
f 552//237 578//134 568//321
f 549//2570 470//2693 589//2569
f 610//1555 482//1689 428//1615
f 570//1171 557//862 577//840
f 610//1952 555//2024 541//2052
f 414//1626 621//1562 534//1546
f 610//1952 587//1727 555//2024
f 588//1518 565//1083 603//1288
f 606//2061 582//1933 539//2164
f 568//1542 578//1444 359//1585
f 608//735 602//941 573//433
f 625//559 552//237 568//321
f 586//1564 684//1540 370//1579
f 636//1786 506//2206 600//1881
f 615//1714 559//1896 580//1782
f 619//2150 549//2570 591//2342
f 12//2679 493//2597 589//2569
f 576//1352 575//1622 601//1461
f 293//598 296//754 325//700
f 549//2570 589//2569 591//2342
f 585//728 586//310 584//610
f 616//1085 584//378 590//256
f 407//1379 442//1191 499//1223
f 625//935 539//1070 582//668
f 586//1564 585//1603 684//1540
f 601//1461 575//1622 606//1728
f 603//1288 605//1531 588//1518
f 359//1585 633//1654 568//1542
f 617//749 584//378 616//638
f 671//2092 535//2280 613//2007
f 617//859 585//728 584//610
f 545//1735 636//1786 580//1683
f 653//1481 595//1374 557//862
f 581//1859 533//2109 684//1509
f 568//321 611//504 625//590
f 653//1481 557//862 570//1171
f 646//1319 503//1387 487//1391
f 653//1595 577//1548 605//1538
f 618//1268 608//782 601//473
f 514//1356 652//1259 546//1308
f 616//1117 590//542 485//900
f 569//2335 594//2179 629//2009
f 614//1324 555//1935 587//1657
f 611//504 568//321 633//556
f 645//1576 626//1516 602//1628
f 629//1594 660//1598 359//1585
f 628//1355 604//1382 592//1348
f 652//1254 540//1088 566//1257
f 608//782 645//1384 602//941
f 610//1952 620//1584 587//1727
f 622//1618 601//1461 606//1728
f 603//878 599//759 632//1365
f 652//1259 566//1276 546//1308
f 595//1374 653//1481 655//1797
f 570//1243 577//1216 653//1243
f 615//1714 580//1599 636//1786
f 581//1901 676//1733 600//1881
f 628//1036 592//1236 540//1107
f 652//1067 628//1038 540//1089
f 632//1610 605//1550 603//1288
f 619//2150 594//2118 549//2570
f 630//1380 585//728 617//859
f 616//1100 485//900 607//1343
f 499//1223 598//1219 465//1298
f 631//1703 596//1912 604//1775
f 661//959 597//1002 614//1231
f 618//1462 601//1461 622//1618
f 571//1710 609//1968 615//1690
f 599//1093 621//1312 640//1378
f 616//638 623//1442 617//749
f 623//1460 616//1117 607//1343
f 645//1384 608//782 618//1268
f 357//639 548//879 401//845
f 629//1594 624//1534 660//1598
f 606//2061 574//2272 622//2211
f 599//759 640//1317 632//1365
f 630//1380 617//729 623//1442
f 646//1319 514//1356 503//1387
f 649//1166 539//1070 625//935
f 625//590 611//504 633//1162
f 635//1163 649//1166 625//861
f 649//2433 651//2657 574//2272
f 557//1305 655//1697 607//1343
f 702//1820 613//2007 593//2156
f 662//2137 574//2272 651//2657
f 671//2092 641//2110 508//2367
f 634//1691 618//1462 622//1618
f 660//1598 633//1654 359//1585
f 684//1509 648//1441 581//1859
f 628//1355 631//1563 604//1581
f 647//1226 614//1262 587//1367
f 642//1431 640//1378 621//1312
f 610//1555 626//1516 645//1576
f 635//1358 625//559 633//1244
f 620//1584 638//1353 587//1736
f 642//1580 414//1626 571//1568
f 571//1568 746//1558 685//1561
f 414//1604 642//1580 621//1562
f 619//2150 658//1839 594//2087
f 649//2433 574//2272 539//2164
f 581//1901 648//1649 676//1733
f 514//1356 694//1224 652//1259
f 662//2137 645//1384 618//1268
f 595//1430 655//1697 557//1305
f 596//1912 702//1820 593//2156
f 620//1567 610//1555 637//1526
f 596//1912 631//1751 702//1820
f 682//1625 715//1627 653//1595
f 634//1843 662//1723 618//1462
f 667//1447 746//1543 571//1566
f 634//1831 622//2211 574//2272
f 561//1122 784//1125 499//1223
f 678//1971 658//1839 619//2150
f 643//2165 630//1380 623//1442
f 676//1733 663//1410 636//1786
f 663//1410 615//1714 636//1786
f 682//1625 653//1595 605//1559
f 662//2137 644//2171 645//1384
f 658//1839 629//1923 594//2118
f 647//1226 661//898 614//1262
f 647//1226 587//1636 638//1353
f 664//1848 623//1460 607//1343
f 607//1343 655//1697 664//1848
f 682//1788 605//1418 632//1610
f 662//2116 634//1831 574//2272
f 639//792 357//639 800//589
f 656//2141 635//1358 633//1244
f 627//530 757//601 403//768
f 645//1576 665//1591 610//1555
f 589//2569 493//2597 612//2396
f 656//1802 633//1375 660//2043
f 656//1280 649//1166 635//1163
f 676//1733 636//1786 600//1881
f 628//1355 690//1300 631//1563
f 465//1298 598//1219 646//1319
f 740//1456 629//1652 658//1839
f 623//1442 664//2214 643//2078
f 642//1527 657//1887 640//1378
f 761//733 403//768 597//1002
f 650//1824 682//1788 632//1610
f 637//1271 638//1353 620//1584
f 657//2134 632//1365 640//1317
f 748//1910 671//2092 613//2007
f 657//2134 650//2108 632//1365
f 652//1067 675//960 628//1038
f 630//1545 643//1606 684//1540
f 612//2396 556//2613 477//2420
f 663//1410 667//1233 615//1714
f 644//2171 665//1888 645//1384
f 591//2342 697//2159 619//2150
f 639//792 548//879 357//639
f 675//1023 690//1127 628//1330
f 642//1890 685//2028 657//2132
f 670//2125 664//1848 655//1697
f 674//1760 676//1733 648//1649
f 653//1481 654//2071 655//1797
f 477//2420 504//2316 689//2205
f 504//2316 641//2110 689//2205
f 637//1271 700//1066 638//1353
f 683//2714 649//2433 656//2186
f 660//2043 683//2271 656//1944
f 663//1410 676//1679 734//1295
f 667//1433 571//1592 615//1690
f 643//1606 754//1505 684//1540
f 651//2657 649//2433 683//2714
f 695//1670 754//1505 643//1606
f 740//1456 624//1534 629//1594
f 644//2153 677//2153 665//1672
f 643//2165 664//2309 681//2583
f 666//1898 682//1629 650//1824
f 597//1002 661//942 761//733
f 624//1534 801//1513 668//1544
f 670//2125 687//2251 664//1848
f 612//2396 591//2342 589//2569
f 700//1010 647//1226 638//1353
f 651//2657 677//2534 662//2137
f 672//2356 683//2271 660//2043
f 514//1356 646//1319 694//1224
f 677//2534 644//2171 662//2137
f 669//1847 619//2150 697//2159
f 748//1910 707//1950 671//2092
f 657//1830 685//1561 701//1862
f 666//2503 650//2108 657//2134
f 683//233 672//233 624//233
f 613//2007 702//1820 659//1774
f 714//1601 702//1820 631//1751
f 653//1595 715//1627 654//1671
f 767//1587 665//1583 677//1619
f 571//1568 685//1561 642//1580
f 643//2308 681//2583 695//2662
f 681//2583 664//2627 687//2765
f 674//1853 686//2604 676//1780
f 657//2134 701//2549 666//2503
f 706//1386 674//1536 648//1620
f 750//655 690//915 673//794
f 661//898 647//1226 700//945
f 652//1067 673//802 675//960
f 683//1753 624//1534 679//1721
f 695//1670 680//1574 754//1505
f 669//1847 740//1456 658//1839
f 689//2205 612//2396 477//2420
f 673//794 690//915 675//993
f 678//1971 619//2150 669//1928
f 771//1006 432//1037 548//879
f 658//1839 678//1971 669//1847
f 694//1224 750//1055 652//1254
f 705//2901 651//2657 683//2714
f 744//1570 665//1583 767//1587
f 654//2071 713//2544 670//2265
f 757//601 357//639 293//598
f 686//2604 698//2491 676//1780
f 684//1509 706//1412 648//1441
f 654//2071 715//2480 713//2544
f 679//1730 692//2227 683//1772
f 687//2723 695//2662 681//2583
f 704//2767 701//2549 685//2580
f 691//2266 746//2266 667//2266
f 683//2714 692//2937 705//2901
f 693//2844 709//2850 687//2793
f 624//1534 672//1608 660//1598
f 659//1774 702//1820 731//1554
f 726//2719 682//2674 666//2503
f 676//1733 698//2491 734//1597
f 677//2534 651//2657 699//2846
f 706//1386 686//2304 674//1760
f 671//2092 707//1950 641//2110
f 701//2549 716//2792 666//2503
f 684//1540 585//1603 630//1545
f 667//1233 663//1410 734//1295
f 708//2525 734//1930 698//2491
f 695//2662 687//2765 709//2850
f 750//997 673//980 652//1254
f 703//2864 651//2657 705//2901
f 655//1797 654//2071 670//2265
f 699//2846 651//2657 703//2864
f 716//2805 726//2719 666//2503
f 670//2125 717//2242 687//2251
f 667//1241 742//1073 691//1188
f 704//1640 685//1561 746//1558
f 687//2251 730//2436 693//2547
f 670//2125 711//2082 717//2242
f 612//2396 493//2597 556//2613
f 704//2767 716//2792 701//2549
f 724//826 690//851 750//978
f 744//1570 610//1555 665//1583
f 713//2212 711//2082 670//2125
f 732//893 742//1008 667//1233
f 704//2768 725//2879 716//2792
f 688//552 661//870 700//945
f 744//914 700//1066 637//1271
f 680//1574 695//1670 709//2188
f 741//1349 706//1412 684//1509
f 726//1642 718//1634 682//1625
f 722//2783 693//2547 733//2529
f 722//3013 692//2937 710//2975
f 722//2783 710//2834 709//2834
f 703//2864 705//2901 712//3017
f 722//3013 705//2901 692//2937
f 722//2233 709//2233 693//2423
f 705//2901 722//3013 712//3017
f 709//2188 710//2301 680//1574
f 679//2343 668//2369 692//2227
f 624//1534 668//1544 679//1721
f 717//2253 730//2436 687//2251
f 718//2818 713//2544 715//2480
f 725//2879 729//2908 716//2792
f 708//2432 720//1992 734//1310
f 714//1449 631//1703 690//1329
f 667//1233 734//1225 732//893
f 688//531 700//1066 744//914
f 721//2687 725//2863 704//2857
f 696//2762 677//2534 699//2846
f 730//2436 733//2529 693//2526
f 712//3017 699//2846 703//2864
f 706//2661 736//2711 686//2651
f 714//1123 690//1192 724//982
f 710//2301 668//1547 680//1574
f 841//1525 680//1574 668//1544
f 718//1634 715//1627 682//1625
f 742//1136 746//1543 691//1188
f 721//1569 746//1558 739//1586
f 721//1605 704//1640 746//1558
f 735//2485 696//1641 699//2485
f 659//1774 748//1910 613//2007
f 713//2544 718//3001 711//2928
f 712//3017 735//2981 699//2846
f 729//2908 725//2882 727//2945
f 723//3025 711//2928 718//3001
f 717//3038 711//2928 723//3025
f 767//1587 696//1641 795//1705
f 719//547 661//843 688//534
f 726//2719 716//2736 729//2704
f 727//2464 725//2579 721//1716
f 717//3046 726//3048 728//3049
f 717//3046 718//3039 726//3048
f 728//3049 712//3017 722//3013
f 717//3046 723//3025 718//3039
f 726//3048 712//3017 728//3049
f 668//1547 710//2301 692//2227
f 684//1560 754//1496 741//1361
f 767//1587 677//1619 696//1641
f 729//2908 737//2998 726//3048
f 726//3048 737//2998 712//3017
f 728//3049 730//2988 717//3046
f 728//3049 722//3013 733//3047
f 737//2998 739//3018 712//3017
f 730//2988 728//3049 733//3047
f 729//2908 727//2945 737//2998
f 738//2294 706//1401 741//1361
f 714//1601 731//1437 702//1820
f 708//2525 747//2349 720//1992
f 745//1821 738//1998 741//1361
f 612//2396 689//2205 697//2159
f 739//3018 737//2998 727//2945
f 736//2709 698//2491 686//2651
f 735//2981 712//3017 739//3018
f 743//588 714//1123 724//982
f 561//1122 432//1037 771//1006
f 646//1319 487//1391 465//1298
f 739//3003 727//2945 721//2772
f 764//569 688//531 744//914
f 739//3020 696//2964 735//2981
f 754//1212 781//1190 741//1361
f 697//2159 591//2342 612//2396
f 750//1055 694//1224 755//1080
f 696//1641 739//1586 795//1705
f 800//589 357//639 757//601
f 749//1687 760//1101 734//1310
f 750//690 743//449 724//826
f 760//1101 732//893 734//1225
f 886//1731 669//1847 697//2159
f 738//1998 736//1463 706//1401
f 689//2205 830//1961 697//2159
f 707//1950 748//1910 776//1519
f 499//1223 784//1125 598//1219
f 734//1310 720//1992 749//1687
f 732//648 746//1351 742//1136
f 669//1847 752//1363 740//1456
f 741//1368 781//1190 745//1821
f 744//1570 637//1526 610//1555
f 749//1767 720//1992 747//2349
f 698//2491 736//2698 708//2525
f 755//516 743//515 750//690
f 736//2668 738//2389 765//2496
f 773//575 714//1114 743//588
f 714//1514 773//946 731//1334
f 763//2623 747//2349 708//2525
f 762//335 719//547 688//534
f 624//1534 740//1456 770//1143
f 770//1197 740//1456 752//1363
f 776//1519 748//1910 659//1774
f 598//1219 694//1224 646//1319
f 731//1554 758//1370 659//1774
f 761//733 661//942 719//745
f 751//1451 746//1543 759//1256
f 759//627 746//1351 732//648
f 751//1507 824//1794 739//1586
f 758//1370 776//1519 659//1774
f 732//893 760//1101 779//686
f 763//2623 708//2571 736//2712
f 767//874 764//776 744//984
f 762//335 768//479 719//670
f 769//318 773//371 743//544
f 639//792 771//1006 548//879
f 755//1056 694//1224 794//1103
f 736//2712 786//2738 763//2623
f 669//1846 886//1731 752//1363
f 765//2276 738//2294 745//1821
f 689//2205 641//2110 785//2016
f 785//2016 641//2110 756//1840
f 627//530 403//768 761//733
f 731//1437 787//1133 758//1370
f 732//888 779//739 759//549
f 769//503 743//515 755//1029
f 745//1821 775//1490 765//1996
f 753//363 688//531 764//569
f 749//1687 747//2349 766//1729
f 749//1453 766//1373 760//1101
f 790//290 688//531 753//361
f 780//829 731//1334 773//946
f 780//829 787//1133 731//1437
f 766//1729 779//739 760//1101
f 762//335 783//239 768//479
f 775//1490 745//1821 781//1190
f 790//290 762//335 688//534
f 770//1143 774//579 624//1534
f 753//482 764//573 767//725
f 762//335 790//290 783//239
f 768//479 761//733 719//745
f 789//192 773//371 769//318
f 758//1370 788//1079 776//1519
f 782//514 759//549 779//739
f 624//1534 774//1253 801//1513
f 788//1079 758//1370 787//1133
f 794//1103 694//1224 598//1219
f 766//1822 747//2349 808//2182
f 769//503 755//1019 794//1103
f 782//514 779//739 772//742
f 765//2496 786//2690 736//2640
f 763//2623 786//2738 880//2652
f 752//1363 778//675 770//1197
f 751//1451 759//1256 782//849
f 680//1574 841//1525 777//1472
f 850//1593 707//1950 776//1519
f 780//240 773//371 789//192
f 817//683 753//626 767//874
f 781//1190 804//714 820//1246
f 792//348 770//1143 791//511
f 774//496 770//763 792//293
f 787//181 780//240 789//192
f 707//1950 756//1840 641//2110
f 766//1729 772//742 779//770
f 799//294 768//479 783//239
f 841//1525 668//1544 801//1513
f 816//1400 817//968 767//1551
f 789//474 769//503 794//1103
f 777//553 804//490 781//1190
f 807//136 787//181 789//192
f 820//1246 775//1490 781//1190
f 777//1323 781//1190 754//1496
f 783//239 796//164 799//294
f 778//675 791//511 770//1197
f 798//243 790//290 753//361
f 792//293 815//312 774//496
f 787//1133 807//484 788//1079
f 811//494 789//474 794//1103
f 813//583 782//514 772//742
f 796//164 783//239 790//290
f 820//1246 818//1653 775//1490
f 763//2623 797//2492 747//2349
f 798//243 753//361 817//238
f 815//312 801//316 774//496
f 697//2159 830//1961 886//1731
f 751//1507 739//1586 746//1558
f 795//1705 739//1586 824//1794
f 811//133 807//136 789//192
f 886//1731 864//1263 752//1363
f 777//1472 754//1505 680//1574
f 765//1996 775//1490 818//1653
f 850//1593 756//1840 707//1950
f 788//1079 836//1205 776//1519
f 856//323 761//733 768//479
f 806//931 778//675 752//1363
f 821//274 792//348 791//511
f 821//286 791//511 778//675
f 786//2734 829//2688 880//2744
f 766//1415 813//1057 772//742
f 805//117 856//323 799//294
f 813//1332 766//1777 819//2002
f 765//2496 829//2688 786//2690
f 815//189 792//309 810//137
f 790//290 802//165 796//164
f 757//601 627//530 800//589
f 782//535 813//704 751//864
f 792//348 821//274 810//168
f 796//164 805//117 799//294
f 824//902 751//864 813//704
f 805//117 796//164 826//121
f 827//1052 794//1103 598//1219
f 802//165 790//290 798//243
f 843//105 807//136 811//133
f 808//2182 819//2002 766//1729
f 812//1111 827//1052 598//1219
f 814//22 810//118 821//191
f 765//2276 809//2070 829//2660
f 826//130 796//164 802//165
f 826//121 814//40 805//117
f 821//286 778//675 846//288
f 856//323 768//479 799//294
f 820//1246 804//490 822//726
f 818//1653 809//2070 765//1996
f 776//1519 836//1205 850//1593
f 797//2492 793//2378 747//2349
f 827//1052 811//494 794//1103
f 747//2349 8//2224 808//2182
f 798//243 817//238 834//153
f 847//1303 818//1653 820//1246
f 824//1630 813//1184 819//2002
f 845//1084 847//1303 820//1246
f 834//153 817//251 816//250
f 810//96 814//22 826//56
f 823//374 788//1079 807//484
f 812//1111 598//1219 784//1125
f 826//121 815//161 810//114
f 828//302 822//726 804//580
f 814//167 821//274 842//98
f 836//1205 788//1079 844//629
f 864//1263 806//931 752//1363
f 846//265 778//675 825//394
f 823//93 807//136 843//105
f 856//323 627//530 761//733
f 805//117 842//68 833//120
f 816//1400 795//1705 840//1315
f 823//374 844//584 788//1079
f 856//323 805//117 833//120
f 806//931 825//394 778//675
f 835//257 804//387 777//553
f 842//66 805//117 814//40
f 816//1400 767//1587 795//1705
f 835//281 777//553 841//259
f 831//128 815//161 826//130
f 802//165 798//243 834//153
f 802//165 831//128 826//130
f 785//2016 830//1961 689//2205
f 834//183 816//250 853//144
f 839//151 815//161 831//128
f 852//88 823//93 843//116
f 820//1246 822//726 845//1084
f 801//316 815//312 839//258
f 844//113 823//93 852//81
f 900//635 822//726 828//270
f 846//265 825//394 837//212
f 838//2104 824//1794 819//2002
f 832//1404 841//1525 801//1513
f 831//128 859//79 839//151
f 842//68 821//274 846//265
f 853//1072 816//1400 840//1315
f 827//1052 843//322 811//494
f 877//67 833//120 842//68
f 852//173 843//199 827//1052
f 804//381 835//257 828//160
f 834//153 853//144 851//156
f 838//2104 869//2162 824//1794
f 827//1052 812//1091 878//421
f 855//139 831//128 802//165
f 850//1593 929//1530 756//1840
f 945//964 784//1125 771//1006
f 851//156 855//139 834//154
f 858//115 828//140 835//229
f 828//140 858//83 854//43
f 801//316 839//258 832//249
f 854//43 860//248 828//200
f 846//221 877//67 842//68
f 855//139 802//165 834//154
f 832//249 839//258 859//246
f 855//139 862//42 831//128
f 852//81 871//87 844//113
f 763//2623 880//2610 797//2492
f 785//2016 756//1840 849//1712
f 795//1705 848//2055 840//1372
f 849//1712 830//1961 785//2016
f 878//241 852//213 827//1052
f 854//43 868//73 860//266
f 871//135 865//193 844//187
f 846//265 837//212 877//67
f 836//1205 844//629 865//752
f 900//635 828//302 860//266
f 806//931 864//1263 873//497
f 858//219 835//257 841//259
f 861//155 856//323 833//120
f 859//246 841//259 832//249
f 851//1725 857//1725 855//1725
f 867//177 851//156 853//144
f 855//139 868//73 862//42
f 873//497 825//394 806//931
f 848//2055 885//1857 840//1315
f 854//43 870//6 868//2
f 831//128 862//42 859//79
f 858//219 841//259 859//246
f 870//6 862//42 868//12
f 771//1006 784//1125 561//1122
f 870//6 854//43 858//83
f 867//177 853//144 840//242
f 878//198 871//74 852//103
f 857//278 863//296 855//139
f 859//79 862//42 870//6
f 859//246 870//398 858//247
f 803//636 639//792 800//589
f 868//126 855//139 863//296
f 861//155 833//120 877//67
f 825//394 873//324 837//212
f 869//2111 795//1705 824//1809
f 865//752 875//795 836//1205
f 627//530 856//323 874//372
f 845//1084 822//726 900//635
f 866//2020 838//2104 819//2002
f 876//396 857//278 851//163
f 888//1293 867//539 840//1277
f 851//314 867//539 876//448
f 868//179 892//377 860//266
f 861//155 893//157 856//323
f 871//135 875//132 865//193
f 888//1147 876//392 867//231
f 860//266 882//565 900//635
f 875//795 881//653 836//1205
f 848//2055 795//1705 869//2111
f 891//570 857//278 876//396
f 868//179 863//296 892//377
f 861//155 877//67 893//104
f 872//2587 829//2660 809//2070
f 913//1383 818//1653 847//1303
f 879//857 897//1252 836//1205
f 885//930 888//678 840//1074
f 884//1755 809//2070 818//1653
f 882//565 860//287 892//377
f 913//1383 884//1755 818//1653
f 836//1205 881//653 879//857
f 857//278 891//570 863//296
f 871//87 883//84 875//132
f 837//212 889//107 877//67
f 883//70 871//74 878//198
f 883//222 878//241 812//1091
f 889//107 837//212 873//228
f 838//2104 938//1983 935//2085
f 812//1111 784//1125 904//1041
f 889//107 893//101 877//67
f 756//1840 929//1530 849//1712
f 771//1006 639//792 945//964
f 881//145 875//132 883//84
f 866//2020 819//2002 808//2182
f 891//570 876//416 902//1012
f 935//2085 869//2111 838//2104
f 900//635 882//565 969//1113
f 887//1213 864//1263 886//1731
f 893//104 896//227 856//323
f 887//1213 873//497 864//1263
f 8//2224 866//2020 808//2182
f 784//1125 908//1024 904//1041
f 874//372 800//589 627//530
f 891//570 923//696 863//296
f 929//1530 850//1593 897//1252
f 890//89 889//107 873//211
f 923//696 892//377 863//296
f 836//1205 897//1252 850//1593
f 889//107 890//89 893//101
f 874//372 856//323 896//227
f 894//190 812//320 904//152
f 929//1530 957//1416 849//1712
f 784//1125 933//1042 922//998
f 907//1804 888//1357 885//1915
f 881//145 883//84 894//76
f 812//1091 894//190 883//222
f 882//565 892//377 9//933
f 895//106 881//145 894//76
f 920//1222 845//1084 900//635
f 848//2055 869//2111 885//1870
f 931//409 800//589 874//372
f 902//1193 876//572 888//1293
f 895//223 879//857 881//330
f 951//467 803//636 800//589
f 923//696 891//570 916//929
f 919//1607 886//1731 830//1961
f 901//315 873//362 887//1213
f 898//2748 970//2713 880//2729
f 898//2721 880//2744 829//2718
f 869//2145 907//1804 885//1870
f 904//152 895//55 894//100
f 901//267 890//89 873//228
f 913//1383 847//1303 845//1084
f 951//467 800//589 931//385
f 914//48 893//101 890//89
f 924//172 896//227 893//104
f 872//2587 898//2684 829//2688
f 887//1213 886//1731 919//1607
f 899//1635 830//1961 849//1712
f 902//1012 916//929 891//570
f 903//52 895//55 904//152
f 893//104 914//48 924//172
f 897//1252 879//857 905//743
f 903//52 905//51 895//55
f 923//696 9//933 892//377
f 895//223 905//493 879//857
f 903//52 908//64 905//51
f 887//1213 906//548 901//315
f 908//64 903//52 904//152
f 905//743 912//924 897//1252
f 924//172 874//372 896//227
f 969//1113 882//565 9//933
f 959//1512 910//1452 849//1712
f 928//1180 929//1530 917//1176
f 901//149 906//148 890//89
f 925//863 906//548 887//1213
f 880//2591 793//2378 797//2492
f 916//929 902//918 967//1230
f 887//1213 919//1607 925//863
f 830//1961 899//1635 919//1607
f 908//1024 784//1125 922//998
f 874//372 924//172 915//176
f 918//793 897//1252 912//924
f 950//1362 902//1027 888//1314
f 888//1314 907//1754 950//1362
f 905//82 909//58 912//63
f 909//44 905//51 908//64
f 925//412 911//158 906//234
f 950//1362 967//1307 902//1005
f 968//2166 872//2587 809//2070
f 968//1987 809//2070 884//1755
f 914//48 890//89 906//148
f 922//279 909//72 908//64
f 911//158 914//48 906//148
f 931//369 874//372 915//176
f 922//54 912//63 909//58
f 918//793 917//1120 897//1252
f 917//1176 929//1530 897//1252
f 922//988 933//892 926//208
f 935//2085 973//1994 869//2111
f 918//57 912//63 922//54
f 914//48 911//158 927//31
f 803//636 951//467 952//486
f 920//1222 900//635 969//1113
f 872//2587 968//2593 898//2684
f 922//54 926//34 918//57
f 927//60 924//172 914//48
f 925//197 927//147 911//158
f 925//863 919//1607 932//1182
f 932//1182 919//1607 899//1635
f 918//793 934//331 917//1120
f 920//1222 913//1383 845//1084
f 838//2104 866//2020 938//1983
f 959//1512 849//1712 957//1436
f 936//150 927//147 925//197
f 899//1635 849//1712 939//1409
f 933//1042 784//1125 945//964
f 924//172 927//60 915//176
f 926//34 934//112 918//57
f 936//45 915//176 927//60
f 925//197 932//169 936//150
f 976//1662 884//1755 913//1383
f 8//2224 10//1978 866//2020
f 943//194 917//567 934//205
f 915//176 936//45 931//178
f 793//2378 880//2591 970//2577
f 910//1452 939//1409 849//1712
f 973//1994 907//1860 869//2145
f 944//138 936//150 932//169
f 932//1182 899//1635 944//1132
f 943//65 926//46 933//184
f 934//59 926//34 943//37
f 910//1452 959//1392 961//839
f 954//1220 937//1238 929//1530
f 943//142 941//180 917//567
f 941//332 928//1032 917//1120
f 928//1140 955//1046 929//1530
f 940//47 931//308 936//111
f 976//1662 968//1987 884//1755
f 943//65 933//184 945//41
f 943//14 945//35 941//109
f 947//216 928//634 941//252
f 948//958 944//1132 899//1635
f 939//1409 948//958 899//1635
f 942//1396 976//1662 913//1383
f 949//724 945//964 639//792
f 940//77 936//61 944//138
f 947//28 941//78 945//35
f 940//91 951//430 931//369
f 916//929 946//828 923//696
f 947//216 956//210 928//327
f 960//731 639//792 803//636
f 949//27 956//24 945//35
f 940//77 944//138 948//86
f 970//2713 898//2748 966//2720
f 937//1170 957//1416 929//1530
f 921//518 803//636 952//486
f 945//4 956//29 947//99
f 955//1046 954//1135 929//1530
f 955//195 928//327 956//210
f 910//1452 961//839 962//1159
f 866//2020 930//1932 938//1983
f 639//792 953//674 949//724
f 962//1159 939//1409 910//1452
f 949//27 955//11 956//24
f 954//872 955//505 937//360
f 940//25 948//86 939//49
f 639//792 960//731 953//674
f 937//185 960//174 957//245
f 955//11 949//27 953//23
f 959//603 957//1318 958//244
f 960//13 955//11 953//23
f 960//731 803//636 921//518
f 951//8 940//5 939//49
f 955//62 960//131 937//185
f 952//39 951//26 939//49
f 960//174 958//244 957//245
f 964//230 961//386 959//603
f 952//39 939//49 963//85
f 964//230 959//603 958//244
f 963//125 921//438 952//486
f 966//2612 898//2684 968//2593
f 939//49 962//143 963//85
f 964//92 958//244 960//80
f 921//97 964//18 960//20
f 964//230 965//166 961//202
f 963//85 962//143 961//202
f 921//97 965//1 964//18
f 963//85 961//202 965//21
f 963//33 965//1 921//97
f 916//929 977//963 946//828
f 916//929 967//1307 977//963
f 950//1362 907//1804 971//1756
f 975//2611 966//2612 968//2593
f 971//1578 967//1307 950//1362
f 866//2020 10//1978 930//1932
f 975//2037 968//1987 976//1662
f 747//2349 793//2378 8//2224
f 920//1222 990//1255 913//1383
f 974//2716 970//2659 966//2720
f 983//1350 977//963 967//1307
f 938//1983 979//2005 935//2085
f 983//1405 967//1340 971//1639
f 974//2686 966//2694 975//2611
f 969//1113 990//1255 920//1222
f 907//1860 973//1994 971//1874
f 971//1639 981//1421 983//1405
f 980//2226 8//2224 793//2378
f 985//2561 970//2626 974//2666
f 974//2686 975//2611 978//2616
f 980//2226 10//1978 8//2224
f 984//2220 978//2523 975//2438
f 970//2533 985//2561 793//2378
f 946//828 9//933 923//696
f 978//2672 982//2682 974//2686
f 976//1662 984//2068 975//2037
f 935//2085 979//1999 973//1994
f 990//1255 969//1113 1013//1151
f 974//2666 982//2649 985//2561
f 972//848 946//828 977//963
f 930//1932 1024//1891 938//1983
f 979//1999 971//1874 973//1994
f 1013//1151 969//1113 1007//1092
f 982//2682 978//2631 989//2594
f 9//933 946//828 995//907
f 9//933 1007//1092 969//1113
f 9//933 995//907 1007//1092
f 990//1255 942//1396 913//1383
f 971//1803 979//1979 988//1532
f 991//2589 985//2561 982//2649
f 984//1819 976//1662 986//1477
f 988//1532 981//1421 971//1756
f 977//963 983//1211 992//1045
f 991//2589 982//2692 989//2650
f 946//828 972//848 1004//827
f 979//2005 938//1983 994//1949
f 979//1999 987//1894 988//1715
f 984//2220 989//2476 978//2599
f 996//1287 942//1396 990//1255
f 977//963 992//987 972//844
f 986//1477 976//1662 942//1396
f 988//1506 992//1281 981//1421
f 992//1247 983//1350 981//1421
f 1009//2025 10//1978 980//2226
f 998//2273 989//2476 984//2220
f 984//2068 986//1477 998//1402
f 979//2005 994//1949 987//1894
f 985//2561 991//2589 793//2378
f 942//1396 996//1287 986//1477
f 10//1978 997//1878 930//1932
f 995//907 946//828 1004//827
f 993//2562 991//2589 989//2650
f 994//1958 938//1983 1024//1891
f 993//2540 793//2378 991//2589
f 1002//1245 992//1281 988//1506
f 993//2540 1001//2299 793//2378
f 1002//1245 1000//1054 992//1247
f 993//2646 989//2632 1006//2592
f 972//844 992//1154 1000//1054
f 999//1674 987//1894 994//1943
f 1003//2421 989//2501 998//2273
f 999//1328 1002//1306 988//1532
f 1003//2487 1006//2545 989//2594
f 996//1287 998//1364 986//1477
f 999//1376 988//1715 987//1894
f 972//887 1000//1054 1002//1215
f 1005//1419 1003//2231 998//1402
f 793//2378 1001//2299 980//2226
f 1010//2350 1001//2299 993//2540
f 1009//2025 997//1878 10//1978
f 1008//1138 1002//1245 999//1328
f 1001//2299 1009//2025 980//2226
f 990//1255 1012//1250 996//1287
f 972//887 1002//1215 1008//950
f 1011//2442 1006//2545 1003//2487
f 1011//2017 1003//2231 1005//1419
f 1017//1266 999//1376 994//1483
f 972//844 1008//830 1004//827
f 1017//1227 1008//1138 999//1328
f 993//2562 1006//2624 1010//2350
f 1009//2025 1001//2299 1010//2341
f 1014//2516 1006//2545 1011//2442
f 1010//2376 1006//2624 1014//2576
f 1014//2516 1011//2442 1015//2468
f 1022//762 1008//950 1017//1110
f 1018//1489 1011//2017 1005//1419
f 1020//1810 994//1958 1024//1891
f 1004//827 1008//830 1022//727
f 1020//1203 1017//1266 994//1947
f 1015//2373 1011//2357 1018//2101
f 1010//2350 1014//2576 1027//2473
f 1021//2196 1009//2025 1010//2350
f 1033//1925 1009//2025 1026//2032
f 1005//1419 1057//1366 1018//1445
f 1007//1092 995//907 1016//1128
f 1014//2574 1015//2531 1027//2578
f 1034//1596 1020//1749 1024//1891
f 1022//928 1017//1227 1020//1203
f 1015//2558 1019//2508 1027//2578
f 990//1255 1013//1151 1012//1250
f 996//1287 1057//1366 998//1364
f 1018//2101 1031//2323 1015//2373
f 1004//827 1022//727 1037//651
f 1021//2196 1026//2032 1009//2025
f 1031//2391 1019//2371 1015//2439
f 1027//2395 1021//2196 1010//2350
f 1029//2512 1027//2578 1019//2508
f 1030//947 1022//928 1020//1203
f 1034//1397 1030//1105 1020//1296
f 1022//762 1025//695 1037//606
f 1022//928 1030//947 1025//695
f 1029//2512 1019//2486 1031//2391
f 1032//2458 1029//2512 1031//2417
f 1034//1668 1024//1891 1043//1741
f 1037//633 1025//695 1030//876
f 995//907 1004//827 1023//967
f 1042//621 1037//633 1030//831
f 1029//2333 1021//2196 1027//2395
f 1057//1366 1005//1419 998//1364
f 1018//1445 1057//1366 1031//1439
f 1035//2246 1032//2458 1031//2391
f 1049//1058 1016//1128 995//907
f 1009//2025 1033//1925 997//1878
f 1031//1439 1057//1366 1035//1429
f 1030//1063 1034//1237 1042//1210
f 1029//2512 1038//2519 1041//2513
f 1029//2512 1032//2458 1038//2457
f 1036//841 1023//967 1004//827
f 1037//692 1036//824 1004//827
f 997//1878 1024//1891 930//1932
f 1035//2246 1038//2364 1032//2458
f 997//1878 1048//1682 1043//1761
f 1040//609 1037//606 1042//621
f 1042//1210 1034//1494 1043//1333
f 1037//651 1039//526 1036//790
f 1041//2204 1021//2196 1029//2333
f 995//907 1023//967 1049//1058
f 1040//609 1039//574 1037//633
f 997//1878 1043//1761 1024//1891
f 1021//2196 1041//2204 1026//2032
f 1035//2246 1044//2275 1038//2364
f 1041//2513 1038//2519 1050//2506
f 1040//1148 1042//1210 1043//1195
f 1012//1250 1013//1151 1007//1092
f 1044//2275 1050//2326 1038//2364
f 1041//2204 1051//2178 1026//2032
f 1036//517 1039//541 1047//500
f 1040//609 1047//508 1039//574
f 1046//2283 1051//2178 1041//2204
f 1040//1148 1043//1333 1047//1158
f 1046//2489 1041//2513 1050//2517
f 1044//2275 1055//2340 1050//2326
f 1007//1092 1045//1240 1012//1250
f 1047//1158 1043//1738 1048//1682
f 996//1287 1028//1278 1057//1366
f 1053//1954 1033//1925 1026//2032
f 1047//1158 1048//1682 1060//1706
f 1056//2478 1046//2489 1050//2506
f 1055//2340 1056//2408 1050//2452
f 1035//1429 1057//1366 1044//1420
f 1047//500 1052//498 1036//517
f 997//1878 1033//1925 1083//1764
f 1047//500 1054//453 1059//485
f 1052//498 1059//485 1036//605
f 1047//500 1059//485 1052//498
f 1007//1092 1016//1128 1049//1058
f 1058//2307 1056//2327 1055//2340
f 1054//513 1047//1016 1060//697
f 1036//841 1059//904 1023//967
f 1057//1366 1055//1501 1044//1420
f 1066//1856 1083//1764 1033//1925
f 1061//2051 1051//2178 1046//2400
f 1007//1092 1080//1098 1099//1177
f 1072//1491 1058//1739 1055//1501
f 1056//2471 1061//2427 1046//2466
f 1062//2319 1056//2327 1058//2307
f 1063//2446 1061//2427 1056//2471
f 1072//1491 1055//1501 1057//1366
f 1067//899 1081//1018 1023//967
f 1060//564 1059//485 1054//487
f 1060//1717 997//1878 1083//1764
f 1056//2327 1062//2319 1063//2379
f 1012//1250 1028//1278 996//1287
f 1060//564 1064//536 1059//485
f 1048//1682 997//1878 1060//1717
f 1061//2030 1053//1954 1026//2032
f 1007//1092 1099//1177 1045//1240
f 1081//1018 1049//1058 1023//967
f 1064//608 1060//697 1068//875
f 1068//1469 1060//1717 1083//1764
f 1067//899 1023//967 1059//904
f 1065//465 1059//485 1064//512
f 1065//465 1070//457 1059//485
f 1062//2319 1073//2404 1063//2379
f 1077//1448 1068//1469 1083//1764
f 1073//2404 1074//2461 1063//2434
f 1063//2446 1074//2450 1061//2427
f 1070//457 1065//465 1064//512
f 1071//432 1070//457 1064//512
f 1068//875 1071//688 1064//608
f 1072//1491 1062//1718 1058//1739
f 1070//457 1067//410 1059//485
f 1061//2030 1026//2032 1051//2178
f 1033//1925 1053//1954 1066//1856
f 1072//1491 1073//1805 1062//1718
f 1068//875 1069//912 1071//688
f 1070//457 1071//432 1067//410
f 1049//1058 1080//1098 1007//1092
f 1077//1448 1069//912 1068//1406
f 1074//2461 1073//2404 1076//2374
f 1078//2064 1061//2051 1074//2411
f 1082//815 1071//688 1069//912
f 1073//2404 1075//2331 1076//2374
f 1075//1748 1073//1805 1072//1491
f 1082//406 1067//410 1071//432
f 1088//1327 1072//1491 1057//1366
f 1076//2346 1078//2064 1074//2411
f 1078//2064 1053//1954 1061//2030
f 1078//2064 1076//2346 1079//2390
f 1076//2374 1075//2331 1079//2384
f 1082//406 1081//456 1067//410
f 1069//912 1077//1448 1082//970
f 1101//1450 1087//1065 1077//1448
f 1075//1748 1072//1491 1092//1508
f 1082//406 1084//414 1081//456
f 1094//2325 1079//2384 1075//2331
f 1049//1058 1081//1018 1090//1033
f 1084//425 1089//390 1081//456
f 1077//1448 1087//1065 1082//970
f 1078//2064 1079//2390 1085//2295
f 1103//1858 1066//1856 1053//1954
f 1091//2370 1079//2384 1094//2325
f 1089//447 1090//962 1081//992
f 1075//1748 1092//1508 1094//1778
f 1087//470 1084//422 1082//418
f 1079//2419 1091//2422 1085//2413
f 1101//1511 1083//1764 1105//1589
f 1092//1508 1072//1491 1088//1327
f 1078//2064 1085//2167 1086//1953
f 1089//389 1084//414 1087//470
f 1101//1511 1077//1448 1083//1764
f 1012//1250 1045//1240 1142//1209
f 1100//491 1089//389 1087//470
f 1100//491 1087//719 1101//925
f 1097//2425 1085//2413 1091//2422
f 1097//2107 1086//1953 1085//2167
f 1028//1278 1088//1327 1057//1366
f 1093//1050 1049//1058 1090//1033
f 1091//2422 1102//2412 1097//2425
f 1094//1941 1098//1889 1091//2244
f 1098//1757 1094//1778 1092//1508
f 1093//1050 1080//1098 1049//1058
f 1096//379 1089//389 1100//491
f 1103//1858 1086//1953 1095//1916
f 1096//376 1090//415 1089//390
f 1086//1953 1053//1954 1078//2064
f 1080//1098 1117//1064 1099//1177
f 1101//925 1096//613 1100//491
f 1104//2074 1102//2269 1091//2244
f 1103//1858 1053//1954 1086//1953
f 1104//2074 1091//2244 1098//2187
f 1109//949 1080//1098 1093//1050
f 1099//1177 1142//1209 1045//1240
f 1096//376 1110//355 1090//415
f 1106//2399 1097//2425 1102//2412
f 1110//357 1093//399 1090//415
f 1086//1953 1097//2107 1106//2143
f 1105//1043 1096//750 1101//925
f 1104//2074 1108//2207 1102//2222
f 1114//1017 1096//860 1105//1556
f 1066//1856 1112//1758 1083//1764
f 1110//349 1096//391 1114//429
f 1112//1758 1066//1856 1103//1858
f 1102//2383 1108//2361 1106//2399
f 1109//354 1093//399 1110//357
f 1108//2361 1113//2392 1106//2399
f 1114//368 1109//342 1110//355
f 1111//1458 1092//1508 1088//1327
f 1114//1017 1105//1556 1120//1423
f 1012//1250 1088//1327 1028//1278
f 1108//2330 1115//2127 1113//2360
f 1107//2117 1086//1953 1106//2203
f 1104//1711 1115//2021 1108//2207
f 1098//1719 1092//1508 1104//1681
f 1107//2310 1106//2377 1113//2398
f 1117//1064 1080//1098 1119//951
f 1114//368 1116//382 1109//342
f 1119//917 1080//1098 1109//949
f 1118//358 1116//382 1114//368
f 1118//779 1114//923 1120//979
f 1123//2345 1107//2310 1113//2398
f 1109//949 1116//659 1118//659
f 1120//1455 1105//1589 1112//1758
f 1122//333 1109//342 1118//358
f 1083//1764 1112//1758 1105//1589
f 1119//910 1109//894 1122//459
f 1115//2127 1123//2200 1113//2360
f 1088//1327 1012//1250 1175//1272
f 1123//2345 1124//2363 1107//2351
f 1086//1953 1107//2049 1095//1916
f 1088//1327 1121//1338 1111//1458
f 1104//1711 1137//1724 1115//1966
f 1124//2363 1123//2345 1126//2322
f 1128//691 1118//779 1120//1360
f 1127//1582 1120//1475 1112//1758
f 1123//2019 1115//2021 1137//1781
f 1111//1458 1104//1681 1092//1508
f 1128//383 1122//333 1118//358
f 1137//1724 1125//1845 1123//1977
f 1124//2026 1095//1916 1107//2049
f 1130//450 1122//364 1128//451
f 1125//2321 1126//2322 1123//2352
f 1124//2026 1126//2048 1095//1916
f 1137//1700 1104//1681 1111//1458
f 1128//837 1120//1423 1127//1523
f 1119//842 1122//356 1130//380
f 1125//2321 1132//2348 1126//2322
f 1133//463 1130//450 1128//533
f 1133//850 1128//991 1127//1523
f 1129//407 1119//523 1130//380
f 1132//1945 1095//1916 1126//2048
f 1099//1177 1117//1064 1142//1209
f 1117//1064 1119//910 1129//788
f 1131//2324 1132//2348 1125//2321
f 1103//1858 1139//1769 1112//1758
f 1130//380 1138//351 1129//343
f 1133//722 1138//525 1130//450
f 1139//1769 1103//1858 1141//1833
f 1125//1845 1137//1724 1131//1893
f 1141//1833 1103//1858 1095//1916
f 1135//359 1129//343 1138//352
f 1139//1769 1127//1582 1112//1758
f 1134//2258 1132//2348 1131//2324
f 1175//1272 1121//1338 1088//1327
f 1117//1064 1129//811 1135//808
f 1132//1945 1141//1833 1095//1916
f 1134//2258 1131//2324 1140//2225
f 1131//1893 1137//1724 1140//1904
f 1138//791 1133//850 1127//1523
f 1175//1272 1012//1250 1142//1209
f 1134//2261 1136//2252 1132//2348
f 1117//1064 1146//801 1149//1049
f 1136//2252 1134//2258 1144//2270
f 1135//359 1138//344 1145//393
f 1138//622 1127//952 1147//581
f 1117//1064 1135//808 1146//801
f 1134//2254 1140//2225 1143//2241
f 1139//1769 1147//1521 1127//1582
f 1144//2270 1134//2258 1143//2241
f 1149//1049 1142//1209 1117//1064
f 1144//2270 1153//2239 1136//2252
f 1137//1724 1143//1696 1140//1904
f 1146//801 1135//808 1145//615
f 1143//1696 1137//1724 1111//1458
f 1147//581 1145//423 1138//454
f 1148//2228 1144//2270 1143//2241
f 1154//492 1145//423 1147//581
f 1158//1552 1147//1521 1139//1769
f 1148//2208 1143//2177 1156//1973
f 1148//2237 1153//2239 1144//2270
f 1145//476 1149//1049 1146//801
f 1155//1624 1143//1696 1111//1458
f 1161//1611 1158//1552 1139//1769
f 1136//1914 1141//1833 1132//1945
f 1136//1914 1153//1917 1141//1833
f 1154//492 1151//400 1145//423
f 1155//1624 1156//1942 1143//1709
f 1151//753 1149//1049 1145//615
f 1153//1917 1164//1911 1141//1833
f 1142//1209 1149//1049 1150//1137
f 1154//492 1147//581 1158//591
f 1157//395 1151//400 1154//492
f 1159//2106 1148//2208 1156//2036
f 1164//2201 1153//2239 1148//2237
f 1164//2201 1148//2228 1159//2183
f 1157//736 1149//1049 1151//753
f 1157//395 1154//492 1163//436
f 1159//1957 1156//1973 1155//1624
f 1164//2201 1159//2183 1160//2191
f 1149//1049 1157//736 1163//866
f 1150//1137 1149//1049 1163//905
f 1163//462 1154//492 1158//591
f 1165//2181 1164//2201 1160//2191
f 1158//502 1167//452 1163//436
f 1161//1611 1139//1769 1152//1647
f 1155//1624 1160//1886 1159//1957
f 1160//2191 1166//2160 1165//2181
f 1111//1458 1121//1338 1182//1390
f 1170//939 1158//1424 1161//1515
f 1170//519 1167//461 1158//502
f 1167//444 1169//440 1163//471
f 1168//2174 1164//2201 1165//2181
f 1141//1833 1164//1911 1168//1879
f 1155//1624 1173//1826 1160//1886
f 1169//440 1167//452 1170//434
f 1150//1137 1169//995 1174//994
f 1173//1982 1166//2160 1160//2075
f 1170//434 1172//428 1174//446
f 1168//2174 1165//2181 1166//2160
f 1152//1174 1170//780 1161//989
f 1170//434 1174//446 1169//440
f 1171//2144 1168//2174 1166//2160
f 1175//1272 1142//1209 1150//1137
f 1171//2144 1166//2160 1173//2100
f 1155//1624 1177//1770 1173//1826
f 1172//632 1170//780 1152//868
f 1150//1137 1174//994 1176//916
f 1171//2144 1173//2100 1177//2114
f 1176//495 1174//446 1172//428
f 1152//1612 1162//1732 1186//1457
f 1150//1137 1176//916 1184//897
f 1176//822 1172//464 1180//551
f 1150//1137 1163//905 1169//995
f 1178//2155 1171//2151 1177//2114
f 1186//660 1172//632 1152//868
f 1141//1833 1168//1879 1171//1902
f 1179//1899 1141//1833 1171//1902
f 1178//2094 1179//2097 1171//2130
f 1152//1647 1139//1769 1162//1732
f 1172//521 1186//660 1180//554
f 1191//1181 1175//1272 1150//1137
f 1184//897 1191//1181 1150//1137
f 1181//607 1180//554 1186//660
f 1195//1572 1177//1770 1155//1624
f 1182//1390 1155//1624 1111//1458
f 1195//1572 1155//1624 1182//1390
f 1178//2147 1188//2012 1179//2097
f 1176//822 1180//551 1184//897
f 1181//607 1186//660 1183//602
f 1180//551 1181//592 1184//897
f 1185//2046 1188//2044 1178//2147
f 1185//2029 1178//2148 1177//2008
f 1187//501 1181//607 1183//563
f 1181//592 1187//631 1184//897
f 1193//1868 1185//2042 1177//2008
f 1139//1769 1141//1833 1190//1796
f 1179//1899 1190//1796 1141//1833
f 1177//1799 1195//1572 1193//1747
f 1200//656 1183//624 1186//660
f 1189//717 1184//897 1187//631
f 1179//1899 1188//1906 1190//1796
f 1191//1181 1184//897 1189//717
f 1193//1980 1188//2044 1185//2042
f 1187//501 1183//602 1192//561
f 1229//1201 1175//1272 1191//1181
f 1186//1457 1162//1732 1200//1467
f 1189//717 1187//631 1192//751
f 1198//1855 1188//2044 1193//1980
f 1192//561 1183//602 1200//656
f 1192//751 1191//1181 1189//717
f 1229//1201 1194//1282 1175//1272
f 1206//1274 1193//1747 1195//1572
f 1201//1807 1198//1855 1193//1980
f 1190//1796 1188//1959 1198//1919
f 1194//1282 1182//1390 1121//1338
f 1196//852 1191//1181 1192//751
f 1201//1425 1193//1694 1206//1274
f 1194//1282 1205//1126 1182//1390
f 1200//656 1196//582 1192//561
f 1202//809 1191//1181 1196//852
f 1202//809 1212//1048 1191//1181
f 1206//1274 1195//1572 1182//1390
f 1197//1504 1200//1467 1162//1732
f 1212//1076 1229//1201 1191//1181
f 1200//656 1204//625 1196//582
f 1201//1807 1203//1669 1198//1855
f 1198//1919 1199//1863 1190//1796
f 1162//1732 1139//1769 1190//1796
f 1199//1936 1208//1908 1190//1796
f 1204//682 1200//656 1197//760
f 1175//1272 1194//1282 1121//1338
f 1202//543 1196//582 1204//596
f 1199//1499 1198//1855 1203//1669
f 1162//1732 1213//1684 1197//1504
f 1202//672 1211//577 1212//765
f 1203//983 1201//1425 1206//1274
f 1207//1134 1199//1499 1203//1669
f 1182//1390 1205//1126 1209//901
f 1182//1390 1209//901 1206//1274
f 1218//537 1203//983 1206//1274
f 1211//611 1202//543 1204//596
f 1210//1873 1213//1684 1162//1732
f 1211//673 1204//625 1197//760
f 1208//1178 1199//1763 1207//1134
f 1218//455 1207//676 1203//983
f 1209//901 1218//617 1206//1274
f 1212//1076 1219//1157 1229//1201
f 1220//766 1208//1178 1207//1134
f 1190//1796 1208//1908 1220//1993
f 1220//766 1207//1134 1214//664
f 1213//1684 1215//1665 1197//1504
f 1214//411 1207//676 1218//509
f 1216//616 1211//673 1215//706
f 1197//760 1215//706 1211//673
f 1216//687 1212//1048 1211//577
f 1209//901 1205//1126 1217//747
f 1216//687 1219//645 1212//765
f 1190//1796 1220//1993 1210//1873
f 1217//747 1205//1126 1194//1282
f 1219//658 1216//616 1215//706
f 1222//2031 1210//1873 1220//1993
f 1222//709 1220//766 1214//664
f 1221//2601 1222//2063 1214//2601
f 1230//424 1218//617 1209//901
f 1217//747 1230//424 1209//901
f 1227//740 1219//647 1215//706
f 1214//664 1226//532 1221//702
f 1218//455 1226//285 1214//411
f 1234//277 1226//285 1218//455
f 1227//740 1215//706 1224//798
f 1210//1873 1162//1732 1190//1796
f 1223//662 1219//1009 1227//669
f 1234//291 1218//546 1230//424
f 1229//1201 1219//1179 1223//1167
f 1215//1665 1231//1865 1224//1484
f 1213//1684 1231//1865 1215//1665
f 1217//747 1194//1282 1229//1201
f 1228//787 1222//1059 1221//702
f 1226//532 1228//604 1221//702
f 1210//1873 1222//2031 1225//2015
f 1231//1865 1213//1684 1210//1873
f 1233//972 1229//1201 1223//1145
f 1227//669 1233//972 1223//1001
f 1231//1865 1210//1873 1225//2015
f 1224//798 1236//867 1227//740
f 1225//1965 1222//2004 1228//1129
f 1235//1768 1224//1484 1231//1865
f 1232//218 1226//285 1234//253
f 1232//481 1228//604 1226//532
f 1238//2072 1235//1768 1231//1865
f 1236//867 1224//798 1235//889
f 1236//587 1233//972 1227//669
f 1229//1201 1237//677 1217//747
f 1228//787 1232//481 1225//1160
f 1236//587 1237//637 1233//972
f 1237//665 1229//1201 1233//972
f 1232//481 1240//431 1225//1160
f 1225//2015 1238//2072 1231//1865
f 1243//232 1232//218 1234//277
f 1243//261 1234//277 1230//424
f 1243//217 1240//353 1232//275
f 1225//2015 1239//2115 1238//2072
f 1236//587 1244//506 1237//475
f 1217//747 1246//347 1230//424
f 1240//873 1241//694 1225//1160
f 1244//789 1236//867 1235//889
f 1243//261 1230//424 1246//347
f 1241//346 1240//353 1243//254
f 1241//1007 1239//2010 1225//1965
f 1250//527 1217//747 1237//677
f 1242//403 1237//637 1244//506
f 1242//891 1244//789 1235//889
f 1243//254 1245//289 1241//420
f 1217//747 1250//529 1246//373
f 1250//527 1237//657 1242//403
f 1239//2170 1235//1637 1238//2072
f 1246//122 1245//225 1243//217
f 1245//401 1239//803 1241//595
f 1247//1869 1235//1768 1239//2115
f 1242//891 1235//996 1247//926
f 1249//284 1250//585 1242//403
f 1248//405 1239//483 1245//401
f 1247//388 1239//483 1248//405
f 1246//298 1250//50 1248//71
f 1249//720 1242//891 1247//926
f 1246//122 1248//71 1245//225
f 1250//50 1249//69 1247//53
f 1247//53 1248//71 1250//50
