# WaveFront *.obj file (generated by Autodesk ATF)

mtllib top_motor.mtl

g Body1

v -0.196350 -0.000000 3.945000
v -0.189660 -0.050819 3.945000
v -0.170044 -0.098175 3.945000
v -0.138840 -0.138840 3.945000
v -0.098175 -0.170044 3.945000
v -0.050819 -0.189660 3.945000
v 0.000000 -0.196350 3.945000
v 0.050819 -0.189660 3.945000
v 0.098175 -0.170044 3.945000
v 0.138840 -0.138840 3.945000
v 0.170044 -0.098175 3.945000
v 0.189660 -0.050819 3.945000
v 0.196350 0.000000 3.945000
v 0.189660 0.050819 3.945000
v 0.170044 0.098175 3.945000
v 0.138840 0.138840 3.945000
v 0.098175 0.170044 3.945000
v 0.050819 0.189660 3.945000
v 0.000000 0.196350 3.945000
v -0.050819 0.189660 3.945000
v -0.098175 0.170044 3.945000
v -0.138840 0.138840 3.945000
v -0.170044 0.098175 3.945000
v -0.189660 0.050819 3.945000
v -0.146350 0.000000 3.995000
v -0.141363 0.037878 3.995000
v -0.126743 0.073175 3.995000
v -0.103485 0.103485 3.995000
v -0.073175 0.126743 3.995000
v -0.037878 0.141363 3.995000
v 0.000000 0.146350 3.995000
v 0.037878 0.141363 3.995000
v 0.073175 0.126743 3.995000
v 0.103485 0.103485 3.995000
v 0.126743 0.073175 3.995000
v 0.141363 0.037878 3.995000
v 0.146350 0.000000 3.995000
v 0.141363 -0.037878 3.995000
v 0.126743 -0.073175 3.995000
v 0.103485 -0.103485 3.995000
v 0.073175 -0.126743 3.995000
v 0.037878 -0.141363 3.995000
v 0.000000 -0.146350 3.995000
v -0.037878 -0.141363 3.995000
v -0.073175 -0.126743 3.995000
v -0.103485 -0.103485 3.995000
v -0.126743 -0.073175 3.995000
v -0.141363 -0.037878 3.995000
v -0.196350 0.000000 2.595000
v -0.189660 -0.050819 2.595000
v -0.170044 -0.098175 2.595000
v -0.138840 -0.138840 2.595000
v -0.098175 -0.170044 2.595000
v -0.050819 -0.189660 2.595000
v 0.000000 -0.196350 2.595000
v 0.050819 -0.189660 2.595000
v 0.098175 -0.170044 2.595000
v 0.138840 -0.138840 2.595000
v 0.170044 -0.098175 2.595000
v 0.189660 -0.050819 2.595000
v 0.196350 0.000000 2.595000
v 0.189660 0.050819 2.595000
v 0.170044 0.098175 2.595000
v 0.138840 0.138840 2.595000
v 0.098175 0.170044 2.595000
v 0.050819 0.189660 2.595000
v 0.000000 0.196350 2.595000
v -0.050819 0.189660 2.595000
v -0.098175 0.170044 2.595000
v -0.138840 0.138840 2.595000
v -0.170044 0.098175 2.595000
v -0.189660 0.050819 2.595000
v -0.196350 0.000000 3.270000
v -0.189660 -0.050819 3.270000
v -0.170044 -0.098175 3.270000
v -0.138840 -0.138840 3.270000
v -0.098175 -0.170044 3.270000
v -0.050819 -0.189660 3.270000
v 0.000000 -0.196350 3.270000
v 0.050819 -0.189660 3.270000
v 0.098175 -0.170044 3.270000
v 0.138840 -0.138840 3.270000
v 0.170044 -0.098175 3.270000
v 0.189660 -0.050819 3.270000
v 0.196350 0.000000 3.270000
v 0.189660 0.050819 3.270000
v 0.170044 0.098175 3.270000
v 0.138840 0.138840 3.270000
v 0.098175 0.170044 3.270000
v 0.050819 0.189660 3.270000
v 0.000000 0.196350 3.270000
v -0.050819 0.189660 3.270000
v -0.098175 0.170044 3.270000
v -0.138840 0.138840 3.270000
v -0.170044 0.098175 3.270000
v -0.189660 0.050819 3.270000
v -1.100000 0.000000 0.350000
v -1.094889 -0.038823 0.350000
v -1.079904 -0.075000 0.350000
v -1.056066 -0.106066 0.350000
v -1.025000 -0.129904 0.350000
v -0.988823 -0.144889 0.350000
v -0.950000 -0.150000 0.350000
v -0.911177 -0.144889 0.350000
v -0.875000 -0.129904 0.350000
v -0.843934 -0.106066 0.350000
v -0.820096 -0.075000 0.350000
v -0.805111 -0.038823 0.350000
v -0.800000 0.000000 0.350000
v -0.805111 0.038823 0.350000
v -0.820096 0.075000 0.350000
v -0.843934 0.106066 0.350000
v -0.875000 0.129904 0.350000
v -0.911177 0.144889 0.350000
v -0.950000 0.150000 0.350000
v -0.988823 0.144889 0.350000
v -1.025000 0.129904 0.350000
v -1.056066 0.106066 0.350000
v -1.079904 0.075000 0.350000
v -1.094889 0.038823 0.350000
v -1.100000 0.000000 0.000000
v -1.094889 0.038823 0.000000
v -1.079904 0.075000 0.000000
v -1.056066 0.106066 0.000000
v -1.025000 0.129904 0.000000
v -0.988823 0.144889 0.000000
v -0.950000 0.150000 0.000000
v -0.911177 0.144889 0.000000
v -0.875000 0.129904 0.000000
v -0.843934 0.106066 0.000000
v -0.820096 0.075000 0.000000
v -0.805111 0.038823 0.000000
v -0.800000 0.000000 0.000000
v -0.805111 -0.038823 0.000000
v -0.820096 -0.075000 0.000000
v -0.843934 -0.106066 0.000000
v -0.875000 -0.129904 0.000000
v -0.911177 -0.144889 0.000000
v -0.950000 -0.150000 0.000000
v -0.988823 -0.144889 0.000000
v -1.025000 -0.129904 0.000000
v -1.056066 -0.106066 0.000000
v -1.079904 -0.075000 0.000000
v -1.094889 -0.038823 0.000000
v 0.800000 0.000000 0.350000
v 0.805111 -0.038823 0.350000
v 0.820096 -0.075000 0.350000
v 0.843934 -0.106066 0.350000
v 0.875000 -0.129904 0.350000
v 0.911177 -0.144889 0.350000
v 0.950000 -0.150000 0.350000
v 0.988823 -0.144889 0.350000
v 1.025000 -0.129904 0.350000
v 1.056066 -0.106066 0.350000
v 1.079904 -0.075000 0.350000
v 1.094889 -0.038823 0.350000
v 1.100000 0.000000 0.350000
v 1.094889 0.038823 0.350000
v 1.079904 0.075000 0.350000
v 1.056066 0.106066 0.350000
v 1.025000 0.129904 0.350000
v 0.988823 0.144889 0.350000
v 0.950000 0.150000 0.350000
v 0.911177 0.144889 0.350000
v 0.875000 0.129904 0.350000
v 0.843934 0.106066 0.350000
v 0.820096 0.075000 0.350000
v 0.805111 0.038823 0.350000
v 0.800000 0.000000 0.000000
v 0.805111 0.038823 0.000000
v 0.820096 0.075000 0.000000
v 0.843934 0.106066 0.000000
v 0.875000 0.129904 0.000000
v 0.911177 0.144889 0.000000
v 0.950000 0.150000 0.000000
v 0.988823 0.144889 0.000000
v 1.025000 0.129904 0.000000
v 1.056066 0.106066 0.000000
v 1.079904 0.075000 0.000000
v 1.094889 0.038823 0.000000
v 1.100000 0.000000 0.000000
v 1.094889 -0.038823 0.000000
v 1.079904 -0.075000 0.000000
v 1.056066 -0.106066 0.000000
v 1.025000 -0.129904 0.000000
v 0.988823 -0.144889 0.000000
v 0.950000 -0.150000 0.000000
v 0.911177 -0.144889 0.000000
v 0.875000 -0.129904 0.000000
v 0.843934 -0.106066 0.000000
v 0.820096 -0.075000 0.000000
v 0.805111 -0.038823 0.000000
v -0.320210 -0.894408 0.350000
v -0.415052 -0.708541 0.350000
v -0.546402 -0.546402 0.350000
v -0.708541 -0.415052 0.350000
v -0.894408 -0.320210 0.350000
v -0.894408 -0.320210 0.000000
v -0.708541 -0.415052 0.000000
v -0.546402 -0.546402 0.000000
v -0.415052 -0.708541 0.000000
v -0.320210 -0.894408 0.000000
v 0.894408 -0.320210 0.350000
v 0.708541 -0.415052 0.350000
v 0.546402 -0.546402 0.350000
v 0.415052 -0.708541 0.350000
v 0.320210 -0.894408 0.350000
v 0.320210 -0.894408 0.000000
v 0.415052 -0.708541 0.000000
v 0.546402 -0.546402 0.000000
v 0.708541 -0.415052 0.000000
v 0.894408 -0.320210 0.000000
v 0.894408 0.320210 0.350000
v 0.975019 0.324036 0.350000
v 1.054088 0.307881 0.350000
v 1.126738 0.272743 0.350000
v 1.188491 0.220787 0.350000
v 1.235539 0.155218 0.350000
v 1.264980 0.080078 0.350000
v 1.275000 0.000000 0.350000
v 1.264980 -0.080078 0.350000
v 1.235539 -0.155218 0.350000
v 1.188491 -0.220787 0.350000
v 1.126738 -0.272743 0.350000
v 1.054088 -0.307881 0.350000
v 0.975019 -0.324036 0.350000
v 0.975019 -0.324036 0.000000
v 1.054088 -0.307881 0.000000
v 1.126738 -0.272743 0.000000
v 1.188491 -0.220787 0.000000
v 1.235539 -0.155218 0.000000
v 1.264980 -0.080078 0.000000
v 1.275000 0.000000 0.000000
v 1.264980 0.080078 0.000000
v 1.235539 0.155218 0.000000
v 1.188491 0.220787 0.000000
v 1.126738 0.272743 0.000000
v 1.054088 0.307881 0.000000
v 0.975019 0.324036 0.000000
v 0.894408 0.320210 0.000000
v 0.320210 0.894408 0.350000
v 0.415052 0.708541 0.350000
v 0.546402 0.546402 0.350000
v 0.708541 0.415052 0.350000
v 0.708541 0.415052 0.000000
v 0.546402 0.546402 0.000000
v 0.415052 0.708541 0.000000
v 0.320210 0.894408 0.000000
v -0.320210 0.894408 0.350000
v -0.324036 0.975019 0.350000
v -0.307881 1.054088 0.350000
v -0.272743 1.126738 0.350000
v -0.220787 1.188491 0.350000
v -0.155218 1.235539 0.350000
v -0.080078 1.264980 0.350000
v 0.000000 1.275000 0.350000
v 0.080078 1.264980 0.350000
v 0.155218 1.235539 0.350000
v 0.220787 1.188491 0.350000
v 0.272743 1.126738 0.350000
v 0.307881 1.054088 0.350000
v 0.324036 0.975019 0.350000
v 0.324036 0.975019 0.000000
v 0.307881 1.054088 0.000000
v 0.272743 1.126738 0.000000
v 0.220787 1.188491 0.000000
v 0.155218 1.235539 0.000000
v 0.080078 1.264980 0.000000
v 0.000000 1.275000 0.000000
v -0.080078 1.264980 0.000000
v -0.155218 1.235539 0.000000
v -0.220787 1.188491 0.000000
v -0.272743 1.126738 0.000000
v -0.307881 1.054088 0.000000
v -0.324036 0.975019 0.000000
v -0.320210 0.894408 0.000000
v -0.894408 0.320210 0.350000
v -0.708541 0.415052 0.350000
v -0.546402 0.546402 0.350000
v -0.415052 0.708541 0.350000
v -0.415052 0.708541 0.000000
v -0.546402 0.546402 0.000000
v -0.708541 0.415052 0.000000
v -0.894408 0.320210 0.000000
v -0.975019 -0.324036 0.350000
v -1.054088 -0.307881 0.350000
v -1.126738 -0.272743 0.350000
v -1.188491 -0.220787 0.350000
v -1.235539 -0.155218 0.350000
v -1.264980 -0.080078 0.350000
v -1.275000 0.000000 0.350000
v -1.264980 0.080078 0.350000
v -1.235539 0.155218 0.350000
v -1.188491 0.220787 0.350000
v -1.126738 0.272743 0.350000
v -1.054088 0.307881 0.350000
v -0.975019 0.324036 0.350000
v -0.975019 0.324036 0.000000
v -1.054088 0.307881 0.000000
v -1.126738 0.272743 0.000000
v -1.188491 0.220787 0.000000
v -1.235539 0.155218 0.000000
v -1.264980 0.080078 0.000000
v -1.275000 0.000000 0.000000
v -1.264980 -0.080078 0.000000
v -1.235539 -0.155218 0.000000
v -1.188491 -0.220787 0.000000
v -1.126738 -0.272743 0.000000
v -1.054088 -0.307881 0.000000
v -0.975019 -0.324036 0.000000
v 0.324036 -0.975019 0.350000
v 0.307881 -1.054088 0.350000
v 0.272743 -1.126738 0.350000
v 0.220787 -1.188491 0.350000
v 0.155218 -1.235539 0.350000
v 0.080078 -1.264980 0.350000
v 0.000000 -1.275000 0.350000
v -0.080078 -1.264980 0.350000
v -0.155218 -1.235539 0.350000
v -0.220787 -1.188491 0.350000
v -0.272743 -1.126738 0.350000
v -0.307881 -1.054088 0.350000
v -0.324036 -0.975019 0.350000
v -0.324036 -0.975019 0.000000
v -0.307881 -1.054088 0.000000
v -0.272743 -1.126738 0.000000
v -0.220787 -1.188491 0.000000
v -0.155218 -1.235539 0.000000
v -0.080078 -1.264980 0.000000
v 0.000000 -1.275000 0.000000
v 0.080078 -1.264980 0.000000
v 0.155218 -1.235539 0.000000
v 0.220787 -1.188491 0.000000
v 0.272743 -1.126738 0.000000
v 0.307881 -1.054088 0.000000
v 0.324036 -0.975019 0.000000
v -0.150000 0.950000 0.350000
v -0.144889 0.911177 0.350000
v -0.129904 0.875000 0.350000
v -0.106066 0.843934 0.350000
v -0.075000 0.820096 0.350000
v -0.038823 0.805111 0.350000
v 0.000000 0.800000 0.350000
v 0.038823 0.805111 0.350000
v 0.075000 0.820096 0.350000
v 0.106066 0.843934 0.350000
v 0.129904 0.875000 0.350000
v 0.144889 0.911177 0.350000
v 0.150000 0.950000 0.350000
v 0.144889 0.988823 0.350000
v 0.129904 1.025000 0.350000
v 0.106066 1.056066 0.350000
v 0.075000 1.079904 0.350000
v 0.038823 1.094889 0.350000
v 0.000000 1.100000 0.350000
v -0.038823 1.094889 0.350000
v -0.075000 1.079904 0.350000
v -0.106066 1.056066 0.350000
v -0.129904 1.025000 0.350000
v -0.144889 0.988823 0.350000
v -0.150000 0.950000 0.000000
v -0.144889 0.988823 0.000000
v -0.129904 1.025000 0.000000
v -0.106066 1.056066 0.000000
v -0.075000 1.079904 0.000000
v -0.038823 1.094889 0.000000
v 0.000000 1.100000 0.000000
v 0.038823 1.094889 0.000000
v 0.075000 1.079904 0.000000
v 0.106066 1.056066 0.000000
v 0.129904 1.025000 0.000000
v 0.144889 0.988823 0.000000
v 0.150000 0.950000 0.000000
v 0.144889 0.911177 0.000000
v 0.129904 0.875000 0.000000
v 0.106066 0.843934 0.000000
v 0.075000 0.820096 0.000000
v 0.038823 0.805111 0.000000
v 0.000000 0.800000 0.000000
v -0.038823 0.805111 0.000000
v -0.075000 0.820096 0.000000
v -0.106066 0.843934 0.000000
v -0.129904 0.875000 0.000000
v -0.144889 0.911177 0.000000
v -0.150000 -0.950000 0.350000
v -0.144889 -0.988823 0.350000
v -0.129904 -1.025000 0.350000
v -0.106066 -1.056066 0.350000
v -0.075000 -1.079904 0.350000
v -0.038823 -1.094889 0.350000
v 0.000000 -1.100000 0.350000
v 0.038823 -1.094889 0.350000
v 0.075000 -1.079904 0.350000
v 0.106066 -1.056066 0.350000
v 0.129904 -1.025000 0.350000
v 0.144889 -0.988823 0.350000
v 0.150000 -0.950000 0.350000
v 0.144889 -0.911177 0.350000
v 0.129904 -0.875000 0.350000
v 0.106066 -0.843934 0.350000
v 0.075000 -0.820096 0.350000
v 0.038823 -0.805111 0.350000
v 0.000000 -0.800000 0.350000
v -0.038823 -0.805111 0.350000
v -0.075000 -0.820096 0.350000
v -0.106066 -0.843934 0.350000
v -0.129904 -0.875000 0.350000
v -0.144889 -0.911177 0.350000
v -0.150000 -0.950000 0.000000
v -0.144889 -0.911177 0.000000
v -0.129904 -0.875000 0.000000
v -0.106066 -0.843934 0.000000
v -0.075000 -0.820096 0.000000
v -0.038823 -0.805111 0.000000
v 0.000000 -0.800000 0.000000
v 0.038823 -0.805111 0.000000
v 0.075000 -0.820096 0.000000
v 0.106066 -0.843934 0.000000
v 0.129904 -0.875000 0.000000
v 0.144889 -0.911177 0.000000
v 0.150000 -0.950000 0.000000
v 0.144889 -0.988823 0.000000
v 0.129904 -1.025000 0.000000
v 0.106066 -1.056066 0.000000
v 0.075000 -1.079904 0.000000
v 0.038823 -1.094889 0.000000
v 0.000000 -1.100000 0.000000
v -0.038823 -1.094889 0.000000
v -0.075000 -1.079904 0.000000
v -0.106066 -1.056066 0.000000
v -0.129904 -1.025000 0.000000
v -0.144889 -0.988823 0.000000
v 0.700000 0.000000 0.350000
v 0.676148 -0.181173 0.350000
v 0.606218 -0.350000 0.350000
v 0.494975 -0.494975 0.350000
v 0.350000 -0.606218 0.350000
v 0.181173 -0.676148 0.350000
v -0.000000 -0.700000 0.350000
v -0.181173 -0.676148 0.350000
v -0.350000 -0.606218 0.350000
v -0.494975 -0.494975 0.350000
v -0.606218 -0.350000 0.350000
v -0.676148 -0.181173 0.350000
v -0.700000 0.000000 0.350000
v -0.676148 0.181173 0.350000
v -0.606218 0.350000 0.350000
v -0.494975 0.494975 0.350000
v -0.350000 0.606218 0.350000
v -0.181173 0.676148 0.350000
v 0.000000 0.700000 0.350000
v 0.181173 0.676148 0.350000
v 0.350000 0.606218 0.350000
v 0.494975 0.494975 0.350000
v 0.606218 0.350000 0.350000
v 0.676148 0.181173 0.350000
v 0.700000 0.000000 0.595000
v 0.676148 -0.181173 0.595000
v 0.606218 -0.350000 0.595000
v 0.494975 -0.494975 0.595000
v 0.350000 -0.606218 0.595000
v 0.181173 -0.676148 0.595000
v -0.000000 -0.700000 0.595000
v -0.181173 -0.676148 0.595000
v -0.350000 -0.606218 0.595000
v -0.494975 -0.494975 0.595000
v -0.606218 -0.350000 0.595000
v -0.676148 -0.181173 0.595000
v -0.700000 0.000000 0.595000
v -0.676148 0.181173 0.595000
v -0.606218 0.350000 0.595000
v -0.494975 0.494975 0.595000
v -0.350000 0.606218 0.595000
v -0.181173 0.676148 0.595000
v 0.000000 0.700000 0.595000
v 0.181173 0.676148 0.595000
v 0.350000 0.606218 0.595000
v 0.494975 0.494975 0.595000
v 0.606218 0.350000 0.595000
v 0.676148 0.181173 0.595000
v 1.720000 0.000000 0.595000
v 1.695259 0.290681 0.595000
v 1.621749 0.573000 0.595000
v 1.501584 0.838835 0.595000
v 1.338221 1.080538 0.595000
v 1.136361 1.291156 0.595000
v 0.901809 1.464630 0.595000
v 0.641313 1.595969 0.595000
v 0.362368 1.681395 0.595000
v 0.072999 1.718450 0.595000
v -0.218471 1.706069 0.595000
v -0.503655 1.644607 0.595000
v -0.774350 1.535832 0.595000
v -1.022769 1.382875 0.595000
v -1.241764 1.190135 0.595000
v -1.425037 0.963157 0.595000
v -1.567313 0.708470 0.595000
v -1.664501 0.433402 0.595000
v -1.713804 0.145866 0.595000
v -1.713804 -0.145866 0.595000
v -1.664501 -0.433402 0.595000
v -1.567313 -0.708470 0.595000
v -1.425037 -0.963157 0.595000
v -1.241764 -1.190135 0.595000
v -1.022769 -1.382875 0.595000
v -0.774350 -1.535832 0.595000
v -0.503655 -1.644607 0.595000
v -0.218471 -1.706069 0.595000
v 0.072999 -1.718450 0.595000
v 0.362368 -1.681395 0.595000
v 0.641313 -1.595969 0.595000
v 0.901809 -1.464630 0.595000
v 1.136361 -1.291156 0.595000
v 1.338221 -1.080538 0.595000
v 1.501584 -0.838835 0.595000
v 1.621749 -0.573000 0.595000
v 1.695259 -0.290681 0.595000
v 1.720000 0.000000 2.595000
v 1.695259 -0.290681 2.595000
v 1.621749 -0.573000 2.595000
v 1.501584 -0.838835 2.595000
v 1.338221 -1.080538 2.595000
v 1.136361 -1.291156 2.595000
v 0.901809 -1.464630 2.595000
v 0.641313 -1.595969 2.595000
v 0.362368 -1.681395 2.595000
v 0.072999 -1.718450 2.595000
v -0.218471 -1.706069 2.595000
v -0.503655 -1.644607 2.595000
v -0.774350 -1.535832 2.595000
v -1.022769 -1.382875 2.595000
v -1.241764 -1.190135 2.595000
v -1.425037 -0.963157 2.595000
v -1.567313 -0.708470 2.595000
v -1.664501 -0.433402 2.595000
v -1.713804 -0.145866 2.595000
v -1.713804 0.145866 2.595000
v -1.664501 0.433402 2.595000
v -1.567313 0.708470 2.595000
v -1.425037 0.963157 2.595000
v -1.241764 1.190135 2.595000
v -1.022769 1.382875 2.595000
v -0.774350 1.535832 2.595000
v -0.503655 1.644607 2.595000
v -0.218471 1.706069 2.595000
v 0.072999 1.718450 2.595000
v 0.362368 1.681395 2.595000
v 0.641313 1.595969 2.595000
v 0.901809 1.464630 2.595000
v 1.136361 1.291156 2.595000
v 1.338221 1.080538 2.595000
v 1.501584 0.838835 2.595000
v 1.621749 0.573000 2.595000
v 1.695259 0.290681 2.595000
vt 0.035355 -0.493453 0.000000
vt -0.035355 -0.493453 0.000000
vt 0.035355 -0.538312 0.000000
vt -0.035355 -0.538312 0.000000
vt 0.035355 0.538312 0.000000
vt -0.035355 0.538312 0.000000
vt 0.035355 0.493453 0.000000
vt -0.035355 0.493453 0.000000
vt 0.035355 0.448593 0.000000
vt -0.035355 0.448593 0.000000
vt 0.035355 0.403734 0.000000
vt -0.035355 0.403734 0.000000
vt 0.035355 0.358875 0.000000
vt -0.035355 0.358875 0.000000
vt 0.035355 0.314015 0.000000
vt -0.035355 0.314015 0.000000
vt 0.035355 0.269156 0.000000
vt -0.035355 0.269156 0.000000
vt 0.035355 0.224297 0.000000
vt -0.035355 0.224297 0.000000
vt 0.035355 0.179437 0.000000
vt -0.035355 0.179437 0.000000
vt 0.035355 0.134578 0.000000
vt -0.035355 0.134578 0.000000
vt 0.035355 0.089719 0.000000
vt -0.035355 0.089719 0.000000
vt 0.035355 0.044859 0.000000
vt -0.035355 0.044859 0.000000
vt 0.035355 0.000000 0.000000
vt -0.035355 0.000000 0.000000
vt 0.035355 -0.044859 0.000000
vt -0.035355 -0.044859 0.000000
vt 0.035355 -0.089719 0.000000
vt -0.035355 -0.089719 0.000000
vt 0.035355 -0.134578 0.000000
vt -0.035355 -0.134578 0.000000
vt 0.035355 -0.179437 0.000000
vt -0.035355 -0.179437 0.000000
vt 0.035355 -0.224297 0.000000
vt -0.035355 -0.224297 0.000000
vt 0.035355 -0.269156 0.000000
vt -0.035355 -0.269156 0.000000
vt 0.035355 -0.314015 0.000000
vt -0.035355 -0.314015 0.000000
vt 0.035355 -0.358875 0.000000
vt -0.035355 -0.358875 0.000000
vt 0.035355 -0.403734 0.000000
vt -0.035355 -0.403734 0.000000
vt 0.035355 -0.448593 0.000000
vt -0.035355 -0.448593 0.000000
vt 0.700000 -0.565447 0.000000
vt 0.025000 -0.565447 0.000000
vt 0.700000 -0.616852 0.000000
vt 0.025000 -0.616852 0.000000
vt 0.700000 0.616852 0.000000
vt 0.025000 0.616852 0.000000
vt 0.700000 0.565447 0.000000
vt 0.025000 0.565447 0.000000
vt 0.700000 0.514043 0.000000
vt 0.025000 0.514043 0.000000
vt 0.700000 0.462639 0.000000
vt 0.025000 0.462639 0.000000
vt 0.700000 0.411234 0.000000
vt 0.025000 0.411234 0.000000
vt 0.700000 0.359830 0.000000
vt 0.025000 0.359830 0.000000
vt 0.700000 0.308426 0.000000
vt 0.025000 0.308426 0.000000
vt 0.700000 0.257022 0.000000
vt 0.025000 0.257022 0.000000
vt 0.700000 0.205617 0.000000
vt 0.025000 0.205617 0.000000
vt 0.700000 0.154213 0.000000
vt 0.025000 0.154213 0.000000
vt 0.700000 0.102809 0.000000
vt 0.025000 0.102809 0.000000
vt 0.700000 0.051404 0.000000
vt 0.025000 0.051404 0.000000
vt 0.700000 0.000000 0.000000
vt 0.025000 0.000000 0.000000
vt 0.700000 -0.051404 0.000000
vt 0.025000 -0.051404 0.000000
vt 0.700000 -0.102809 0.000000
vt 0.025000 -0.102809 0.000000
vt 0.700000 -0.154213 0.000000
vt 0.025000 -0.154213 0.000000
vt 0.700000 -0.205617 0.000000
vt 0.025000 -0.205617 0.000000
vt 0.700000 -0.257022 0.000000
vt 0.025000 -0.257022 0.000000
vt 0.700000 -0.308426 0.000000
vt 0.025000 -0.308426 0.000000
vt 0.700000 -0.359830 0.000000
vt 0.025000 -0.359830 0.000000
vt 0.700000 -0.411234 0.000000
vt 0.025000 -0.411234 0.000000
vt 0.700000 -0.462639 0.000000
vt 0.025000 -0.462639 0.000000
vt 0.700000 -0.514043 0.000000
vt 0.025000 -0.514043 0.000000
vt -0.650000 0.565447 0.000000
vt -0.650000 0.616852 0.000000
vt -0.650000 -0.616852 0.000000
vt -0.650000 -0.565447 0.000000
vt -0.650000 -0.514043 0.000000
vt -0.650000 -0.462639 0.000000
vt -0.650000 -0.411234 0.000000
vt -0.650000 -0.359830 0.000000
vt -0.650000 -0.308426 0.000000
vt -0.650000 -0.257022 0.000000
vt -0.650000 -0.205617 0.000000
vt -0.650000 -0.154213 0.000000
vt -0.650000 -0.102809 0.000000
vt -0.650000 -0.051404 0.000000
vt -0.650000 0.000000 0.000000
vt -0.650000 0.051404 0.000000
vt -0.650000 0.102809 0.000000
vt -0.650000 0.154213 0.000000
vt -0.650000 0.205617 0.000000
vt -0.650000 0.257022 0.000000
vt -0.650000 0.308426 0.000000
vt -0.650000 0.359830 0.000000
vt -0.650000 0.411234 0.000000
vt -0.650000 0.462639 0.000000
vt -0.650000 0.514043 0.000000
vt -0.141363 -0.037878 0.000000
vt 0.141363 -0.037878 0.000000
vt -0.146350 0.000000 0.000000
vt 0.146350 0.000000 0.000000
vt -0.141363 0.037878 0.000000
vt 0.141363 0.037878 0.000000
vt -0.126743 0.073175 0.000000
vt 0.126743 0.073175 0.000000
vt -0.103485 0.103485 0.000000
vt 0.103485 0.103485 0.000000
vt -0.073175 0.126743 0.000000
vt 0.073175 0.126743 0.000000
vt -0.037878 0.141363 0.000000
vt 0.037878 0.141363 0.000000
vt 0.000000 0.146350 0.000000
vt 0.126743 -0.073175 0.000000
vt -0.126743 -0.073175 0.000000
vt 0.103485 -0.103485 0.000000
vt -0.103485 -0.103485 0.000000
vt 0.073175 -0.126743 0.000000
vt -0.073175 -0.126743 0.000000
vt 0.037878 -0.141363 0.000000
vt -0.037878 -0.141363 0.000000
vt 0.000000 -0.146350 0.000000
vt 0.350000 -0.431969 0.000000
vt 0.000000 -0.431969 0.000000
vt 0.350000 -0.471239 0.000000
vt 0.000000 -0.471239 0.000000
vt 0.350000 0.471239 0.000000
vt 0.000000 0.471239 0.000000
vt 0.350000 0.431969 0.000000
vt 0.000000 0.431969 0.000000
vt 0.350000 0.392699 0.000000
vt 0.000000 0.392699 0.000000
vt 0.350000 0.353429 0.000000
vt 0.000000 0.353429 0.000000
vt 0.350000 0.314159 0.000000
vt 0.000000 0.314159 0.000000
vt 0.350000 0.274889 0.000000
vt 0.000000 0.274889 0.000000
vt 0.350000 0.235619 0.000000
vt 0.000000 0.235619 0.000000
vt 0.350000 0.196350 0.000000
vt 0.000000 0.196350 0.000000
vt 0.350000 0.157080 0.000000
vt 0.000000 0.157080 0.000000
vt 0.350000 0.117810 0.000000
vt 0.000000 0.117810 0.000000
vt 0.350000 0.078540 0.000000
vt 0.000000 0.078540 0.000000
vt 0.350000 0.039270 0.000000
vt 0.000000 0.039270 0.000000
vt 0.350000 0.000000 0.000000
vt 0.000000 0.000000 0.000000
vt 0.350000 -0.039270 0.000000
vt 0.000000 -0.039270 0.000000
vt 0.350000 -0.078540 0.000000
vt 0.000000 -0.078540 0.000000
vt 0.350000 -0.117810 0.000000
vt 0.000000 -0.117810 0.000000
vt 0.350000 -0.157080 0.000000
vt 0.000000 -0.157080 0.000000
vt 0.350000 -0.196350 0.000000
vt 0.000000 -0.196350 0.000000
vt 0.350000 -0.235619 0.000000
vt 0.000000 -0.235619 0.000000
vt 0.350000 -0.274889 0.000000
vt 0.000000 -0.274889 0.000000
vt 0.350000 -0.314159 0.000000
vt 0.000000 -0.314159 0.000000
vt 0.350000 -0.353429 0.000000
vt 0.000000 -0.353429 0.000000
vt 0.350000 -0.392699 0.000000
vt 0.000000 -0.392699 0.000000
vt 0.350000 -0.431969 0.000000
vt 0.000000 -0.431969 0.000000
vt 0.350000 -0.471239 0.000000
vt 0.000000 -0.471239 0.000000
vt 0.350000 0.471239 0.000000
vt 0.000000 0.471239 0.000000
vt 0.350000 0.431969 0.000000
vt 0.000000 0.431969 0.000000
vt 0.350000 0.392699 0.000000
vt 0.000000 0.392699 0.000000
vt 0.350000 0.353429 0.000000
vt 0.000000 0.353429 0.000000
vt 0.350000 0.314159 0.000000
vt 0.000000 0.314159 0.000000
vt 0.350000 0.274889 0.000000
vt 0.000000 0.274889 0.000000
vt 0.350000 0.235619 0.000000
vt 0.000000 0.235619 0.000000
vt 0.350000 0.196350 0.000000
vt 0.000000 0.196350 0.000000
vt 0.350000 0.157080 0.000000
vt 0.000000 0.157080 0.000000
vt 0.350000 0.117810 0.000000
vt 0.000000 0.117810 0.000000
vt 0.350000 0.078540 0.000000
vt 0.000000 0.078540 0.000000
vt 0.350000 0.039270 0.000000
vt 0.000000 0.039270 0.000000
vt 0.350000 0.000000 0.000000
vt 0.000000 0.000000 0.000000
vt 0.350000 -0.039270 0.000000
vt 0.000000 -0.039270 0.000000
vt 0.350000 -0.078540 0.000000
vt 0.000000 -0.078540 0.000000
vt 0.350000 -0.117810 0.000000
vt 0.000000 -0.117810 0.000000
vt 0.350000 -0.157080 0.000000
vt 0.000000 -0.157080 0.000000
vt 0.350000 -0.196350 0.000000
vt 0.000000 -0.196350 0.000000
vt 0.350000 -0.235619 0.000000
vt 0.000000 -0.235619 0.000000
vt 0.350000 -0.274889 0.000000
vt 0.000000 -0.274889 0.000000
vt 0.350000 -0.314159 0.000000
vt 0.000000 -0.314159 0.000000
vt 0.350000 -0.353429 0.000000
vt 0.000000 -0.353429 0.000000
vt 0.350000 -0.392699 0.000000
vt 0.000000 -0.392699 0.000000
vt 0.000000 -0.836188 0.000000
vt 0.350000 -0.836188 0.000000
vt 0.000000 -0.627141 0.000000
vt 0.350000 -0.627141 0.000000
vt 0.000000 -0.418094 0.000000
vt 0.350000 -0.418094 0.000000
vt 0.000000 -0.209047 0.000000
vt 0.350000 -0.209047 0.000000
vt 0.000000 0.000000 0.000000
vt 0.350000 0.000000 0.000000
vt 0.000000 -0.836188 0.000000
vt 0.350000 -0.836188 0.000000
vt 0.000000 -0.627141 0.000000
vt 0.350000 -0.627141 0.000000
vt 0.000000 -0.418094 0.000000
vt 0.350000 -0.418094 0.000000
vt 0.000000 -0.209047 0.000000
vt 0.350000 -0.209047 0.000000
vt 0.000000 -0.000000 0.000000
vt 0.350000 -0.000000 0.000000
vt -0.000000 0.566376 0.000000
vt -0.350000 0.566376 0.000000
vt -0.000000 0.485465 0.000000
vt -0.350000 0.485465 0.000000
vt 0.000000 0.404554 0.000000
vt -0.350000 0.404554 0.000000
vt -0.000000 0.323643 0.000000
vt -0.350000 0.323643 0.000000
vt 0.000000 0.242732 0.000000
vt -0.350000 0.242732 0.000000
vt -0.000000 0.161822 0.000000
vt -0.350000 0.161822 0.000000
vt -0.000000 0.080911 0.000000
vt -0.350000 0.080911 0.000000
vt -0.000000 0.000000 0.000000
vt -0.350000 0.000000 0.000000
vt -0.000000 -0.080911 0.000000
vt -0.350000 -0.080911 0.000000
vt -0.000000 -0.161822 0.000000
vt -0.350000 -0.161822 0.000000
vt 0.000000 -0.242732 0.000000
vt -0.350000 -0.242732 0.000000
vt 0.000000 -0.323643 0.000000
vt -0.350000 -0.323643 0.000000
vt 0.000000 -0.404554 0.000000
vt -0.350000 -0.404554 0.000000
vt -0.000000 -0.485465 0.000000
vt -0.350000 -0.485465 0.000000
vt 0.000000 -0.566376 0.000000
vt -0.350000 -0.566376 0.000000
vt 0.000000 -0.836188 0.000000
vt 0.350000 -0.836188 0.000000
vt 0.000000 -0.627141 0.000000
vt 0.350000 -0.627141 0.000000
vt 0.000000 -0.418094 0.000000
vt 0.350000 -0.418094 0.000000
vt 0.000000 -0.209047 0.000000
vt 0.350000 -0.209047 0.000000
vt 0.000000 0.000000 0.000000
vt 0.350000 0.000000 0.000000
vt 0.000000 -0.965151 0.000000
vt -0.350000 -0.965151 0.000000
vt 0.000000 -1.046062 0.000000
vt -0.350000 -1.046062 0.000000
vt -0.000000 -1.126972 0.000000
vt -0.350000 -1.126972 0.000000
vt -0.000000 -1.207883 0.000000
vt -0.350000 -1.207883 0.000000
vt -0.000000 -1.288794 0.000000
vt -0.350000 -1.288794 0.000000
vt -0.000000 -1.369705 0.000000
vt -0.350000 -1.369705 0.000000
vt 0.000000 -1.450616 0.000000
vt -0.350000 -1.450616 0.000000
vt -0.000000 -1.531526 0.000000
vt -0.350000 -1.531526 0.000000
vt -0.000000 -1.612437 0.000000
vt -0.350000 -1.612437 0.000000
vt 0.000000 -1.693348 0.000000
vt -0.350000 -1.693348 0.000000
vt -0.000000 -1.774259 0.000000
vt -0.350000 -1.774259 0.000000
vt 0.000000 -1.855170 0.000000
vt -0.350000 -1.855170 0.000000
vt -0.000000 -1.936080 0.000000
vt -0.350000 -1.936080 0.000000
vt -0.000000 -2.016991 0.000000
vt -0.350000 -2.016991 0.000000
vt -0.000000 -2.097902 0.000000
vt -0.350000 -2.097902 0.000000
vt 0.000000 -0.836188 0.000000
vt 0.350000 -0.836188 0.000000
vt 0.000000 -0.627141 0.000000
vt 0.350000 -0.627141 0.000000
vt 0.000000 -0.418094 0.000000
vt 0.350000 -0.418094 0.000000
vt 0.000000 -0.209047 0.000000
vt 0.350000 -0.209047 0.000000
vt 0.000000 0.000000 0.000000
vt 0.350000 0.000000 0.000000
vt -0.000000 -0.454642 0.000000
vt -0.350000 -0.454642 0.000000
vt 0.000000 -0.535553 0.000000
vt -0.350000 -0.535553 0.000000
vt -0.000000 -0.616464 0.000000
vt -0.350000 -0.616464 0.000000
vt -0.000000 -0.697374 0.000000
vt -0.350000 -0.697374 0.000000
vt -0.000000 -0.778285 0.000000
vt -0.350000 -0.778285 0.000000
vt -0.000000 -0.859196 0.000000
vt -0.350000 -0.859196 0.000000
vt -0.000000 -0.940107 0.000000
vt -0.350000 -0.940107 0.000000
vt -0.000000 -1.021018 0.000000
vt -0.350000 -1.021018 0.000000
vt -0.000000 -1.101928 0.000000
vt -0.350000 -1.101928 0.000000
vt 0.000000 -1.182839 0.000000
vt -0.350000 -1.182839 0.000000
vt -0.000000 -1.263750 0.000000
vt -0.350000 -1.263750 0.000000
vt -0.000000 -1.344661 0.000000
vt -0.350000 -1.344661 0.000000
vt -0.000000 -1.425572 0.000000
vt -0.350000 -1.425572 0.000000
vt -0.000000 -1.506482 0.000000
vt -0.350000 -1.506482 0.000000
vt -0.000000 -1.587393 0.000000
vt -0.350000 -1.587393 0.000000
vt -0.000000 0.055867 0.000000
vt -0.350000 0.055867 0.000000
vt -0.000000 -0.025044 0.000000
vt -0.350000 -0.025044 0.000000
vt -0.000000 -0.105955 0.000000
vt -0.350000 -0.105955 0.000000
vt -0.000000 -0.186866 0.000000
vt -0.350000 -0.186866 0.000000
vt -0.000000 -0.267776 0.000000
vt -0.350000 -0.267776 0.000000
vt -0.000000 -0.348687 0.000000
vt -0.350000 -0.348687 0.000000
vt 0.000000 -0.429598 0.000000
vt -0.350000 -0.429598 0.000000
vt -0.000000 -0.510509 0.000000
vt -0.350000 -0.510509 0.000000
vt -0.000000 -0.591420 0.000000
vt -0.350000 -0.591420 0.000000
vt 0.000000 -0.672330 0.000000
vt -0.350000 -0.672330 0.000000
vt 0.000000 -0.753241 0.000000
vt -0.350000 -0.753241 0.000000
vt -0.000000 -0.834152 0.000000
vt -0.350000 -0.834152 0.000000
vt -0.000000 -0.915063 0.000000
vt -0.350000 -0.915063 0.000000
vt 0.000000 -0.995974 0.000000
vt -0.350000 -0.995974 0.000000
vt -0.000000 -1.076884 0.000000
vt -0.350000 -1.076884 0.000000
vt 0.350000 -0.431969 0.000000
vt 0.000000 -0.431969 0.000000
vt 0.350000 -0.471239 0.000000
vt 0.000000 -0.471239 0.000000
vt 0.350000 0.471239 0.000000
vt 0.000000 0.471239 0.000000
vt 0.350000 0.431969 0.000000
vt 0.000000 0.431969 0.000000
vt 0.350000 0.392699 0.000000
vt 0.000000 0.392699 0.000000
vt 0.350000 0.353429 0.000000
vt 0.000000 0.353429 0.000000
vt 0.350000 0.314159 0.000000
vt 0.000000 0.314159 0.000000
vt 0.350000 0.274889 0.000000
vt 0.000000 0.274889 0.000000
vt 0.350000 0.235619 0.000000
vt 0.000000 0.235619 0.000000
vt 0.350000 0.196350 0.000000
vt 0.000000 0.196350 0.000000
vt 0.350000 0.157080 0.000000
vt 0.000000 0.157080 0.000000
vt 0.350000 0.117810 0.000000
vt 0.000000 0.117810 0.000000
vt 0.350000 0.078540 0.000000
vt 0.000000 0.078540 0.000000
vt 0.350000 0.039270 0.000000
vt 0.000000 0.039270 0.000000
vt 0.350000 0.000000 0.000000
vt 0.000000 0.000000 0.000000
vt 0.350000 -0.039270 0.000000
vt 0.000000 -0.039270 0.000000
vt 0.350000 -0.078540 0.000000
vt 0.000000 -0.078540 0.000000
vt 0.350000 -0.117810 0.000000
vt 0.000000 -0.117810 0.000000
vt 0.350000 -0.157080 0.000000
vt 0.000000 -0.157080 0.000000
vt 0.350000 -0.196350 0.000000
vt 0.000000 -0.196350 0.000000
vt 0.350000 -0.235619 0.000000
vt 0.000000 -0.235619 0.000000
vt 0.350000 -0.274889 0.000000
vt 0.000000 -0.274889 0.000000
vt 0.350000 -0.314159 0.000000
vt 0.000000 -0.314159 0.000000
vt 0.350000 -0.353429 0.000000
vt 0.000000 -0.353429 0.000000
vt 0.350000 -0.392699 0.000000
vt 0.000000 -0.392699 0.000000
vt 0.350000 -0.431969 0.000000
vt 0.000000 -0.431969 0.000000
vt 0.350000 -0.471239 0.000000
vt 0.000000 -0.471239 0.000000
vt 0.350000 0.471239 0.000000
vt 0.000000 0.471239 0.000000
vt 0.350000 0.431969 0.000000
vt 0.000000 0.431969 0.000000
vt 0.350000 0.392699 0.000000
vt 0.000000 0.392699 0.000000
vt 0.350000 0.353429 0.000000
vt 0.000000 0.353429 0.000000
vt 0.350000 0.314159 0.000000
vt 0.000000 0.314159 0.000000
vt 0.350000 0.274889 0.000000
vt 0.000000 0.274889 0.000000
vt 0.350000 0.235619 0.000000
vt 0.000000 0.235619 0.000000
vt 0.350000 0.196350 0.000000
vt 0.000000 0.196350 0.000000
vt 0.350000 0.157080 0.000000
vt 0.000000 0.157080 0.000000
vt 0.350000 0.117810 0.000000
vt 0.000000 0.117810 0.000000
vt 0.350000 0.078540 0.000000
vt 0.000000 0.078540 0.000000
vt 0.350000 0.039270 0.000000
vt 0.000000 0.039270 0.000000
vt 0.350000 0.000000 0.000000
vt 0.000000 0.000000 0.000000
vt 0.350000 -0.039270 0.000000
vt 0.000000 -0.039270 0.000000
vt 0.350000 -0.078540 0.000000
vt 0.000000 -0.078540 0.000000
vt 0.350000 -0.117810 0.000000
vt 0.000000 -0.117810 0.000000
vt 0.350000 -0.157080 0.000000
vt 0.000000 -0.157080 0.000000
vt 0.350000 -0.196350 0.000000
vt 0.000000 -0.196350 0.000000
vt 0.350000 -0.235619 0.000000
vt 0.000000 -0.235619 0.000000
vt 0.350000 -0.274889 0.000000
vt 0.000000 -0.274889 0.000000
vt 0.350000 -0.314159 0.000000
vt 0.000000 -0.314159 0.000000
vt 0.350000 -0.353429 0.000000
vt 0.000000 -0.353429 0.000000
vt 0.350000 -0.392699 0.000000
vt 0.000000 -0.392699 0.000000
vt 0.975019 -0.324036 0.000000
vt 0.950000 -0.150000 0.000000
vt 0.894408 -0.320210 0.000000
vt 0.911177 -0.144889 0.000000
vt 0.875000 -0.129904 0.000000
vt 0.988823 -0.144889 0.000000
vt 1.054088 -0.307881 0.000000
vt 1.025000 -0.129904 0.000000
vt 1.126738 -0.272743 0.000000
vt 1.056066 -0.106066 0.000000
vt 1.188491 -0.220787 0.000000
vt 1.079904 -0.075000 0.000000
vt 1.235539 -0.155218 0.000000
vt 1.094889 -0.038823 0.000000
vt 1.264980 -0.080078 0.000000
vt 1.100000 0.000000 0.000000
vt 1.275000 0.000000 0.000000
vt 1.264980 0.080078 0.000000
vt 1.094889 0.038823 0.000000
vt 1.235539 0.155218 0.000000
vt 1.079904 0.075000 0.000000
vt 1.188491 0.220787 0.000000
vt 1.056066 0.106066 0.000000
vt 1.126738 0.272743 0.000000
vt 1.025000 0.129904 0.000000
vt 1.054088 0.307881 0.000000
vt 0.988823 0.144889 0.000000
vt 0.975019 0.324036 0.000000
vt 0.950000 0.150000 0.000000
vt 0.894408 0.320210 0.000000
vt 0.911177 0.144889 0.000000
vt 0.875000 0.129904 0.000000
vt 0.676148 0.181173 0.000000
vt 0.843934 0.106066 0.000000
vt 0.820096 0.075000 0.000000
vt 0.805111 0.038823 0.000000
vt 0.700000 0.000000 0.000000
vt 0.800000 0.000000 0.000000
vt 0.805111 -0.038823 0.000000
vt 0.676148 -0.181173 0.000000
vt 0.820096 -0.075000 0.000000
vt 0.843934 -0.106066 0.000000
vt 0.708541 0.415052 0.000000
vt 0.606218 0.350000 0.000000
vt 0.546402 0.546402 0.000000
vt 0.494975 0.494975 0.000000
vt 0.350000 0.606218 0.000000
vt 0.415052 0.708541 0.000000
vt 0.181173 0.676148 0.000000
vt 0.320210 0.894408 0.000000
vt 0.129904 0.875000 0.000000
vt 0.144889 0.911177 0.000000
vt 0.150000 0.950000 0.000000
vt 0.324036 0.975019 0.000000
vt 0.144889 0.988823 0.000000
vt 0.307881 1.054088 0.000000
vt 0.129904 1.025000 0.000000
vt 0.272743 1.126738 0.000000
vt 0.106066 1.056066 0.000000
vt 0.220787 1.188491 0.000000
vt 0.075000 1.079904 0.000000
vt 0.155218 1.235539 0.000000
vt 0.038823 1.094889 0.000000
vt 0.080078 1.264980 0.000000
vt 0.000000 1.100000 0.000000
vt 0.000000 1.275000 0.000000
vt -0.080078 1.264980 0.000000
vt -0.038823 1.094889 0.000000
vt -0.155218 1.235539 0.000000
vt -0.075000 1.079904 0.000000
vt -0.220787 1.188491 0.000000
vt -0.106066 1.056066 0.000000
vt -0.272743 1.126738 0.000000
vt -0.129904 1.025000 0.000000
vt -0.307881 1.054088 0.000000
vt -0.144889 0.988823 0.000000
vt -0.324036 0.975019 0.000000
vt -0.150000 0.950000 0.000000
vt -0.320210 0.894408 0.000000
vt -0.144889 0.911177 0.000000
vt -0.129904 0.875000 0.000000
vt -0.181173 0.676148 0.000000
vt -0.106066 0.843934 0.000000
vt -0.075000 0.820096 0.000000
vt -0.038823 0.805111 0.000000
vt 0.000000 0.700000 0.000000
vt 0.000000 0.800000 0.000000
vt 0.038823 0.805111 0.000000
vt 0.075000 0.820096 0.000000
vt 0.106066 0.843934 0.000000
vt -0.415052 0.708541 0.000000
vt -0.350000 0.606218 0.000000
vt -0.546402 0.546402 0.000000
vt -0.494975 0.494975 0.000000
vt -0.606218 0.350000 0.000000
vt -0.708541 0.415052 0.000000
vt -0.676148 0.181173 0.000000
vt -0.894408 0.320210 0.000000
vt -0.875000 0.129904 0.000000
vt -0.911177 0.144889 0.000000
vt -0.950000 0.150000 0.000000
vt -0.975019 0.324036 0.000000
vt -0.988823 0.144889 0.000000
vt -1.054088 0.307881 0.000000
vt -1.025000 0.129904 0.000000
vt -1.126738 0.272743 0.000000
vt -1.056066 0.106066 0.000000
vt -1.188491 0.220787 0.000000
vt -1.079904 0.075000 0.000000
vt -1.235539 0.155218 0.000000
vt -1.094889 0.038823 0.000000
vt -1.264980 0.080078 0.000000
vt -1.100000 0.000000 0.000000
vt -1.275000 0.000000 0.000000
vt -1.264980 -0.080078 0.000000
vt -1.094889 -0.038823 0.000000
vt -1.235539 -0.155218 0.000000
vt -1.079904 -0.075000 0.000000
vt -1.188491 -0.220787 0.000000
vt -1.056066 -0.106066 0.000000
vt -1.126738 -0.272743 0.000000
vt -1.025000 -0.129904 0.000000
vt -1.054088 -0.307881 0.000000
vt -0.988823 -0.144889 0.000000
vt -0.975019 -0.324036 0.000000
vt -0.950000 -0.150000 0.000000
vt -0.894408 -0.320210 0.000000
vt -0.911177 -0.144889 0.000000
vt -0.875000 -0.129904 0.000000
vt -0.676148 -0.181173 0.000000
vt -0.843934 -0.106066 0.000000
vt -0.820096 -0.075000 0.000000
vt -0.805111 -0.038823 0.000000
vt -0.700000 0.000000 0.000000
vt -0.800000 0.000000 0.000000
vt -0.805111 0.038823 0.000000
vt -0.820096 0.075000 0.000000
vt -0.843934 0.106066 0.000000
vt -0.708541 -0.415052 0.000000
vt -0.606218 -0.350000 0.000000
vt -0.546402 -0.546402 0.000000
vt -0.494975 -0.494975 0.000000
vt -0.350000 -0.606218 0.000000
vt -0.415052 -0.708541 0.000000
vt -0.181173 -0.676148 0.000000
vt -0.320210 -0.894408 0.000000
vt -0.129904 -0.875000 0.000000
vt -0.144889 -0.911177 0.000000
vt -0.150000 -0.950000 0.000000
vt -0.324036 -0.975019 0.000000
vt -0.144889 -0.988823 0.000000
vt -0.307881 -1.054088 0.000000
vt -0.129904 -1.025000 0.000000
vt -0.272743 -1.126738 0.000000
vt -0.106066 -1.056066 0.000000
vt -0.220787 -1.188491 0.000000
vt -0.075000 -1.079904 0.000000
vt -0.155218 -1.235539 0.000000
vt -0.038823 -1.094889 0.000000
vt -0.080078 -1.264980 0.000000
vt 0.000000 -1.100000 0.000000
vt 0.000000 -1.275000 0.000000
vt 0.080078 -1.264980 0.000000
vt 0.038823 -1.094889 0.000000
vt 0.155218 -1.235539 0.000000
vt 0.075000 -1.079904 0.000000
vt 0.220787 -1.188491 0.000000
vt 0.106066 -1.056066 0.000000
vt 0.272743 -1.126738 0.000000
vt 0.129904 -1.025000 0.000000
vt 0.307881 -1.054088 0.000000
vt 0.144889 -0.988823 0.000000
vt 0.324036 -0.975019 0.000000
vt 0.150000 -0.950000 0.000000
vt 0.320210 -0.894408 0.000000
vt 0.144889 -0.911177 0.000000
vt 0.129904 -0.875000 0.000000
vt 0.181173 -0.676148 0.000000
vt 0.106066 -0.843934 0.000000
vt 0.075000 -0.820096 0.000000
vt 0.038823 -0.805111 0.000000
vt -0.000000 -0.700000 0.000000
vt 0.000000 -0.800000 0.000000
vt -0.038823 -0.805111 0.000000
vt -0.075000 -0.820096 0.000000
vt -0.106066 -0.843934 0.000000
vt 0.415052 -0.708541 0.000000
vt 0.350000 -0.606218 0.000000
vt 0.546402 -0.546402 0.000000
vt 0.494975 -0.494975 0.000000
vt 0.606218 -0.350000 0.000000
vt 0.708541 -0.415052 0.000000
vt 0.299981 0.324036 0.000000
vt 0.325000 0.150000 0.000000
vt 0.380592 0.320210 0.000000
vt 0.363823 0.144889 0.000000
vt 0.400000 0.129904 0.000000
vt 0.286177 0.144889 0.000000
vt 0.220912 0.307881 0.000000
vt 0.250000 0.129904 0.000000
vt 0.148262 0.272743 0.000000
vt 0.218934 0.106066 0.000000
vt 0.086509 0.220787 0.000000
vt 0.195096 0.075000 0.000000
vt 0.039461 0.155218 0.000000
vt 0.180111 0.038823 0.000000
vt 0.010020 0.080078 0.000000
vt 0.175000 0.000000 0.000000
vt 0.000000 0.000000 0.000000
vt 0.010020 -0.080078 0.000000
vt 0.180111 -0.038823 0.000000
vt 0.039461 -0.155218 0.000000
vt 0.195096 -0.075000 0.000000
vt 0.086509 -0.220787 0.000000
vt 0.218934 -0.106066 0.000000
vt 0.148262 -0.272743 0.000000
vt 0.250000 -0.129904 0.000000
vt 0.220912 -0.307881 0.000000
vt 0.286177 -0.144889 0.000000
vt 0.299981 -0.324036 0.000000
vt 0.325000 -0.150000 0.000000
vt 0.380592 -0.320210 0.000000
vt 0.363823 -0.144889 0.000000
vt 0.400000 -0.129904 0.000000
vt 0.431066 -0.106066 0.000000
vt 0.566459 -0.415052 0.000000
vt 0.454904 -0.075000 0.000000
vt 0.469889 -0.038823 0.000000
vt 0.728598 -0.546402 0.000000
vt 0.475000 0.000000 0.000000
vt 1.821402 -0.546402 0.000000
vt 0.728598 0.546402 0.000000
vt 2.075000 0.000000 0.000000
vt 1.821402 0.546402 0.000000
vt 2.080111 0.038823 0.000000
vt 1.983541 0.415052 0.000000
vt 2.095096 0.075000 0.000000
vt 2.118934 0.106066 0.000000
vt 0.859948 -0.708541 0.000000
vt 1.236177 -0.805111 0.000000
vt 1.275000 -0.800000 0.000000
vt 1.313823 -0.805111 0.000000
vt 1.690052 -0.708541 0.000000
vt 1.350000 -0.820096 0.000000
vt 1.381066 -0.843934 0.000000
vt 0.954790 -0.894408 0.000000
vt 1.168934 -0.843934 0.000000
vt 1.200000 -0.820096 0.000000
vt 0.950964 -0.975019 0.000000
vt 1.125000 -0.950000 0.000000
vt 1.130111 -0.911177 0.000000
vt 1.145096 -0.875000 0.000000
vt 1.130111 -0.988823 0.000000
vt 0.967119 -1.054088 0.000000
vt 1.145096 -1.025000 0.000000
vt 1.002257 -1.126738 0.000000
vt 1.168934 -1.056066 0.000000
vt 1.054213 -1.188491 0.000000
vt 1.200000 -1.079904 0.000000
vt 1.119782 -1.235539 0.000000
vt 1.236177 -1.094889 0.000000
vt 1.194922 -1.264980 0.000000
vt 1.275000 -1.100000 0.000000
vt 1.275000 -1.275000 0.000000
vt 1.355078 -1.264980 0.000000
vt 1.313823 -1.094889 0.000000
vt 1.430218 -1.235539 0.000000
vt 1.350000 -1.079904 0.000000
vt 1.495787 -1.188491 0.000000
vt 1.381066 -1.056066 0.000000
vt 1.547743 -1.126738 0.000000
vt 1.404904 -1.025000 0.000000
vt 1.582881 -1.054088 0.000000
vt 1.419889 -0.988823 0.000000
vt 1.599036 -0.975019 0.000000
vt 1.425000 -0.950000 0.000000
vt 1.595210 -0.894408 0.000000
vt 1.419889 -0.911177 0.000000
vt 1.404904 -0.875000 0.000000
vt 2.080111 -0.038823 0.000000
vt 1.983541 -0.415052 0.000000
vt 2.095096 -0.075000 0.000000
vt 2.118934 -0.106066 0.000000
vt 2.169408 -0.320210 0.000000
vt 2.150000 -0.129904 0.000000
vt 2.186177 -0.144889 0.000000
vt 2.225000 -0.150000 0.000000
vt 2.250019 -0.324036 0.000000
vt 2.263823 -0.144889 0.000000
vt 2.329088 -0.307881 0.000000
vt 2.300000 -0.129904 0.000000
vt 2.401738 -0.272743 0.000000
vt 2.331066 -0.106066 0.000000
vt 2.463491 -0.220787 0.000000
vt 2.354904 -0.075000 0.000000
vt 2.510539 -0.155218 0.000000
vt 2.369889 -0.038823 0.000000
vt 2.539980 -0.080078 0.000000
vt 2.375000 0.000000 0.000000
vt 2.550000 0.000000 0.000000
vt 2.539980 0.080078 0.000000
vt 2.369889 0.038823 0.000000
vt 2.510539 0.155218 0.000000
vt 2.354904 0.075000 0.000000
vt 2.463491 0.220787 0.000000
vt 2.331066 0.106066 0.000000
vt 2.401738 0.272743 0.000000
vt 2.300000 0.129904 0.000000
vt 2.329088 0.307881 0.000000
vt 2.263823 0.144889 0.000000
vt 2.250019 0.324036 0.000000
vt 2.225000 0.150000 0.000000
vt 2.169408 0.320210 0.000000
vt 2.186177 0.144889 0.000000
vt 2.150000 0.129904 0.000000
vt 1.690052 0.708541 0.000000
vt 1.313823 0.805111 0.000000
vt 1.275000 0.800000 0.000000
vt 1.236177 0.805111 0.000000
vt 0.859948 0.708541 0.000000
vt 1.200000 0.820096 0.000000
vt 1.168934 0.843934 0.000000
vt 1.595210 0.894408 0.000000
vt 1.381066 0.843934 0.000000
vt 1.350000 0.820096 0.000000
vt 1.599036 0.975019 0.000000
vt 1.425000 0.950000 0.000000
vt 1.419889 0.911177 0.000000
vt 1.404904 0.875000 0.000000
vt 1.419889 0.988823 0.000000
vt 1.582881 1.054088 0.000000
vt 1.404904 1.025000 0.000000
vt 1.547743 1.126738 0.000000
vt 1.381066 1.056066 0.000000
vt 1.495787 1.188491 0.000000
vt 1.350000 1.079904 0.000000
vt 1.430218 1.235539 0.000000
vt 1.313823 1.094889 0.000000
vt 1.355078 1.264980 0.000000
vt 1.275000 1.100000 0.000000
vt 1.275000 1.275000 0.000000
vt 1.194922 1.264980 0.000000
vt 1.236177 1.094889 0.000000
vt 1.119782 1.235539 0.000000
vt 1.200000 1.079904 0.000000
vt 1.054213 1.188491 0.000000
vt 1.168934 1.056066 0.000000
vt 1.002257 1.126738 0.000000
vt 1.145096 1.025000 0.000000
vt 0.967119 1.054088 0.000000
vt 1.130111 0.988823 0.000000
vt 0.950964 0.975019 0.000000
vt 1.125000 0.950000 0.000000
vt 0.954790 0.894408 0.000000
vt 1.130111 0.911177 0.000000
vt 1.145096 0.875000 0.000000
vt 0.469889 0.038823 0.000000
vt 0.566459 0.415052 0.000000
vt 0.454904 0.075000 0.000000
vt 0.431066 0.106066 0.000000
vt 0.122500 0.183260 0.000000
vt -0.122500 0.183260 0.000000
vt 0.122500 0.000000 0.000000
vt -0.122500 0.000000 0.000000
vt 0.122500 -0.183260 0.000000
vt -0.122500 -0.183260 0.000000
vt 0.122500 -0.366519 0.000000
vt -0.122500 -0.366519 0.000000
vt 0.122500 -0.549779 0.000000
vt -0.122500 -0.549779 0.000000
vt 0.122500 -0.733038 0.000000
vt -0.122500 -0.733038 0.000000
vt 0.122500 -0.916298 0.000000
vt -0.122500 -0.916298 0.000000
vt 0.122500 -1.099557 0.000000
vt -0.122500 -1.099557 0.000000
vt 0.122500 -1.282817 0.000000
vt -0.122500 -1.282817 0.000000
vt 0.122500 -1.466077 0.000000
vt -0.122500 -1.466077 0.000000
vt 0.122500 -1.649336 0.000000
vt -0.122500 -1.649336 0.000000
vt 0.122500 -1.832596 0.000000
vt -0.122500 -1.832596 0.000000
vt 0.122500 -2.015855 0.000000
vt -0.122500 -2.015855 0.000000
vt 0.122500 -2.199115 0.000000
vt -0.122500 -2.199115 0.000000
vt 0.122500 2.199115 0.000000
vt -0.122500 2.199115 0.000000
vt 0.122500 2.015855 0.000000
vt -0.122500 2.015855 0.000000
vt 0.122500 1.832596 0.000000
vt -0.122500 1.832596 0.000000
vt 0.122500 1.649336 0.000000
vt -0.122500 1.649336 0.000000
vt 0.122500 1.466077 0.000000
vt -0.122500 1.466077 0.000000
vt 0.122500 1.282817 0.000000
vt -0.122500 1.282817 0.000000
vt 0.122500 1.099557 0.000000
vt -0.122500 1.099557 0.000000
vt 0.122500 0.916298 0.000000
vt -0.122500 0.916298 0.000000
vt 0.122500 0.733038 0.000000
vt -0.122500 0.733038 0.000000
vt 0.122500 0.549779 0.000000
vt -0.122500 0.549779 0.000000
vt 0.122500 0.366519 0.000000
vt -0.122500 0.366519 0.000000
vt 1.000000 0.292083 0.000000
vt -1.000000 0.000000 0.000000
vt 1.000000 0.000000 0.000000
vt -1.000000 -0.292083 0.000000
vt 1.000000 -0.292083 0.000000
vt -1.000000 -0.584166 0.000000
vt 1.000000 -0.584166 0.000000
vt -1.000000 -0.876250 0.000000
vt 1.000000 -0.876250 0.000000
vt -1.000000 -1.168333 0.000000
vt 1.000000 -1.168333 0.000000
vt -1.000000 -1.460416 0.000000
vt 1.000000 -1.460416 0.000000
vt -1.000000 -1.752499 0.000000
vt 1.000000 -1.752499 0.000000
vt -1.000000 -2.044582 0.000000
vt 1.000000 -2.044582 0.000000
vt -1.000000 -2.336666 0.000000
vt 1.000000 -2.336666 0.000000
vt -1.000000 -2.628749 0.000000
vt 1.000000 -2.628749 0.000000
vt -1.000000 -2.920832 0.000000
vt 1.000000 -2.920832 0.000000
vt -1.000000 -3.212915 0.000000
vt 1.000000 -3.212915 0.000000
vt -1.000000 -3.504999 0.000000
vt 1.000000 -3.504999 0.000000
vt -1.000000 -3.797082 0.000000
vt 1.000000 -3.797082 0.000000
vt -1.000000 -4.089165 0.000000
vt 1.000000 -4.089165 0.000000
vt -1.000000 -4.381248 0.000000
vt 1.000000 -4.381248 0.000000
vt -1.000000 -4.673331 0.000000
vt 1.000000 -4.673331 0.000000
vt -1.000000 -4.965415 0.000000
vt 1.000000 -4.965415 0.000000
vt -1.000000 -5.257498 0.000000
vt 1.000000 -5.257498 0.000000
vt 1.000000 5.549581 0.000000
vt -1.000000 5.549581 0.000000
vt -1.000000 5.257498 0.000000
vt 1.000000 5.257498 0.000000
vt -1.000000 4.965415 0.000000
vt 1.000000 4.965415 0.000000
vt -1.000000 4.673331 0.000000
vt 1.000000 4.673331 0.000000
vt -1.000000 4.381248 0.000000
vt 1.000000 4.381248 0.000000
vt -1.000000 4.089165 0.000000
vt 1.000000 4.089165 0.000000
vt -1.000000 3.797082 0.000000
vt 1.000000 3.797082 0.000000
vt -1.000000 3.504999 0.000000
vt 1.000000 3.504999 0.000000
vt -1.000000 3.212915 0.000000
vt 1.000000 3.212915 0.000000
vt -1.000000 2.920832 0.000000
vt 1.000000 2.920832 0.000000
vt -1.000000 2.628749 0.000000
vt 1.000000 2.628749 0.000000
vt -1.000000 2.336666 0.000000
vt 1.000000 2.336666 0.000000
vt -1.000000 2.044582 0.000000
vt 1.000000 2.044582 0.000000
vt -1.000000 1.752499 0.000000
vt 1.000000 1.752499 0.000000
vt -1.000000 1.460416 0.000000
vt 1.000000 1.460416 0.000000
vt -1.000000 1.168333 0.000000
vt 1.000000 1.168333 0.000000
vt -1.000000 0.876250 0.000000
vt 1.000000 0.876250 0.000000
vt -1.000000 0.584166 0.000000
vt 1.000000 0.584166 0.000000
vt -1.000000 0.292083 0.000000
vt -0.189660 0.050819 0.000000
vt -1.713804 0.145866 0.000000
vt -0.196350 0.000000 0.000000
vt -1.713804 -0.145866 0.000000
vt -0.189660 -0.050819 0.000000
vt -1.664501 -0.433402 0.000000
vt -1.567313 -0.708470 0.000000
vt -0.170044 0.098175 0.000000
vt -1.567313 0.708470 0.000000
vt -1.664501 0.433402 0.000000
vt -1.425037 0.963157 0.000000
vt -0.138840 0.138840 0.000000
vt -1.241764 1.190135 0.000000
vt -1.022769 1.382875 0.000000
vt -0.098175 0.170044 0.000000
vt -0.774350 1.535832 0.000000
vt -0.050819 0.189660 0.000000
vt -0.503655 1.644607 0.000000
vt -0.218471 1.706069 0.000000
vt 0.000000 0.196350 0.000000
vt 0.072999 1.718450 0.000000
vt 0.362368 1.681395 0.000000
vt 0.050819 0.189660 0.000000
vt 0.641313 1.595969 0.000000
vt 0.098175 0.170044 0.000000
vt 0.901809 1.464630 0.000000
vt 1.136361 1.291156 0.000000
vt 0.138840 0.138840 0.000000
vt 1.338221 1.080538 0.000000
vt 0.170044 0.098175 0.000000
vt 1.501584 0.838835 0.000000
vt 1.621749 0.573000 0.000000
vt 0.189660 0.050819 0.000000
vt 1.695259 0.290681 0.000000
vt 0.196350 0.000000 0.000000
vt 1.720000 0.000000 0.000000
vt 1.695259 -0.290681 0.000000
vt 0.189660 -0.050819 0.000000
vt 1.621749 -0.573000 0.000000
vt 0.170044 -0.098175 0.000000
vt 1.501584 -0.838835 0.000000
vt 1.338221 -1.080538 0.000000
vt 0.138840 -0.138840 0.000000
vt 1.136361 -1.291156 0.000000
vt 0.098175 -0.170044 0.000000
vt 0.901809 -1.464630 0.000000
vt 0.641313 -1.595969 0.000000
vt 0.050819 -0.189660 0.000000
vt 0.362368 -1.681395 0.000000
vt 0.000000 -0.196350 0.000000
vt 0.072999 -1.718450 0.000000
vt -0.218471 -1.706069 0.000000
vt -0.050819 -0.189660 0.000000
vt -0.503655 -1.644607 0.000000
vt -0.774350 -1.535832 0.000000
vt -0.098175 -0.170044 0.000000
vt -1.022769 -1.382875 0.000000
vt -0.138840 -0.138840 0.000000
vt -1.241764 -1.190135 0.000000
vt -1.425037 -0.963157 0.000000
vt -0.170044 -0.098175 0.000000
vt 1.043852 0.181173 0.000000
vt 0.024741 0.290681 0.000000
vt 1.020000 0.000000 0.000000
vt 0.000000 0.000000 0.000000
vt 0.024741 -0.290681 0.000000
vt 0.098251 0.573000 0.000000
vt 1.113782 0.350000 0.000000
vt 0.218416 0.838835 0.000000
vt 0.381779 1.080538 0.000000
vt 1.225025 0.494975 0.000000
vt 0.583639 1.291156 0.000000
vt 1.370000 0.606218 0.000000
vt 0.818191 1.464630 0.000000
vt 1.078687 1.595969 0.000000
vt 1.538827 0.676148 0.000000
vt 1.357632 1.681395 0.000000
vt 1.720000 0.700000 0.000000
vt 1.647001 1.718450 0.000000
vt 1.938471 1.706069 0.000000
vt 1.901173 0.676148 0.000000
vt 2.223655 1.644607 0.000000
vt 2.494350 1.535832 0.000000
vt 2.070000 0.606218 0.000000
vt 2.742769 1.382875 0.000000
vt 2.214975 0.494975 0.000000
vt 2.961764 1.190135 0.000000
vt 3.145037 0.963157 0.000000
vt 2.326218 0.350000 0.000000
vt 3.287313 0.708470 0.000000
vt 2.396148 0.181173 0.000000
vt 3.384501 0.433402 0.000000
vt 3.433804 0.145866 0.000000
vt 2.420000 0.000000 0.000000
vt 3.433804 -0.145866 0.000000
vt 2.396148 -0.181173 0.000000
vt 3.384501 -0.433402 0.000000
vt 3.287313 -0.708470 0.000000
vt 2.326218 -0.350000 0.000000
vt 3.145037 -0.963157 0.000000
vt 2.214975 -0.494975 0.000000
vt 2.961764 -1.190135 0.000000
vt 2.742769 -1.382875 0.000000
vt 2.070000 -0.606218 0.000000
vt 2.494350 -1.535832 0.000000
vt 1.901173 -0.676148 0.000000
vt 2.223655 -1.644607 0.000000
vt 1.938471 -1.706069 0.000000
vt 1.720000 -0.700000 0.000000
vt 1.647001 -1.718450 0.000000
vt 1.357632 -1.681395 0.000000
vt 1.538827 -0.676148 0.000000
vt 1.078687 -1.595969 0.000000
vt 1.370000 -0.606218 0.000000
vt 0.818191 -1.464630 0.000000
vt 0.583639 -1.291156 0.000000
vt 1.225025 -0.494975 0.000000
vt 0.381779 -1.080538 0.000000
vt 1.113782 -0.350000 0.000000
vt 0.218416 -0.838835 0.000000
vt 0.098251 -0.573000 0.000000
vt 1.043852 -0.181173 0.000000
vn -0.683013 -0.183013 0.707107
vn -0.683013 -0.183013 0.707107
vn -0.707107 -0.000000 0.707107
vn -0.707107 -0.000000 0.707107
vn -0.683013 0.183013 0.707107
vn -0.683013 0.183013 0.707107
vn -0.612372 0.353553 0.707107
vn -0.612372 0.353553 0.707107
vn -0.500000 0.500000 0.707107
vn -0.500000 0.500000 0.707107
vn -0.353553 0.612372 0.707107
vn -0.353553 0.612372 0.707107
vn -0.183013 0.683013 0.707107
vn -0.183013 0.683013 0.707107
vn 0.000000 0.707107 0.707107
vn 0.000000 0.707107 0.707107
vn 0.183013 0.683013 0.707107
vn 0.183013 0.683013 0.707107
vn 0.353553 0.612372 0.707107
vn 0.353553 0.612372 0.707107
vn 0.500000 0.500000 0.707107
vn 0.500000 0.500000 0.707107
vn 0.612372 0.353553 0.707107
vn 0.612372 0.353553 0.707107
vn 0.683013 0.183013 0.707107
vn 0.683013 0.183013 0.707107
vn 0.707107 -0.000000 0.707107
vn 0.707107 -0.000000 0.707107
vn 0.683013 -0.183013 0.707107
vn 0.683013 -0.183013 0.707107
vn 0.612372 -0.353553 0.707107
vn 0.612372 -0.353553 0.707107
vn 0.500000 -0.500000 0.707107
vn 0.500000 -0.500000 0.707107
vn 0.353553 -0.612372 0.707107
vn 0.353553 -0.612372 0.707107
vn 0.183013 -0.683013 0.707107
vn 0.183013 -0.683013 0.707107
vn 0.000000 -0.707107 0.707107
vn 0.000000 -0.707107 0.707107
vn -0.183013 -0.683013 0.707107
vn -0.183013 -0.683013 0.707107
vn -0.353553 -0.612372 0.707107
vn -0.353553 -0.612372 0.707107
vn -0.500000 -0.500000 0.707107
vn -0.500000 -0.500000 0.707107
vn -0.612372 -0.353553 0.707107
vn -0.612372 -0.353553 0.707107
vn -0.965926 -0.258819 0.000000
vn -0.965926 -0.258819 0.000000
vn -1.000000 -0.000000 0.000000
vn -1.000000 -0.000000 0.000000
vn -0.965926 0.258819 -0.000000
vn -0.965926 0.258819 -0.000000
vn -0.866025 0.500000 -0.000000
vn -0.866025 0.500000 -0.000000
vn -0.707107 0.707107 -0.000000
vn -0.707107 0.707107 -0.000000
vn -0.500000 0.866025 -0.000000
vn -0.500000 0.866025 -0.000000
vn -0.258819 0.965926 -0.000000
vn -0.258819 0.965926 -0.000000
vn 0.000000 1.000000 -0.000000
vn 0.000000 1.000000 -0.000000
vn 0.258819 0.965926 -0.000000
vn 0.258819 0.965926 -0.000000
vn 0.500000 0.866025 -0.000000
vn 0.500000 0.866025 -0.000000
vn 0.707107 0.707107 -0.000000
vn 0.707107 0.707107 -0.000000
vn 0.866025 0.500000 -0.000000
vn 0.866025 0.500000 -0.000000
vn 0.965926 0.258819 -0.000000
vn 0.965926 0.258819 -0.000000
vn 1.000000 -0.000000 -0.000000
vn 1.000000 -0.000000 -0.000000
vn 0.965926 -0.258819 -0.000000
vn 0.965926 -0.258819 -0.000000
vn 0.866025 -0.500000 -0.000000
vn 0.866025 -0.500000 -0.000000
vn 0.707107 -0.707107 -0.000000
vn 0.707107 -0.707107 -0.000000
vn 0.500000 -0.866025 -0.000000
vn 0.500000 -0.866025 -0.000000
vn 0.258819 -0.965926 -0.000000
vn 0.258819 -0.965926 -0.000000
vn 0.000000 -1.000000 -0.000000
vn 0.000000 -1.000000 -0.000000
vn -0.258819 -0.965926 0.000000
vn -0.258819 -0.965926 0.000000
vn -0.500000 -0.866025 0.000000
vn -0.500000 -0.866025 0.000000
vn -0.707107 -0.707107 0.000000
vn -0.707107 -0.707107 0.000000
vn -0.866025 -0.500000 0.000000
vn -0.866025 -0.500000 0.000000
vn -0.965926 0.258819 -0.000000
vn -1.000000 0.000000 -0.000000
vn -0.965926 -0.258819 0.000000
vn -0.866025 -0.500000 0.000000
vn -0.707107 -0.707107 0.000000
vn -0.500000 -0.866025 0.000000
vn -0.258819 -0.965926 0.000000
vn 0.000000 -1.000000 -0.000000
vn 0.258819 -0.965926 -0.000000
vn 0.500000 -0.866025 -0.000000
vn 0.707107 -0.707107 -0.000000
vn 0.866025 -0.500000 -0.000000
vn 0.965926 -0.258819 -0.000000
vn 1.000000 -0.000000 -0.000000
vn 0.965926 0.258819 -0.000000
vn 0.866025 0.500000 -0.000000
vn 0.707107 0.707107 -0.000000
vn 0.500000 0.866025 -0.000000
vn 0.258819 0.965926 -0.000000
vn 0.000000 1.000000 -0.000000
vn -0.258819 0.965926 -0.000000
vn -0.500000 0.866025 -0.000000
vn -0.707107 0.707107 -0.000000
vn -0.866025 0.500000 -0.000000
vn 0.000000 0.000000 1.000000
vn 0.000000 0.000000 1.000000
vn 0.000000 0.000000 1.000000
vn 0.000000 0.000000 1.000000
vn 0.000000 0.000000 1.000000
vn 0.000000 0.000000 1.000000
vn 0.000000 0.000000 1.000000
vn 0.000000 0.000000 1.000000
vn 0.000000 0.000000 1.000000
vn 0.000000 0.000000 1.000000
vn 0.000000 0.000000 1.000000
vn 0.000000 0.000000 1.000000
vn 0.000000 0.000000 1.000000
vn 0.000000 0.000000 1.000000
vn 0.000000 0.000000 1.000000
vn 0.000000 0.000000 1.000000
vn 0.000000 0.000000 1.000000
vn 0.000000 0.000000 1.000000
vn 0.000000 0.000000 1.000000
vn 0.000000 0.000000 1.000000
vn 0.000000 0.000000 1.000000
vn 0.000000 0.000000 1.000000
vn 0.000000 0.000000 1.000000
vn 0.000000 0.000000 1.000000
vn 0.965926 0.258819 -0.000000
vn 0.965926 0.258819 -0.000000
vn 1.000000 0.000000 -0.000000
vn 1.000000 0.000000 -0.000000
vn 0.965926 -0.258819 0.000000
vn 0.965926 -0.258819 0.000000
vn 0.866025 -0.500000 0.000000
vn 0.866025 -0.500000 0.000000
vn 0.707107 -0.707107 0.000000
vn 0.707107 -0.707107 0.000000
vn 0.500000 -0.866025 0.000000
vn 0.500000 -0.866025 0.000000
vn 0.258819 -0.965926 0.000000
vn 0.258819 -0.965926 0.000000
vn -0.000000 -1.000000 0.000000
vn -0.000000 -1.000000 0.000000
vn -0.258819 -0.965926 0.000000
vn -0.258819 -0.965926 0.000000
vn -0.500000 -0.866025 0.000000
vn -0.500000 -0.866025 0.000000
vn -0.707107 -0.707107 0.000000
vn -0.707107 -0.707107 0.000000
vn -0.866025 -0.500000 0.000000
vn -0.866025 -0.500000 0.000000
vn -0.965926 -0.258819 0.000000
vn -0.965926 -0.258819 0.000000
vn -1.000000 0.000000 0.000000
vn -1.000000 0.000000 0.000000
vn -0.965926 0.258819 0.000000
vn -0.965926 0.258819 0.000000
vn -0.866025 0.500000 0.000000
vn -0.866025 0.500000 0.000000
vn -0.707107 0.707107 0.000000
vn -0.707107 0.707107 0.000000
vn -0.500000 0.866025 0.000000
vn -0.500000 0.866025 0.000000
vn -0.258819 0.965926 0.000000
vn -0.258819 0.965926 0.000000
vn -0.000000 1.000000 0.000000
vn -0.000000 1.000000 0.000000
vn 0.258819 0.965926 -0.000000
vn 0.258819 0.965926 -0.000000
vn 0.500000 0.866025 -0.000000
vn 0.500000 0.866025 -0.000000
vn 0.707107 0.707107 -0.000000
vn 0.707107 0.707107 -0.000000
vn 0.866025 0.500000 -0.000000
vn 0.866025 0.500000 -0.000000
vn 0.965926 0.258819 -0.000000
vn 0.965926 0.258819 -0.000000
vn 1.000000 0.000000 -0.000000
vn 1.000000 0.000000 -0.000000
vn 0.965926 -0.258819 0.000000
vn 0.965926 -0.258819 0.000000
vn 0.866025 -0.500000 0.000000
vn 0.866025 -0.500000 0.000000
vn 0.707107 -0.707107 0.000000
vn 0.707107 -0.707107 0.000000
vn 0.500000 -0.866025 0.000000
vn 0.500000 -0.866025 0.000000
vn 0.258819 -0.965926 0.000000
vn 0.258819 -0.965926 0.000000
vn -0.000000 -1.000000 0.000000
vn -0.000000 -1.000000 0.000000
vn -0.258819 -0.965926 0.000000
vn -0.258819 -0.965926 0.000000
vn -0.500000 -0.866025 0.000000
vn -0.500000 -0.866025 0.000000
vn -0.707107 -0.707107 0.000000
vn -0.707107 -0.707107 0.000000
vn -0.866025 -0.500000 0.000000
vn -0.866025 -0.500000 0.000000
vn -0.965926 -0.258819 0.000000
vn -0.965926 -0.258819 0.000000
vn -1.000000 0.000000 0.000000
vn -1.000000 0.000000 0.000000
vn -0.965926 0.258819 0.000000
vn -0.965926 0.258819 0.000000
vn -0.866025 0.500000 0.000000
vn -0.866025 0.500000 0.000000
vn -0.707107 0.707107 0.000000
vn -0.707107 0.707107 0.000000
vn -0.500000 0.866025 0.000000
vn -0.500000 0.866025 0.000000
vn -0.258819 0.965926 0.000000
vn -0.258819 0.965926 0.000000
vn -0.000000 1.000000 0.000000
vn -0.000000 1.000000 0.000000
vn 0.258819 0.965926 -0.000000
vn 0.258819 0.965926 -0.000000
vn 0.500000 0.866025 -0.000000
vn 0.500000 0.866025 -0.000000
vn 0.707107 0.707107 -0.000000
vn 0.707107 0.707107 -0.000000
vn 0.866025 0.500000 -0.000000
vn 0.866025 0.500000 -0.000000
vn -0.933299 -0.359101 0.000000
vn -0.933299 -0.359101 0.000000
vn -0.838457 -0.544968 0.000000
vn -0.838457 -0.544968 0.000000
vn -0.707107 -0.707107 0.000000
vn -0.707107 -0.707107 0.000000
vn -0.544968 -0.838457 0.000000
vn -0.544968 -0.838457 0.000000
vn -0.359101 -0.933299 0.000000
vn -0.359101 -0.933299 0.000000
vn 0.359101 -0.933299 0.000000
vn 0.359101 -0.933299 0.000000
vn 0.544968 -0.838457 0.000000
vn 0.544968 -0.838457 0.000000
vn 0.707107 -0.707107 0.000000
vn 0.707107 -0.707107 0.000000
vn 0.838457 -0.544968 0.000000
vn 0.838457 -0.544968 0.000000
vn 0.933299 -0.359101 0.000000
vn 0.933299 -0.359101 0.000000
vn -0.171053 0.985262 -0.000000
vn -0.171053 0.985262 -0.000000
vn 0.076982 0.997032 -0.000000
vn 0.076982 0.997032 -0.000000
vn 0.320270 0.947326 -0.000000
vn 0.320270 0.947326 -0.000000
vn 0.543810 0.839208 -0.000000
vn 0.543810 0.839208 -0.000000
vn 0.733820 0.679344 -0.000000
vn 0.733820 0.679344 -0.000000
vn 0.878581 0.477593 -0.000000
vn 0.878581 0.477593 -0.000000
vn 0.969170 0.246393 -0.000000
vn 0.969170 0.246393 -0.000000
vn 1.000000 -0.000000 -0.000000
vn 1.000000 -0.000000 -0.000000
vn 0.969170 -0.246393 -0.000000
vn 0.969170 -0.246393 -0.000000
vn 0.878581 -0.477593 -0.000000
vn 0.878581 -0.477593 -0.000000
vn 0.733820 -0.679344 -0.000000
vn 0.733820 -0.679344 -0.000000
vn 0.543810 -0.839208 -0.000000
vn 0.543810 -0.839208 -0.000000
vn 0.320270 -0.947326 -0.000000
vn 0.320270 -0.947326 -0.000000
vn 0.076982 -0.997032 -0.000000
vn 0.076982 -0.997032 -0.000000
vn -0.171053 -0.985262 0.000000
vn -0.171053 -0.985262 0.000000
vn 0.933299 0.359101 -0.000000
vn 0.933299 0.359101 -0.000000
vn 0.838457 0.544968 -0.000000
vn 0.838457 0.544968 -0.000000
vn 0.707107 0.707107 -0.000000
vn 0.707107 0.707107 -0.000000
vn 0.544968 0.838457 -0.000000
vn 0.544968 0.838457 -0.000000
vn 0.359101 0.933299 -0.000000
vn 0.359101 0.933299 -0.000000
vn -0.985262 -0.171053 0.000000
vn -0.985262 -0.171053 0.000000
vn -0.997032 0.076982 -0.000000
vn -0.997032 0.076982 -0.000000
vn -0.947326 0.320270 -0.000000
vn -0.947326 0.320270 -0.000000
vn -0.839208 0.543810 -0.000000
vn -0.839208 0.543810 -0.000000
vn -0.679344 0.733820 -0.000000
vn -0.679344 0.733820 -0.000000
vn -0.477593 0.878581 -0.000000
vn -0.477593 0.878581 -0.000000
vn -0.246393 0.969170 -0.000000
vn -0.246393 0.969170 -0.000000
vn -0.000000 1.000000 -0.000000
vn -0.000000 1.000000 -0.000000
vn 0.246393 0.969170 -0.000000
vn 0.246393 0.969170 -0.000000
vn 0.477593 0.878581 -0.000000
vn 0.477593 0.878581 -0.000000
vn 0.679344 0.733820 -0.000000
vn 0.679344 0.733820 -0.000000
vn 0.839208 0.543810 -0.000000
vn 0.839208 0.543810 -0.000000
vn 0.947326 0.320270 -0.000000
vn 0.947326 0.320270 -0.000000
vn 0.997032 0.076982 -0.000000
vn 0.997032 0.076982 -0.000000
vn 0.985262 -0.171053 -0.000000
vn 0.985262 -0.171053 -0.000000
vn -0.359101 0.933299 0.000000
vn -0.359101 0.933299 0.000000
vn -0.544968 0.838457 0.000000
vn -0.544968 0.838457 0.000000
vn -0.707107 0.707107 0.000000
vn -0.707107 0.707107 0.000000
vn -0.838457 0.544968 0.000000
vn -0.838457 0.544968 0.000000
vn -0.933299 0.359101 0.000000
vn -0.933299 0.359101 0.000000
vn 0.171053 -0.985262 -0.000000
vn 0.171053 -0.985262 -0.000000
vn -0.076982 -0.997032 0.000000
vn -0.076982 -0.997032 0.000000
vn -0.320270 -0.947326 0.000000
vn -0.320270 -0.947326 0.000000
vn -0.543810 -0.839208 0.000000
vn -0.543810 -0.839208 0.000000
vn -0.733820 -0.679344 0.000000
vn -0.733820 -0.679344 0.000000
vn -0.878581 -0.477593 0.000000
vn -0.878581 -0.477593 0.000000
vn -0.969170 -0.246393 0.000000
vn -0.969170 -0.246393 0.000000
vn -1.000000 -0.000000 0.000000
vn -1.000000 -0.000000 0.000000
vn -0.969170 0.246393 -0.000000
vn -0.969170 0.246393 -0.000000
vn -0.878581 0.477593 -0.000000
vn -0.878581 0.477593 -0.000000
vn -0.733820 0.679344 -0.000000
vn -0.733820 0.679344 -0.000000
vn -0.543810 0.839208 -0.000000
vn -0.543810 0.839208 -0.000000
vn -0.320270 0.947326 -0.000000
vn -0.320270 0.947326 -0.000000
vn -0.076982 0.997032 -0.000000
vn -0.076982 0.997032 -0.000000
vn 0.171053 0.985262 -0.000000
vn 0.171053 0.985262 -0.000000
vn 0.985262 0.171053 -0.000000
vn 0.985262 0.171053 -0.000000
vn 0.997032 -0.076982 -0.000000
vn 0.997032 -0.076982 -0.000000
vn 0.947326 -0.320270 -0.000000
vn 0.947326 -0.320270 -0.000000
vn 0.839208 -0.543810 -0.000000
vn 0.839208 -0.543810 -0.000000
vn 0.679344 -0.733820 -0.000000
vn 0.679344 -0.733820 -0.000000
vn 0.477593 -0.878581 -0.000000
vn 0.477593 -0.878581 -0.000000
vn 0.246393 -0.969170 -0.000000
vn 0.246393 -0.969170 -0.000000
vn -0.000000 -1.000000 0.000000
vn -0.000000 -1.000000 0.000000
vn -0.246393 -0.969170 0.000000
vn -0.246393 -0.969170 0.000000
vn -0.477593 -0.878581 0.000000
vn -0.477593 -0.878581 0.000000
vn -0.679344 -0.733820 0.000000
vn -0.679344 -0.733820 0.000000
vn -0.839208 -0.543810 0.000000
vn -0.839208 -0.543810 0.000000
vn -0.947326 -0.320270 0.000000
vn -0.947326 -0.320270 0.000000
vn -0.997032 -0.076982 0.000000
vn -0.997032 -0.076982 0.000000
vn -0.985262 0.171053 -0.000000
vn -0.985262 0.171053 -0.000000
vn 0.965926 0.258819 -0.000000
vn 0.965926 0.258819 -0.000000
vn 1.000000 0.000000 -0.000000
vn 1.000000 0.000000 -0.000000
vn 0.965926 -0.258819 0.000000
vn 0.965926 -0.258819 0.000000
vn 0.866025 -0.500000 0.000000
vn 0.866025 -0.500000 0.000000
vn 0.707107 -0.707107 0.000000
vn 0.707107 -0.707107 0.000000
vn 0.500000 -0.866025 0.000000
vn 0.500000 -0.866025 0.000000
vn 0.258819 -0.965926 0.000000
vn 0.258819 -0.965926 0.000000
vn -0.000000 -1.000000 0.000000
vn -0.000000 -1.000000 0.000000
vn -0.258819 -0.965926 0.000000
vn -0.258819 -0.965926 0.000000
vn -0.500000 -0.866025 0.000000
vn -0.500000 -0.866025 0.000000
vn -0.707107 -0.707107 0.000000
vn -0.707107 -0.707107 0.000000
vn -0.866025 -0.500000 0.000000
vn -0.866025 -0.500000 0.000000
vn -0.965926 -0.258819 0.000000
vn -0.965926 -0.258819 0.000000
vn -1.000000 0.000000 0.000000
vn -1.000000 0.000000 0.000000
vn -0.965926 0.258819 0.000000
vn -0.965926 0.258819 0.000000
vn -0.866025 0.500000 0.000000
vn -0.866025 0.500000 0.000000
vn -0.707107 0.707107 0.000000
vn -0.707107 0.707107 0.000000
vn -0.500000 0.866025 0.000000
vn -0.500000 0.866025 0.000000
vn -0.258819 0.965926 0.000000
vn -0.258819 0.965926 0.000000
vn -0.000000 1.000000 0.000000
vn -0.000000 1.000000 0.000000
vn 0.258819 0.965926 -0.000000
vn 0.258819 0.965926 -0.000000
vn 0.500000 0.866025 -0.000000
vn 0.500000 0.866025 -0.000000
vn 0.707107 0.707107 -0.000000
vn 0.707107 0.707107 -0.000000
vn 0.866025 0.500000 -0.000000
vn 0.866025 0.500000 -0.000000
vn 0.965926 0.258819 -0.000000
vn 0.965926 0.258819 -0.000000
vn 1.000000 0.000000 -0.000000
vn 1.000000 0.000000 -0.000000
vn 0.965926 -0.258819 0.000000
vn 0.965926 -0.258819 0.000000
vn 0.866025 -0.500000 0.000000
vn 0.866025 -0.500000 0.000000
vn 0.707107 -0.707107 0.000000
vn 0.707107 -0.707107 0.000000
vn 0.500000 -0.866025 0.000000
vn 0.500000 -0.866025 0.000000
vn 0.258819 -0.965926 0.000000
vn 0.258819 -0.965926 0.000000
vn -0.000000 -1.000000 0.000000
vn -0.000000 -1.000000 0.000000
vn -0.258819 -0.965926 0.000000
vn -0.258819 -0.965926 0.000000
vn -0.500000 -0.866025 0.000000
vn -0.500000 -0.866025 0.000000
vn -0.707107 -0.707107 0.000000
vn -0.707107 -0.707107 0.000000
vn -0.866025 -0.500000 0.000000
vn -0.866025 -0.500000 0.000000
vn -0.965926 -0.258819 0.000000
vn -0.965926 -0.258819 0.000000
vn -1.000000 0.000000 0.000000
vn -1.000000 0.000000 0.000000
vn -0.965926 0.258819 0.000000
vn -0.965926 0.258819 0.000000
vn -0.866025 0.500000 0.000000
vn -0.866025 0.500000 0.000000
vn -0.707107 0.707107 0.000000
vn -0.707107 0.707107 0.000000
vn -0.500000 0.866025 0.000000
vn -0.500000 0.866025 0.000000
vn -0.258819 0.965926 0.000000
vn -0.258819 0.965926 0.000000
vn -0.000000 1.000000 0.000000
vn -0.000000 1.000000 0.000000
vn 0.258819 0.965926 -0.000000
vn 0.258819 0.965926 -0.000000
vn 0.500000 0.866025 -0.000000
vn 0.500000 0.866025 -0.000000
vn 0.707107 0.707107 -0.000000
vn 0.707107 0.707107 -0.000000
vn 0.866025 0.500000 -0.000000
vn 0.866025 0.500000 -0.000000
vn 0.000000 0.000000 1.000000
vn 0.000000 0.000000 1.000000
vn 0.000000 0.000000 1.000000
vn 0.000000 0.000000 1.000000
vn 0.000000 0.000000 1.000000
vn 0.000000 0.000000 1.000000
vn 0.000000 0.000000 1.000000
vn 0.000000 0.000000 1.000000
vn 0.000000 0.000000 1.000000
vn 0.000000 0.000000 1.000000
vn 0.000000 0.000000 1.000000
vn 0.000000 0.000000 1.000000
vn 0.000000 0.000000 1.000000
vn 0.000000 0.000000 1.000000
vn 0.000000 0.000000 1.000000
vn 0.000000 0.000000 1.000000
vn 0.000000 0.000000 1.000000
vn 0.000000 0.000000 1.000000
vn 0.000000 0.000000 1.000000
vn 0.000000 0.000000 1.000000
vn 0.000000 0.000000 1.000000
vn 0.000000 0.000000 1.000000
vn 0.000000 0.000000 1.000000
vn 0.000000 0.000000 1.000000
vn 0.000000 0.000000 1.000000
vn 0.000000 0.000000 1.000000
vn 0.000000 0.000000 1.000000
vn 0.000000 0.000000 1.000000
vn 0.000000 0.000000 1.000000
vn 0.000000 0.000000 1.000000
vn 0.000000 0.000000 1.000000
vn 0.000000 0.000000 1.000000
vn 0.000000 0.000000 1.000000
vn 0.000000 0.000000 1.000000
vn 0.000000 0.000000 1.000000
vn 0.000000 0.000000 1.000000
vn 0.000000 0.000000 1.000000
vn 0.000000 0.000000 1.000000
vn 0.000000 0.000000 1.000000
vn 0.000000 0.000000 1.000000
vn 0.000000 0.000000 1.000000
vn 0.000000 0.000000 1.000000
vn 0.000000 0.000000 1.000000
vn 0.000000 0.000000 1.000000
vn 0.000000 0.000000 1.000000
vn 0.000000 0.000000 1.000000
vn 0.000000 0.000000 1.000000
vn 0.000000 0.000000 1.000000
vn 0.000000 0.000000 1.000000
vn 0.000000 0.000000 1.000000
vn 0.000000 0.000000 1.000000
vn 0.000000 0.000000 1.000000
vn 0.000000 0.000000 1.000000
vn 0.000000 0.000000 1.000000
vn 0.000000 0.000000 1.000000
vn 0.000000 0.000000 1.000000
vn 0.000000 0.000000 1.000000
vn 0.000000 0.000000 1.000000
vn 0.000000 0.000000 1.000000
vn 0.000000 0.000000 1.000000
vn 0.000000 0.000000 1.000000
vn 0.000000 0.000000 1.000000
vn 0.000000 0.000000 1.000000
vn 0.000000 0.000000 1.000000
vn 0.000000 0.000000 1.000000
vn 0.000000 0.000000 1.000000
vn 0.000000 0.000000 1.000000
vn 0.000000 0.000000 1.000000
vn 0.000000 0.000000 1.000000
vn 0.000000 0.000000 1.000000
vn 0.000000 0.000000 1.000000
vn 0.000000 0.000000 1.000000
vn 0.000000 0.000000 1.000000
vn 0.000000 0.000000 1.000000
vn 0.000000 0.000000 1.000000
vn 0.000000 0.000000 1.000000
vn 0.000000 0.000000 1.000000
vn 0.000000 0.000000 1.000000
vn 0.000000 0.000000 1.000000
vn 0.000000 0.000000 1.000000
vn 0.000000 0.000000 1.000000
vn 0.000000 0.000000 1.000000
vn 0.000000 0.000000 1.000000
vn 0.000000 0.000000 1.000000
vn 0.000000 0.000000 1.000000
vn 0.000000 0.000000 1.000000
vn 0.000000 0.000000 1.000000
vn 0.000000 0.000000 1.000000
vn 0.000000 0.000000 1.000000
vn 0.000000 0.000000 1.000000
vn 0.000000 0.000000 1.000000
vn 0.000000 0.000000 1.000000
vn 0.000000 0.000000 1.000000
vn 0.000000 0.000000 1.000000
vn 0.000000 0.000000 1.000000
vn 0.000000 0.000000 1.000000
vn 0.000000 0.000000 1.000000
vn 0.000000 0.000000 1.000000
vn 0.000000 0.000000 1.000000
vn 0.000000 0.000000 1.000000
vn 0.000000 0.000000 1.000000
vn 0.000000 0.000000 1.000000
vn 0.000000 0.000000 1.000000
vn 0.000000 0.000000 1.000000
vn 0.000000 0.000000 1.000000
vn 0.000000 0.000000 1.000000
vn 0.000000 0.000000 1.000000
vn 0.000000 0.000000 1.000000
vn 0.000000 0.000000 1.000000
vn 0.000000 0.000000 1.000000
vn 0.000000 0.000000 1.000000
vn 0.000000 0.000000 1.000000
vn 0.000000 0.000000 1.000000
vn 0.000000 0.000000 1.000000
vn 0.000000 0.000000 1.000000
vn 0.000000 0.000000 1.000000
vn 0.000000 0.000000 1.000000
vn 0.000000 0.000000 1.000000
vn 0.000000 0.000000 1.000000
vn 0.000000 0.000000 1.000000
vn 0.000000 0.000000 1.000000
vn 0.000000 0.000000 1.000000
vn 0.000000 0.000000 1.000000
vn 0.000000 0.000000 1.000000
vn 0.000000 0.000000 1.000000
vn 0.000000 0.000000 1.000000
vn 0.000000 0.000000 1.000000
vn 0.000000 0.000000 1.000000
vn 0.000000 0.000000 1.000000
vn 0.000000 0.000000 1.000000
vn 0.000000 0.000000 1.000000
vn 0.000000 0.000000 1.000000
vn 0.000000 0.000000 1.000000
vn 0.000000 0.000000 1.000000
vn 0.000000 0.000000 1.000000
vn 0.000000 0.000000 1.000000
vn 0.000000 0.000000 1.000000
vn 0.000000 0.000000 1.000000
vn 0.000000 0.000000 1.000000
vn 0.000000 0.000000 1.000000
vn 0.000000 0.000000 1.000000
vn 0.000000 0.000000 1.000000
vn 0.000000 0.000000 1.000000
vn 0.000000 0.000000 1.000000
vn 0.000000 0.000000 1.000000
vn 0.000000 0.000000 1.000000
vn 0.000000 0.000000 1.000000
vn 0.000000 0.000000 1.000000
vn 0.000000 0.000000 1.000000
vn 0.000000 0.000000 1.000000
vn 0.000000 0.000000 1.000000
vn 0.000000 0.000000 1.000000
vn 0.000000 0.000000 1.000000
vn 0.000000 0.000000 1.000000
vn 0.000000 0.000000 1.000000
vn 0.000000 0.000000 1.000000
vn 0.000000 0.000000 1.000000
vn 0.000000 0.000000 1.000000
vn 0.000000 0.000000 1.000000
vn 0.000000 0.000000 1.000000
vn 0.000000 0.000000 1.000000
vn 0.000000 0.000000 1.000000
vn 0.000000 0.000000 1.000000
vn 0.000000 0.000000 1.000000
vn 0.000000 0.000000 1.000000
vn 0.000000 0.000000 1.000000
vn 0.000000 0.000000 1.000000
vn 0.000000 0.000000 1.000000
vn 0.000000 0.000000 1.000000
vn 0.000000 0.000000 1.000000
vn 0.000000 0.000000 1.000000
vn 0.000000 0.000000 1.000000
vn 0.000000 0.000000 1.000000
vn 0.000000 0.000000 1.000000
vn 0.000000 0.000000 1.000000
vn 0.000000 0.000000 1.000000
vn 0.000000 0.000000 1.000000
vn 0.000000 0.000000 1.000000
vn 0.000000 0.000000 1.000000
vn 0.000000 0.000000 1.000000
vn 0.000000 0.000000 1.000000
vn 0.000000 0.000000 1.000000
vn 0.000000 0.000000 1.000000
vn 0.000000 0.000000 1.000000
vn 0.000000 0.000000 1.000000
vn 0.000000 0.000000 1.000000
vn 0.000000 0.000000 1.000000
vn 0.000000 0.000000 1.000000
vn 0.000000 0.000000 1.000000
vn 0.000000 0.000000 1.000000
vn 0.000000 0.000000 1.000000
vn 0.000000 0.000000 1.000000
vn -0.000000 -0.000000 -1.000000
vn -0.000000 -0.000000 -1.000000
vn -0.000000 -0.000000 -1.000000
vn -0.000000 -0.000000 -1.000000
vn -0.000000 -0.000000 -1.000000
vn -0.000000 -0.000000 -1.000000
vn -0.000000 -0.000000 -1.000000
vn -0.000000 -0.000000 -1.000000
vn -0.000000 -0.000000 -1.000000
vn -0.000000 -0.000000 -1.000000
vn -0.000000 -0.000000 -1.000000
vn -0.000000 -0.000000 -1.000000
vn -0.000000 -0.000000 -1.000000
vn -0.000000 -0.000000 -1.000000
vn -0.000000 -0.000000 -1.000000
vn -0.000000 -0.000000 -1.000000
vn -0.000000 -0.000000 -1.000000
vn -0.000000 -0.000000 -1.000000
vn -0.000000 -0.000000 -1.000000
vn -0.000000 -0.000000 -1.000000
vn -0.000000 -0.000000 -1.000000
vn -0.000000 -0.000000 -1.000000
vn -0.000000 -0.000000 -1.000000
vn -0.000000 -0.000000 -1.000000
vn -0.000000 -0.000000 -1.000000
vn -0.000000 -0.000000 -1.000000
vn -0.000000 -0.000000 -1.000000
vn -0.000000 -0.000000 -1.000000
vn -0.000000 -0.000000 -1.000000
vn -0.000000 -0.000000 -1.000000
vn -0.000000 -0.000000 -1.000000
vn -0.000000 -0.000000 -1.000000
vn -0.000000 -0.000000 -1.000000
vn -0.000000 -0.000000 -1.000000
vn -0.000000 -0.000000 -1.000000
vn -0.000000 -0.000000 -1.000000
vn -0.000000 -0.000000 -1.000000
vn -0.000000 -0.000000 -1.000000
vn -0.000000 -0.000000 -1.000000
vn -0.000000 -0.000000 -1.000000
vn -0.000000 -0.000000 -1.000000
vn -0.000000 -0.000000 -1.000000
vn -0.000000 -0.000000 -1.000000
vn -0.000000 -0.000000 -1.000000
vn -0.000000 -0.000000 -1.000000
vn -0.000000 -0.000000 -1.000000
vn -0.000000 -0.000000 -1.000000
vn -0.000000 -0.000000 -1.000000
vn -0.000000 -0.000000 -1.000000
vn -0.000000 -0.000000 -1.000000
vn -0.000000 -0.000000 -1.000000
vn -0.000000 -0.000000 -1.000000
vn -0.000000 -0.000000 -1.000000
vn -0.000000 -0.000000 -1.000000
vn -0.000000 -0.000000 -1.000000
vn -0.000000 -0.000000 -1.000000
vn -0.000000 -0.000000 -1.000000
vn -0.000000 -0.000000 -1.000000
vn -0.000000 -0.000000 -1.000000
vn -0.000000 -0.000000 -1.000000
vn -0.000000 -0.000000 -1.000000
vn -0.000000 -0.000000 -1.000000
vn -0.000000 -0.000000 -1.000000
vn -0.000000 -0.000000 -1.000000
vn -0.000000 -0.000000 -1.000000
vn -0.000000 -0.000000 -1.000000
vn -0.000000 -0.000000 -1.000000
vn -0.000000 -0.000000 -1.000000
vn -0.000000 -0.000000 -1.000000
vn -0.000000 -0.000000 -1.000000
vn -0.000000 -0.000000 -1.000000
vn -0.000000 -0.000000 -1.000000
vn -0.000000 -0.000000 -1.000000
vn -0.000000 -0.000000 -1.000000
vn -0.000000 -0.000000 -1.000000
vn -0.000000 -0.000000 -1.000000
vn -0.000000 -0.000000 -1.000000
vn -0.000000 -0.000000 -1.000000
vn -0.000000 -0.000000 -1.000000
vn -0.000000 -0.000000 -1.000000
vn -0.000000 -0.000000 -1.000000
vn -0.000000 -0.000000 -1.000000
vn -0.000000 -0.000000 -1.000000
vn -0.000000 -0.000000 -1.000000
vn -0.000000 -0.000000 -1.000000
vn -0.000000 -0.000000 -1.000000
vn -0.000000 -0.000000 -1.000000
vn -0.000000 -0.000000 -1.000000
vn -0.000000 -0.000000 -1.000000
vn -0.000000 -0.000000 -1.000000
vn -0.000000 -0.000000 -1.000000
vn -0.000000 -0.000000 -1.000000
vn -0.000000 -0.000000 -1.000000
vn -0.000000 -0.000000 -1.000000
vn -0.000000 -0.000000 -1.000000
vn -0.000000 -0.000000 -1.000000
vn -0.000000 -0.000000 -1.000000
vn -0.000000 -0.000000 -1.000000
vn -0.000000 -0.000000 -1.000000
vn -0.000000 -0.000000 -1.000000
vn -0.000000 -0.000000 -1.000000
vn -0.000000 -0.000000 -1.000000
vn -0.000000 -0.000000 -1.000000
vn -0.000000 -0.000000 -1.000000
vn -0.000000 -0.000000 -1.000000
vn -0.000000 -0.000000 -1.000000
vn -0.000000 -0.000000 -1.000000
vn -0.000000 -0.000000 -1.000000
vn -0.000000 -0.000000 -1.000000
vn -0.000000 -0.000000 -1.000000
vn -0.000000 -0.000000 -1.000000
vn -0.000000 -0.000000 -1.000000
vn -0.000000 -0.000000 -1.000000
vn -0.000000 -0.000000 -1.000000
vn -0.000000 -0.000000 -1.000000
vn -0.000000 -0.000000 -1.000000
vn -0.000000 -0.000000 -1.000000
vn -0.000000 -0.000000 -1.000000
vn -0.000000 -0.000000 -1.000000
vn -0.000000 -0.000000 -1.000000
vn -0.000000 -0.000000 -1.000000
vn -0.000000 -0.000000 -1.000000
vn -0.000000 -0.000000 -1.000000
vn -0.000000 -0.000000 -1.000000
vn -0.000000 -0.000000 -1.000000
vn -0.000000 -0.000000 -1.000000
vn -0.000000 -0.000000 -1.000000
vn -0.000000 -0.000000 -1.000000
vn -0.000000 -0.000000 -1.000000
vn -0.000000 -0.000000 -1.000000
vn -0.000000 -0.000000 -1.000000
vn -0.000000 -0.000000 -1.000000
vn -0.000000 -0.000000 -1.000000
vn -0.000000 -0.000000 -1.000000
vn -0.000000 -0.000000 -1.000000
vn -0.000000 -0.000000 -1.000000
vn -0.000000 -0.000000 -1.000000
vn -0.000000 -0.000000 -1.000000
vn -0.000000 -0.000000 -1.000000
vn -0.000000 -0.000000 -1.000000
vn -0.000000 -0.000000 -1.000000
vn -0.000000 -0.000000 -1.000000
vn -0.000000 -0.000000 -1.000000
vn -0.000000 -0.000000 -1.000000
vn -0.000000 -0.000000 -1.000000
vn -0.000000 -0.000000 -1.000000
vn -0.000000 -0.000000 -1.000000
vn -0.000000 -0.000000 -1.000000
vn -0.000000 -0.000000 -1.000000
vn -0.000000 -0.000000 -1.000000
vn -0.000000 -0.000000 -1.000000
vn -0.000000 -0.000000 -1.000000
vn -0.000000 -0.000000 -1.000000
vn -0.000000 -0.000000 -1.000000
vn -0.000000 -0.000000 -1.000000
vn -0.000000 -0.000000 -1.000000
vn -0.000000 -0.000000 -1.000000
vn -0.000000 -0.000000 -1.000000
vn -0.000000 -0.000000 -1.000000
vn -0.000000 -0.000000 -1.000000
vn -0.000000 -0.000000 -1.000000
vn -0.000000 -0.000000 -1.000000
vn -0.000000 -0.000000 -1.000000
vn -0.000000 -0.000000 -1.000000
vn -0.000000 -0.000000 -1.000000
vn -0.000000 -0.000000 -1.000000
vn -0.000000 -0.000000 -1.000000
vn -0.000000 -0.000000 -1.000000
vn 0.965926 0.258819 -0.000000
vn 0.965926 0.258819 -0.000000
vn 1.000000 -0.000000 -0.000000
vn 1.000000 -0.000000 -0.000000
vn 0.965926 -0.258819 -0.000000
vn 0.965926 -0.258819 -0.000000
vn 0.866025 -0.500000 -0.000000
vn 0.866025 -0.500000 -0.000000
vn 0.707107 -0.707107 -0.000000
vn 0.707107 -0.707107 -0.000000
vn 0.500000 -0.866025 -0.000000
vn 0.500000 -0.866025 -0.000000
vn 0.258819 -0.965926 -0.000000
vn 0.258819 -0.965926 -0.000000
vn -0.000000 -1.000000 0.000000
vn -0.000000 -1.000000 0.000000
vn -0.258819 -0.965926 0.000000
vn -0.258819 -0.965926 0.000000
vn -0.500000 -0.866025 0.000000
vn -0.500000 -0.866025 0.000000
vn -0.707107 -0.707107 0.000000
vn -0.707107 -0.707107 0.000000
vn -0.866025 -0.500000 0.000000
vn -0.866025 -0.500000 0.000000
vn -0.965926 -0.258819 0.000000
vn -0.965926 -0.258819 0.000000
vn -1.000000 -0.000000 0.000000
vn -1.000000 -0.000000 0.000000
vn -0.965926 0.258819 -0.000000
vn -0.965926 0.258819 -0.000000
vn -0.866025 0.500000 -0.000000
vn -0.866025 0.500000 -0.000000
vn -0.707107 0.707107 -0.000000
vn -0.707107 0.707107 -0.000000
vn -0.500000 0.866025 -0.000000
vn -0.500000 0.866025 -0.000000
vn -0.258819 0.965926 -0.000000
vn -0.258819 0.965926 -0.000000
vn 0.000000 1.000000 -0.000000
vn 0.000000 1.000000 -0.000000
vn 0.258819 0.965926 -0.000000
vn 0.258819 0.965926 -0.000000
vn 0.500000 0.866025 -0.000000
vn 0.500000 0.866025 -0.000000
vn 0.707107 0.707107 -0.000000
vn 0.707107 0.707107 -0.000000
vn 0.866025 0.500000 -0.000000
vn 0.866025 0.500000 -0.000000
vn 0.985616 0.169001 -0.000000
vn 1.000000 -0.000000 -0.000000
vn 1.000000 -0.000000 -0.000000
vn 0.985616 -0.169001 -0.000000
vn 0.985616 -0.169001 -0.000000
vn 0.942877 -0.333140 -0.000000
vn 0.942877 -0.333140 -0.000000
vn 0.873014 -0.487695 -0.000000
vn 0.873014 -0.487695 -0.000000
vn 0.778036 -0.628220 -0.000000
vn 0.778036 -0.628220 -0.000000
vn 0.660675 -0.750672 -0.000000
vn 0.660675 -0.750672 -0.000000
vn 0.524307 -0.851529 -0.000000
vn 0.524307 -0.851529 -0.000000
vn 0.372856 -0.927889 -0.000000
vn 0.372856 -0.927889 -0.000000
vn 0.210679 -0.977555 -0.000000
vn 0.210679 -0.977555 -0.000000
vn 0.042441 -0.999099 -0.000000
vn 0.042441 -0.999099 -0.000000
vn -0.127018 -0.991900 0.000000
vn -0.127018 -0.991900 0.000000
vn -0.292823 -0.956167 0.000000
vn -0.292823 -0.956167 0.000000
vn -0.450204 -0.892926 0.000000
vn -0.450204 -0.892926 0.000000
vn -0.594633 -0.803997 0.000000
vn -0.594633 -0.803997 0.000000
vn -0.721956 -0.691939 0.000000
vn -0.721956 -0.691939 0.000000
vn -0.828510 -0.559975 0.000000
vn -0.828510 -0.559975 0.000000
vn -0.911228 -0.411901 0.000000
vn -0.911228 -0.411901 0.000000
vn -0.967733 -0.251978 0.000000
vn -0.967733 -0.251978 0.000000
vn -0.996397 -0.084806 0.000000
vn -0.996397 -0.084806 0.000000
vn -0.996397 0.084806 -0.000000
vn -0.996397 0.084806 -0.000000
vn -0.967733 0.251978 -0.000000
vn -0.967733 0.251978 -0.000000
vn -0.911228 0.411901 -0.000000
vn -0.911228 0.411901 -0.000000
vn -0.828510 0.559975 -0.000000
vn -0.828510 0.559975 -0.000000
vn -0.721956 0.691939 -0.000000
vn -0.721956 0.691939 -0.000000
vn -0.594633 0.803997 -0.000000
vn -0.594633 0.803997 -0.000000
vn -0.450204 0.892926 -0.000000
vn -0.450204 0.892926 -0.000000
vn -0.292823 0.956167 -0.000000
vn -0.292823 0.956167 -0.000000
vn -0.127018 0.991900 -0.000000
vn -0.127018 0.991900 -0.000000
vn 0.042441 0.999099 -0.000000
vn 0.042441 0.999099 -0.000000
vn 0.210679 0.977555 -0.000000
vn 0.210679 0.977555 -0.000000
vn 0.372856 0.927889 -0.000000
vn 0.372856 0.927889 -0.000000
vn 0.524307 0.851529 -0.000000
vn 0.524307 0.851529 -0.000000
vn 0.660675 0.750672 -0.000000
vn 0.660675 0.750672 -0.000000
vn 0.778036 0.628220 -0.000000
vn 0.778036 0.628220 -0.000000
vn 0.873014 0.487695 -0.000000
vn 0.873014 0.487695 -0.000000
vn 0.942877 0.333140 -0.000000
vn 0.942877 0.333140 -0.000000
vn 0.985616 0.169001 -0.000000
vn 0.000000 0.000000 1.000000
vn 0.000000 0.000000 1.000000
vn 0.000000 0.000000 1.000000
vn 0.000000 0.000000 1.000000
vn 0.000000 0.000000 1.000000
vn 0.000000 0.000000 1.000000
vn 0.000000 0.000000 1.000000
vn 0.000000 0.000000 1.000000
vn 0.000000 0.000000 1.000000
vn 0.000000 0.000000 1.000000
vn 0.000000 0.000000 1.000000
vn 0.000000 0.000000 1.000000
vn 0.000000 0.000000 1.000000
vn 0.000000 0.000000 1.000000
vn 0.000000 0.000000 1.000000
vn 0.000000 0.000000 1.000000
vn 0.000000 0.000000 1.000000
vn 0.000000 0.000000 1.000000
vn 0.000000 0.000000 1.000000
vn 0.000000 0.000000 1.000000
vn 0.000000 0.000000 1.000000
vn 0.000000 0.000000 1.000000
vn 0.000000 0.000000 1.000000
vn 0.000000 0.000000 1.000000
vn 0.000000 0.000000 1.000000
vn 0.000000 0.000000 1.000000
vn 0.000000 0.000000 1.000000
vn 0.000000 0.000000 1.000000
vn 0.000000 0.000000 1.000000
vn 0.000000 0.000000 1.000000
vn 0.000000 0.000000 1.000000
vn 0.000000 0.000000 1.000000
vn 0.000000 0.000000 1.000000
vn 0.000000 0.000000 1.000000
vn 0.000000 0.000000 1.000000
vn 0.000000 0.000000 1.000000
vn 0.000000 0.000000 1.000000
vn 0.000000 0.000000 1.000000
vn 0.000000 0.000000 1.000000
vn 0.000000 0.000000 1.000000
vn 0.000000 0.000000 1.000000
vn 0.000000 0.000000 1.000000
vn 0.000000 0.000000 1.000000
vn 0.000000 0.000000 1.000000
vn 0.000000 0.000000 1.000000
vn 0.000000 0.000000 1.000000
vn 0.000000 0.000000 1.000000
vn 0.000000 0.000000 1.000000
vn 0.000000 0.000000 1.000000
vn 0.000000 0.000000 1.000000
vn 0.000000 0.000000 1.000000
vn 0.000000 0.000000 1.000000
vn 0.000000 0.000000 1.000000
vn 0.000000 0.000000 1.000000
vn 0.000000 0.000000 1.000000
vn 0.000000 0.000000 1.000000
vn 0.000000 0.000000 1.000000
vn 0.000000 0.000000 1.000000
vn 0.000000 0.000000 1.000000
vn 0.000000 0.000000 1.000000
vn 0.000000 0.000000 1.000000
vn -0.000000 -0.000000 -1.000000
vn -0.000000 -0.000000 -1.000000
vn -0.000000 -0.000000 -1.000000
vn -0.000000 -0.000000 -1.000000
vn -0.000000 -0.000000 -1.000000
vn -0.000000 -0.000000 -1.000000
vn -0.000000 -0.000000 -1.000000
vn -0.000000 -0.000000 -1.000000
vn -0.000000 -0.000000 -1.000000
vn -0.000000 -0.000000 -1.000000
vn -0.000000 -0.000000 -1.000000
vn -0.000000 -0.000000 -1.000000
vn -0.000000 -0.000000 -1.000000
vn -0.000000 -0.000000 -1.000000
vn -0.000000 -0.000000 -1.000000
vn -0.000000 -0.000000 -1.000000
vn -0.000000 -0.000000 -1.000000
vn -0.000000 -0.000000 -1.000000
vn -0.000000 -0.000000 -1.000000
vn -0.000000 -0.000000 -1.000000
vn -0.000000 -0.000000 -1.000000
vn -0.000000 -0.000000 -1.000000
vn -0.000000 -0.000000 -1.000000
vn -0.000000 -0.000000 -1.000000
vn -0.000000 -0.000000 -1.000000
vn -0.000000 -0.000000 -1.000000
vn -0.000000 -0.000000 -1.000000
vn -0.000000 -0.000000 -1.000000
vn -0.000000 -0.000000 -1.000000
vn -0.000000 -0.000000 -1.000000
vn -0.000000 -0.000000 -1.000000
vn -0.000000 -0.000000 -1.000000
vn -0.000000 -0.000000 -1.000000
vn -0.000000 -0.000000 -1.000000
vn -0.000000 -0.000000 -1.000000
vn -0.000000 -0.000000 -1.000000
vn -0.000000 -0.000000 -1.000000
vn -0.000000 -0.000000 -1.000000
vn -0.000000 -0.000000 -1.000000
vn -0.000000 -0.000000 -1.000000
vn -0.000000 -0.000000 -1.000000
vn -0.000000 -0.000000 -1.000000
vn -0.000000 -0.000000 -1.000000
vn -0.000000 -0.000000 -1.000000
vn -0.000000 -0.000000 -1.000000
vn -0.000000 -0.000000 -1.000000
vn -0.000000 -0.000000 -1.000000
vn -0.000000 -0.000000 -1.000000
vn -0.000000 -0.000000 -1.000000
vn -0.000000 -0.000000 -1.000000
vn -0.000000 -0.000000 -1.000000
vn -0.000000 -0.000000 -1.000000
vn -0.000000 -0.000000 -1.000000
vn -0.000000 -0.000000 -1.000000
vn -0.000000 -0.000000 -1.000000
vn -0.000000 -0.000000 -1.000000
vn -0.000000 -0.000000 -1.000000
vn -0.000000 -0.000000 -1.000000
vn -0.000000 -0.000000 -1.000000
vn -0.000000 -0.000000 -1.000000
vn -0.000000 -0.000000 -1.000000
usemtl ABS_(White)
f 2/1/1 48/2/2 1/3/3
f 1/3/3 48/2/2 25/4/4
f 1/5/3 25/6/4 24/7/5
f 24/7/5 25/6/4 26/8/6
f 24/7/5 26/8/6 23/9/7
f 23/9/7 26/8/6 27/10/8
f 23/9/7 27/10/8 22/11/9
f 22/11/9 27/10/8 28/12/10
f 22/11/9 28/12/10 21/13/11
f 21/13/11 28/12/10 29/14/12
f 21/13/11 29/14/12 20/15/13
f 20/15/13 29/14/12 30/16/14
f 20/15/13 30/16/14 19/17/15
f 19/17/15 30/16/14 31/18/16
f 19/17/15 31/18/16 18/19/17
f 18/19/17 31/18/16 32/20/18
f 18/19/17 32/20/18 17/21/19
f 17/21/19 32/20/18 33/22/20
f 17/21/19 33/22/20 16/23/21
f 16/23/21 33/22/20 34/24/22
f 16/23/21 34/24/22 15/25/23
f 15/25/23 34/24/22 35/26/24
f 15/25/23 35/26/24 14/27/25
f 14/27/25 35/26/24 36/28/26
f 14/27/25 36/28/26 13/29/27
f 13/29/27 36/28/26 37/30/28
f 13/29/27 37/30/28 12/31/29
f 12/31/29 37/30/28 38/32/30
f 12/31/29 38/32/30 11/33/31
f 11/33/31 38/32/30 39/34/32
f 11/33/31 39/34/32 10/35/33
f 10/35/33 39/34/32 40/36/34
f 10/35/33 40/36/34 9/37/35
f 9/37/35 40/36/34 41/38/36
f 9/37/35 41/38/36 8/39/37
f 8/39/37 41/38/36 42/40/38
f 8/39/37 42/40/38 7/41/39
f 7/41/39 42/40/38 43/42/40
f 7/41/39 43/42/40 6/43/41
f 6/43/41 43/42/40 44/44/42
f 6/43/41 44/44/42 5/45/43
f 5/45/43 44/44/42 45/46/44
f 5/45/43 45/46/44 4/47/45
f 4/47/45 45/46/44 46/48/46
f 4/47/45 46/48/46 3/49/47
f 3/49/47 46/48/46 47/50/48
f 3/49/47 47/50/48 2/1/1
f 2/1/1 47/50/48 48/2/2
f 50/51/49 74/52/50 49/53/51
f 49/53/51 74/52/50 73/54/52
f 49/55/51 73/56/52 72/57/53
f 72/57/53 73/56/52 96/58/54
f 72/57/53 96/58/54 71/59/55
f 71/59/55 96/58/54 95/60/56
f 71/59/55 95/60/56 70/61/57
f 70/61/57 95/60/56 94/62/58
f 70/61/57 94/62/58 69/63/59
f 69/63/59 94/62/58 93/64/60
f 69/63/59 93/64/60 68/65/61
f 68/65/61 93/64/60 92/66/62
f 68/65/61 92/66/62 67/67/63
f 67/67/63 92/66/62 91/68/64
f 67/67/63 91/68/64 66/69/65
f 66/69/65 91/68/64 90/70/66
f 66/69/65 90/70/66 65/71/67
f 65/71/67 90/70/66 89/72/68
f 65/71/67 89/72/68 64/73/69
f 64/73/69 89/72/68 88/74/70
f 64/73/69 88/74/70 63/75/71
f 63/75/71 88/74/70 87/76/72
f 63/75/71 87/76/72 62/77/73
f 62/77/73 87/76/72 86/78/74
f 62/77/73 86/78/74 61/79/75
f 61/79/75 86/78/74 85/80/76
f 61/79/75 85/80/76 60/81/77
f 60/81/77 85/80/76 84/82/78
f 60/81/77 84/82/78 59/83/79
f 59/83/79 84/82/78 83/84/80
f 59/83/79 83/84/80 58/85/81
f 58/85/81 83/84/80 82/86/82
f 58/85/81 82/86/82 57/87/83
f 57/87/83 82/86/82 81/88/84
f 57/87/83 81/88/84 56/89/85
f 56/89/85 81/88/84 80/90/86
f 56/89/85 80/90/86 55/91/87
f 55/91/87 80/90/86 79/92/88
f 55/91/87 79/92/88 54/93/89
f 54/93/89 79/92/88 78/94/90
f 54/93/89 78/94/90 53/95/91
f 53/95/91 78/94/90 77/96/92
f 53/95/91 77/96/92 52/97/93
f 52/97/93 77/96/92 76/98/94
f 52/97/93 76/98/94 51/99/95
f 51/99/95 76/98/94 75/100/96
f 51/99/95 75/100/96 50/51/49
f 50/51/49 75/100/96 74/52/50
f 24/101/97 96/58/54 1/102/98
f 1/102/98 96/58/54 73/56/52
f 1/103/98 73/54/52 2/104/99
f 2/104/99 73/54/52 74/52/50
f 2/104/99 74/52/50 3/105/100
f 3/105/100 74/52/50 75/100/96
f 3/105/100 75/100/96 4/106/101
f 4/106/101 75/100/96 76/98/94
f 4/106/101 76/98/94 5/107/102
f 5/107/102 76/98/94 77/96/92
f 5/107/102 77/96/92 6/108/103
f 6/108/103 77/96/92 78/94/90
f 6/108/103 78/94/90 7/109/104
f 7/109/104 78/94/90 79/92/88
f 7/109/104 79/92/88 8/110/105
f 8/110/105 79/92/88 80/90/86
f 8/110/105 80/90/86 9/111/106
f 9/111/106 80/90/86 81/88/84
f 9/111/106 81/88/84 10/112/107
f 10/112/107 81/88/84 82/86/82
f 10/112/107 82/86/82 11/113/108
f 11/113/108 82/86/82 83/84/80
f 11/113/108 83/84/80 12/114/109
f 12/114/109 83/84/80 84/82/78
f 12/114/109 84/82/78 13/115/110
f 13/115/110 84/82/78 85/80/76
f 13/115/110 85/80/76 14/116/111
f 14/116/111 85/80/76 86/78/74
f 14/116/111 86/78/74 15/117/112
f 15/117/112 86/78/74 87/76/72
f 15/117/112 87/76/72 16/118/113
f 16/118/113 87/76/72 88/74/70
f 16/118/113 88/74/70 17/119/114
f 17/119/114 88/74/70 89/72/68
f 17/119/114 89/72/68 18/120/115
f 18/120/115 89/72/68 90/70/66
f 18/120/115 90/70/66 19/121/116
f 19/121/116 90/70/66 91/68/64
f 19/121/116 91/68/64 20/122/117
f 20/122/117 91/68/64 92/66/62
f 20/122/117 92/66/62 21/123/118
f 21/123/118 92/66/62 93/64/60
f 21/123/118 93/64/60 22/124/119
f 22/124/119 93/64/60 94/62/58
f 22/124/119 94/62/58 23/125/120
f 23/125/120 94/62/58 95/60/56
f 23/125/120 95/60/56 24/101/97
f 24/101/97 95/60/56 96/58/54
f 48/126/121 38/127/122 25/128/123
f 25/128/123 38/127/122 37/129/124
f 25/128/123 37/129/124 26/130/125
f 26/130/125 37/129/124 36/131/126
f 26/130/125 36/131/126 27/132/127
f 27/132/127 36/131/126 35/133/128
f 27/132/127 35/133/128 28/134/129
f 28/134/129 35/133/128 34/135/130
f 28/134/129 34/135/130 29/136/131
f 29/136/131 34/135/130 33/137/132
f 29/136/131 33/137/132 30/138/133
f 30/138/133 33/137/132 32/139/134
f 30/138/133 32/139/134 31/140/135
f 38/127/122 48/126/121 39/141/136
f 39/141/136 48/126/121 47/142/137
f 39/141/136 47/142/137 40/143/138
f 40/143/138 47/142/137 46/144/139
f 40/143/138 46/144/139 41/145/140
f 41/145/140 46/144/139 45/146/141
f 41/145/140 45/146/141 42/147/142
f 42/147/142 45/146/141 44/148/143
f 42/147/142 44/148/143 43/149/144
f 98/150/145 144/151/146 97/152/147
f 97/152/147 144/151/146 121/153/148
f 97/154/147 121/155/148 120/156/149
f 120/156/149 121/155/148 122/157/150
f 120/156/149 122/157/150 119/158/151
f 119/158/151 122/157/150 123/159/152
f 119/158/151 123/159/152 118/160/153
f 118/160/153 123/159/152 124/161/154
f 118/160/153 124/161/154 117/162/155
f 117/162/155 124/161/154 125/163/156
f 117/162/155 125/163/156 116/164/157
f 116/164/157 125/163/156 126/165/158
f 116/164/157 126/165/158 115/166/159
f 115/166/159 126/165/158 127/167/160
f 115/166/159 127/167/160 114/168/161
f 114/168/161 127/167/160 128/169/162
f 114/168/161 128/169/162 113/170/163
f 113/170/163 128/169/162 129/171/164
f 113/170/163 129/171/164 112/172/165
f 112/172/165 129/171/164 130/173/166
f 112/172/165 130/173/166 111/174/167
f 111/174/167 130/173/166 131/175/168
f 111/174/167 131/175/168 110/176/169
f 110/176/169 131/175/168 132/177/170
f 110/176/169 132/177/170 109/178/171
f 109/178/171 132/177/170 133/179/172
f 109/178/171 133/179/172 108/180/173
f 108/180/173 133/179/172 134/181/174
f 108/180/173 134/181/174 107/182/175
f 107/182/175 134/181/174 135/183/176
f 107/182/175 135/183/176 106/184/177
f 106/184/177 135/183/176 136/185/178
f 106/184/177 136/185/178 105/186/179
f 105/186/179 136/185/178 137/187/180
f 105/186/179 137/187/180 104/188/181
f 104/188/181 137/187/180 138/189/182
f 104/188/181 138/189/182 103/190/183
f 103/190/183 138/189/182 139/191/184
f 103/190/183 139/191/184 102/192/185
f 102/192/185 139/191/184 140/193/186
f 102/192/185 140/193/186 101/194/187
f 101/194/187 140/193/186 141/195/188
f 101/194/187 141/195/188 100/196/189
f 100/196/189 141/195/188 142/197/190
f 100/196/189 142/197/190 99/198/191
f 99/198/191 142/197/190 143/199/192
f 99/198/191 143/199/192 98/150/145
f 98/150/145 143/199/192 144/151/146
f 146/200/193 192/201/194 145/202/195
f 145/202/195 192/201/194 169/203/196
f 145/204/195 169/205/196 168/206/197
f 168/206/197 169/205/196 170/207/198
f 168/206/197 170/207/198 167/208/199
f 167/208/199 170/207/198 171/209/200
f 167/208/199 171/209/200 166/210/201
f 166/210/201 171/209/200 172/211/202
f 166/210/201 172/211/202 165/212/203
f 165/212/203 172/211/202 173/213/204
f 165/212/203 173/213/204 164/214/205
f 164/214/205 173/213/204 174/215/206
f 164/214/205 174/215/206 163/216/207
f 163/216/207 174/215/206 175/217/208
f 163/216/207 175/217/208 162/218/209
f 162/218/209 175/217/208 176/219/210
f 162/218/209 176/219/210 161/220/211
f 161/220/211 176/219/210 177/221/212
f 161/220/211 177/221/212 160/222/213
f 160/222/213 177/221/212 178/223/214
f 160/222/213 178/223/214 159/224/215
f 159/224/215 178/223/214 179/225/216
f 159/224/215 179/225/216 158/226/217
f 158/226/217 179/225/216 180/227/218
f 158/226/217 180/227/218 157/228/219
f 157/228/219 180/227/218 181/229/220
f 157/228/219 181/229/220 156/230/221
f 156/230/221 181/229/220 182/231/222
f 156/230/221 182/231/222 155/232/223
f 155/232/223 182/231/222 183/233/224
f 155/232/223 183/233/224 154/234/225
f 154/234/225 183/233/224 184/235/226
f 154/234/225 184/235/226 153/236/227
f 153/236/227 184/235/226 185/237/228
f 153/236/227 185/237/228 152/238/229
f 152/238/229 185/237/228 186/239/230
f 152/238/229 186/239/230 151/240/231
f 151/240/231 186/239/230 187/241/232
f 151/240/231 187/241/232 150/242/233
f 150/242/233 187/241/232 188/243/234
f 150/242/233 188/243/234 149/244/235
f 149/244/235 188/243/234 189/245/236
f 149/244/235 189/245/236 148/246/237
f 148/246/237 189/245/236 190/247/238
f 148/246/237 190/247/238 147/248/239
f 147/248/239 190/247/238 191/249/240
f 147/248/239 191/249/240 146/200/193
f 146/200/193 191/249/240 192/201/194
f 202/250/241 193/251/242 201/252/243
f 201/252/243 193/251/242 194/253/244
f 201/252/243 194/253/244 200/254/245
f 200/254/245 194/253/244 195/255/246
f 200/254/245 195/255/246 199/256/247
f 199/256/247 195/255/246 196/257/248
f 199/256/247 196/257/248 198/258/249
f 198/258/249 196/257/248 197/259/250
f 212/260/251 203/261/252 211/262/253
f 211/262/253 203/261/252 204/263/254
f 211/262/253 204/263/254 210/264/255
f 210/264/255 204/263/254 205/265/256
f 210/264/255 205/265/256 209/266/257
f 209/266/257 205/265/256 206/267/258
f 209/266/257 206/267/258 208/268/259
f 208/268/259 206/267/258 207/269/260
f 240/270/261 213/271/262 239/272/263
f 239/272/263 213/271/262 214/273/264
f 239/272/263 214/273/264 238/274/265
f 238/274/265 214/273/264 215/275/266
f 238/274/265 215/275/266 237/276/267
f 237/276/267 215/275/266 216/277/268
f 237/276/267 216/277/268 236/278/269
f 236/278/269 216/277/268 217/279/270
f 236/278/269 217/279/270 235/280/271
f 235/280/271 217/279/270 218/281/272
f 235/280/271 218/281/272 234/282/273
f 234/282/273 218/281/272 219/283/274
f 234/282/273 219/283/274 233/284/275
f 233/284/275 219/283/274 220/285/276
f 233/284/275 220/285/276 232/286/277
f 232/286/277 220/285/276 221/287/278
f 232/286/277 221/287/278 231/288/279
f 231/288/279 221/287/278 222/289/280
f 231/288/279 222/289/280 230/290/281
f 230/290/281 222/289/280 223/291/282
f 230/290/281 223/291/282 229/292/283
f 229/292/283 223/291/282 224/293/284
f 229/292/283 224/293/284 228/294/285
f 228/294/285 224/293/284 225/295/286
f 228/294/285 225/295/286 227/296/287
f 227/296/287 225/295/286 226/297/288
f 227/296/287 226/297/288 212/298/289
f 212/298/289 226/297/288 203/299/290
f 248/300/291 241/301/292 247/302/293
f 247/302/293 241/301/292 242/303/294
f 247/302/293 242/303/294 246/304/295
f 246/304/295 242/303/294 243/305/296
f 246/304/295 243/305/296 245/306/297
f 245/306/297 243/305/296 244/307/298
f 245/306/297 244/307/298 240/308/299
f 240/308/299 244/307/298 213/309/300
f 276/310/301 249/311/302 275/312/303
f 275/312/303 249/311/302 250/313/304
f 275/312/303 250/313/304 274/314/305
f 274/314/305 250/313/304 251/315/306
f 274/314/305 251/315/306 273/316/307
f 273/316/307 251/315/306 252/317/308
f 273/316/307 252/317/308 272/318/309
f 272/318/309 252/317/308 253/319/310
f 272/318/309 253/319/310 271/320/311
f 271/320/311 253/319/310 254/321/312
f 271/320/311 254/321/312 270/322/313
f 270/322/313 254/321/312 255/323/314
f 270/322/313 255/323/314 269/324/315
f 269/324/315 255/323/314 256/325/316
f 269/324/315 256/325/316 268/326/317
f 268/326/317 256/325/316 257/327/318
f 268/326/317 257/327/318 267/328/319
f 267/328/319 257/327/318 258/329/320
f 267/328/319 258/329/320 266/330/321
f 266/330/321 258/329/320 259/331/322
f 266/330/321 259/331/322 265/332/323
f 265/332/323 259/331/322 260/333/324
f 265/332/323 260/333/324 264/334/325
f 264/334/325 260/333/324 261/335/326
f 264/334/325 261/335/326 263/336/327
f 263/336/327 261/335/326 262/337/328
f 263/336/327 262/337/328 248/338/329
f 248/338/329 262/337/328 241/339/330
f 284/340/331 277/341/332 283/342/333
f 283/342/333 277/341/332 278/343/334
f 283/342/333 278/343/334 282/344/335
f 282/344/335 278/343/334 279/345/336
f 282/344/335 279/345/336 281/346/337
f 281/346/337 279/345/336 280/347/338
f 281/346/337 280/347/338 276/348/339
f 276/348/339 280/347/338 249/349/340
f 198/350/341 197/351/342 310/352/343
f 310/352/343 197/351/342 285/353/344
f 310/352/343 285/353/344 309/354/345
f 309/354/345 285/353/344 286/355/346
f 309/354/345 286/355/346 308/356/347
f 308/356/347 286/355/346 287/357/348
f 308/356/347 287/357/348 307/358/349
f 307/358/349 287/357/348 288/359/350
f 307/358/349 288/359/350 306/360/351
f 306/360/351 288/359/350 289/361/352
f 306/360/351 289/361/352 305/362/353
f 305/362/353 289/361/352 290/363/354
f 305/362/353 290/363/354 304/364/355
f 304/364/355 290/363/354 291/365/356
f 304/364/355 291/365/356 303/366/357
f 303/366/357 291/365/356 292/367/358
f 303/366/357 292/367/358 302/368/359
f 302/368/359 292/367/358 293/369/360
f 302/368/359 293/369/360 301/370/361
f 301/370/361 293/369/360 294/371/362
f 301/370/361 294/371/362 300/372/363
f 300/372/363 294/371/362 295/373/364
f 300/372/363 295/373/364 299/374/365
f 299/374/365 295/373/364 296/375/366
f 299/374/365 296/375/366 298/376/367
f 298/376/367 296/375/366 297/377/368
f 298/376/367 297/377/368 284/378/369
f 284/378/369 297/377/368 277/379/370
f 208/380/371 207/381/372 336/382/373
f 336/382/373 207/381/372 311/383/374
f 336/382/373 311/383/374 335/384/375
f 335/384/375 311/383/374 312/385/376
f 335/384/375 312/385/376 334/386/377
f 334/386/377 312/385/376 313/387/378
f 334/386/377 313/387/378 333/388/379
f 333/388/379 313/387/378 314/389/380
f 333/388/379 314/389/380 332/390/381
f 332/390/381 314/389/380 315/391/382
f 332/390/381 315/391/382 331/392/383
f 331/392/383 315/391/382 316/393/384
f 331/392/383 316/393/384 330/394/385
f 330/394/385 316/393/384 317/395/386
f 330/394/385 317/395/386 329/396/387
f 329/396/387 317/395/386 318/397/388
f 329/396/387 318/397/388 328/398/389
f 328/398/389 318/397/388 319/399/390
f 328/398/389 319/399/390 327/400/391
f 327/400/391 319/399/390 320/401/392
f 327/400/391 320/401/392 326/402/393
f 326/402/393 320/401/392 321/403/394
f 326/402/393 321/403/394 325/404/395
f 325/404/395 321/403/394 322/405/396
f 325/404/395 322/405/396 324/406/397
f 324/406/397 322/405/396 323/407/398
f 324/406/397 323/407/398 202/408/399
f 202/408/399 323/407/398 193/409/400
f 338/410/401 384/411/402 337/412/403
f 337/412/403 384/411/402 361/413/404
f 337/414/403 361/415/404 360/416/405
f 360/416/405 361/415/404 362/417/406
f 360/416/405 362/417/406 359/418/407
f 359/418/407 362/417/406 363/419/408
f 359/418/407 363/419/408 358/420/409
f 358/420/409 363/419/408 364/421/410
f 358/420/409 364/421/410 357/422/411
f 357/422/411 364/421/410 365/423/412
f 357/422/411 365/423/412 356/424/413
f 356/424/413 365/423/412 366/425/414
f 356/424/413 366/425/414 355/426/415
f 355/426/415 366/425/414 367/427/416
f 355/426/415 367/427/416 354/428/417
f 354/428/417 367/427/416 368/429/418
f 354/428/417 368/429/418 353/430/419
f 353/430/419 368/429/418 369/431/420
f 353/430/419 369/431/420 352/432/421
f 352/432/421 369/431/420 370/433/422
f 352/432/421 370/433/422 351/434/423
f 351/434/423 370/433/422 371/435/424
f 351/434/423 371/435/424 350/436/425
f 350/436/425 371/435/424 372/437/426
f 350/436/425 372/437/426 349/438/427
f 349/438/427 372/437/426 373/439/428
f 349/438/427 373/439/428 348/440/429
f 348/440/429 373/439/428 374/441/430
f 348/440/429 374/441/430 347/442/431
f 347/442/431 374/441/430 375/443/432
f 347/442/431 375/443/432 346/444/433
f 346/444/433 375/443/432 376/445/434
f 346/444/433 376/445/434 345/446/435
f 345/446/435 376/445/434 377/447/436
f 345/446/435 377/447/436 344/448/437
f 344/448/437 377/447/436 378/449/438
f 344/448/437 378/449/438 343/450/439
f 343/450/439 378/449/438 379/451/440
f 343/450/439 379/451/440 342/452/441
f 342/452/441 379/451/440 380/453/442
f 342/452/441 380/453/442 341/454/443
f 341/454/443 380/453/442 381/455/444
f 341/454/443 381/455/444 340/456/445
f 340/456/445 381/455/444 382/457/446
f 340/456/445 382/457/446 339/458/447
f 339/458/447 382/457/446 383/459/448
f 339/458/447 383/459/448 338/410/401
f 338/410/401 383/459/448 384/411/402
f 386/460/449 432/461/450 385/462/451
f 385/462/451 432/461/450 409/463/452
f 385/464/451 409/465/452 408/466/453
f 408/466/453 409/465/452 410/467/454
f 408/466/453 410/467/454 407/468/455
f 407/468/455 410/467/454 411/469/456
f 407/468/455 411/469/456 406/470/457
f 406/470/457 411/469/456 412/471/458
f 406/470/457 412/471/458 405/472/459
f 405/472/459 412/471/458 413/473/460
f 405/472/459 413/473/460 404/474/461
f 404/474/461 413/473/460 414/475/462
f 404/474/461 414/475/462 403/476/463
f 403/476/463 414/475/462 415/477/464
f 403/476/463 415/477/464 402/478/465
f 402/478/465 415/477/464 416/479/466
f 402/478/465 416/479/466 401/480/467
f 401/480/467 416/479/466 417/481/468
f 401/480/467 417/481/468 400/482/469
f 400/482/469 417/481/468 418/483/470
f 400/482/469 418/483/470 399/484/471
f 399/484/471 418/483/470 419/485/472
f 399/484/471 419/485/472 398/486/473
f 398/486/473 419/485/472 420/487/474
f 398/486/473 420/487/474 397/488/475
f 397/488/475 420/487/474 421/489/476
f 397/488/475 421/489/476 396/490/477
f 396/490/477 421/489/476 422/491/478
f 396/490/477 422/491/478 395/492/479
f 395/492/479 422/491/478 423/493/480
f 395/492/479 423/493/480 394/494/481
f 394/494/481 423/493/480 424/495/482
f 394/494/481 424/495/482 393/496/483
f 393/496/483 424/495/482 425/497/484
f 393/496/483 425/497/484 392/498/485
f 392/498/485 425/497/484 426/499/486
f 392/498/485 426/499/486 391/500/487
f 391/500/487 426/499/486 427/501/488
f 391/500/487 427/501/488 390/502/489
f 390/502/489 427/501/488 428/503/490
f 390/502/489 428/503/490 389/504/491
f 389/504/491 428/503/490 429/505/492
f 389/504/491 429/505/492 388/506/493
f 388/506/493 429/505/492 430/507/494
f 388/506/493 430/507/494 387/508/495
f 387/508/495 430/507/494 431/509/496
f 387/508/495 431/509/496 386/460/449
f 386/460/449 431/509/496 432/461/450
f 226/510/497 151/511/498 203/512/499
f 203/512/499 151/511/498 150/513/500
f 203/512/499 150/513/500 149/514/501
f 151/511/498 226/510/497 152/515/502
f 152/515/502 226/510/497 225/516/503
f 152/515/502 225/516/503 153/517/504
f 153/517/504 225/516/503 224/518/505
f 153/517/504 224/518/505 154/519/506
f 154/519/506 224/518/505 223/520/507
f 154/519/506 223/520/507 155/521/508
f 155/521/508 223/520/507 222/522/509
f 155/521/508 222/522/509 156/523/510
f 156/523/510 222/522/509 221/524/511
f 156/523/510 221/524/511 157/525/512
f 157/525/512 221/524/511 220/526/513
f 157/525/512 220/526/513 219/527/514
f 157/525/512 219/527/514 158/528/515
f 158/528/515 219/527/514 218/529/516
f 158/528/515 218/529/516 159/530/517
f 159/530/517 218/529/516 217/531/518
f 159/530/517 217/531/518 160/532/519
f 160/532/519 217/531/518 216/533/520
f 160/532/519 216/533/520 161/534/521
f 161/534/521 216/533/520 215/535/522
f 161/534/521 215/535/522 162/536/523
f 162/536/523 215/535/522 214/537/524
f 162/536/523 214/537/524 163/538/525
f 163/538/525 214/537/524 213/539/526
f 163/538/525 213/539/526 164/540/527
f 164/540/527 213/539/526 165/541/528
f 165/541/528 213/539/526 456/542/529
f 165/541/528 456/542/529 166/543/530
f 166/543/530 456/542/529 167/544/531
f 167/544/531 456/542/529 168/545/532
f 168/545/532 456/542/529 433/546/533
f 168/545/532 433/546/533 145/547/534
f 145/547/534 433/546/533 146/548/535
f 146/548/535 433/546/533 434/549/536
f 146/548/535 434/549/536 147/550/537
f 147/550/537 434/549/536 148/551/538
f 148/551/538 434/549/536 149/514/501
f 149/514/501 434/549/536 203/512/499
f 213/539/526 244/552/539 456/542/529
f 456/542/529 244/552/539 455/553/540
f 455/553/540 244/552/539 243/554/541
f 455/553/540 243/554/541 454/555/542
f 454/555/542 243/554/541 453/556/543
f 453/556/543 243/554/541 242/557/544
f 453/556/543 242/557/544 452/558/545
f 452/558/545 242/557/544 241/559/546
f 452/558/545 241/559/546 347/560/547
f 347/560/547 241/559/546 348/561/548
f 348/561/548 241/559/546 349/562/549
f 349/562/549 241/559/546 262/563/550
f 349/562/549 262/563/550 350/564/551
f 350/564/551 262/563/550 261/565/552
f 350/564/551 261/565/552 351/566/553
f 351/566/553 261/565/552 260/567/554
f 351/566/553 260/567/554 352/568/555
f 352/568/555 260/567/554 259/569/556
f 352/568/555 259/569/556 353/570/557
f 353/570/557 259/569/556 258/571/558
f 353/570/557 258/571/558 354/572/559
f 354/572/559 258/571/558 257/573/560
f 354/572/559 257/573/560 355/574/561
f 355/574/561 257/573/560 256/575/562
f 355/574/561 256/575/562 255/576/563
f 355/574/561 255/576/563 356/577/564
f 356/577/564 255/576/563 254/578/565
f 356/577/564 254/578/565 357/579/566
f 357/579/566 254/578/565 253/580/567
f 357/579/566 253/580/567 358/581/568
f 358/581/568 253/580/567 252/582/569
f 358/581/568 252/582/569 359/583/570
f 359/583/570 252/582/569 251/584/571
f 359/583/570 251/584/571 360/585/572
f 360/585/572 251/584/571 250/586/573
f 360/585/572 250/586/573 337/587/574
f 337/587/574 250/586/573 249/588/575
f 337/587/574 249/588/575 338/589/576
f 338/589/576 249/588/575 339/590/577
f 339/590/577 249/588/575 450/591/578
f 339/590/577 450/591/578 340/592/579
f 340/592/579 450/591/578 341/593/580
f 341/593/580 450/591/578 342/594/581
f 342/594/581 450/591/578 451/595/582
f 342/594/581 451/595/582 343/596/583
f 343/596/583 451/595/582 344/597/584
f 344/597/584 451/595/582 452/558/545
f 344/597/584 452/558/545 345/598/585
f 345/598/585 452/558/545 346/599/586
f 346/599/586 452/558/545 347/560/547
f 249/588/575 280/600/587 450/591/578
f 450/591/578 280/600/587 449/601/588
f 449/601/588 280/600/587 279/602/589
f 449/601/588 279/602/589 448/603/590
f 448/603/590 279/602/589 447/604/591
f 447/604/591 279/602/589 278/605/592
f 447/604/591 278/605/592 446/606/593
f 446/606/593 278/605/592 277/607/594
f 446/606/593 277/607/594 113/608/595
f 113/608/595 277/607/594 114/609/596
f 114/609/596 277/607/594 115/610/597
f 115/610/597 277/607/594 297/611/598
f 115/610/597 297/611/598 116/612/599
f 116/612/599 297/611/598 296/613/600
f 116/612/599 296/613/600 117/614/601
f 117/614/601 296/613/600 295/615/602
f 117/614/601 295/615/602 118/616/603
f 118/616/603 295/615/602 294/617/604
f 118/616/603 294/617/604 119/618/605
f 119/618/605 294/617/604 293/619/606
f 119/618/605 293/619/606 120/620/607
f 120/620/607 293/619/606 292/621/608
f 120/620/607 292/621/608 97/622/609
f 97/622/609 292/621/608 291/623/610
f 97/622/609 291/623/610 290/624/611
f 97/622/609 290/624/611 98/625/612
f 98/625/612 290/624/611 289/626/613
f 98/625/612 289/626/613 99/627/614
f 99/627/614 289/626/613 288/628/615
f 99/627/614 288/628/615 100/629/616
f 100/629/616 288/628/615 287/630/617
f 100/629/616 287/630/617 101/631/618
f 101/631/618 287/630/617 286/632/619
f 101/631/618 286/632/619 102/633/620
f 102/633/620 286/632/619 285/634/621
f 102/633/620 285/634/621 103/635/622
f 103/635/622 285/634/621 197/636/623
f 103/635/622 197/636/623 104/637/624
f 104/637/624 197/636/623 105/638/625
f 105/638/625 197/636/623 444/639/626
f 105/638/625 444/639/626 106/640/627
f 106/640/627 444/639/626 107/641/628
f 107/641/628 444/639/626 108/642/629
f 108/642/629 444/639/626 445/643/630
f 108/642/629 445/643/630 109/644/631
f 109/644/631 445/643/630 110/645/632
f 110/645/632 445/643/630 446/606/593
f 110/645/632 446/606/593 111/646/633
f 111/646/633 446/606/593 112/647/634
f 112/647/634 446/606/593 113/608/595
f 197/636/623 196/648/635 444/639/626
f 444/639/626 196/648/635 443/649/636
f 443/649/636 196/648/635 195/650/637
f 443/649/636 195/650/637 442/651/638
f 442/651/638 195/650/637 441/652/639
f 441/652/639 195/650/637 194/653/640
f 441/652/639 194/653/640 440/654/641
f 440/654/641 194/653/640 193/655/642
f 440/654/641 193/655/642 407/656/643
f 407/656/643 193/655/642 408/657/644
f 408/657/644 193/655/642 385/658/645
f 385/658/645 193/655/642 323/659/646
f 385/658/645 323/659/646 386/660/647
f 386/660/647 323/659/646 322/661/648
f 386/660/647 322/661/648 387/662/649
f 387/662/649 322/661/648 321/663/650
f 387/662/649 321/663/650 388/664/651
f 388/664/651 321/663/650 320/665/652
f 388/664/651 320/665/652 389/666/653
f 389/666/653 320/665/652 319/667/654
f 389/666/653 319/667/654 390/668/655
f 390/668/655 319/667/654 318/669/656
f 390/668/655 318/669/656 391/670/657
f 391/670/657 318/669/656 317/671/658
f 391/670/657 317/671/658 316/672/659
f 391/670/657 316/672/659 392/673/660
f 392/673/660 316/672/659 315/674/661
f 392/673/660 315/674/661 393/675/662
f 393/675/662 315/674/661 314/676/663
f 393/675/662 314/676/663 394/677/664
f 394/677/664 314/676/663 313/678/665
f 394/677/664 313/678/665 395/679/666
f 395/679/666 313/678/665 312/680/667
f 395/679/666 312/680/667 396/681/668
f 396/681/668 312/680/667 311/682/669
f 396/681/668 311/682/669 397/683/670
f 397/683/670 311/682/669 207/684/671
f 397/683/670 207/684/671 398/685/672
f 398/685/672 207/684/671 399/686/673
f 399/686/673 207/684/671 438/687/674
f 399/686/673 438/687/674 400/688/675
f 400/688/675 438/687/674 401/689/676
f 401/689/676 438/687/674 402/690/677
f 402/690/677 438/687/674 439/691/678
f 402/690/677 439/691/678 403/692/679
f 403/692/679 439/691/678 404/693/680
f 404/693/680 439/691/678 440/654/641
f 404/693/680 440/654/641 405/694/681
f 405/694/681 440/654/641 406/695/682
f 406/695/682 440/654/641 407/656/643
f 207/684/671 206/696/683 438/687/674
f 438/687/674 206/696/683 437/697/684
f 437/697/684 206/696/683 205/698/685
f 437/697/684 205/698/685 436/699/686
f 436/699/686 205/698/685 435/700/687
f 435/700/687 205/698/685 204/701/688
f 435/700/687 204/701/688 434/549/536
f 434/549/536 204/701/688 203/512/499
f 239/702/689 175/703/690 240/704/691
f 240/704/691 175/703/690 174/705/692
f 240/704/691 174/705/692 173/706/693
f 175/703/690 239/702/689 176/707/694
f 176/707/694 239/702/689 238/708/695
f 176/707/694 238/708/695 177/709/696
f 177/709/696 238/708/695 237/710/697
f 177/709/696 237/710/697 178/711/698
f 178/711/698 237/710/697 236/712/699
f 178/711/698 236/712/699 179/713/700
f 179/713/700 236/712/699 235/714/701
f 179/713/700 235/714/701 180/715/702
f 180/715/702 235/714/701 234/716/703
f 180/715/702 234/716/703 181/717/704
f 181/717/704 234/716/703 233/718/705
f 181/717/704 233/718/705 232/719/706
f 181/717/704 232/719/706 182/720/707
f 182/720/707 232/719/706 231/721/708
f 182/720/707 231/721/708 183/722/709
f 183/722/709 231/721/708 230/723/710
f 183/722/709 230/723/710 184/724/711
f 184/724/711 230/723/710 229/725/712
f 184/724/711 229/725/712 185/726/713
f 185/726/713 229/725/712 228/727/714
f 185/726/713 228/727/714 186/728/715
f 186/728/715 228/727/714 227/729/716
f 186/728/715 227/729/716 187/730/717
f 187/730/717 227/729/716 212/731/718
f 187/730/717 212/731/718 188/732/719
f 188/732/719 212/731/718 189/733/720
f 189/733/720 212/731/718 190/734/721
f 190/734/721 212/731/718 211/735/722
f 190/734/721 211/735/722 191/736/723
f 191/736/723 211/735/722 192/737/724
f 192/737/724 211/735/722 210/738/725
f 192/737/724 210/738/725 169/739/726
f 169/739/726 210/738/725 200/740/727
f 169/739/726 200/740/727 246/741/728
f 246/741/728 200/740/727 133/742/729
f 246/741/728 133/742/729 282/743/730
f 282/743/730 133/742/729 132/744/731
f 282/743/730 132/744/731 283/745/732
f 283/745/732 132/744/731 131/746/733
f 283/745/732 131/746/733 130/747/734
f 209/748/735 416/749/736 210/738/725
f 210/738/725 416/749/736 415/750/737
f 210/738/725 415/750/737 200/740/727
f 200/740/727 415/750/737 414/751/738
f 200/740/727 414/751/738 201/752/739
f 201/752/739 414/751/738 413/753/740
f 201/752/739 413/753/740 412/754/741
f 208/755/742 418/756/743 209/748/735
f 209/748/735 418/756/743 417/757/744
f 209/748/735 417/757/744 416/749/736
f 336/758/745 421/759/746 208/755/742
f 208/755/742 421/759/746 420/760/747
f 208/755/742 420/760/747 419/761/748
f 421/759/746 336/758/745 422/762/749
f 422/762/749 336/758/745 335/763/750
f 422/762/749 335/763/750 423/764/751
f 423/764/751 335/763/750 334/765/752
f 423/764/751 334/765/752 424/766/753
f 424/766/753 334/765/752 333/767/754
f 424/766/753 333/767/754 425/768/755
f 425/768/755 333/767/754 332/769/756
f 425/768/755 332/769/756 426/770/757
f 426/770/757 332/769/756 331/771/758
f 426/770/757 331/771/758 427/772/759
f 427/772/759 331/771/758 330/773/760
f 427/772/759 330/773/760 329/774/761
f 427/772/759 329/774/761 428/775/762
f 428/775/762 329/774/761 328/776/763
f 428/775/762 328/776/763 429/777/764
f 429/777/764 328/776/763 327/778/765
f 429/777/764 327/778/765 430/779/766
f 430/779/766 327/778/765 326/780/767
f 430/779/766 326/780/767 431/781/768
f 431/781/768 326/780/767 325/782/769
f 431/781/768 325/782/769 432/783/770
f 432/783/770 325/782/769 324/784/771
f 432/783/770 324/784/771 409/785/772
f 409/785/772 324/784/771 202/786/773
f 409/785/772 202/786/773 410/787/774
f 410/787/774 202/786/773 411/788/775
f 411/788/775 202/786/773 412/754/741
f 412/754/741 202/786/773 201/752/739
f 133/742/729 200/740/727 134/789/776
f 134/789/776 200/740/727 199/790/777
f 134/789/776 199/790/777 135/791/778
f 135/791/778 199/790/777 136/792/779
f 136/792/779 199/790/777 198/793/780
f 136/792/779 198/793/780 137/794/781
f 137/794/781 198/793/780 138/795/782
f 138/795/782 198/793/780 139/796/783
f 139/796/783 198/793/780 310/797/784
f 139/796/783 310/797/784 140/798/785
f 140/798/785 310/797/784 309/799/786
f 140/798/785 309/799/786 141/800/787
f 141/800/787 309/799/786 308/801/788
f 141/800/787 308/801/788 142/802/789
f 142/802/789 308/801/788 307/803/790
f 142/802/789 307/803/790 143/804/791
f 143/804/791 307/803/790 306/805/792
f 143/804/791 306/805/792 144/806/793
f 144/806/793 306/805/792 305/807/794
f 144/806/793 305/807/794 121/808/795
f 121/808/795 305/807/794 304/809/796
f 121/808/795 304/809/796 303/810/797
f 121/808/795 303/810/797 122/811/798
f 122/811/798 303/810/797 302/812/799
f 122/811/798 302/812/799 123/813/800
f 123/813/800 302/812/799 301/814/801
f 123/813/800 301/814/801 124/815/802
f 124/815/802 301/814/801 300/816/803
f 124/815/802 300/816/803 125/817/804
f 125/817/804 300/816/803 299/818/805
f 125/817/804 299/818/805 126/819/806
f 126/819/806 299/818/805 298/820/807
f 126/819/806 298/820/807 127/821/808
f 127/821/808 298/820/807 284/822/809
f 127/821/808 284/822/809 128/823/810
f 128/823/810 284/822/809 129/824/811
f 129/824/811 284/822/809 130/747/734
f 130/747/734 284/822/809 283/745/732
f 281/825/812 380/826/813 282/743/730
f 282/743/730 380/826/813 379/827/814
f 282/743/730 379/827/814 246/741/728
f 246/741/728 379/827/814 378/828/815
f 246/741/728 378/828/815 247/829/816
f 247/829/816 378/828/815 377/830/817
f 247/829/816 377/830/817 376/831/818
f 276/832/819 382/833/820 281/825/812
f 281/825/812 382/833/820 381/834/821
f 281/825/812 381/834/821 380/826/813
f 275/835/822 361/836/823 276/832/819
f 276/832/819 361/836/823 384/837/824
f 276/832/819 384/837/824 383/838/825
f 361/836/823 275/835/822 362/839/826
f 362/839/826 275/835/822 274/840/827
f 362/839/826 274/840/827 363/841/828
f 363/841/828 274/840/827 273/842/829
f 363/841/828 273/842/829 364/843/830
f 364/843/830 273/842/829 272/844/831
f 364/843/830 272/844/831 365/845/832
f 365/845/832 272/844/831 271/846/833
f 365/845/832 271/846/833 366/847/834
f 366/847/834 271/846/833 270/848/835
f 366/847/834 270/848/835 367/849/836
f 367/849/836 270/848/835 269/850/837
f 367/849/836 269/850/837 268/851/838
f 367/849/836 268/851/838 368/852/839
f 368/852/839 268/851/838 267/853/840
f 368/852/839 267/853/840 369/854/841
f 369/854/841 267/853/840 266/855/842
f 369/854/841 266/855/842 370/856/843
f 370/856/843 266/855/842 265/857/844
f 370/856/843 265/857/844 371/858/845
f 371/858/845 265/857/844 264/859/846
f 371/858/845 264/859/846 372/860/847
f 372/860/847 264/859/846 263/861/848
f 372/860/847 263/861/848 373/862/849
f 373/862/849 263/861/848 248/863/850
f 373/862/849 248/863/850 374/864/851
f 374/864/851 248/863/850 375/865/852
f 375/865/852 248/863/850 376/831/818
f 376/831/818 248/863/850 247/829/816
f 169/739/726 246/741/728 170/866/853
f 170/866/853 246/741/728 245/867/854
f 170/866/853 245/867/854 171/868/855
f 171/868/855 245/867/854 172/869/856
f 172/869/856 245/867/854 240/704/691
f 172/869/856 240/704/691 173/706/693
f 419/761/748 418/756/743 208/755/742
f 383/838/825 382/833/820 276/832/819
f 456/870/857 480/871/858 433/872/859
f 433/872/859 480/871/858 457/873/860
f 433/872/859 457/873/860 434/874/861
f 434/874/861 457/873/860 458/875/862
f 434/874/861 458/875/862 435/876/863
f 435/876/863 458/875/862 459/877/864
f 435/876/863 459/877/864 436/878/865
f 436/878/865 459/877/864 460/879/866
f 436/878/865 460/879/866 437/880/867
f 437/880/867 460/879/866 461/881/868
f 437/880/867 461/881/868 438/882/869
f 438/882/869 461/881/868 462/883/870
f 438/882/869 462/883/870 439/884/871
f 439/884/871 462/883/870 463/885/872
f 439/884/871 463/885/872 440/886/873
f 440/886/873 463/885/872 464/887/874
f 440/886/873 464/887/874 441/888/875
f 441/888/875 464/887/874 465/889/876
f 441/888/875 465/889/876 442/890/877
f 442/890/877 465/889/876 466/891/878
f 442/890/877 466/891/878 443/892/879
f 443/892/879 466/891/878 467/893/880
f 443/892/879 467/893/880 444/894/881
f 444/894/881 467/893/880 468/895/882
f 444/894/881 468/895/882 445/896/883
f 445/896/883 468/895/882 469/897/884
f 445/898/883 469/899/884 446/900/885
f 446/900/885 469/899/884 470/901/886
f 446/900/885 470/901/886 447/902/887
f 447/902/887 470/901/886 471/903/888
f 447/902/887 471/903/888 448/904/889
f 448/904/889 471/903/888 472/905/890
f 448/904/889 472/905/890 449/906/891
f 449/906/891 472/905/890 473/907/892
f 449/906/891 473/907/892 450/908/893
f 450/908/893 473/907/892 474/909/894
f 450/908/893 474/909/894 451/910/895
f 451/910/895 474/909/894 475/911/896
f 451/910/895 475/911/896 452/912/897
f 452/912/897 475/911/896 476/913/898
f 452/912/897 476/913/898 453/914/899
f 453/914/899 476/913/898 477/915/900
f 453/914/899 477/915/900 454/916/901
f 454/916/901 477/915/900 478/917/902
f 454/916/901 478/917/902 455/918/903
f 455/918/903 478/917/902 479/919/904
f 455/918/903 479/919/904 456/870/857
f 456/870/857 479/919/904 480/871/858
f 482/920/905 518/921/906 481/922/907
f 481/922/907 518/921/906 519/923/908
f 481/922/907 519/923/908 517/924/909
f 517/924/909 519/923/908 520/925/910
f 517/924/909 520/925/910 516/926/911
f 516/926/911 520/925/910 521/927/912
f 516/926/911 521/927/912 515/928/913
f 515/928/913 521/927/912 522/929/914
f 515/928/913 522/929/914 514/930/915
f 514/930/915 522/929/914 523/931/916
f 514/930/915 523/931/916 513/932/917
f 513/932/917 523/931/916 524/933/918
f 513/932/917 524/933/918 512/934/919
f 512/934/919 524/933/918 525/935/920
f 512/934/919 525/935/920 511/936/921
f 511/936/921 525/935/920 526/937/922
f 511/936/921 526/937/922 510/938/923
f 510/938/923 526/937/922 527/939/924
f 510/938/923 527/939/924 509/940/925
f 509/940/925 527/939/924 528/941/926
f 509/940/925 528/941/926 508/942/927
f 508/942/927 528/941/926 529/943/928
f 508/942/927 529/943/928 507/944/929
f 507/944/929 529/943/928 530/945/930
f 507/944/929 530/945/930 506/946/931
f 506/946/931 530/945/930 531/947/932
f 506/946/931 531/947/932 505/948/933
f 505/948/933 531/947/932 532/949/934
f 505/948/933 532/949/934 504/950/935
f 504/950/935 532/949/934 533/951/936
f 504/950/935 533/951/936 503/952/937
f 503/952/937 533/951/936 534/953/938
f 503/952/937 534/953/938 502/954/939
f 502/954/939 534/953/938 535/955/940
f 502/954/939 535/955/940 501/956/941
f 501/956/941 535/955/940 536/957/942
f 501/956/941 536/957/942 500/958/943
f 500/959/943 536/960/942 537/961/944
f 500/959/943 537/961/944 499/962/945
f 499/962/945 537/961/944 538/963/946
f 499/962/945 538/963/946 498/964/947
f 498/964/947 538/963/946 539/965/948
f 498/964/947 539/965/948 497/966/949
f 497/966/949 539/965/948 540/967/950
f 497/966/949 540/967/950 496/968/951
f 496/968/951 540/967/950 541/969/952
f 496/968/951 541/969/952 495/970/953
f 495/970/953 541/969/952 542/971/954
f 495/970/953 542/971/954 494/972/955
f 494/972/955 542/971/954 543/973/956
f 494/972/955 543/973/956 493/974/957
f 493/974/957 543/973/956 544/975/958
f 493/974/957 544/975/958 492/976/959
f 492/976/959 544/975/958 545/977/960
f 492/976/959 545/977/960 491/978/961
f 491/978/961 545/977/960 546/979/962
f 491/978/961 546/979/962 490/980/963
f 490/980/963 546/979/962 547/981/964
f 490/980/963 547/981/964 489/982/965
f 489/982/965 547/981/964 548/983/966
f 489/982/965 548/983/966 488/984/967
f 488/984/967 548/983/966 549/985/968
f 488/984/967 549/985/968 487/986/969
f 487/986/969 549/985/968 550/987/970
f 487/986/969 550/987/970 486/988/971
f 486/988/971 550/987/970 551/989/972
f 486/988/971 551/989/972 485/990/973
f 485/990/973 551/989/972 552/991/974
f 485/990/973 552/991/974 484/992/975
f 484/992/975 552/991/974 553/993/976
f 484/992/975 553/993/976 483/994/977
f 483/994/977 553/993/976 554/995/978
f 483/994/977 554/995/978 482/920/905
f 482/920/905 554/995/978 518/921/906
f 72/996/979 537/997/980 49/998/981
f 49/998/981 537/997/980 536/999/982
f 49/998/981 536/999/982 50/1000/983
f 50/1000/983 536/999/982 535/1001/984
f 50/1000/983 535/1001/984 534/1002/985
f 71/1003/986 539/1004/987 72/996/979
f 72/996/979 539/1004/987 538/1005/988
f 72/996/979 538/1005/988 537/997/980
f 539/1004/987 71/1003/986 540/1006/989
f 540/1006/989 71/1003/986 70/1007/990
f 540/1006/989 70/1007/990 541/1008/991
f 541/1008/991 70/1007/990 542/1009/992
f 542/1009/992 70/1007/990 69/1010/993
f 542/1009/992 69/1010/993 543/1011/994
f 543/1011/994 69/1010/993 68/1012/995
f 543/1011/994 68/1012/995 544/1013/996
f 544/1013/996 68/1012/995 545/1014/997
f 545/1014/997 68/1012/995 67/1015/998
f 545/1014/997 67/1015/998 546/1016/999
f 546/1016/999 67/1015/998 547/1017/1000
f 547/1017/1000 67/1015/998 66/1018/1001
f 547/1017/1000 66/1018/1001 548/1019/1002
f 548/1019/1002 66/1018/1001 65/1020/1003
f 548/1019/1002 65/1020/1003 549/1021/1004
f 549/1021/1004 65/1020/1003 550/1022/1005
f 550/1022/1005 65/1020/1003 64/1023/1006
f 550/1022/1005 64/1023/1006 551/1024/1007
f 551/1024/1007 64/1023/1006 63/1025/1008
f 551/1024/1007 63/1025/1008 552/1026/1009
f 552/1026/1009 63/1025/1008 553/1027/1010
f 553/1027/1010 63/1025/1008 62/1028/1011
f 553/1027/1010 62/1028/1011 554/1029/1012
f 554/1029/1012 62/1028/1011 61/1030/1013
f 554/1029/1012 61/1030/1013 518/1031/1014
f 518/1031/1014 61/1030/1013 519/1032/1015
f 519/1032/1015 61/1030/1013 60/1033/1016
f 519/1032/1015 60/1033/1016 520/1034/1017
f 520/1034/1017 60/1033/1016 59/1035/1018
f 520/1034/1017 59/1035/1018 521/1036/1019
f 521/1036/1019 59/1035/1018 522/1037/1020
f 522/1037/1020 59/1035/1018 58/1038/1021
f 522/1037/1020 58/1038/1021 523/1039/1022
f 523/1039/1022 58/1038/1021 57/1040/1023
f 523/1039/1022 57/1040/1023 524/1041/1024
f 524/1041/1024 57/1040/1023 525/1042/1025
f 525/1042/1025 57/1040/1023 56/1043/1026
f 525/1042/1025 56/1043/1026 526/1044/1027
f 526/1044/1027 56/1043/1026 55/1045/1028
f 526/1044/1027 55/1045/1028 527/1046/1029
f 527/1046/1029 55/1045/1028 528/1047/1030
f 528/1047/1030 55/1045/1028 54/1048/1031
f 528/1047/1030 54/1048/1031 529/1049/1032
f 529/1049/1032 54/1048/1031 530/1050/1033
f 530/1050/1033 54/1048/1031 53/1051/1034
f 530/1050/1033 53/1051/1034 531/1052/1035
f 531/1052/1035 53/1051/1034 52/1053/1036
f 531/1052/1035 52/1053/1036 532/1054/1037
f 532/1054/1037 52/1053/1036 533/1055/1038
f 533/1055/1038 52/1053/1036 51/1056/1039
f 533/1055/1038 51/1056/1039 534/1002/985
f 534/1002/985 51/1056/1039 50/1000/983
f 480/1057/1040 482/1058/1041 457/1059/1042
f 457/1059/1042 482/1058/1041 481/1060/1043
f 457/1059/1042 481/1060/1043 517/1061/1044
f 482/1058/1041 480/1057/1040 483/1062/1045
f 483/1062/1045 480/1057/1040 479/1063/1046
f 483/1062/1045 479/1063/1046 484/1064/1047
f 484/1064/1047 479/1063/1046 485/1065/1048
f 485/1065/1048 479/1063/1046 478/1066/1049
f 485/1065/1048 478/1066/1049 486/1067/1050
f 486/1067/1050 478/1066/1049 477/1068/1051
f 486/1067/1050 477/1068/1051 487/1069/1052
f 487/1069/1052 477/1068/1051 488/1070/1053
f 488/1070/1053 477/1068/1051 476/1071/1054
f 488/1070/1053 476/1071/1054 489/1072/1055
f 489/1072/1055 476/1071/1054 475/1073/1056
f 489/1072/1055 475/1073/1056 490/1074/1057
f 490/1074/1057 475/1073/1056 491/1075/1058
f 491/1075/1058 475/1073/1056 474/1076/1059
f 491/1075/1058 474/1076/1059 492/1077/1060
f 492/1077/1060 474/1076/1059 493/1078/1061
f 493/1078/1061 474/1076/1059 473/1079/1062
f 493/1078/1061 473/1079/1062 494/1080/1063
f 494/1080/1063 473/1079/1062 472/1081/1064
f 494/1080/1063 472/1081/1064 495/1082/1065
f 495/1082/1065 472/1081/1064 496/1083/1066
f 496/1083/1066 472/1081/1064 471/1084/1067
f 496/1083/1066 471/1084/1067 497/1085/1068
f 497/1085/1068 471/1084/1067 470/1086/1069
f 497/1085/1068 470/1086/1069 498/1087/1070
f 498/1087/1070 470/1086/1069 499/1088/1071
f 499/1088/1071 470/1086/1069 469/1089/1072
f 499/1088/1071 469/1089/1072 500/1090/1073
f 500/1090/1073 469/1089/1072 468/1091/1074
f 500/1090/1073 468/1091/1074 501/1092/1075
f 501/1092/1075 468/1091/1074 502/1093/1076
f 502/1093/1076 468/1091/1074 467/1094/1077
f 502/1093/1076 467/1094/1077 503/1095/1078
f 503/1095/1078 467/1094/1077 466/1096/1079
f 503/1095/1078 466/1096/1079 504/1097/1080
f 504/1097/1080 466/1096/1079 505/1098/1081
f 505/1098/1081 466/1096/1079 465/1099/1082
f 505/1098/1081 465/1099/1082 506/1100/1083
f 506/1100/1083 465/1099/1082 464/1101/1084
f 506/1100/1083 464/1101/1084 507/1102/1085
f 507/1102/1085 464/1101/1084 508/1103/1086
f 508/1103/1086 464/1101/1084 463/1104/1087
f 508/1103/1086 463/1104/1087 509/1105/1088
f 509/1105/1088 463/1104/1087 510/1106/1089
f 510/1106/1089 463/1104/1087 462/1107/1090
f 510/1106/1089 462/1107/1090 511/1108/1091
f 511/1108/1091 462/1107/1090 461/1109/1092
f 511/1108/1091 461/1109/1092 512/1110/1093
f 512/1110/1093 461/1109/1092 513/1111/1094
f 513/1111/1094 461/1109/1092 460/1112/1095
f 513/1111/1094 460/1112/1095 514/1113/1096
f 514/1113/1096 460/1112/1095 459/1114/1097
f 514/1113/1096 459/1114/1097 515/1115/1098
f 515/1115/1098 459/1114/1097 516/1116/1099
f 516/1116/1099 459/1114/1097 458/1117/1100
f 516/1116/1099 458/1117/1100 517/1061/1044
f 517/1061/1044 458/1117/1100 457/1059/1042
# 554 vertices
# 1117 texture params
# 1100 normals
# 1120 facets

# 1 groups
